scope,prior,budget_fraction,n_subjects,n_seed_blocks,posterior_mean,lcb_mean,posterior_p90,lcb_p90,posterior_ci95_low,posterior_ci95_high,lcb_ci95_low,lcb_ci95_high,paired_mean_delta,paired_ci95_low,paired_ci95_high,reduction_percent
alpaca_eval,default,0.01,1,20,3.4313959211779306,3.210144694941325,3.7471107709867986,3.7471107709867986,0.5209410260753355,7.726044343273291,0.5209410260753355,7.149114168909366,-0.22125122623660473,-0.6637536787098142,0.0,6.44784896056688
alpaca_eval,default,0.02,1,20,2.035058867820855,2.035058867820855,2.2331240602645113,2.2331240602645113,0.5209410260753355,4.542222394213305,0.5209410260753355,4.542222394213305,0.0,0.0,0.0,0.0
alpaca_eval,default,0.05,1,20,0.0,0.0,0.0,0.0,0.0,0.0,0.0,0.0,0.0,0.0,0.0,
alpaca_eval,default,0.1,1,20,0.0,0.0,0.0,0.0,0.0,0.0,0.0,0.0,0.0,0.0,0.0,
alpaca_eval,dataset,0.01,1,20,0.0,0.0,0.0,0.0,0.0,0.0,0.0,0.0,0.0,0.0,0.0,
alpaca_eval,dataset,0.02,1,20,0.0,0.0,0.0,0.0,0.0,0.0,0.0,0.0,0.0,0.0,0.0,
alpaca_eval,dataset,0.05,1,20,0.0,0.0,0.0,0.0,0.0,0.0,0.0,0.0,0.0,0.0,0.0,
alpaca_eval,dataset,0.1,1,20,0.0,0.0,0.0,0.0,0.0,0.0,0.0,0.0,0.0,0.0,0.0,
mmlu_abstract_algebra,default,0.01,1,20,8.399999999999995,8.399999999999995,27.099999999999998,27.099999999999998,5.099999999999994,12.399999999999995,5.099999999999994,12.399999999999995,0.0,0.0,0.0,0.0
mmlu_abstract_algebra,default,0.02,1,20,8.399999999999995,8.399999999999995,27.099999999999998,27.099999999999998,5.099999999999994,12.399999999999995,5.099999999999994,12.399999999999995,0.0,0.0,0.0,0.0
mmlu_abstract_algebra,default,0.05,1,20,3.8499999999999943,3.6999999999999935,5.999999999999995,5.999999999999995,2.9999999999999947,4.649999999999994,2.8499999999999948,4.549999999999994,-0.1500000000000001,-0.4500000000000003,0.0,3.8961038961039227
mmlu_abstract_algebra,default,0.1,1,20,2.899999999999994,2.7999999999999945,5.999999999999995,5.999999999999995,1.9499999999999962,3.8499999999999943,1.8499999999999974,3.7499999999999947,-0.10000000000000009,-0.44999999999999873,0.14999999999999847,3.4482758620689604
mmlu_abstract_algebra,dataset,0.01,1,20,4.249999999999993,4.249999999999993,5.999999999999995,5.999999999999995,3.4499999999999944,4.999999999999993,3.4499999999999944,4.999999999999993,0.0,0.0,0.0,0.0
mmlu_abstract_algebra,dataset,0.02,1,20,4.149999999999993,4.149999999999993,5.999999999999995,5.999999999999995,3.3499999999999943,4.899999999999993,3.3499999999999943,4.899999999999993,0.0,0.0,0.0,0.0
mmlu_abstract_algebra,dataset,0.05,1,20,3.599999999999993,3.599999999999993,5.999999999999995,5.999999999999995,2.799999999999993,4.399999999999993,2.799999999999993,4.399999999999993,0.0,0.0,0.0,0.0
mmlu_abstract_algebra,dataset,0.1,1,20,2.699999999999995,2.2999999999999945,5.999999999999995,5.099999999999994,1.7999999999999945,3.749999999999993,1.5999999999999952,3.0999999999999943,-0.40000000000000036,-1.1500000000000008,0.0,14.814814814814856
mmlu_anatomy,default,0.01,1,20,4.370370370370376,4.296296296296301,7.777777777777783,7.777777777777783,3.1481481481481524,5.777777777777782,3.074074074074078,5.703703703703708,-0.07407407407407418,-0.18518518518518545,0.0,1.6949152542372936
mmlu_anatomy,default,0.02,1,20,4.370370370370376,4.296296296296301,7.777777777777783,7.777777777777783,3.1481481481481524,5.777777777777782,3.074074074074078,5.703703703703708,-0.07407407407407418,-0.18518518518518545,0.0,1.6949152542372936
mmlu_anatomy,default,0.05,1,20,3.8148148148148193,3.8518518518518556,5.407407407407417,5.407407407407417,2.8888888888888933,4.888888888888893,2.92592592592593,4.925925925925929,0.03703703703703709,0.0,0.11111111111111127,-0.9708737864077469
mmlu_anatomy,default,0.1,1,20,1.8148148148148178,1.7407407407407434,2.9629629629629672,2.9629629629629672,1.3333333333333353,2.2962962962962994,1.296296296296298,2.1851851851851882,-0.07407407407407418,-0.18518518518518545,0.0,4.081632653061236
mmlu_anatomy,dataset,0.01,1,20,3.777777777777782,3.4444444444444486,7.703703703703708,5.037037037037051,2.6666666666666705,5.148148148148152,2.407407407407411,4.777777777777781,-0.3333333333333332,-0.9629629629629627,0.07407407407407418,8.8235294117647
mmlu_anatomy,dataset,0.02,1,20,3.777777777777782,3.4444444444444486,7.703703703703708,5.037037037037051,2.6666666666666705,5.148148148148152,2.407407407407411,4.777777777777781,-0.3333333333333332,-0.9629629629629627,0.07407407407407418,8.8235294117647
mmlu_anatomy,dataset,0.05,1,20,3.185185185185189,3.1111111111111156,4.518518518518526,3.703703703703709,2.444444444444448,4.222222222222226,2.5555555555555594,3.92592592592593,-0.07407407407407411,-1.1111111111111112,0.7407407407407409,2.325581395348817
mmlu_anatomy,dataset,0.1,1,20,1.9259259259259287,1.8888888888888922,2.2962962962963007,2.9629629629629672,1.5185185185185206,2.407407407407411,1.5185185185185208,2.2222222222222254,-0.03703703703703707,-0.40740740740740794,0.25925925925925963,1.9230769230768943
mmlu_astronomy,default,0.01,1,20,1.8749999999999996,1.9736842105263155,2.6973684210526305,3.355263157894742,1.3815789473684208,2.368421052631578,1.4473684210526316,2.4999999999999996,0.09868421052631582,0.0,0.29605263157894746,-5.2631578947368505
mmlu_astronomy,default,0.02,1,20,1.8092105263157898,1.8092105263157898,2.631578947368418,2.631578947368418,1.3486842105263168,2.2368421052631584,1.3486842105263168,2.2368421052631584,0.0,0.0,0.0,0.0
mmlu_astronomy,default,0.05,1,20,0.8881578947368446,0.7565789473684237,2.0394736842105274,1.3815789473684257,0.4934210526315813,1.3157894736842128,0.46052631578947567,1.0526315789473717,-0.1315789473684209,-0.39473684210526383,0.13157894736842146,14.814814814814756
mmlu_astronomy,default,0.1,1,20,0.03289473684210564,0.03289473684210564,0.0,0.0,0.0,0.09868421052631693,0.0,0.09868421052631693,0.0,0.0,0.0,0.0
mmlu_astronomy,dataset,0.01,1,20,3.0263157894736863,3.059210526315792,3.289473684210531,3.289473684210531,2.828947368421053,3.2236842105263177,2.861842105263159,3.2245065789473606,0.03289473684210564,0.0,0.09868421052631693,-1.086956521739146
mmlu_astronomy,dataset,0.02,1,20,1.2171052631578978,1.2171052631578978,1.9736842105263164,1.9736842105263164,0.9539473684210553,1.4473684210526345,0.9539473684210553,1.4473684210526345,0.0,0.0,0.0,0.0
mmlu_astronomy,dataset,0.05,1,20,0.1973684210526333,0.1973684210526333,0.6578947368421129,0.6578947368421129,0.06578947368421129,0.36184210526316096,0.06578947368421129,0.36184210526316096,0.0,0.0,0.0,0.0
mmlu_astronomy,dataset,0.1,1,20,0.06578947368421129,0.06578947368421129,0.06578947368421222,0.06578947368421222,0.0,0.16447368421052821,0.0,0.16447368421052821,0.0,0.0,0.0,0.0
mmlu_business_ethics,default,0.01,1,20,1.450000000000001,1.450000000000001,2.100000000000003,2.100000000000003,1.0000000000000009,1.8500000000000016,1.0000000000000009,1.8500000000000016,0.0,0.0,0.0,0.0
mmlu_business_ethics,default,0.02,1,20,1.5500000000000012,1.5500000000000012,2.100000000000003,2.100000000000003,1.100000000000001,2.0000000000000018,1.100000000000001,2.0000000000000018,0.0,0.0,0.0,0.0
mmlu_business_ethics,default,0.05,1,20,1.500000000000001,1.500000000000001,2.100000000000003,2.100000000000003,1.100000000000001,1.9500000000000017,1.100000000000001,1.9500000000000017,0.0,0.0,0.0,0.0
mmlu_business_ethics,default,0.1,1,20,0.5500000000000004,0.5500000000000004,1.1000000000000023,1.1000000000000023,0.2500000000000002,0.8500000000000008,0.2500000000000002,0.8500000000000008,0.0,0.0,0.0,0.0
mmlu_business_ethics,dataset,0.01,1,20,0.7000000000000005,0.5500000000000005,2.100000000000003,1.1000000000000023,0.2500000000000002,1.250000000000001,0.20000000000000018,1.0000000000000009,-0.15000000000000013,-0.4500000000000004,0.0,21.428571428571416
mmlu_business_ethics,dataset,0.02,1,20,0.6000000000000005,0.6000000000000005,1.1000000000000023,1.1000000000000023,0.30000000000000027,0.9000000000000008,0.30000000000000027,0.9000000000000008,0.0,0.0,0.0,0.0
mmlu_business_ethics,dataset,0.05,1,20,0.6000000000000005,0.6000000000000005,1.1000000000000023,1.1000000000000023,0.30000000000000027,0.9000000000000008,0.30000000000000027,0.9000000000000008,0.0,0.0,0.0,0.0
mmlu_business_ethics,dataset,0.1,1,20,0.40000000000000036,0.40000000000000036,1.0000000000000009,1.0000000000000009,0.15000000000000013,0.6500000000000006,0.15000000000000013,0.6500000000000006,0.0,0.0,0.0,0.0
mmlu_clinical_knowledge,default,0.01,1,20,1.7924528301886788,1.773584905660377,2.6415094339622636,2.6415094339622636,1.5471698113207544,2.0377358490566033,1.5283018867924525,2.018867924528301,-0.018867924528301883,-0.13207547169811318,0.09433962264150941,1.0526315789473684
mmlu_clinical_knowledge,default,0.02,1,20,1.8679245283018857,1.8490566037735838,2.6415094339622636,2.6415094339622636,1.60377358490566,2.113207547169811,1.5849056603773581,2.113207547169811,-0.018867924528301883,-0.05660377358490565,0.0,1.0101010101010104
mmlu_clinical_knowledge,default,0.05,1,20,0.6603773584905659,0.5471698113207546,1.132075471698113,1.132075471698113,0.4528301886792452,0.8867924528301885,0.37735849056603765,0.7169811320754715,-0.1132075471698113,-0.2264150943396226,0.0,17.142857142857142
mmlu_clinical_knowledge,default,0.1,1,20,0.13207547169811318,0.018867924528301883,0.0377358490566043,0.0,0.0,0.37735849056603765,0.0,0.05660377358490565,-0.1132075471698113,-0.3396226415094339,0.0,85.71428571428571
mmlu_clinical_knowledge,dataset,0.01,1,20,1.2830188679245276,1.5471698113207544,2.264150943396226,2.30188679245283,1.0188679245283017,1.5471698113207544,1.1886792452830186,1.924528301886792,0.26415094339622636,0.05660377358490565,0.5094339622641508,-20.588235294117688
mmlu_clinical_knowledge,dataset,0.02,1,20,1.3584905660377353,1.490566037735849,2.264150943396226,2.30188679245283,1.0754716981132073,1.622641509433962,1.113207547169811,1.8867924528301883,0.13207547169811318,-0.07547169811320753,0.37735849056603765,-9.722222222222257
mmlu_clinical_knowledge,dataset,0.05,1,20,0.49056603773584884,0.4150943396226414,1.1698113207547172,1.132075471698113,0.26415094339622636,0.7735849056603772,0.2075471698113207,0.6792452830188678,-0.07547169811320753,-0.2264150943396226,0.0,15.384615384615365
mmlu_clinical_knowledge,dataset,0.1,1,20,0.018867924528301883,0.018867924528301883,0.0,0.0,0.0,0.05660377358490565,0.0,0.05660377358490565,0.0,0.0,0.0,0.0
mmlu_college_biology,default,0.01,1,20,1.493055555555555,1.6319444444444433,2.847222222222224,3.472222222222221,1.006944444444442,2.048611111111111,1.111111111111109,2.1875,0.1388888888888884,-0.10416666666666796,0.5208333333333331,-9.30232558139532
mmlu_college_biology,default,0.02,1,20,1.388888888888888,1.562499999999999,2.777777777777779,2.847222222222224,0.9722222222222204,1.8402777777777768,1.1111111111111094,2.0138888888888884,0.17361111111111105,0.0,0.5208333333333331,-12.499999999999995
mmlu_college_biology,default,0.05,1,20,1.562499999999999,1.562499999999999,3.472222222222221,3.472222222222221,1.1458333333333315,2.0138888888888875,1.1458333333333315,2.0138888888888875,0.0,0.0,0.0,0.0
mmlu_college_biology,default,0.1,1,20,0.0347222222222221,0.0347222222222221,0.0,0.0,0.0,0.1041666666666663,0.0,0.1041666666666663,0.0,0.0,0.0,0.0
mmlu_college_biology,dataset,0.01,1,20,0.6944444444444421,0.624999999999998,1.388888888888884,0.694444444444442,0.5208333333333315,0.8680555555555525,0.4861111111111094,0.7638888888888862,-0.0694444444444442,-0.1736111111111105,0.0,9.999999999999982
mmlu_college_biology,dataset,0.02,1,20,0.1041666666666663,0.1041666666666663,0.694444444444442,0.694444444444442,0.0,0.2083333333333326,0.0,0.2083333333333326,0.0,0.0,0.0,0.0
mmlu_college_biology,dataset,0.05,1,20,0.1041666666666663,0.1041666666666663,0.694444444444442,0.694444444444442,0.0,0.2083333333333326,0.0,0.2083333333333326,0.0,0.0,0.0,0.0
mmlu_college_biology,dataset,0.1,1,20,0.0,0.0,0.0,0.0,0.0,0.0,0.0,0.0,0.0,0.0,0.0,
mmlu_college_chemistry,default,0.01,1,20,9.15,8.349999999999998,19.999999999999996,19.999999999999996,6.399999999999997,12.149999999999997,5.649999999999999,11.299999999999997,-0.7999999999999999,-2.3999999999999995,0.0,8.743169398907131
mmlu_college_chemistry,default,0.02,1,20,9.15,8.349999999999998,19.999999999999996,19.999999999999996,6.399999999999997,12.149999999999997,5.649999999999999,11.299999999999997,-0.7999999999999999,-2.3999999999999995,0.0,8.743169398907131
mmlu_college_chemistry,default,0.05,1,20,6.299999999999996,6.049999999999995,14.099999999999998,14.099999999999998,4.349999999999996,8.599999999999996,4.149999999999996,8.349999999999996,-0.25000000000000017,-0.7500000000000006,0.0,3.968253968253985
mmlu_college_chemistry,default,0.1,1,20,2.3499999999999983,2.8999999999999977,4.099999999999994,5.099999999999994,1.5499999999999998,3.1499999999999977,1.9,4.049999999999996,0.5499999999999994,0.0,1.4499999999999986,-23.404255319148927
mmlu_college_chemistry,dataset,0.01,1,20,2.5999999999999988,2.7499999999999987,3.9999999999999925,3.9999999999999925,2.150000000000001,3.099999999999997,2.3000000000000003,3.199999999999998,0.14999999999999958,0.0,0.44999999999999873,-5.769230769230768
mmlu_college_chemistry,dataset,0.02,1,20,2.599999999999999,2.8499999999999988,3.9999999999999925,3.9999999999999925,2.1000000000000005,3.0999999999999988,2.4,3.299999999999998,0.24999999999999964,0.0,0.6499999999999989,-9.615384615384603
mmlu_college_chemistry,dataset,0.05,1,20,2.799999999999999,3.0499999999999985,4.099999999999994,4.099999999999994,2.2500000000000013,3.299999999999999,2.5999999999999996,3.4999999999999982,0.24999999999999964,0.0,0.6499999999999989,-8.928571428571416
mmlu_college_chemistry,dataset,0.1,1,20,2.2000000000000006,2.2000000000000006,3.100000000000003,3.100000000000003,1.8000000000000005,2.65,1.8000000000000005,2.65,0.0,0.0,0.0,0.0
mmlu_college_computer_science,default,0.01,1,20,4.6999999999999975,4.6999999999999975,6.900000000000008,6.900000000000008,2.949999999999997,7.099999999999997,2.949999999999997,7.099999999999997,0.0,0.0,0.0,0.0
mmlu_college_computer_science,default,0.02,1,20,4.6999999999999975,4.6999999999999975,6.900000000000008,6.900000000000008,2.949999999999997,7.099999999999997,2.949999999999997,7.099999999999997,0.0,0.0,0.0,0.0
mmlu_college_computer_science,default,0.05,1,20,3.699999999999998,3.799999999999997,5.199999999999996,5.199999999999996,2.6,5.199999999999998,2.6999999999999997,5.299999999999997,0.09999999999999953,0.0,0.24999999999999856,-2.7027027027026826
mmlu_college_computer_science,default,0.1,1,20,2.599999999999999,2.599999999999999,3.9999999999999925,3.9999999999999925,2.1499999999999995,3.0999999999999988,2.1499999999999995,3.0999999999999988,0.0,0.0,0.0,0.0
mmlu_college_computer_science,dataset,0.01,1,20,5.699999999999994,5.349999999999996,13.100000000000001,6.800000000000007,3.9999999999999973,7.749999999999997,3.8499999999999974,7.2499999999999964,-0.35000000000000037,-1.200000000000001,0.15000000000000005,6.140350877192952
mmlu_college_computer_science,dataset,0.02,1,20,1.0500000000000007,0.7500000000000006,2.0000000000000018,1.1000000000000023,0.7000000000000006,1.4000000000000012,0.5000000000000004,1.0000000000000009,-0.30000000000000027,-0.7000000000000006,0.0,28.571428571428566
mmlu_college_computer_science,dataset,0.05,1,20,0.8000000000000007,0.8000000000000007,2.0000000000000018,2.0000000000000018,0.5000000000000004,1.100000000000001,0.5000000000000004,1.100000000000001,0.0,0.0,0.0,0.0
mmlu_college_computer_science,dataset,0.1,1,20,0.40000000000000036,0.40000000000000036,1.0000000000000009,1.0000000000000009,0.20000000000000018,0.6000000000000005,0.20000000000000018,0.6000000000000005,0.0,0.0,0.0,0.0
mmlu_college_mathematics,default,0.01,1,20,11.7,11.099999999999998,22.099999999999998,22.099999999999998,8.249999999999996,15.299999999999997,7.6999999999999975,14.649999999999999,-0.6,-1.7999999999999998,0.0,5.128205128205141
mmlu_college_mathematics,default,0.02,1,20,11.7,11.099999999999998,22.099999999999998,22.099999999999998,8.249999999999996,15.299999999999997,7.6999999999999975,14.649999999999999,-0.6,-1.7999999999999998,0.0,5.128205128205141
mmlu_college_mathematics,default,0.05,1,20,5.949999999999996,5.749999999999997,7.099999999999996,7.099999999999996,4.649999999999995,7.949999999999996,4.349999999999996,7.849999999999994,-0.1999999999999996,-0.5999999999999988,0.0,3.3613445378151017
mmlu_college_mathematics,default,0.1,1,20,3.2999999999999963,3.199999999999997,5.099999999999994,5.099999999999994,2.499999999999999,4.099999999999996,2.449999999999999,3.9999999999999956,-0.0999999999999995,-0.29999999999999855,0.0,3.0303030303030094
mmlu_college_mathematics,dataset,0.01,1,20,5.299999999999995,5.399999999999996,7.299999999999999,7.299999999999999,3.5499999999999963,7.549999999999995,3.6999999999999966,7.55124999999998,0.10000000000000002,-2.1,2.2,-1.8867924528302005
mmlu_college_mathematics,dataset,0.02,1,20,4.149999999999997,4.1999999999999975,7.099999999999996,7.099999999999996,2.95,5.349999999999996,2.999999999999999,5.399999999999996,0.050000000000000024,0.0,0.15000000000000005,-1.2048192771084518
mmlu_college_mathematics,dataset,0.05,1,20,4.099999999999997,4.099999999999997,7.099999999999996,7.099999999999996,3.0499999999999985,5.149999999999997,3.0499999999999985,5.149999999999997,0.0,0.0,0.0,0.0
mmlu_college_mathematics,dataset,0.1,1,20,1.1500000000000008,1.1500000000000008,2.100000000000003,2.100000000000003,0.7500000000000007,1.6000000000000014,0.7500000000000007,1.6000000000000014,0.0,0.0,0.0,0.0
mmlu_college_medicine,default,0.01,1,20,4.393063583815033,4.075144508670524,6.994219653179199,5.838150289017349,3.034682080924859,6.213872832369946,2.8034682080924886,5.895953757225437,-0.3179190751445088,-0.867052023121388,0.0,7.236842105263161
mmlu_college_medicine,default,0.02,1,20,5.057803468208096,5.057803468208096,10.057803468208096,10.057803468208096,3.4104046242774606,7.052023121387287,3.4104046242774606,7.052023121387287,0.0,0.0,0.0,0.0
mmlu_college_medicine,default,0.05,1,20,2.109826589595378,2.0809248554913315,2.8901734104046284,3.005780346820815,1.6473988439306373,2.543352601156072,1.5317919075144526,2.601156069364165,-0.02890173410404593,-0.34682080924855474,0.26011560693641694,1.3698630136986307
mmlu_college_medicine,default,0.1,1,20,0.4335260115606948,0.4335260115606948,1.7341040462427793,1.7341040462427793,0.17341040462427793,0.7803468208092507,0.17341040462427793,0.7803468208092507,0.0,0.0,0.0,0.0
mmlu_college_medicine,dataset,0.01,1,20,2.5433526011560703,2.572254335260117,3.6416184971098278,3.6416184971098278,1.9942196531791914,3.1213872832369955,1.9942196531791923,3.179190751445089,0.028901734104046506,0.0,0.08670520231213952,-1.1363636363636551
mmlu_college_medicine,dataset,0.02,1,20,2.5433526011560703,2.572254335260117,3.6416184971098278,3.6416184971098278,1.9942196531791914,3.1213872832369955,1.9942196531791923,3.179190751445089,0.028901734104046506,0.0,0.08670520231213952,-1.1363636363636551
mmlu_college_medicine,dataset,0.05,1,20,2.2832369942196555,2.1676300578034704,3.5260115606936413,3.5260115606936413,1.6763005780346836,2.9768786127167663,1.6473988439306386,2.6589595375722563,-0.11560693641618491,-0.43352601156069426,0.08670520231213952,5.063291139240508
mmlu_college_medicine,dataset,0.1,1,20,0.34682080924855585,0.34682080924855585,1.7341040462427793,1.7341040462427793,0.08670520231213896,0.6936416184971117,0.08670520231213896,0.6936416184971117,0.0,0.0,0.0,0.0
mmlu_college_physics,default,0.01,1,20,6.568627450980387,6.4705882352941115,18.72549019607843,18.72549019607843,3.5281862745097987,9.901960784313719,3.3811274509803875,9.852941176470583,-0.09803921568627416,-0.2941176470588225,0.0,1.4925373134328452
mmlu_college_physics,default,0.02,1,20,6.568627450980387,6.4705882352941115,18.72549019607843,18.72549019607843,3.5281862745097987,9.901960784313719,3.3811274509803875,9.852941176470583,-0.09803921568627416,-0.2941176470588225,0.0,1.4925373134328452
mmlu_college_physics,default,0.05,1,20,2.0098039215686216,2.0098039215686216,3.9215686274509776,3.9215686274509776,1.4215686274509758,2.6960784313725417,1.4215686274509758,2.6960784313725417,0.0,0.0,0.0,0.0
mmlu_college_physics,default,0.1,1,20,1.3725490196078394,1.4215686274509765,3.0392156862745017,3.0392156862745017,0.8823529411764675,1.9117647058823484,0.9313725490196051,1.9607843137254855,0.04901960784313708,0.0,0.14705882352941124,-3.5714285714285685
mmlu_college_physics,dataset,0.01,1,20,1.421568627450977,1.7647058823529371,3.9215686274509776,3.9215686274509776,0.8823529411764675,2.009803921568624,1.1274509803921533,2.4019607843137205,0.3431372549019601,-0.04901960784313708,0.784313725490195,-24.137931034482776
mmlu_college_physics,dataset,0.02,1,20,1.7647058823529371,1.7647058823529367,3.9215686274509776,3.9215686274509776,1.1274509803921533,2.4019607843137205,1.17647058823529,2.352941176470583,-5.551115123125783e-16,-0.4411764705882354,0.4411764705882337,2.516505522483694e-14
mmlu_college_physics,dataset,0.05,1,20,1.7647058823529371,1.5196078431372506,3.9215686274509776,3.0392156862745017,1.1274509803921533,2.450980392156857,0.9803921568627422,2.0588235294117596,-0.24509803921568646,-0.6372549019607848,0.0,13.888888888888934
mmlu_college_physics,dataset,0.1,1,20,0.19607843137254832,0.19607843137254832,0.9803921568627416,0.9803921568627416,0.04901960784313708,0.39215686274509665,0.04901960784313708,0.39215686274509665,0.0,0.0,0.0,0.0
mmlu_computer_security,default,0.01,1,20,4.549999999999992,4.549999999999992,6.099999999999996,6.099999999999996,3.8499999999999925,5.349999999999994,3.8499999999999925,5.349999999999994,0.0,0.0,0.0,0.0
mmlu_computer_security,default,0.02,1,20,3.999999999999993,3.999999999999993,5.999999999999995,5.999999999999995,3.4499999999999944,4.499999999999995,3.4499999999999944,4.499999999999995,0.0,0.0,0.0,0.0
mmlu_computer_security,default,0.05,1,20,4.049999999999994,4.0999999999999925,6.099999999999996,6.099999999999996,3.349999999999994,4.7999999999999945,3.4487499999999938,4.7999999999999945,0.04999999999999945,-0.15000000000000027,0.2999999999999986,-1.2345679012345436
mmlu_computer_security,default,0.1,1,20,3.6999999999999935,3.7999999999999936,5.099999999999994,5.099999999999994,2.999999999999995,4.399999999999995,3.099999999999995,4.499999999999995,0.10000000000000006,0.0,0.3000000000000002,-2.7027027027027097
mmlu_computer_security,dataset,0.01,1,20,4.699999999999995,4.699999999999994,8.099999999999998,8.099999999999998,3.6999999999999966,5.7499999999999964,3.7499999999999956,5.749999999999995,-5.10702591327572e-16,-0.15,0.14999999999999847,1.889741318510907e-14
mmlu_computer_security,dataset,0.02,1,20,4.499999999999995,4.349999999999995,8.099999999999998,8.099999999999998,3.549999999999995,5.599999999999994,3.3999999999999955,5.449999999999996,-0.14999999999999952,-0.3999999999999986,0.0,3.3333333333333255
mmlu_computer_security,dataset,0.05,1,20,4.0499999999999945,3.2999999999999963,7.099999999999996,5.099999999999994,3.199999999999995,4.999999999999995,2.4999999999999964,4.199999999999994,-0.749999999999999,-1.6999999999999982,-0.14999999999999952,18.5185185185185
mmlu_computer_security,dataset,0.1,1,20,2.4999999999999973,2.3499999999999974,4.099999999999994,3.9999999999999925,1.6999999999999993,3.349999999999995,1.6499999999999995,2.9999999999999973,-0.1500000000000001,-0.4500000000000003,0.0,6.000000000000003
mmlu_conceptual_physics,default,0.01,1,20,1.4680851063829807,1.4680851063829807,2.553191489361706,2.553191489361706,1.1702127659574484,1.787234042553194,1.1702127659574484,1.787234042553194,0.0,0.0,0.0,0.0
mmlu_conceptual_physics,default,0.02,1,20,1.5319148936170233,1.5319148936170233,2.9787234042553234,2.9787234042553234,1.1063829787234059,2.0000000000000018,1.1063829787234059,2.0000000000000018,0.0,0.0,0.0,0.0
mmlu_conceptual_physics,default,0.05,1,20,0.3404255319148942,0.23404255319148967,0.46808510638298,0.42553191489361764,0.17021276595744705,0.5744680851063838,0.1276595744680853,0.3404255319148941,-0.10638297872340441,-0.3191489361702132,0.0,31.250000000000032
mmlu_conceptual_physics,default,0.1,1,20,0.0,0.0,0.0,0.0,0.0,0.0,0.0,0.0,0.0,0.0,0.0,
mmlu_conceptual_physics,dataset,0.01,1,20,1.6170212765957466,1.6170212765957466,2.553191489361706,2.553191489361706,1.276595744680853,2.000000000000002,1.276595744680853,2.000000000000002,0.0,0.0,0.0,0.0
mmlu_conceptual_physics,dataset,0.02,1,20,1.6170212765957466,1.6170212765957466,2.553191489361706,2.553191489361706,1.276595744680853,2.000000000000002,1.276595744680853,2.000000000000002,0.0,0.0,0.0,0.0
mmlu_conceptual_physics,dataset,0.05,1,20,0.4468085106382985,0.361702127659575,0.8936170212765976,0.8510638297872353,0.2553191489361706,0.6595744680851073,0.19148936170212794,0.5531914893617029,-0.08510638297872353,-0.2340425531914897,0.0,19.047619047619047
mmlu_conceptual_physics,dataset,0.1,1,20,0.042553191489361764,0.042553191489361764,0.04255319148936237,0.04255319148936237,0.0,0.10638297872340441,0.0,0.10638297872340441,0.0,0.0,0.0,0.0
mmlu_econometrics,default,0.01,1,20,3.333333333333331,2.456140350877191,4.473684210526319,3.596491228070177,2.1491228070175414,5.175438596491227,2.01644736842105,2.938596491228069,-0.8771929824561397,-2.587719298245614,0.13157894736842202,26.31578947368422
mmlu_econometrics,default,0.02,1,20,3.333333333333331,2.456140350877191,4.473684210526319,3.596491228070177,2.1491228070175414,5.175438596491227,2.01644736842105,2.938596491228069,-0.8771929824561397,-2.587719298245614,0.13157894736842202,26.31578947368422
mmlu_econometrics,default,0.05,1,20,2.9385964912280675,2.149122807017542,3.508771929824561,3.508771929824561,1.7543859649122782,4.868421052631575,1.6228070175438587,2.6754385964912264,-0.789473684210526,-2.4561403508771917,0.1754385964912275,26.86567164179105
mmlu_econometrics,default,0.1,1,20,1.052631578947368,1.052631578947368,1.8421052631578907,1.8421052631578907,0.7017543859649128,1.4035087719298234,0.7017543859649128,1.4035087719298234,0.0,0.0,0.0,0.0
mmlu_econometrics,dataset,0.01,1,20,2.6315789473684177,2.807017543859646,4.385964912280704,4.385964912280704,2.1929824561403466,3.1578947368421026,2.368421052631575,3.2894736842105243,0.17543859649122806,0.0,0.43859649122807043,-6.6666666666666785
mmlu_econometrics,dataset,0.02,1,20,0.3070175438596495,0.21929824561403577,0.8771929824561431,0.8771929824561431,0.1315789473684209,0.5263157894736853,0.08771929824561431,0.3947368421052644,-0.08771929824561375,-0.26315789473684126,0.0,28.571428571428445
mmlu_econometrics,dataset,0.05,1,20,0.21929824561403577,0.21929824561403577,0.8771929824561431,0.8771929824561431,0.08771929824561431,0.3947368421052644,0.08771929824561431,0.3947368421052644,0.0,0.0,0.0,0.0
mmlu_econometrics,dataset,0.1,1,20,0.17543859649122806,0.0,0.0,0.0,0.0,0.5263157894736842,0.0,0.0,-0.17543859649122806,-0.5263157894736842,0.0,99.99999999999999
mmlu_electrical_engineering,default,0.01,1,20,4.000000000000002,3.310344827586209,13.931034482758628,5.103448275862081,2.1034482758620725,6.275862068965519,1.8275862068965554,5.31034482758621,-0.6896551724137928,-2.068965517241378,0.0,17.24137931034481
mmlu_electrical_engineering,default,0.02,1,20,4.137931034482762,3.448275862068969,13.931034482758628,5.103448275862081,2.1034482758620725,6.620689655172418,1.8275862068965554,5.689655172413797,-0.6896551724137928,-2.068965517241378,0.0,16.666666666666647
mmlu_electrical_engineering,default,0.05,1,20,1.7586206896551757,1.7586206896551757,2.8275862068965583,2.8275862068965583,1.379310344827589,2.137931034482763,1.379310344827589,2.137931034482763,0.0,0.0,0.0,0.0
mmlu_electrical_engineering,default,0.1,1,20,1.000000000000002,0.9655172413793123,1.4482758620689693,1.4482758620689693,0.7241379310344842,1.2758620689655198,0.6551724137931048,1.2758620689655198,-0.034482758620689724,-0.20689655172413837,0.17241379310344862,3.4482758620689653
mmlu_electrical_engineering,dataset,0.01,1,20,2.5862068965517273,2.068965517241383,3.517241379310352,3.4482758620689724,1.620689655172417,3.965517241379314,1.5862068965517273,2.5172413793103496,-0.5172413793103449,-1.6551724137931034,0.10344827586206917,19.999999999999957
mmlu_electrical_engineering,dataset,0.02,1,20,3.2413793103448305,2.068965517241383,5.103448275862081,3.4482758620689724,1.7586206896551748,5.172413793103453,1.5862068965517273,2.5172413793103496,-1.172413793103448,-2.9655172413793096,0.06896551724137945,36.170212765957395
mmlu_electrical_engineering,dataset,0.05,1,20,1.6896551724137954,1.9310344827586232,2.8275862068965583,3.517241379310352,1.3103448275862095,2.1043103448275775,1.517241379310347,2.4137931034482776,0.24137931034482754,0.034482758620689724,0.5172413793103443,-14.285714285714281
mmlu_electrical_engineering,dataset,0.1,1,20,0.896551724137932,0.5862068965517251,1.4482758620689693,1.379310344827589,0.5172413793103459,1.3448275862068981,0.34482758620689724,0.8275862068965534,-0.31034482758620696,-0.793103448275862,0.0,34.615384615384585
mmlu_elementary_mathematics,default,0.01,1,20,2.7910052910052965,3.0158730158730207,3.703703703703709,3.9947089947090024,2.5396825396825444,3.042328042328047,2.724867724867729,3.3201058201058244,0.2248677248677245,0.0,0.5687830687830675,-8.056872037914653
mmlu_elementary_mathematics,default,0.02,1,20,2.3015873015873067,2.5661375661375714,3.2010582010582014,3.2010582010582014,1.8783068783068817,2.698412698412705,2.1825396825396863,2.8968253968254025,0.26455026455026454,-0.17195767195767264,0.7142857142857145,-11.494252873563196
mmlu_elementary_mathematics,default,0.05,1,20,0.26455026455026565,0.15873015873015983,0.8465608465608551,0.31746031746032155,0.05291005291005346,0.5555555555555569,0.0396825396825401,0.3174603174603191,-0.10582010582010581,-0.31746031746031744,0.0,39.99999999999984
mmlu_elementary_mathematics,default,0.1,1,20,0.0,0.0,0.0,0.0,0.0,0.0,0.0,0.0,0.0,0.0,0.0,
mmlu_elementary_mathematics,dataset,0.01,1,20,0.8994708994709033,0.8994708994709033,1.1111111111111123,1.1111111111111123,0.7275132275132318,1.111111111111115,0.7275132275132318,1.111111111111115,0.0,0.0,0.0,0.0
mmlu_elementary_mathematics,dataset,0.02,1,20,0.6481481481481505,0.37037037037037257,1.2169312169312196,1.0582010582010581,0.29100529100529404,1.0978835978836003,0.2116402116402133,0.5423280423280447,-0.2777777777777779,-0.7407407407407413,0.0,42.85714285714272
mmlu_elementary_mathematics,dataset,0.05,1,20,0.25132275132275284,0.13227513227513366,0.31746031746032155,0.2645502645502673,0.0793650793650802,0.5158730158730179,0.05291005291005346,0.22486772486772721,-0.11904761904761918,-0.35714285714285754,0.0,47.36842105263135
mmlu_elementary_mathematics,dataset,0.1,1,20,0.0,0.0,0.0,0.0,0.0,0.0,0.0,0.0,0.0,0.0,0.0,
mmlu_formal_logic,default,0.01,1,20,6.90476190476191,6.90476190476191,17.85714285714287,17.85714285714287,4.087301587301592,10.396825396825403,4.087301587301592,10.396825396825403,0.0,0.0,0.0,0.0
mmlu_formal_logic,default,0.02,1,20,7.02380952380953,7.02380952380953,15.238095238095243,15.238095238095243,4.285714285714292,10.31746031746032,4.285714285714292,10.31746031746032,0.0,0.0,0.0,0.0
mmlu_formal_logic,default,0.05,1,20,2.5793650793650853,2.5793650793650853,4.841269841269847,4.841269841269847,1.9047619047619104,3.293650793650799,1.9047619047619104,3.293650793650799,0.0,0.0,0.0,0.0
mmlu_formal_logic,default,0.1,1,20,1.8650793650793713,2.0634920634920695,3.9682539682539764,3.9682539682539764,1.2301587301587351,2.6587301587301653,1.4285714285714328,2.857142857142863,0.1984126984126977,0.0,0.515873015873014,-10.638297872340376
mmlu_formal_logic,dataset,0.01,1,20,3.253968253968261,3.3730158730158797,4.761904761904767,4.761904761904767,2.380952380952388,4.206349206349212,2.5000000000000067,4.325396825396831,0.11904761904761918,-0.07936507936507908,0.3968253968253971,-3.6585365853658325
mmlu_formal_logic,dataset,0.02,1,20,2.539682539682546,2.9761904761904834,4.047619047619056,4.761904761904767,1.7063492063492118,3.571428571428577,2.0634920634920704,4.007936507936514,0.4365079365079372,0.0793650793650802,0.8730158730158744,-17.187499999999982
mmlu_formal_logic,dataset,0.05,1,20,1.8253968253968302,1.2301587301587356,4.841269841269847,1.666666666666673,1.111111111111116,2.658730158730163,0.8333333333333387,1.7063492063492125,-0.5952380952380947,-1.3492063492063475,0.03968253968253954,32.60869565217379
mmlu_formal_logic,dataset,0.1,1,20,0.3968253968254009,0.3968253968254009,0.7936507936508019,0.7936507936508019,0.23809523809524058,0.5555555555555614,0.23809523809524058,0.5555555555555614,0.0,0.0,0.0,0.0
mmlu_global_facts,default,0.01,1,20,7.150000000000001,7.200000000000001,22.000000000000004,22.000000000000004,3.950000000000003,11.050000000000002,4.000000000000003,11.050000000000004,0.050000000000000044,0.0,0.15000000000000013,-0.6993006993006967
mmlu_global_facts,default,0.02,1,20,7.150000000000001,7.200000000000001,22.000000000000004,22.000000000000004,3.950000000000003,11.050000000000002,4.000000000000003,11.050000000000004,0.050000000000000044,0.0,0.15000000000000013,-0.6993006993006967
mmlu_global_facts,default,0.05,1,20,3.300000000000003,3.250000000000002,5.000000000000004,5.000000000000004,2.5500000000000025,4.0000000000000036,2.5500000000000025,3.9000000000000035,-0.050000000000000044,-0.15000000000000013,0.0,1.5151515151515353
mmlu_global_facts,default,0.1,1,20,2.7500000000000018,3.150000000000002,4.100000000000005,5.000000000000004,2.1487500000000033,3.350000000000003,2.500000000000002,3.850000000000003,0.40000000000000036,-0.20000000000000018,1.250000000000001,-14.545454545454549
mmlu_global_facts,dataset,0.01,1,20,3.3500000000000028,3.400000000000003,5.000000000000004,5.000000000000004,2.9000000000000026,3.8000000000000034,2.950000000000003,3.8500000000000036,0.050000000000000044,0.0,0.15000000000000013,-1.4925373134328426
mmlu_global_facts,dataset,0.02,1,20,2.8000000000000016,2.850000000000002,4.100000000000005,4.100000000000005,2.2500000000000018,3.350000000000003,2.3500000000000023,3.350000000000003,0.050000000000000044,0.0,0.15000000000000013,-1.7857142857142942
mmlu_global_facts,dataset,0.05,1,20,2.8000000000000016,2.850000000000002,4.100000000000005,4.100000000000005,2.2500000000000018,3.350000000000003,2.3500000000000023,3.350000000000003,0.050000000000000044,0.0,0.15000000000000013,-1.7857142857142942
mmlu_global_facts,dataset,0.1,1,20,0.5500000000000005,0.5500000000000005,2.0000000000000018,2.0000000000000018,0.2500000000000002,0.9000000000000008,0.2500000000000002,0.9000000000000008,0.0,0.0,0.0,0.0
mmlu_high_school_biology,default,0.01,1,20,1.5645161290322585,1.5645161290322585,2.6451612903225774,2.6451612903225774,1.1774193548387102,2.0161290322580645,1.1774193548387102,2.0161290322580645,0.0,0.0,0.0,0.0
mmlu_high_school_biology,default,0.02,1,20,2.1290322580645165,2.1290322580645165,4.612903225806453,4.612903225806453,1.4032258064516134,3.016129032258065,1.4032258064516134,3.016129032258065,0.0,0.0,0.0,0.0
mmlu_high_school_biology,default,0.05,1,20,0.20967741935483727,0.16129032258064335,0.3548387096774157,0.3225806451612856,0.09677419354838568,0.3548387096774186,0.0806451612903214,0.24193548387096586,-0.04838709677419395,-0.14516129032258185,0.0,23.076923076923414
mmlu_high_school_biology,default,0.1,1,20,0.0,0.0,0.0,0.0,0.0,0.0,0.0,0.0,0.0,0.0,0.0,
mmlu_high_school_biology,dataset,0.01,1,20,0.5967741935483859,0.4838709677419345,1.3225806451612936,0.999999999999998,0.3709677419354823,0.8387096774193559,0.29032258064515926,0.7096774193548383,-0.11290322580645162,-0.27419354838709664,0.0,18.918918918918923
mmlu_high_school_biology,dataset,0.02,1,20,0.4838709677419345,0.4838709677419345,0.999999999999998,0.999999999999998,0.29032258064515926,0.7096774193548383,0.29032258064515926,0.7096774193548383,0.0,0.0,0.0,0.0
mmlu_high_school_biology,dataset,0.05,1,20,0.09677419354838568,0.09677419354838568,0.3225806451612856,0.3225806451612856,0.03225806451612856,0.1612903225806428,0.03225806451612856,0.1612903225806428,0.0,0.0,0.0,0.0
mmlu_high_school_biology,dataset,0.1,1,20,0.04838709677419284,0.04838709677419284,0.3225806451612856,0.3225806451612856,0.0,0.09677419354838568,0.0,0.09677419354838568,0.0,0.0,0.0,0.0
mmlu_high_school_chemistry,default,0.01,1,20,3.17733990147783,3.1280788177339875,3.4975369458128043,3.4482758620689613,1.7487684729064017,5.443349753694578,1.7487684729064017,5.369458128078814,-0.049261083743842304,-0.24630541871921152,0.12315270935960576,1.5503875968992311
mmlu_high_school_chemistry,default,0.02,1,20,3.17733990147783,3.1280788177339875,3.4975369458128043,3.4482758620689613,1.7487684729064017,5.443349753694578,1.7487684729064017,5.369458128078814,-0.049261083743842304,-0.24630541871921152,0.12315270935960576,1.5503875968992311
mmlu_high_school_chemistry,default,0.05,1,20,1.6748768472906381,1.4778325123152691,2.9556650246305383,2.9556650246305383,1.1822660098522153,2.1674876847290614,1.0098522167487674,1.9704433497536922,-0.19704433497536922,-0.44334975369458074,0.0,11.76470588235293
mmlu_high_school_chemistry,default,0.1,1,20,0.024630541871921152,0.024630541871921152,0.0,0.0,0.0,0.07389162561576346,0.0,0.07389162561576346,0.0,0.0,0.0,0.0
mmlu_high_school_chemistry,dataset,0.01,1,20,0.8374384236453192,0.7635467980295557,2.019704433497535,1.527093596059112,0.4187192118226596,1.2807881773399,0.39408866995073843,1.1822660098522153,-0.07389162561576346,-0.2955665024630538,0.07389162561576346,8.823529411764705
mmlu_high_school_chemistry,dataset,0.02,1,20,0.2216748768472904,0.1477832512315269,0.6403940886699521,0.49261083743842304,0.0,0.5172413793103442,0.0,0.3694581280788173,-0.07389162561576346,-0.22167487684729037,0.0,33.33333333333334
mmlu_high_school_chemistry,dataset,0.05,1,20,0.049261083743842304,0.049261083743842304,0.049261083743843005,0.049261083743843005,0.0,0.12315270935960576,0.0,0.12315270935960576,0.0,0.0,0.0,0.0
mmlu_high_school_chemistry,dataset,0.1,1,20,0.1477832512315269,0.0,0.14778325123152902,0.0,0.0,0.3694581280788173,0.0,0.0,-0.1477832512315269,-0.3694581280788173,0.0,100.0
mmlu_high_school_computer_science,default,0.01,1,20,0.6500000000000004,0.6500000000000004,1.0000000000000009,1.0000000000000009,0.4500000000000004,0.8500000000000008,0.40000000000000036,0.9000000000000008,0.0,-0.15000000000000013,0.15000000000000013,0.0
mmlu_high_school_computer_science,default,0.02,1,20,1.0500000000000007,1.0500000000000007,2.0000000000000018,2.0000000000000018,0.7000000000000006,1.4500000000000013,0.7000000000000006,1.4500000000000013,0.0,0.0,0.0,0.0
mmlu_high_school_computer_science,default,0.05,1,20,1.0500000000000007,1.0500000000000007,2.0000000000000018,2.0000000000000018,0.7000000000000006,1.4500000000000013,0.7000000000000006,1.4500000000000013,0.0,0.0,0.0,0.0
mmlu_high_school_computer_science,default,0.1,1,20,0.20000000000000018,0.20000000000000018,1.0000000000000009,1.0000000000000009,0.050000000000000044,0.40000000000000036,0.050000000000000044,0.40000000000000036,0.0,0.0,0.0,0.0
mmlu_high_school_computer_science,dataset,0.01,1,20,0.5000000000000003,0.5000000000000003,1.0000000000000009,1.0000000000000009,0.30000000000000027,0.7000000000000006,0.30000000000000027,0.7000000000000006,0.0,0.0,0.0,0.0
mmlu_high_school_computer_science,dataset,0.02,1,20,0.0,0.0,0.0,0.0,0.0,0.0,0.0,0.0,0.0,0.0,0.0,
mmlu_high_school_computer_science,dataset,0.05,1,20,0.0,0.0,0.0,0.0,0.0,0.0,0.0,0.0,0.0,0.0,0.0,
mmlu_high_school_computer_science,dataset,0.1,1,20,0.10000000000000009,0.0,0.1000000000000015,0.0,0.0,0.2500000000000002,0.0,0.0,-0.10000000000000009,-0.2500000000000002,0.0,100.0
mmlu_high_school_european_history,default,0.01,1,20,1.5757575757575728,1.0606060606060577,1.8787878787878796,1.8181818181818188,0.8484848484848456,2.6969696969696937,0.7575757575757541,1.3636363636363613,-0.5151515151515151,-1.5454545454545454,0.0,32.69230769230776
mmlu_high_school_european_history,default,0.02,1,20,1.5757575757575728,1.0606060606060577,1.8787878787878796,1.8181818181818188,0.8484848484848456,2.6969696969696937,0.7575757575757541,1.3636363636363613,-0.5151515151515151,-1.5454545454545454,0.0,32.69230769230776
mmlu_high_school_european_history,default,0.05,1,20,1.0303030303030263,1.090909090909086,1.8181818181818188,1.8787878787878796,0.5757575757575717,1.6666666666666625,0.6363636363636316,1.7272727272727226,0.060606060606059886,-0.21212121212121404,0.3333333333333338,-5.882352941176402
mmlu_high_school_european_history,default,0.1,1,20,0.5757575757575722,0.5454545454545422,1.2727272727272707,1.2727272727272707,0.3333333333333294,0.878787878787875,0.3030303030303011,0.818181818181814,-0.030303030303029943,-0.09090909090908983,0.0,5.263157894736831
mmlu_high_school_european_history,dataset,0.01,1,20,0.9696969696969658,0.9696969696969658,1.8787878787878796,1.8787878787878796,0.6666666666666632,1.2727272727272694,0.6666666666666626,1.2727272727272698,0.0,-0.0909090909090915,0.0909090909090915,0.0
mmlu_high_school_european_history,dataset,0.02,1,20,0.909090909090905,0.8484848484848438,1.8787878787878796,1.8787878787878796,0.6060606060606011,1.242424242424237,0.5454545454545418,1.1515151515151478,-0.060606060606060996,-0.181818181818183,0.0,6.666666666666751
mmlu_high_school_european_history,dataset,0.05,1,20,0.6666666666666632,0.6060606060606026,1.2727272727272707,1.2121212121212088,0.3939393939393909,0.9696969696969654,0.39393939393939037,0.8484848484848445,-0.06060606060606044,-0.18181818181818132,0.0,9.09090909090913
mmlu_high_school_european_history,dataset,0.1,1,20,0.09090909090909094,0.0,0.0,0.0,0.0,0.2727272727272728,0.0,0.0,-0.09090909090909094,-0.2727272727272728,0.0,100.0
mmlu_high_school_geography,default,0.01,1,20,0.7070707070707096,0.732323232323235,1.5151515151515138,1.5151515151515138,0.5050505050505072,0.9343434343434359,0.5303030303030332,0.934343434343437,0.025252525252525415,0.0,0.07575757575757625,-3.5714285714285814
mmlu_high_school_geography,default,0.02,1,20,0.5808080808080837,0.6565656565656594,1.060606060606067,1.5151515151515138,0.40404040404040664,0.7575757575757602,0.47979797979798233,0.8585858585858608,0.07575757575757569,0.0,0.20202020202020166,-13.04347826086949
mmlu_high_school_geography,default,0.05,1,20,0.5050505050505084,0.5303030303030333,1.0101010101010166,1.0101010101010166,0.3787878787878812,0.6313131313131354,0.3535353535353558,0.7070707070707111,0.02525252525252486,-0.12626262626262708,0.17676767676767624,-4.999999999999889
mmlu_high_school_geography,default,0.1,1,20,0.0,0.0,0.0,0.0,0.0,0.0,0.0,0.0,0.0,0.0,0.0,
mmlu_high_school_geography,dataset,0.01,1,20,0.6313131313131356,0.6313131313131356,1.0101010101010166,1.0101010101010166,0.5555555555555591,0.732323232323237,0.5555555555555591,0.732323232323237,0.0,0.0,0.0,0.0
mmlu_high_school_geography,dataset,0.02,1,20,0.1767676767676779,0.10101010101010166,0.5555555555555598,0.5050505050505083,0.05050505050505083,0.3282828282828304,0.025252525252525415,0.20202020202020332,-0.07575757575757625,-0.20202020202020332,0.0,42.857142857142854
mmlu_high_school_geography,dataset,0.05,1,20,0.05050505050505083,0.05050505050505083,0.050505050505051545,0.050505050505051545,0.0,0.12626262626262708,0.0,0.12626262626262708,0.0,0.0,0.0,0.0
mmlu_high_school_geography,dataset,0.1,1,20,0.0,0.0,0.0,0.0,0.0,0.0,0.0,0.0,0.0,0.0,0.0,
mmlu_high_school_government_and_politics,default,0.01,1,20,0.9326424870466283,0.9844559585492186,1.5544041450777146,1.5544041450777146,0.7772020725388579,1.0880829015543991,0.8290155440414476,1.13989637305699,0.0518134715025903,0.0,0.1554404145077709,-5.5555555555555385
mmlu_high_school_government_and_politics,default,0.02,1,20,0.02590673575129543,0.0,0.0,0.0,0.0,0.07772020725388629,0.0,0.0,-0.02590673575129543,-0.07772020725388629,0.0,100.0
mmlu_high_school_government_and_politics,default,0.05,1,20,0.0,0.0,0.0,0.0,0.0,0.0,0.0,0.0,0.0,0.0,0.0,
mmlu_high_school_government_and_politics,default,0.1,1,20,0.0,0.0,0.0,0.0,0.0,0.0,0.0,0.0,0.0,0.0,0.0,
mmlu_high_school_government_and_politics,dataset,0.01,1,20,9.09326424870466,9.196891191709842,10.414507772020718,11.03626943005181,8.626943005181344,9.611398963730569,8.626943005181346,9.81865284974093,0.10362694300518119,-0.07772020725388629,0.3886010362694298,-1.139601139601144
mmlu_high_school_government_and_politics,dataset,0.02,1,20,0.0,0.0,0.0,0.0,0.0,0.0,0.0,0.0,0.0,0.0,0.0,
mmlu_high_school_government_and_politics,dataset,0.05,1,20,0.0,0.0,0.0,0.0,0.0,0.0,0.0,0.0,0.0,0.0,0.0,
mmlu_high_school_government_and_politics,dataset,0.1,1,20,0.0,0.0,0.0,0.0,0.0,0.0,0.0,0.0,0.0,0.0,0.0,
mmlu_high_school_macroeconomics,default,0.01,1,20,1.2435897435897414,1.205128205128203,2.076923076923081,2.076923076923081,0.974358974358972,1.5128205128205114,0.9487179487179459,1.4743589743589731,-0.038461538461538325,-0.11538461538461497,0.0,3.0927835051546335
mmlu_high_school_macroeconomics,default,0.02,1,20,0.884615384615382,0.9487179487179465,1.7948717948717885,1.8205128205128156,0.6153846153846143,1.1666666666666636,0.6666666666666649,1.2435897435897418,0.06410256410256443,-0.038461538461538325,0.23076923076923161,-7.246376811594261
mmlu_high_school_macroeconomics,default,0.05,1,20,0.06410256410256387,0.06410256410256387,0.2564102564102555,0.2564102564102555,0.012820512820512775,0.12820512820512775,0.012820512820512775,0.12820512820512775,0.0,0.0,0.0,0.0
mmlu_high_school_macroeconomics,default,0.1,1,20,0.0,0.0,0.0,0.0,0.0,0.0,0.0,0.0,0.0,0.0,0.0,
mmlu_high_school_macroeconomics,dataset,0.01,1,20,1.3205128205128185,1.3205128205128185,2.3076923076923106,2.3076923076923106,0.9615384615384592,1.6666666666666659,0.9615384615384592,1.6666666666666659,0.0,0.0,0.0,0.0
mmlu_high_school_macroeconomics,dataset,0.02,1,20,1.2564102564102535,1.3846153846153824,2.051282051282055,2.051282051282055,0.9615384615384581,1.5384615384615363,1.0641025641025614,1.679487179487178,0.12820512820512886,-0.19230769230769107,0.47435897435897434,-10.204081632653136
mmlu_high_school_macroeconomics,dataset,0.05,1,20,0.06410256410256387,0.06410256410256387,0.28205128205128144,0.28205128205128144,0.0,0.14102564102564052,0.0,0.14102564102564052,0.0,0.0,0.0,0.0
mmlu_high_school_macroeconomics,dataset,0.1,1,20,0.0,0.0,0.0,0.0,0.0,0.0,0.0,0.0,0.0,0.0,0.0,
mmlu_high_school_mathematics,default,0.01,1,20,8.77777777777778,8.814814814814818,21.18518518518519,21.18518518518519,5.592592592592596,12.296759259259257,5.703703703703706,12.296296296296298,0.0370370370370372,-2.4444444444444433,2.555555555555555,-0.4219409282700541
mmlu_high_school_mathematics,default,0.02,1,20,4.03703703703704,3.9074074074074097,5.555555555555558,5.555555555555558,2.888888888888891,5.740740740740743,2.7592592592592604,5.6296296296296315,-0.1296296296296301,-0.3703703703703709,0.037037037037036535,3.2110091743119384
mmlu_high_school_mathematics,default,0.05,1,20,2.1851851851851865,1.8518518518518525,3.7407407407407463,3.0370370370370425,1.6296296296296302,2.7222222222222245,1.2592592592592604,2.425925925925927,-0.3333333333333338,-0.8888888888888896,0.11111111111111072,15.254237288135611
mmlu_high_school_mathematics,default,0.1,1,20,0.4444444444444457,0.3518518518518532,0.555555555555564,0.37037037037037646,0.037037037037037646,1.1111111111111127,0.037037037037037646,0.9259259259259278,-0.09259259259259245,-0.27777777777777735,0.0,20.833333333333254
mmlu_high_school_mathematics,dataset,0.01,1,20,3.000000000000001,2.925925925925928,4.851851851851854,4.851851851851854,2.3888888888888893,3.6296296296296293,2.2777777777777795,3.5925925925925943,-0.07407407407407363,-0.33333333333333215,0.11111111111111127,2.4691358024691015
mmlu_high_school_mathematics,dataset,0.02,1,20,2.703703703703705,2.5925925925925943,4.444444444444451,4.444444444444451,2.1296296296296315,3.2962962962962976,2.0370370370370385,3.185185185185188,-0.11111111111111127,-0.2962962962962967,0.0,4.109589041095874
mmlu_high_school_mathematics,dataset,0.05,1,20,1.3518518518518539,1.277777777777781,2.666666666666666,2.9629629629629672,0.8328703703703718,1.9444444444444453,0.8148148148148177,1.7592592592592626,-0.07407407407407307,-0.3148148148148133,0.07407407407407529,5.479452054794422
mmlu_high_school_mathematics,dataset,0.1,1,20,0.14814814814814947,0.14814814814814947,0.37037037037037646,0.37037037037037646,0.037037037037037646,0.31481481481481666,0.037037037037037646,0.31481481481481666,0.0,0.0,0.0,0.0
mmlu_high_school_microeconomics,default,0.01,1,20,1.36554621848739,1.36554621848739,2.1008403361344463,2.1008403361344463,1.1134453781512565,1.6176470588235237,1.1134453781512565,1.6176470588235237,0.0,0.0,0.0,0.0
mmlu_high_school_microeconomics,default,0.02,1,20,1.36554621848739,1.36554621848739,2.1008403361344463,2.1008403361344463,1.1134453781512565,1.6176470588235237,1.1134453781512565,1.6176470588235237,0.0,0.0,0.0,0.0
mmlu_high_school_microeconomics,default,0.05,1,20,0.6302521008403339,0.588235294117645,1.2605042016806678,1.2605042016806678,0.42016806722688926,0.8403361344537785,0.3986344537815117,0.7773109243697451,-0.042016806722688926,-0.10504201680672232,0.0,6.666666666666667
mmlu_high_school_microeconomics,default,0.1,1,20,0.042016806722688926,0.042016806722688926,0.04201680672268952,0.04201680672268952,0.0,0.10504201680672232,0.0,0.10504201680672232,0.0,0.0,0.0,0.0
mmlu_high_school_microeconomics,dataset,0.01,1,20,1.071428571428568,1.0504201680672232,1.3025210084033574,1.2605042016806678,0.9243697478991564,1.26050420168067,0.9453781512605008,1.1554621848739455,-0.02100840336134502,-0.16806722689075737,0.08403361344537785,1.9607843137255307
mmlu_high_school_microeconomics,dataset,0.02,1,20,0.546218487394956,0.4621848739495782,0.882352941176468,0.8403361344537785,0.37815126050420034,0.7352941176470562,0.3361344537815114,0.588235294117645,-0.08403361344537785,-0.21008403361344463,0.0,15.384615384615385
mmlu_high_school_microeconomics,dataset,0.05,1,20,0.2310924369747891,0.2310924369747891,0.8403361344537785,0.8403361344537785,0.10504201680672232,0.37815126050420034,0.10504201680672232,0.37815126050420034,0.0,0.0,0.0,0.0
mmlu_high_school_microeconomics,dataset,0.1,1,20,0.021008403361344463,0.021008403361344463,0.0,0.0,0.0,0.06302521008403339,0.0,0.06302521008403339,0.0,0.0,0.0,0.0
mmlu_high_school_physics,default,0.01,1,20,2.019867549668869,1.9205298013244985,2.6490066225165476,2.6490066225165476,1.7549668874172148,2.284768211920525,1.6556291390728424,2.2185430463576106,-0.09933774834437081,-0.29801324503311244,0.0,4.9180327868852505
mmlu_high_school_physics,default,0.02,1,20,2.8145695364238366,2.7152317880794654,2.7152317880794627,2.7152317880794627,1.8211920529801278,4.536423841059597,1.6887417218543006,4.437086092715228,-0.09933774834437081,-0.29801324503311244,0.0,3.5294117647058982
mmlu_high_school_physics,default,0.05,1,20,2.119205298013242,2.019867549668871,3.31125827814569,2.7152317880794627,1.7549668874172164,2.4503311258278098,1.6887417218543015,2.317880794701983,-0.09933774834437081,-0.26490066225165476,0.0,4.6875000000000195
mmlu_high_school_physics,default,0.1,1,20,1.0596026490066186,1.0927152317880748,2.6490066225165476,2.6490066225165476,0.6622516556291369,1.4569536423841005,0.6953642384105924,1.5231788079470139,0.03311258278145657,-0.09933774834437137,0.19867549668874107,-3.1249999999999436
mmlu_high_school_physics,dataset,0.01,1,20,2.0198675496688705,2.0860927152317843,2.7152317880794627,2.7152317880794627,1.6225165562913872,2.384105960264896,1.688741721854301,2.4503311258278093,0.06622516556291369,-0.06622516556291258,0.19867549668874052,-3.2786885245901645
mmlu_high_school_physics,dataset,0.02,1,20,1.953642384105957,1.986754966887414,2.6490066225165476,2.6490066225165476,1.5562913907284743,2.2847682119205253,1.5894039735099315,2.317880794701982,0.03311258278145712,0.0,0.09933774834437137,-1.6949152542372996
mmlu_high_school_physics,dataset,0.05,1,20,1.7218543046357564,1.7218543046357564,3.31125827814569,3.31125827814569,1.2251655629139024,2.2847682119205235,1.2251655629139024,2.2847682119205235,0.0,0.0,0.0,0.0
mmlu_high_school_physics,dataset,0.1,1,20,0.1655629139072834,0.1655629139072834,0.6622516556291314,0.6622516556291314,0.03311258278145657,0.33112582781456734,0.03311258278145657,0.33112582781456734,0.0,0.0,0.0,0.0
mmlu_high_school_psychology,default,0.01,1,20,0.5779816513761442,0.5779816513761442,0.9357798165137567,0.9357798165137567,0.45871559633027303,0.6972477064220167,0.45871559633027303,0.6972477064220167,0.0,0.0,0.0,0.0
mmlu_high_school_psychology,default,0.02,1,20,0.5229357798165106,0.4862385321100879,0.917431192660545,0.7339449541284404,0.38532110091742844,0.6605504587155925,0.39449541284403367,0.568807339449538,-0.036697247706422575,-0.19266055045871533,0.11926605504587018,7.017543859649303
mmlu_high_school_psychology,default,0.05,1,20,0.04587155963302725,0.027522935779816238,0.20183486238531637,0.018348623853210715,0.0,0.10091743119266028,0.0,0.07339449541284349,-0.01834862385321101,-0.05504587155963303,0.0,40.00000000000024
mmlu_high_school_psychology,default,0.1,1,20,0.009174311926605228,0.0,0.0,0.0,0.0,0.027522935779815683,0.0,0.0,-0.009174311926605228,-0.027522935779815683,0.0,100.0
mmlu_high_school_psychology,dataset,0.01,1,20,0.34862385321100636,0.3211009174311895,0.5688073394495365,0.5504587155963248,0.2752293577981618,0.440366972477062,0.26605504587155604,0.37614678899082377,-0.027522935779816793,-0.0733944954128446,0.0,7.894736842105422
mmlu_high_school_psychology,dataset,0.02,1,20,0.09174311926605339,0.04587155963302614,0.20183486238531637,0.18348623853210455,0.03669724770642091,0.16513761467889632,0.018348623853210455,0.08256880733944705,-0.04587155963302725,-0.11926605504587073,0.0,50.000000000000604
mmlu_high_school_psychology,dataset,0.05,1,20,0.01834862385321101,0.0,0.0,0.0,0.0,0.05504587155963303,0.0,0.0,-0.01834862385321101,-0.05504587155963303,0.0,100.0
mmlu_high_school_psychology,dataset,0.1,1,20,0.0,0.0,0.0,0.0,0.0,0.0,0.0,0.0,0.0,0.0,0.0,
mmlu_high_school_statistics,default,0.01,1,20,3.912037037037036,4.004629629629628,14.444444444444443,14.444444444444443,2.013888888888886,6.134259259259258,2.129629629629627,6.203703703703703,0.092592592592593,0.0,0.277777777777779,-2.3668639053254323
mmlu_high_school_statistics,default,0.02,1,20,3.912037037037036,4.004629629629628,14.444444444444443,14.444444444444443,2.013888888888886,6.134259259259258,2.129629629629627,6.203703703703703,0.092592592592593,0.0,0.277777777777779,-2.3668639053254323
mmlu_high_school_statistics,default,0.05,1,20,1.365740740740737,1.2499999999999958,2.314814814814814,1.9444444444444433,1.041666666666664,1.666666666666664,0.9490740740740689,1.5972222222222188,-0.11574074074074125,-0.46296296296296335,0.2546296296296302,8.474576271186494
mmlu_high_school_statistics,default,0.1,1,20,0.185185185185186,0.185185185185186,0.462962962962965,0.462962962962965,0.092592592592593,0.277777777777779,0.092592592592593,0.277777777777779,0.0,0.0,0.0,0.0
mmlu_high_school_statistics,dataset,0.01,1,20,0.9259259259259229,0.7175925925925902,1.388888888888884,0.9722222222222161,0.7638888888888856,1.1111111111111072,0.5787037037037024,0.8796296296296247,-0.2083333333333326,-0.4166666666666663,-0.04629629629629595,22.500000000000007
mmlu_high_school_statistics,dataset,0.02,1,20,0.48611111111111044,0.41666666666666624,0.9259259259259189,0.9259259259259189,0.30092592592592615,0.6944444444444431,0.2777777777777779,0.5555555555555541,-0.0694444444444442,-0.2083333333333326,0.0,14.285714285714255
mmlu_high_school_statistics,dataset,0.05,1,20,0.3240740740740756,0.3240740740740756,0.462962962962965,0.462962962962965,0.2314814814814825,0.4166666666666685,0.2314814814814825,0.4166666666666685,0.0,0.0,0.0,0.0
mmlu_high_school_statistics,dataset,0.1,1,20,0.06944444444444475,0.06944444444444475,0.462962962962965,0.462962962962965,0.0,0.1388888888888895,0.0,0.1388888888888895,0.0,0.0,0.0,0.0
mmlu_high_school_us_history,default,0.01,1,20,1.6666666666666614,1.7156862745097985,2.499999999999992,2.499999999999992,1.3725490196078383,1.9852941176470529,1.3970588235294072,2.0343137254901906,0.04901960784313708,0.0,0.14705882352941124,-2.941176470588234
mmlu_high_school_us_history,default,0.02,1,20,1.6911764705882297,1.7401960784313668,2.499999999999992,2.499999999999992,1.2499999999999956,2.2058823529411704,1.3235294117647012,2.2303921568627394,0.04901960784313708,0.0,0.14705882352941124,-2.8985507246376803
mmlu_high_school_us_history,default,0.05,1,20,1.789215686274504,1.6421568627450926,2.941176470588225,2.941176470588225,1.2990196078431326,2.3284313725490122,1.1519607843137214,2.2058823529411704,-0.14705882352941124,-0.39215686274509665,0.0,8.219178082191778
mmlu_high_school_us_history,default,0.1,1,20,0.22058823529411686,0.22058823529411686,0.5392156862745086,0.5392156862745086,0.09803921568627416,0.3676470588235281,0.09803921568627416,0.3676470588235281,0.0,0.0,0.0,0.0
mmlu_high_school_us_history,dataset,0.01,1,20,1.4705882352941124,1.7401960784313666,2.009803921568621,2.450980392156854,1.225490196078427,1.6911764705882293,1.495098039215681,1.9852941176470518,0.26960784313725394,0.09803921568627416,0.46568627450980227,-18.333333333333346
mmlu_high_school_us_history,dataset,0.02,1,20,0.9313725490196045,0.9803921568627416,1.9607843137254832,1.9607843137254832,0.637254901960782,1.225490196078427,0.6862745098039191,1.274509803921564,0.04901960784313708,0.0,0.14705882352941124,-5.2631578947368425
mmlu_high_school_us_history,dataset,0.05,1,20,0.5392156862745079,0.5392156862745079,1.0294117647058794,1.0294117647058794,0.318627450980391,0.7598039215686248,0.318627450980391,0.7598039215686248,0.0,0.0,0.0,0.0
mmlu_high_school_us_history,dataset,0.1,1,20,0.09803921568627416,0.09803921568627416,0.4901960784313708,0.4901960784313708,0.02450980392156854,0.19607843137254832,0.02450980392156854,0.19607843137254832,0.0,0.0,0.0,0.0
mmlu_high_school_world_history,default,0.01,1,20,1.2869198312236274,1.2869198312236274,1.7299578059071747,1.7299578059071747,1.0759493670886067,1.51898734177215,1.0759493670886067,1.51898734177215,0.0,0.0,0.0,0.0
mmlu_high_school_world_history,default,0.02,1,20,1.2236286919831207,1.2236286919831207,1.6877637130801704,1.6877637130801704,1.0337552742616012,1.413502109704639,1.0337552742616012,1.413502109704639,0.0,0.0,0.0,0.0
mmlu_high_school_world_history,default,0.05,1,20,0.8227848101265799,0.8227848101265799,1.2658227848101222,1.2658227848101222,0.6118143459915587,1.0337552742616012,0.6118143459915587,1.0337552742616012,0.0,0.0,0.0,0.0
mmlu_high_school_world_history,default,0.1,1,20,0.10548523206750926,0.10548523206750926,0.42194092827003704,0.42194092827003704,0.042194092827003704,0.18987341772151667,0.042194092827003704,0.18987341772151667,0.0,0.0,0.0,0.0
mmlu_high_school_world_history,dataset,0.01,1,20,1.4135021097046385,1.3713080168776342,1.7299578059071747,1.6877637130801704,1.2447257383966215,1.5611814345991544,1.2236286919831185,1.518987341772149,-0.04219409282700426,-0.12658227848101278,0.0,2.9850746268656883
mmlu_high_school_world_history,dataset,0.02,1,20,0.7594936708860742,0.7383966244725724,0.8860759493670894,0.8438818565400852,0.6329113924050606,0.9071729957805896,0.6118143459915587,0.864978902953587,-0.021097046413501852,-0.06329113924050556,0.0,2.77777777777775
mmlu_high_school_world_history,dataset,0.05,1,20,0.337552742616033,0.337552742616033,0.8438818565400852,0.8438818565400852,0.18987341772151778,0.5063291139240494,0.18987341772151778,0.5063291139240494,0.0,0.0,0.0,0.0
mmlu_high_school_world_history,dataset,0.1,1,20,0.042194092827003704,0.042194092827003704,0.0421940928270043,0.0421940928270043,0.0,0.10548523206750926,0.0,0.10548523206750926,0.0,0.0,0.0,0.0
mmlu_human_aging,default,0.01,1,20,1.5919282511210748,1.5919282511210748,2.2421524663677084,2.2421524663677084,0.7847533632286985,2.937219730941703,0.7847533632286985,2.937219730941703,0.0,0.0,0.0,0.0
mmlu_human_aging,default,0.02,1,20,2.7130044843049306,3.1390134529147966,10.22421524663677,11.031390134529149,1.053811659192823,4.730941704035872,1.3677130044843038,5.269058295964121,0.4260089686098656,0.0,1.2780269058295968,-15.702479338843007
mmlu_human_aging,default,0.05,1,20,0.8071748878923769,0.8520179372197308,1.3901345291479756,1.4349775784753307,0.5605381165919282,1.1210762331838564,0.5823991031390134,1.1883408071748875,0.044843049327353834,-0.15695067264573925,0.24663677130044692,-5.555555555555515
mmlu_human_aging,default,0.1,1,20,0.0,0.0,0.0,0.0,0.0,0.0,0.0,0.0,0.0,0.0,0.0,
mmlu_human_aging,dataset,0.01,1,20,0.6726457399103143,0.8520179372197308,1.3901345291479756,1.7937219730941645,0.49327354260089773,0.8968609865470839,0.6053811659192837,1.1210762331838549,0.17937219730941645,0.0,0.4484304932735411,-26.66666666666658
mmlu_human_aging,dataset,0.02,1,20,0.6726457399103143,0.8520179372197308,1.3901345291479756,1.7937219730941645,0.49327354260089773,0.8968609865470839,0.6053811659192837,1.1210762331838549,0.17937219730941645,0.0,0.4484304932735411,-26.66666666666658
mmlu_human_aging,dataset,0.05,1,20,0.8071748878923766,0.717488789237669,1.3452914798206206,0.9417040358744417,0.6278026905829603,0.9865470852017932,0.5381165919282527,0.8968609865470861,-0.08968609865470767,-0.24663677130044637,0.0,11.111111111110993
mmlu_human_aging,dataset,0.1,1,20,0.0,0.0,0.0,0.0,0.0,0.0,0.0,0.0,0.0,0.0,0.0,
mmlu_human_sexuality,default,0.01,1,20,2.671755725190839,2.099236641221373,3.1297709923664074,3.1297709923664074,1.5267175572519083,4.427480916030533,1.5648854961832064,2.595419847328242,-0.5725190839694655,-2.290076335877861,0.4580152671755716,21.42857142857144
mmlu_human_sexuality,default,0.02,1,20,1.526717557251908,1.7175572519083957,3.0534351145038108,3.0534351145038108,0.9541984732824432,2.099236641221372,1.145038167938931,2.29007633587786,0.19083969465648776,0.0,0.534351145038166,-12.499999999999943
mmlu_human_sexuality,default,0.05,1,20,1.3740458015267187,1.2595419847328253,2.3664122137404617,2.3664122137404617,0.9160305343511466,1.7938931297709937,0.8015267175572532,1.6793893129771005,-0.11450381679389332,-0.34351145038167996,0.0,8.333333333333348
mmlu_human_sexuality,default,0.1,1,20,0.4961832061068711,0.4961832061068711,1.526717557251911,1.526717557251911,0.19083969465648887,0.8015267175572532,0.19083969465648887,0.8015267175572532,0.0,0.0,0.0,0.0
mmlu_human_sexuality,dataset,0.01,1,20,1.6412213740458026,1.7938931297709932,3.0534351145038108,3.0534351145038108,1.2595419847328249,2.0229007633587797,1.4122137404580166,2.1755725190839694,0.15267175572519054,-0.1526717557251911,0.5343511450381677,-9.302325581395332
mmlu_human_sexuality,dataset,0.02,1,20,0.572519083969466,0.49618320610687106,1.6030534351145076,1.526717557251911,0.22900763358778664,0.9541984732824438,0.19083969465648887,0.8015267175572532,-0.07633587786259499,-0.22900763358778498,0.0,13.333333333333249
mmlu_human_sexuality,dataset,0.05,1,20,0.572519083969466,0.49618320610687106,1.6030534351145076,1.526717557251911,0.22900763358778664,0.9541984732824438,0.19083969465648887,0.8015267175572532,-0.07633587786259499,-0.22900763358778498,0.0,13.333333333333249
mmlu_human_sexuality,dataset,0.1,1,20,0.0,0.0,0.0,0.0,0.0,0.0,0.0,0.0,0.0,0.0,0.0,
mmlu_international_law,default,0.01,1,20,3.842975206611576,3.842975206611576,10.165289256198351,10.165289256198351,2.1487603305785195,5.785123966942153,2.1487603305785195,5.785123966942153,0.0,0.0,0.0,0.0
mmlu_international_law,default,0.02,1,20,1.5289256198347163,1.5289256198347163,2.4793388429752095,2.4793388429752095,1.1983471074380225,1.8595041322314099,1.1983471074380225,1.8595041322314099,0.0,0.0,0.0,0.0
mmlu_international_law,default,0.05,1,20,1.8595041322314105,1.8595041322314105,3.3884297520661177,3.3884297520661177,1.363636363636369,2.4380165289256253,1.363636363636369,2.4380165289256253,0.0,0.0,0.0,0.0
mmlu_international_law,default,0.1,1,20,1.4462809917355435,1.198347107438023,1.8181818181818257,1.6528925619834767,1.0330578512396764,1.9421487603305847,0.9090909090909166,1.528925619834716,-0.24793388429752042,-0.7024793388429745,0.0,17.142857142857057
mmlu_international_law,dataset,0.01,1,20,2.4380165289256253,2.355371900826452,3.7190082644628166,3.7190082644628166,1.61157024793389,3.512396694214881,1.5289256198347168,3.429752066115708,-0.08264462809917328,-0.4132231404958664,0.16528925619834656,3.3898305084745575
mmlu_international_law,dataset,0.02,1,20,1.239669421487608,1.239669421487608,2.4793388429752095,2.4793388429752095,0.9090909090909127,1.570247933884303,0.9090909090909127,1.570247933884303,0.0,0.0,0.0,0.0
mmlu_international_law,dataset,0.05,1,20,1.239669421487608,1.239669421487608,2.4793388429752095,2.4793388429752095,0.9090909090909127,1.570247933884303,0.9090909090909127,1.570247933884303,0.0,0.0,0.0,0.0
mmlu_international_law,dataset,0.1,1,20,0.2892561983471104,0.2892561983471104,0.8264462809917439,0.8264462809917439,0.12396694214876158,0.45454545454545914,0.12396694214876158,0.45454545454545914,0.0,0.0,0.0,0.0
mmlu_jurisprudence,default,0.01,1,20,1.7592592592592584,1.8055555555555542,3.703703703703698,3.703703703703698,1.2037037037037035,2.314814814814814,1.2499999999999996,2.36111111111111,0.04629629629629595,0.0,0.13888888888888784,-2.631578947368396
mmlu_jurisprudence,default,0.02,1,20,1.3888888888888897,1.527777777777778,2.777777777777779,2.777777777777779,1.0185185185185197,1.7592592592592593,1.1111111111111116,1.9444444444444442,0.1388888888888884,0.0,0.4166666666666652,-9.999999999999943
mmlu_jurisprudence,default,0.05,1,20,1.3888888888888897,1.527777777777778,2.777777777777779,2.777777777777779,1.0185185185185197,1.7592592592592593,1.1111111111111116,1.9444444444444442,0.1388888888888884,0.0,0.4166666666666652,-9.999999999999943
mmlu_jurisprudence,default,0.1,1,20,1.0648148148148153,1.1574074074074077,1.851851851851849,1.851851851851849,0.6944444444444448,1.435185185185185,0.7870370370370378,1.5277777777777768,0.09259259259259245,0.0,0.27777777777777735,-8.695652173913016
mmlu_jurisprudence,dataset,0.01,1,20,1.805555555555555,1.8518518518518516,3.703703703703698,3.703703703703698,0.9259259259259256,2.916666666666667,0.9722222222222232,2.962962962962963,0.0462962962962965,0.0,0.1388888888888895,-2.5641025641025887
mmlu_jurisprudence,dataset,0.02,1,20,1.2500000000000007,1.2500000000000007,1.9444444444444433,1.9444444444444433,0.8796296296296302,1.666666666666667,0.8796296296296302,1.666666666666667,0.0,0.0,0.0,0.0
mmlu_jurisprudence,dataset,0.05,1,20,1.2500000000000007,1.2500000000000007,1.9444444444444433,1.9444444444444433,0.8796296296296302,1.666666666666667,0.8796296296296302,1.666666666666667,0.0,0.0,0.0,0.0
mmlu_jurisprudence,dataset,0.1,1,20,0.6018518518518519,0.6018518518518519,1.851851851851849,1.851851851851849,0.2777777777777779,0.9722222222222215,0.2777777777777779,0.9722222222222215,0.0,0.0,0.0,0.0
mmlu_logical_fallacies,default,0.01,1,20,2.484662576687117,2.361963190184049,3.6809815950920255,3.6809815950920255,1.7177914110429455,3.5889570552147245,1.6257668711656441,3.435582822085891,-0.12269938650306733,-0.368098159509202,0.0,4.938271604938278
mmlu_logical_fallacies,default,0.02,1,20,2.484662576687117,2.361963190184049,3.6809815950920255,3.6809815950920255,1.7177914110429455,3.5889570552147245,1.6257668711656441,3.435582822085891,-0.12269938650306733,-0.368098159509202,0.0,4.938271604938278
mmlu_logical_fallacies,default,0.05,1,20,2.1472392638036815,2.1165644171779148,2.515337423312882,2.515337423312882,1.564417177914112,2.975460122699388,1.5337423312883454,2.9754601226993866,-0.030674846625766694,-0.09202453987730008,0.0,1.42857142857142
mmlu_logical_fallacies,default,0.1,1,20,1.5337423312883425,1.503067484662576,2.4539877300613466,2.4539877300613466,1.1963190184049077,1.8404907975460116,1.1656441717791415,1.809815950920245,-0.030674846625766694,-0.09202453987730008,0.0,1.9999999999999754
mmlu_logical_fallacies,dataset,0.01,1,20,1.8098159509202467,1.8098159509202467,3.0674846625766916,3.0674846625766916,1.4723926380368102,2.147239263803683,1.4723926380368102,2.147239263803683,0.0,0.0,0.0,0.0
mmlu_logical_fallacies,dataset,0.02,1,20,1.8098159509202467,1.8098159509202467,3.0674846625766916,3.0674846625766916,1.4723926380368102,2.147239263803683,1.4723926380368102,2.147239263803683,0.0,0.0,0.0,0.0
mmlu_logical_fallacies,dataset,0.05,1,20,1.595092024539878,1.595092024539878,3.0674846625766916,3.0674846625766916,1.1656441717791421,2.055214723926382,1.1656441717791421,2.055214723926382,0.0,0.0,0.0,0.0
mmlu_logical_fallacies,dataset,0.1,1,20,1.0736196319018405,1.0736196319018405,1.8404907975460127,1.8404907975460127,0.7668711656441718,1.3803680981595097,0.7668711656441718,1.3803680981595097,0.0,0.0,0.0,0.0
mmlu_machine_learning,default,0.01,1,20,3.7499999999999987,3.928571428571427,4.732142857142857,6.339285714285715,3.0357142857142843,4.508928571428569,3.1696428571428563,4.732142857142855,0.17857142857142852,0.0,0.49107142857142855,-4.761904761904759
mmlu_machine_learning,default,0.02,1,20,3.7499999999999987,3.928571428571427,4.732142857142857,6.339285714285715,3.0357142857142843,4.508928571428569,3.1696428571428563,4.732142857142855,0.17857142857142852,0.0,0.49107142857142855,-4.761904761904759
mmlu_machine_learning,default,0.05,1,20,3.080357142857142,2.8571428571428568,4.46428571428571,4.46428571428571,2.544642857142857,3.6160714285714266,2.410714285714286,3.303571428571428,-0.223214285714285,-0.6249999999999979,0.1339285714285709,7.246376811594186
mmlu_machine_learning,default,0.1,1,20,1.5625000000000007,1.6071428571428577,2.7678571428571455,2.7678571428571455,1.0714285714285716,2.05357142857143,1.116071428571428,2.098214285714288,0.044642857142856984,0.0,0.13392857142857095,-2.8571428571428457
mmlu_machine_learning,dataset,0.01,1,20,3.303571428571428,3.303571428571428,4.46428571428571,4.46428571428571,2.946428571428572,3.660714285714284,2.946428571428572,3.660714285714284,0.0,0.0,0.0,0.0
mmlu_machine_learning,dataset,0.02,1,20,1.4285714285714277,1.339285714285713,2.67857142857143,2.67857142857143,1.1160714285714275,1.7410714285714297,1.0714285714285694,1.651785714285714,-0.08928571428571452,-0.26785714285714357,0.0,6.2500000000000275
mmlu_machine_learning,dataset,0.05,1,20,0.44642857142856973,0.44642857142856973,0.8928571428571397,0.8928571428571397,0.2678571428571419,0.6249999999999978,0.2678571428571419,0.6249999999999978,0.0,0.0,0.0,0.0
mmlu_machine_learning,dataset,0.1,1,20,0.17857142857142794,0.17857142857142794,0.8928571428571397,0.8928571428571397,0.044642857142856984,0.3571428571428559,0.044642857142856984,0.3571428571428559,0.0,0.0,0.0,0.0
mmlu_management,default,0.01,1,20,6.553398058252432,6.553398058252432,11.747572815533987,11.747572815533987,5.145631067961174,8.058252427184474,5.145631067961174,8.058252427184474,0.0,0.0,0.0,0.0
mmlu_management,default,0.02,1,20,1.6990291262135924,1.6990291262135924,3.009708737864079,3.009708737864079,1.1650485436893199,2.2815533980582536,1.1650485436893199,2.2815533980582536,0.0,0.0,0.0,0.0
mmlu_management,default,0.05,1,20,2.2815533980582536,2.2815533980582536,5.048543689320399,5.048543689320399,1.407766990291262,3.252427184466022,1.407766990291262,3.252427184466022,0.0,0.0,0.0,0.0
mmlu_management,default,0.1,1,20,0.9708737864077681,0.7766990291262144,3.8834951456310773,2.1359223300970904,0.43689320388349495,1.6019417475728182,0.2912621359223305,1.3592233009708754,-0.19417475728155387,-0.582524271844661,0.09708737864077666,20.00000000000001
mmlu_management,dataset,0.01,1,20,6.359223300970879,6.504854368932046,11.844660194174766,10.097087378640788,4.902912621359231,8.009708737864084,5.19417475728156,7.961165048543695,0.1456310679611655,-0.3883495145631066,0.7766990291262132,-2.2900763358778806
mmlu_management,dataset,0.02,1,20,0.7766990291262132,0.7766990291262132,1.9417475728155331,1.9417475728155331,0.43689320388349495,1.1650485436893199,0.43689320388349495,1.1650485436893199,0.0,0.0,0.0,0.0
mmlu_management,dataset,0.05,1,20,0.9223300970873787,0.8252427184466022,1.9417475728155331,1.9417475728155331,0.4854368932038833,1.5048543689320393,0.3883495145631066,1.3592233009708754,-0.09708737864077666,-0.29126213592232997,0.0,10.526315789473657
mmlu_management,dataset,0.1,1,20,0.14563106796116498,0.04854368932038833,0.09708737864077803,0.0,0.0,0.3883495145631066,0.0,0.14563106796116498,-0.09708737864077666,-0.29126213592232997,0.0,66.66666666666667
mmlu_marketing,default,0.01,1,20,3.269230769230768,3.141025641025641,5.726495726495731,5.726495726495731,2.585470085470084,4.059829059829059,2.478632478632478,3.93162393162393,-0.12820512820512772,-0.3846153846153832,0.0,3.921568627450941
mmlu_marketing,default,0.02,1,20,2.329059829059827,2.3504273504273483,3.034188034188035,3.034188034188035,2.051282051282048,2.6068376068376056,2.0940170940170892,2.628205128205126,0.02136752136752129,0.0,0.06410256410256387,-0.917431192660548
mmlu_marketing,default,0.05,1,20,1.6452991452991423,1.858974358974356,3.034188034188035,3.4188034188034178,1.1965811965811934,2.1153846153846123,1.3675213675213638,2.3717948717948683,0.21367521367521344,-0.08547008547008517,0.6837606837606829,-12.987012987013005
mmlu_marketing,default,0.1,1,20,0.34188034188034067,0.34188034188034067,0.8547008547008517,0.8547008547008517,0.17094017094017033,0.512820512820511,0.17094017094017033,0.512820512820511,0.0,0.0,0.0,0.0
mmlu_marketing,dataset,0.01,1,20,3.525641025641022,3.418803418803415,6.025641025641027,4.829059829059825,2.8632478632478615,4.2521367521367495,2.820512820512816,4.081196581196577,-0.10683760683760704,-0.3205128205128211,0.0,3.030303030303035
mmlu_marketing,dataset,0.02,1,20,1.1965811965811923,1.1965811965811923,1.7094017094017033,1.7094017094017033,1.025641025641022,1.3675213675213627,1.025641025641022,1.3675213675213627,0.0,0.0,0.0,0.0
mmlu_marketing,dataset,0.05,1,20,0.5555555555555536,0.4914529914529897,1.3247863247863207,1.2820512820512775,0.2991452991452981,0.8547008547008517,0.2777777777777768,0.7264957264957239,-0.06410256410256387,-0.17094017094017033,0.0,11.538461538461538
mmlu_marketing,dataset,0.1,1,20,0.4273504273504264,0.36324786324786196,0.8547008547008517,0.8547008547008517,0.17094017094017033,0.7264957264957256,0.17094017094017033,0.5769230769230749,-0.06410256410256443,-0.1923076923076933,0.0,15.00000000000011
mmlu_medical_genetics,default,0.01,1,20,11.499999999999996,11.899999999999997,16.099999999999994,16.099999999999994,9.698749999999995,13.199999999999994,10.099999999999996,13.499999999999996,0.39999999999999974,0.0,1.199999999999999,-3.4782608695652217
mmlu_medical_genetics,default,0.02,1,20,0.5999999999999993,0.5999999999999993,1.1000000000000012,1.1000000000000012,0.2999999999999997,0.9499999999999997,0.2999999999999997,0.9499999999999997,0.0,0.0,0.0,0.0
mmlu_medical_genetics,default,0.05,1,20,0.3999999999999998,0.3999999999999998,1.0000000000000009,1.0000000000000009,0.15000000000000013,0.65,0.15000000000000013,0.65,0.0,0.0,0.0,0.0
mmlu_medical_genetics,default,0.1,1,20,0.0,0.0,0.0,0.0,0.0,0.0,0.0,0.0,0.0,0.0,0.0,
mmlu_medical_genetics,dataset,0.01,1,20,13.399999999999995,13.399999999999995,16.099999999999994,16.099999999999994,12.499999999999998,14.399999999999997,12.499999999999998,14.399999999999997,0.0,0.0,0.0,0.0
mmlu_medical_genetics,dataset,0.02,1,20,2.049999999999991,2.049999999999991,1.9999999999999907,1.9999999999999907,1.9999999999999907,2.149999999999991,1.9999999999999907,2.149999999999991,0.0,0.0,0.0,0.0
mmlu_medical_genetics,dataset,0.05,1,20,0.0,0.0,0.0,0.0,0.0,0.0,0.0,0.0,0.0,0.0,0.0,
mmlu_medical_genetics,dataset,0.1,1,20,0.0,0.0,0.0,0.0,0.0,0.0,0.0,0.0,0.0,0.0,0.0,
mmlu_miscellaneous,default,0.01,1,20,1.2643678160919483,1.2196679438058688,1.5708812260536313,1.5708812260536313,0.7151979565772609,2.1585249042145525,0.6704980842911817,2.120051085568321,-0.04469987228607919,-0.12771392081736832,0.012771392081736277,3.5353535353535697
mmlu_miscellaneous,default,0.02,1,20,0.5747126436781558,0.3895274584929709,1.2260536398467425,0.638569604086836,0.3703703703703648,0.8173690932311556,0.30012771392081306,0.47892720306512815,-0.1851851851851849,-0.3895274584929753,-0.0063856960408681385,32.22222222222246
mmlu_miscellaneous,default,0.05,1,20,0.07024265644955174,0.07024265644955174,0.25542784163473664,0.25542784163473664,0.025542784163472554,0.12132822477649907,0.025542784163472554,0.12132822477649907,0.0,0.0,0.0,0.0
mmlu_miscellaneous,default,0.1,1,20,0.019157088122604415,0.019157088122604415,0.12771392081736277,0.12771392081736277,0.0,0.03831417624520883,0.0,0.03831417624520883,0.0,0.0,0.0,0.0
mmlu_miscellaneous,dataset,0.01,1,20,0.5044699872286025,0.45338441890165565,0.638569604086836,0.638569604086836,0.4342273307790506,0.5683269476372865,0.38952745849297143,0.5172413793103392,-0.05108556832694677,-0.10855683269476168,0.0,10.126582278480962
mmlu_miscellaneous,dataset,0.02,1,20,0.2681992337164713,0.2681992337164713,0.39591315453383696,0.39591315453383696,0.19795657726691895,0.338441890166023,0.19795657726691895,0.338441890166023,0.0,0.0,0.0,0.0
mmlu_miscellaneous,dataset,0.05,1,20,0.08301404853128802,0.08301404853128802,0.25542784163473664,0.25542784163473664,0.038314176245209386,0.13409961685823535,0.038314176245209386,0.13409961685823535,0.0,0.0,0.0,0.0
mmlu_miscellaneous,dataset,0.1,1,20,0.012771392081736277,0.012771392081736277,0.012771392081736459,0.012771392081736459,0.0,0.03192848020434069,0.0,0.03192848020434069,0.0,0.0,0.0,0.0
mmlu_moral_disputes,default,0.01,1,20,1.806358381502892,1.849710982658961,2.7167630057803516,2.7167630057803516,0.8670520231213891,3.1502890173410423,0.9244942196531802,3.193641618497111,0.043352601156069204,0.0,0.1300578034682076,-2.3999999999999764
mmlu_moral_disputes,default,0.02,1,20,1.3872832369942203,1.3728323699421976,2.3121387283236983,2.3121387283236983,0.9248554913294793,1.9942196531791923,0.910404624277456,1.9942196531791905,-0.014450867052022698,-0.043352601156068094,0.0,1.0416666666666357
mmlu_moral_disputes,default,0.05,1,20,0.36127167630057905,0.20231213872832496,0.895953757225431,0.31791907514451195,0.17341040462427904,0.5780346820809262,0.11560693641618602,0.3034682080924872,-0.15895953757225412,-0.37572254335260125,0.0,43.99999999999981
mmlu_moral_disputes,default,0.1,1,20,0.0,0.0,0.0,0.0,0.0,0.0,0.0,0.0,0.0,0.0,0.0,
mmlu_moral_disputes,dataset,0.01,1,20,0.7369942196531806,0.7369942196531806,1.4739884393063611,1.4739884393063611,0.47687861271676457,1.01156069364162,0.47687861271676457,1.01156069364162,0.0,0.0,0.0,0.0
mmlu_moral_disputes,dataset,0.02,1,20,0.8236994219653188,0.8381502890173419,1.184971098265896,1.184971098265896,0.40462427745664886,1.445086705202312,0.41907514450867156,1.4595375722543356,0.014450867052023253,0.0,0.04335260115606976,-1.7543859649122815
mmlu_moral_disputes,dataset,0.05,1,20,0.05780346820809301,0.05780346820809301,0.28901734104046506,0.28901734104046506,0.0,0.13005780346820928,0.0,0.13005780346820928,0.0,0.0,0.0,0.0
mmlu_moral_disputes,dataset,0.1,1,20,0.0,0.0,0.0,0.0,0.0,0.0,0.0,0.0,0.0,0.0,0.0,
mmlu_moral_scenarios,default,0.01,1,20,1.7709497206703926,1.1117318435754213,3.1508379888268236,2.8491620111731883,1.307262569832404,2.223463687150839,0.614525139664806,1.6759776536312874,-0.6592178770949714,-1.3407821229050276,0.07821229050279378,37.223974763406865
mmlu_moral_scenarios,default,0.02,1,20,0.13407821229050487,0.13407821229050487,0.22346368715083775,0.22346368715083775,0.055865921787711645,0.2513966480446955,0.055865921787711645,0.2513966480446955,0.0,0.0,0.0,0.0
mmlu_moral_scenarios,default,0.05,1,20,0.011173184357542443,0.011173184357542443,0.011173184357542602,0.011173184357542602,0.0,0.027932960893856107,0.0,0.027932960893856107,0.0,0.0,0.0,0.0
mmlu_moral_scenarios,default,0.1,1,20,0.0,0.0,0.0,0.0,0.0,0.0,0.0,0.0,0.0,0.0,0.0,
mmlu_moral_scenarios,dataset,0.01,1,20,0.7430167597765399,0.5865921787709535,1.9664804469273787,1.2960893854748654,0.3966480446927412,1.1452513966480486,0.31284916201117785,0.8938547486033555,-0.15642458100558643,-0.4357541899441336,0.0,21.052631578947242
mmlu_moral_scenarios,dataset,0.02,1,20,0.09497206703910799,0.10055865921787921,0.22346368715083775,0.22346368715083775,0.05027932960893988,0.14525139664804732,0.055865921787711104,0.15083798882681798,0.005586592178771221,0.0,0.016759776536313664,-5.882352941176642
mmlu_moral_scenarios,dataset,0.05,1,20,0.016759776536313664,0.016759776536313664,0.11173184357542443,0.11173184357542443,0.0,0.03351955307262733,0.0,0.03351955307262733,0.0,0.0,0.0,0.0
mmlu_moral_scenarios,dataset,0.1,1,20,0.0,0.0,0.0,0.0,0.0,0.0,0.0,0.0,0.0,0.0,0.0,
mmlu_nutrition,default,0.01,1,20,1.1928104575163356,1.1928104575163356,1.9607843137254832,1.9607843137254832,0.9313725490196045,1.437908496732021,0.9313725490196045,1.437908496732021,0.0,0.0,0.0,0.0
mmlu_nutrition,default,0.02,1,20,1.3235294117647012,1.3398692810457469,1.9607843137254832,1.9607843137254832,1.06209150326797,1.552287581699341,1.0784313725490158,1.5686274509803866,0.016339869281045694,0.0,0.04901960784313708,-1.2345679012345678
mmlu_nutrition,default,0.05,1,20,0.5065359477124165,0.42483660130718803,0.9803921568627416,0.9803921568627416,0.3104575163398682,0.703022875816985,0.2450980392156854,0.6209150326797364,-0.08169934640522847,-0.19607843137254832,0.016339869281045694,16.129032258064516
mmlu_nutrition,default,0.1,1,20,0.0,0.0,0.0,0.0,0.0,0.0,0.0,0.0,0.0,0.0,0.0,
mmlu_nutrition,dataset,0.01,1,20,0.8660130718954218,0.8333333333333304,1.3398692810457473,1.0130718954248334,0.6699346405228734,1.06209150326797,0.7026143790849648,0.9477124183006502,-0.03267973856209139,-0.19607843137254832,0.13071895424836555,3.7735849056603774
mmlu_nutrition,dataset,0.02,1,20,0.669934640522874,0.4411764705882337,1.0130718954248334,0.9803921568627416,0.3104575163398682,1.2254901960784286,0.2777777777777768,0.6209150326797364,-0.22875816993464024,-0.6862745098039207,0.0,34.14634146341469
mmlu_nutrition,dataset,0.05,1,20,0.08169934640522847,0.08169934640522847,0.32679738562091387,0.32679738562091387,0.016339869281045694,0.16339869281045694,0.016339869281045694,0.16339869281045694,0.0,0.0,0.0,0.0
mmlu_nutrition,dataset,0.1,1,20,0.016339869281045694,0.016339869281045694,0.0,0.0,0.0,0.04901960784313708,0.0,0.04901960784313708,0.0,0.0,0.0,0.0
mmlu_philosophy,default,0.01,1,20,3.6495176848874626,3.3440514469453406,11.06109324758843,11.06109324758843,2.138263665594859,5.402331189710609,1.8167202572347299,5.176848874598074,-0.30546623794212246,-0.8520900321543418,0.0,8.370044052863426
mmlu_philosophy,default,0.02,1,20,2.7170418006430905,2.7170418006430905,7.170418006430877,7.170418006430877,1.7041800643086868,3.8424437299035414,1.7041800643086868,3.8424437299035414,0.0,0.0,0.0,0.0
mmlu_philosophy,default,0.05,1,20,1.0932475884244413,0.5787781350482353,2.2829581993569144,1.3183279742765368,0.5787781350482352,1.784565916398716,0.32154340836013207,0.8681672025723508,-0.5144694533762062,-1.2379421221864946,-0.032154340836013096,47.05882352941161
mmlu_philosophy,default,0.1,1,20,0.0,0.0,0.0,0.0,0.0,0.0,0.0,0.0,0.0,0.0,0.0,
mmlu_philosophy,dataset,0.01,1,20,2.2025723472668868,2.1864951768488803,2.9581993569131892,2.9581993569131892,1.430868167202577,3.263665594855312,1.4147909967845718,3.263665594855311,-0.01607717041800627,-0.04823151125401881,0.0,0.729927007299271
mmlu_philosophy,dataset,0.02,1,20,2.7813504823151187,3.327974276527338,6.141479099678462,6.848874598070748,1.8006430868167267,3.9553858520900333,2.0096463022508106,4.903536977491967,0.5466237942122187,0.0,1.639871382636656,-19.65317919075143
mmlu_philosophy,dataset,0.05,1,20,0.2411575562700996,0.2411575562700996,0.6430868167202619,0.6430868167202619,0.12861736334405294,0.36977491961415254,0.12861736334405294,0.36977491961415254,0.0,0.0,0.0,0.0
mmlu_philosophy,dataset,0.1,1,20,0.016077170418006825,0.016077170418006825,0.0,0.0,0.0,0.048231511254020476,0.0,0.048231511254020476,0.0,0.0,0.0,0.0
mmlu_prehistory,default,0.01,1,20,0.9876543209876589,0.9876543209876589,1.5432098765432167,1.5432098765432167,0.7870370370370405,1.1728395061728447,0.7870370370370405,1.1728395061728447,0.0,0.0,0.0,0.0
mmlu_prehistory,default,0.02,1,20,1.0648148148148198,1.0648148148148198,1.5432098765432167,1.5432098765432167,0.8487654320987692,1.2654320987654377,0.8487654320987692,1.2654320987654377,0.0,0.0,0.0,0.0
mmlu_prehistory,default,0.05,1,20,0.1388888888888895,0.0462962962962965,0.30864197530864335,0.30864197530864335,0.030864197530864335,0.3240740740740755,0.0,0.092592592592593,-0.092592592592593,-0.26234567901234684,0.0,66.66666666666667
mmlu_prehistory,default,0.1,1,20,0.0,0.0,0.0,0.0,0.0,0.0,0.0,0.0,0.0,0.0,0.0,
mmlu_prehistory,dataset,0.01,1,20,0.10802469135802517,0.0462962962962965,0.30864197530864335,0.30864197530864335,0.015432098765432167,0.24691358024691468,0.0,0.092592592592593,-0.06172839506172867,-0.185185185185186,0.0,57.142857142857146
mmlu_prehistory,dataset,0.02,1,20,0.092592592592593,0.030864197530864335,0.30864197530864335,0.030864197530864772,0.0,0.2314814814814825,0.0,0.07716049382716084,-0.06172839506172867,-0.185185185185186,0.0,66.66666666666667
mmlu_prehistory,dataset,0.05,1,20,0.030864197530864335,0.015432098765432167,0.030864197530864772,0.0,0.0,0.07716049382716084,0.0,0.0462962962962965,-0.015432098765432167,-0.0462962962962965,0.0,50.0
mmlu_prehistory,dataset,0.1,1,20,0.0,0.0,0.0,0.0,0.0,0.0,0.0,0.0,0.0,0.0,0.0,
mmlu_professional_accounting,default,0.01,1,20,5.514184397163122,3.918439716312059,17.056737588652485,6.205673758865263,3.2269503546099316,8.156028368794328,2.3758865248226955,5.921985815602836,-1.5957446808510642,-3.8475177304964543,0.017730496453900457,28.938906752411558
mmlu_professional_accounting,default,0.02,1,20,2.7482269503546113,2.71276595744681,4.680851063829789,4.680851063829789,1.8085106382978737,4.078014184397163,1.755319148936172,4.042553191489363,-0.03546099290780147,-0.15957446808510578,0.05319148936170137,1.2903225806451584
mmlu_professional_accounting,default,0.05,1,20,1.4361702127659595,1.5780141843971653,2.1631205673758895,2.3049645390070976,1.1347517730496481,1.8085106382978728,1.2056737588652515,2.0035460992907828,0.14184397163120588,-0.05319148936170137,0.35460992907801303,-9.876543209876544
mmlu_professional_accounting,default,0.1,1,20,0.10638297872340607,0.10638297872340607,0.35460992907802025,0.35460992907802025,0.035460992907802025,0.17730496453901012,0.035460992907802025,0.17730496453901012,0.0,0.0,0.0,0.0
mmlu_professional_accounting,dataset,0.01,1,20,1.6843971631205688,1.5425531914893633,2.872340425531919,2.5177304964539,1.2588652482269513,2.1453900709219855,1.1347517730496481,1.9858156028368796,-0.14184397163120532,-0.37234042553191404,0.0,8.421052631578926
mmlu_professional_accounting,dataset,0.02,1,20,1.6843971631205688,1.5425531914893633,2.872340425531919,2.5177304964539,1.2588652482269513,2.1453900709219855,1.1347517730496481,1.9858156028368796,-0.14184397163120532,-0.37234042553191404,0.0,8.421052631578926
mmlu_professional_accounting,dataset,0.05,1,20,0.3191489361702148,0.28368794326241337,0.7092198581560294,0.7092198581560294,0.17730496453900846,0.4609929078014219,0.159574468085108,0.40780141843971884,-0.03546099290780147,-0.10638297872340441,0.0,11.11111111111104
mmlu_professional_accounting,dataset,0.1,1,20,0.1773049645390079,0.0886524822695045,0.39007092198582166,0.35460992907802025,0.035460992907802025,0.3900709219858156,0.017730496453901012,0.17730496453900846,-0.0886524822695034,-0.2659574468085102,0.0,49.99999999999968
mmlu_professional_law,default,0.01,1,20,1.5612777053454974,1.5026075619295916,2.08604954367666,2.092568448500649,1.385267275097779,1.740547588005211,1.3200782268578826,1.6916558018252896,-0.05867014341590593,-0.32920469361147287,0.21838331160364935,3.757828810020868
mmlu_professional_law,default,0.02,1,20,0.6779661016949113,0.5149934810951718,1.831812255541062,1.121251629726199,0.394393741851366,0.9810951760104258,0.33246414602346397,0.7073011734028645,-0.1629726205997395,-0.41395045632333816,0.09126466753585362,24.038461538461714
mmlu_professional_law,default,0.05,1,20,0.22164276401564206,0.22164276401564206,0.6518904823989535,0.6518904823989535,0.11082138200782077,0.3389830508474534,0.11082138200782077,0.3389830508474534,0.0,0.0,0.0,0.0
mmlu_professional_law,default,0.1,1,20,0.0,0.0,0.0,0.0,0.0,0.0,0.0,0.0,0.0,0.0,0.0,
mmlu_professional_law,dataset,0.01,1,20,0.9419817470664889,0.8409387222946496,1.5840938722294642,1.4471968709256757,0.7073011734028645,1.1668839634941293,0.6258148631029936,1.0462842242503219,-0.10104302477183913,-0.2574967405475892,0.006518904823988869,10.726643598616059
mmlu_professional_law,dataset,0.02,1,20,0.6551499348109469,0.5606258148630983,1.153846153846147,0.9126466753585305,0.4432855280312864,0.8735332464145973,0.36831812255540775,0.7627118644067754,-0.0945241199478486,-0.24445893089960813,0.0,14.427860696517497
mmlu_professional_law,dataset,0.05,1,20,0.2086049543676638,0.17275097783572113,0.6779661016949116,0.6584093872229425,0.05867014341590482,0.3976531942633593,0.05867014341590482,0.30964797913950015,-0.035853976531942666,-0.107561929595828,0.0,17.187500000000217
mmlu_professional_law,dataset,0.1,1,20,0.019556714471968273,0.019556714471968273,0.0,0.0,0.0,0.05867014341590482,0.0,0.05867014341590482,0.0,0.0,0.0,0.0
mmlu_professional_medicine,default,0.01,1,20,1.066176470588232,1.066176470588232,1.4705882352941124,1.4705882352941124,0.9007352941176444,1.2316176470588192,0.9007352941176444,1.2316176470588192,0.0,0.0,0.0,0.0
mmlu_professional_medicine,default,0.02,1,20,1.066176470588232,1.066176470588232,1.4705882352941124,1.4705882352941124,0.9007352941176444,1.2316176470588192,0.9007352941176444,1.2316176470588192,0.0,0.0,0.0,0.0
mmlu_professional_medicine,default,0.05,1,20,0.23897058823529327,0.18382352941176405,0.7352941176470562,0.7352941176470562,0.11029411764705843,0.3860294117647045,0.07352941176470562,0.3124999999999989,-0.055147058823529216,-0.14705882352941124,0.0,23.076923076923077
mmlu_professional_medicine,default,0.1,1,20,0.0,0.0,0.0,0.0,0.0,0.0,0.0,0.0,0.0,0.0,0.0,
mmlu_professional_medicine,dataset,0.01,1,20,0.680147058823527,0.6249999999999978,0.7720588235294096,0.7352941176470562,0.5698529411764686,0.8088235294117618,0.5147058823529393,0.7536764705882326,-0.055147058823529216,-0.11029411764705843,0.0,8.108108108108109
mmlu_professional_medicine,dataset,0.02,1,20,0.3308823529411753,0.23897058823529327,0.7720588235294096,0.4044117647058814,0.16544117647058765,0.5147058823529393,0.12867647058823484,0.3860294117647045,-0.09191176470588203,-0.2573529411764697,0.0,27.777777777777782
mmlu_professional_medicine,dataset,0.05,1,20,0.09191176470588203,0.055147058823529216,0.3676470588235281,0.3676470588235281,0.018382352941176405,0.18382352941176405,0.0,0.11029411764705843,-0.03676470588235281,-0.11029411764705843,0.0,40.0
mmlu_professional_medicine,dataset,0.1,1,20,0.0,0.0,0.0,0.0,0.0,0.0,0.0,0.0,0.0,0.0,0.0,
mmlu_professional_psychology,default,0.01,1,20,1.2581699346405253,1.2418300653594794,1.7973856209150374,1.8137254901960833,1.04575163398693,1.4542483660130756,0.9885620915032689,1.4705882352941213,-0.01633986928104625,-0.19607843137255,0.14705882352941124,1.2987012987013093
mmlu_professional_psychology,default,0.02,1,20,1.1437908496732045,0.7843137254901965,1.9934640522875862,1.3071895424836666,0.8333333333333348,1.4542483660130745,0.5964052287581684,0.9722222222222238,-0.35947712418300803,-0.5882352941176483,-0.1552287581699352,31.428571428571505
mmlu_professional_psychology,default,0.05,1,20,0.15522875816993464,0.15522875816993464,0.32679738562091387,0.32679738562091387,0.04901960784313708,0.2859477124183013,0.04901960784313708,0.2859477124183013,0.0,0.0,0.0,0.0
mmlu_professional_psychology,default,0.1,1,20,0.03267973856209139,0.03267973856209139,0.03267973856209185,0.03267973856209185,0.0,0.08169934640522847,0.0,0.08169934640522847,0.0,0.0,0.0,0.0
mmlu_professional_psychology,dataset,0.01,1,20,1.2908496732026173,1.3643790849673236,1.6503267973856264,1.8137254901960833,1.1029411764705914,1.4787581699346446,1.135620915032682,1.5767973856209183,0.07352941176470618,-0.23692810457516478,0.3676470588235309,-5.6962025316455875
mmlu_professional_psychology,dataset,0.02,1,20,0.6290849673202603,0.5473856209150313,0.9967320261437886,0.9803921568627416,0.45751633986928,0.8006535947712423,0.3839869281045738,0.7107843137254888,-0.08169934640522902,-0.19607843137255054,0.0,12.98701298701305
mmlu_professional_psychology,dataset,0.05,1,20,0.10620915032679701,0.10620915032679701,0.32679738562091387,0.32679738562091387,0.040849673202614234,0.17973856209150263,0.040849673202614234,0.17973856209150263,0.0,0.0,0.0,0.0
mmlu_professional_psychology,dataset,0.1,1,20,0.03267973856209139,0.03267973856209139,0.03267973856209185,0.03267973856209185,0.0,0.08169934640522847,0.0,0.08169934640522847,0.0,0.0,0.0,0.0
mmlu_public_relations,default,0.01,1,20,6.227272727272725,4.954545454545452,11.909090909090908,10.181818181818183,4.454545454545453,8.136363636363635,3.3636363636363615,6.727272727272725,-1.2727272727272727,-2.7727272727272725,0.0,20.437956204379567
mmlu_public_relations,default,0.02,1,20,6.999999999999997,5.727272727272725,12.72727272727272,11.909090909090908,4.909090909090907,9.27272727272727,3.7272727272727253,7.999999999999998,-1.2727272727272727,-2.7727272727272725,0.0,18.181818181818187
mmlu_public_relations,default,0.05,1,20,4.9090909090909065,4.499999999999998,11.818181818181817,8.363636363636365,3.4545454545454533,6.590909090909088,3.272727272727272,5.9090909090909065,-0.4090909090909089,-1.6363636363636367,0.4545454545454548,8.333333333333321
mmlu_public_relations,default,0.1,1,20,3.909090909090908,3.1818181818181808,6.636363636363637,5.5454545454545485,2.8636363636363606,5.09090909090909,2.318181818181817,4.09090909090909,-0.7272727272727264,-1.636363636363634,-0.04545454545454519,18.6046511627907
mmlu_public_relations,dataset,0.01,1,20,5.909090909090908,4.818181818181817,10.999999999999995,10.09090909090909,4.227272727272727,7.636363636363635,3.4545454545454524,6.318181818181817,-1.0909090909090908,-2.000000000000001,-0.2727272727272728,18.461538461538478
mmlu_public_relations,dataset,0.02,1,20,5.909090909090908,4.818181818181817,10.999999999999995,10.09090909090909,4.227272727272727,7.636363636363635,3.4545454545454524,6.318181818181817,-1.0909090909090908,-2.000000000000001,-0.2727272727272728,18.461538461538478
mmlu_public_relations,dataset,0.05,1,20,5.227272727272726,4.272727272727272,8.272727272727273,7.363636363636367,4.09090909090909,6.454545454545453,3.2727272727272716,5.3181818181818175,-0.9545454545454547,-2.090909090909091,-0.09090909090909094,18.260869565217387
mmlu_public_relations,dataset,0.1,1,20,2.9545454545454524,2.999999999999998,4.727272727272726,6.454545454545452,2.090909090909088,4.090909090909087,2.1363636363636336,3.9545454545454533,0.04545454545454582,-1.0920454545454539,1.045454545454546,-1.5384615384615383
mmlu_security_studies,default,0.01,1,20,2.3061224489795857,2.2244897959183616,3.2653061224489743,2.89795918367346,1.938775510204077,2.6734693877550946,1.8979591836734633,2.571428571428564,-0.08163265306122436,-0.2040816326530609,0.0,3.5398230088495515
mmlu_security_studies,default,0.02,1,20,2.3061224489795857,2.2244897959183616,3.2653061224489743,2.89795918367346,1.938775510204077,2.6734693877550946,1.8979591836734633,2.571428571428564,-0.08163265306122436,-0.2040816326530609,0.0,3.5398230088495515
mmlu_security_studies,default,0.05,1,20,2.163265306122444,2.2244897959183625,3.2653061224489743,3.2653061224489743,1.816326530612239,2.510204081632648,1.8571428571428517,2.5918367346938718,0.061224489795918546,0.0,0.18367346938775564,-2.8301886792453033
mmlu_security_studies,default,0.1,1,20,0.16326530612244872,0.16326530612244872,0.8163265306122436,0.8163265306122436,0.04081632653061218,0.32653061224489743,0.04081632653061218,0.32653061224489743,0.0,0.0,0.0,0.0
mmlu_security_studies,dataset,0.01,1,20,2.122448979591831,2.122448979591831,2.979591836734686,2.979591836734686,1.632653061224485,2.5918367346938718,1.632653061224485,2.5918367346938718,0.0,0.0,0.0,0.0
mmlu_security_studies,dataset,0.02,1,20,2.122448979591831,2.122448979591831,2.979591836734686,2.979591836734686,1.632653061224485,2.5918367346938718,1.632653061224485,2.5918367346938718,0.0,0.0,0.0,0.0
mmlu_security_studies,dataset,0.05,1,20,1.0612244897959155,1.204081632653058,2.4489795918367308,2.4489795918367308,0.6734693877551001,1.4693877551020367,0.8163265306122414,1.6326530612244854,0.14285714285714235,-0.10204081632653017,0.42857142857142705,-13.46153846153845
mmlu_security_studies,dataset,0.1,1,20,0.08163265306122436,0.08163265306122436,0.08163265306122552,0.08163265306122552,0.0,0.2040816326530609,0.0,0.2040816326530609,0.0,0.0,0.0,0.0
mmlu_sociology,default,0.01,1,20,1.5671641791044777,1.5671641791044777,2.487562189054726,2.487562189054726,1.2935323383084563,1.865671641791045,1.2935323383084563,1.865671641791045,0.0,0.0,0.0,0.0
mmlu_sociology,default,0.02,1,20,1.2686567164179094,1.2437810945273626,2.487562189054726,2.487562189054726,0.9701492537313422,1.567164179104477,0.9452736318407945,1.5671641791044755,-0.02487562189054715,-0.07462686567164145,0.0,1.9607843137254566
mmlu_sociology,default,0.05,1,20,1.2935323383084576,1.3432835820895526,2.487562189054726,2.487562189054726,0.7960199004975116,1.915422885572139,0.845771144278607,1.9402985074626877,0.049751243781094856,0.0,0.14925373134328457,-3.8461538461538805
mmlu_sociology,default,0.1,1,20,0.27363184079601865,0.27363184079601865,0.547263681592038,0.547263681592038,0.12437810945273575,0.42288557213930156,0.12437810945273575,0.42288557213930156,0.0,0.0,0.0,0.0
mmlu_sociology,dataset,0.01,1,20,1.9154228855721418,2.0149253731343304,2.537313432835821,2.537313432835821,1.442786069651743,2.56218905472637,1.5422885572139329,2.6616915422885583,0.0995024875621886,-0.02487562189054715,0.2487562189054715,-5.194805194805165
mmlu_sociology,dataset,0.02,1,20,0.2487562189054715,0.27363184079601865,0.547263681592038,0.547263681592038,0.12437810945273575,0.3980099502487544,0.12437810945273575,0.42288557213930156,0.02487562189054715,0.0,0.07462686567164145,-10.0
mmlu_sociology,dataset,0.05,1,20,0.2487562189054715,0.2487562189054715,0.547263681592038,0.547263681592038,0.12437810945273575,0.3980099502487544,0.12437810945273575,0.3980099502487544,0.0,0.0,0.0,0.0
mmlu_sociology,dataset,0.1,1,20,0.0,0.0,0.0,0.0,0.0,0.0,0.0,0.0,0.0,0.0,0.0,
mmlu_us_foreign_policy,default,0.01,1,20,9.149999999999999,9.149999999999999,11.1,11.1,8.449999999999996,9.849999999999998,8.449999999999996,9.849999999999998,0.0,0.0,0.0,0.0
mmlu_us_foreign_policy,default,0.02,1,20,1.1999999999999915,1.649999999999991,1.9999999999999907,2.099999999999992,0.8999999999999919,1.5499999999999903,0.9999999999999909,2.699999999999992,0.44999999999999984,0.0,1.3,-37.50000000000022
mmlu_us_foreign_policy,default,0.05,1,20,1.0999999999999912,1.5499999999999912,1.9999999999999907,1.9999999999999907,0.799999999999994,1.3499999999999912,0.8999999999999925,2.5499999999999923,0.44999999999999984,0.0,1.3,-40.909090909091226
mmlu_us_foreign_policy,default,0.1,1,20,1.2999999999999914,1.2999999999999914,1.9999999999999907,1.9999999999999907,0.9499999999999931,1.649999999999991,0.9499999999999931,1.649999999999991,0.0,0.0,0.0,0.0
mmlu_us_foreign_policy,dataset,0.01,1,20,8.849999999999998,8.849999999999998,10.1,10.1,8.199999999999996,9.499999999999998,8.199999999999996,9.499999999999998,0.0,0.0,0.0,0.0
mmlu_us_foreign_policy,dataset,0.02,1,20,0.49999999999999656,0.549999999999997,1.0999999999999912,2.099999999999992,0.19999999999999796,0.8999999999999941,0.14999999999999902,0.9999999999999959,0.0500000000000006,-0.14999999999999847,0.30000000000000027,-10.000000000000167
mmlu_us_foreign_policy,dataset,0.05,1,20,0.0,0.0,0.0,0.0,0.0,0.0,0.0,0.0,0.0,0.0,0.0,
mmlu_us_foreign_policy,dataset,0.1,1,20,0.0,0.0,0.0,0.0,0.0,0.0,0.0,0.0,0.0,0.0,0.0,
mmlu_virology,default,0.01,1,20,7.469879518072285,7.590361445783128,12.289156626506028,12.289156626506028,5.873493975903611,9.277108433734938,5.963855421686745,9.39759036144578,0.12048192771084372,-0.09036144578313206,0.45180722891566316,-1.6129032258064486
mmlu_virology,default,0.02,1,20,6.3855421686746965,6.50602409638554,10.361445783132531,10.361445783132531,5.390813253012044,7.469879518072287,5.42168674698795,7.620481927710842,0.12048192771084372,-0.09036144578313206,0.45180722891566316,-1.886792452830185
mmlu_virology,default,0.05,1,20,5.060240963855419,5.060240963855419,7.89156626506024,7.89156626506024,4.186746987951804,5.993975903614455,4.186746987951804,5.993975903614455,0.0,0.0,0.0,0.0
mmlu_virology,default,0.1,1,20,3.9759036144578297,4.096385542168672,5.421686746987953,5.481927710843375,3.343373493975902,4.548192771084334,3.4337349397590353,4.698795180722888,0.12048192771084318,0.0,0.36144578313252956,-3.0303030303030134
mmlu_virology,dataset,0.01,1,20,4.999999999999997,4.939759036144576,7.349397590361448,6.6867469879518024,4.2469879518072275,5.753012048192768,4.246987951807227,5.632530120481924,-0.06024096385542195,-0.3614457831325298,0.18072289156626398,1.2048192771084316
mmlu_virology,dataset,0.02,1,20,5.9337349397590335,5.662650602409635,8.43373493975903,7.349397590361448,5.06024096385542,6.867469879518069,4.849397590361443,6.566265060240962,-0.27108433734939774,-0.5722891566265061,-0.030120481927710687,4.56852791878174
mmlu_virology,dataset,0.05,1,20,4.518072289156624,4.518072289156624,6.144578313253011,6.144578313253011,3.9156626506024073,5.210843373493972,3.9156626506024064,5.180722891566263,0.0,-0.27108433734939746,0.27108433734939746,0.0
mmlu_virology,dataset,0.1,1,20,3.554216867469877,3.132530120481925,5.421686746987953,4.216867469879515,2.8915662650602387,4.186746987951806,2.6204819277108404,3.614457831325299,-0.4216867469879526,-0.8734939759036153,-0.060240963855422436,11.864406779661035
mmlu_world_religions,default,0.01,1,20,2.426900584795324,2.280701754385967,3.09941520467837,3.09941520467837,1.7543859649122817,3.421052631578949,1.5789473684210542,3.274853801169593,-0.14619883040935644,-0.38011695906432663,0.0,6.024096385542169
mmlu_world_religions,default,0.02,1,20,2.397660818713453,2.2514619883040963,3.09941520467837,3.09941520467837,1.6959064327485407,3.3918128654970783,1.5204678362573132,3.2456140350877227,-0.14619883040935644,-0.38011695906432663,0.0,6.097560975609755
mmlu_world_religions,default,0.05,1,20,2.309941520467839,2.33918128654971,3.508771929824561,3.508771929824561,1.9298245614035117,2.7192982456140355,1.988304093567254,2.719298245614037,0.02923976608187162,0.0,0.08771929824561486,-1.2658227848101227
mmlu_world_religions,default,0.1,1,20,1.2280701754385992,1.2865497076023413,1.8128654970760292,2.3391812865497075,0.9649122807017568,1.491959064327479,0.9941520467836279,1.5789473684210549,0.05847953216374213,-0.14619883040935755,0.2631578947368418,-4.761904761904706
mmlu_world_religions,dataset,0.01,1,20,1.7543859649122826,1.7836257309941537,3.040935672514627,3.567251461988305,1.2865497076023402,2.36842105263158,1.2865497076023407,2.397660818713452,0.029239766081871066,-0.11695906432748648,0.20467836257309968,-1.666666666666649
mmlu_world_religions,dataset,0.02,1,20,1.2865497076023429,1.2865497076023427,1.7543859649122862,1.7543859649122862,1.0233918128654995,1.5497076023391858,1.0526315789473717,1.5497076023391847,0.0,-0.08771929824561486,0.08771929824561486,1.7258921564627384e-14
mmlu_world_religions,dataset,0.05,1,20,1.5204678362573132,1.6374269005847986,2.3391812865497075,2.3391812865497075,1.2573099415204714,1.7836257309941543,1.3450292397660857,1.9005847953216408,0.11695906432748537,0.0,0.3216374269005845,-7.692307692307675
mmlu_world_religions,dataset,0.1,1,20,0.3801169590643295,0.3801169590643295,1.1695906432748537,1.1695906432748537,0.2046783625731008,0.5555555555555591,0.2046783625731008,0.5555555555555591,0.0,0.0,0.0,0.0
mmlu_equal_subject,default,0.01,57,20,3.547183945553987,3.4134081025100285,4.1232160217237865,3.8437665216937775,3.3406309831238974,3.7826181270208683,3.2363299339689906,3.606942220463688,-0.13377584304395806,-0.21842341168383397,-0.05836602123505469,3.7713252286121848
mmlu_equal_subject,default,0.02,57,20,2.849959346583618,2.777900366426398,3.585832174916042,3.372984916517128,2.611220542332544,3.099411817969428,2.5372278099772365,3.0263771831988695,-0.07205898015722022,-0.11837212892436709,-0.03013361792867242,2.5284213349780074
mmlu_equal_subject,default,0.05,57,20,1.7039089534483822,1.6476875129819415,1.9474438193282886,1.9185350982608533,1.6282045367411488,1.783763342057615,1.5769651328988008,1.7255453206355624,-0.056221440466440856,-0.09653566687635567,-0.015916865321540474,3.299556607919655
mmlu_equal_subject,default,0.1,57,20,0.82771290046661,0.8258330981592934,0.9976546223650808,0.9976659727959469,0.770152948651365,0.8851484000360974,0.7697524165338369,0.8813869095585096,-0.0018798023073165692,-0.027884572948679014,0.026955159925109867,0.22710801127502525
mmlu_equal_subject,dataset,0.01,57,20,2.540336259262049,2.5138917886129475,2.8849358456662375,2.712444001229848,2.4281001798963704,2.652519412333064,2.4235417410443336,2.604195843950254,-0.026444470649101093,-0.07756595031041837,0.017469685192071257,1.0409830805935727
mmlu_equal_subject,dataset,0.02,57,20,1.4827419780699298,1.4281383553717268,1.7667653428395735,1.5728262599099148,1.3997565964525962,1.5725317950218618,1.367811212382326,1.492057369957847,-0.05460362269820297,-0.09608479633955076,-0.011307301025707822,3.682611236870756
mmlu_equal_subject,dataset,0.05,57,20,1.015100813576258,0.9656842305239577,1.1741985630838703,1.1002988554599267,0.9601240594390007,1.0739231916077434,0.9180435652015229,1.014517253179362,-0.04941658305230004,-0.0757249338046904,-0.02220786956407752,4.868145349839973
mmlu_equal_subject,dataset,0.1,57,20,0.4361026407100235,0.4003554928187718,0.5279180621825851,0.49022546505264314,0.3939391178943018,0.4770691175473783,0.36330253166655774,0.438751339365789,-0.035747147891251614,-0.056004115238697326,-0.016493118129925453,8.196957448606913
mmlu_question_weighted,default,0.01,57,20,2.630679390400227,2.4992878507335132,3.079333428286568,2.9426007691212064,2.4825434411052547,2.8090727816550336,2.3814271471300374,2.622845748468878,-0.13139153966671413,-0.23216066087451953,-0.0377439111237713,4.994585814834855
mmlu_question_weighted,default,0.02,57,20,1.9925936476285415,1.9252955419455904,2.429853297251103,2.290984190286284,1.8540717134311335,2.1307506053268757,1.7892661301808843,2.05953567867825,-0.0672981056829512,-0.10646631533969528,-0.02741774675972084,3.377412437455327
mmlu_question_weighted,default,0.05,57,20,1.0486397949010102,1.0016379433129177,1.1771827375017803,1.14086312491098,1.0027061672126467,1.0967187722546639,0.9606893604899579,1.0479276456345241,-0.047001851588092926,-0.07441959834781374,-0.018871955561885905,4.48217317487264
mmlu_question_weighted,default,0.1,57,20,0.41981199259364754,0.41625124626121623,0.4992166358068649,0.5063381284717274,0.3916731947016093,0.44937508901865814,0.3884774248682522,0.44544936618715264,-0.003560746332431269,-0.015667283862697626,0.009257940464321327,0.8481764206955121
mmlu_question_weighted,dataset,0.01,57,20,1.7746759720837482,1.7390685087594349,1.954849736504771,1.912120780515596,1.7016806722689066,1.8480273465318322,1.672126477709727,1.8077909129753589,-0.03560746332431273,-0.06979062811565297,-0.0042728955989175255,2.006420545746419
mmlu_question_weighted,dataset,0.02,57,20,1.0906566016236992,1.0465033471015517,1.297535963537957,1.1914257228315046,1.0183734510753444,1.1693490955704304,0.9891753311494081,1.1045524141860126,-0.04415325452214773,-0.0818971656459192,-0.0028485970659448724,4.048318641854361
mmlu_question_weighted,dataset,0.05,57,20,0.6103119213787207,0.5782652043868391,0.7563025210084022,0.6786782509613998,0.5714997863552199,0.650201182167782,0.5462184873949578,0.6113801452784496,-0.032046716991881476,-0.04985044865403785,-0.01424298532972508,5.250875145857654
mmlu_question_weighted,dataset,0.1,57,20,0.23287281014100553,0.21186440677966098,0.2991026919242273,0.2563737359350521,0.21044010824668846,0.2542372881355932,0.19192422731804593,0.23038028770830368,-0.02100840336134454,-0.032046716991881496,-0.010673337131462866,9.02140672782875
