benchmark,prior,metric,n_questions,n_seed_blocks,posterior_mean,lcb_mean,posterior_p90,lcb_p90,posterior_ci95_low,posterior_ci95_high,lcb_ci95_low,lcb_ci95_high,paired_mean_delta,paired_ci95_low,paired_ci95_high,reduction_percent
alpaca_eval,default,total_downward_pp,805,20,11.16486863266837,5.624435841884476,24.254577933182162,20.63713721188131,6.618930616191703,16.470735065206625,2.5642055590625463,9.231744758196195,-5.540432790783894,-9.323600265814136,-2.2883806586340576,49.62380636143452
alpaca_eval,default,maximum_drawdown_pp,805,20,7.243979721966568,4.3463703294247535,21.842876927607634,19.168364564638754,3.660604406579411,11.299346392700489,1.5584636062289583,7.683272819026286,-2.8976093925418147,-6.135456434505413,-0.4341175217294463,40.00024163175297
alpaca_eval,default,switches,805,20,5.0,2.85,9.100000000000001,6.0,3.6500000000000004,6.300000000000001,1.85,3.9499999999999997,-2.15,-3.3000000000000003,-1.05,43.0
alpaca_eval,default,largest_drop_pp,805,20,6.94548329532619,4.011219838405505,21.842876927607634,15.527885724434082,3.4151512475725143,11.046439445585582,1.526392499133082,6.9921866458017154,-2.934263456920685,-6.2106949960618305,-0.4341175217294463,42.247073848629555
alpaca_eval,default,mean_drawdown_pp,805,20,0.11709199099121323,0.1104337299947907,0.35722999664628674,0.3352300919593728,0.06269397742975133,0.1792210688060922,0.05348896543532287,0.17369290223173406,-0.006658260996422541,-0.023971554507337702,0.011436260570205317,5.686350483973045
alpaca_eval,default,mean_regret_pp,805,20,0.3736243748484222,0.38004582675346893,0.48699617307373544,0.4888070950646821,0.17439111469338142,0.6657534879220881,0.17607695233664947,0.6807582048851695,0.00642145190504671,-0.006909959509370589,0.02174185799380954,-1.718691910197744
alpaca_eval,default,final_regret_pp,805,20,0.0,0.0,0.0,0.0,0.0,0.0,0.0,0.0,0.0,0.0,0.0,
alpaca_eval,default,downward_jumps,805,20,2.25,1.15,4.0,2.1000000000000014,1.65,2.85,0.6500000000000001,1.7,-1.1,-1.7,-0.55,48.88888888888889
alpaca_eval,default,jumps_ge_2pp,805,20,0.65,0.4,2.1000000000000014,2.0,0.25,1.1,0.1,0.75,-0.25,-0.5,-0.05,38.46153846153846
alpaca_eval,default,any_jump_ge_2pp,805,20,0.35,0.25,1.0,1.0,0.15000000000000002,0.55,0.1,0.45,-0.1,-0.25,0.0,28.57142857142857
alpaca_eval,dataset,total_downward_pp,805,20,0.17364700869177851,0.0,0.17364700869178099,0.0,0.0,0.4341175217294463,0.0,0.0,-0.17364700869177851,-0.4341175217294463,0.0,100.0
alpaca_eval,dataset,maximum_drawdown_pp,805,20,0.17364700869177851,0.0,0.17364700869178099,0.0,0.0,0.4341175217294463,0.0,0.0,-0.17364700869177851,-0.4341175217294463,0.0,100.0
alpaca_eval,dataset,switches,805,20,0.2,0.0,0.20000000000000284,0.0,0.0,0.5,0.0,0.0,-0.2,-0.5,0.0,100.0
alpaca_eval,dataset,largest_drop_pp,805,20,0.17364700869177851,0.0,0.17364700869178099,0.0,0.0,0.4341175217294463,0.0,0.0,-0.17364700869177851,-0.4341175217294463,0.0,100.0
alpaca_eval,dataset,mean_drawdown_pp,805,20,0.0008772938861313116,0.0,0.0005013107920750443,0.0,0.0,0.0023812262623564163,0.0,0.0,-0.0008772938861313116,-0.0023812262623564163,0.0,100.0
alpaca_eval,dataset,mean_regret_pp,805,20,0.0008772938861313116,0.0,0.0005013107920750443,0.0,0.0,0.0023812262623564163,0.0,0.0,-0.0008772938861313116,-0.0023812262623564163,0.0,100.0
alpaca_eval,dataset,final_regret_pp,805,20,0.0,0.0,0.0,0.0,0.0,0.0,0.0,0.0,0.0,0.0,0.0,
alpaca_eval,dataset,downward_jumps,805,20,0.1,0.0,0.10000000000000142,0.0,0.0,0.25,0.0,0.0,-0.1,-0.25,0.0,100.0
alpaca_eval,dataset,jumps_ge_2pp,805,20,0.0,0.0,0.0,0.0,0.0,0.0,0.0,0.0,0.0,0.0,0.0,
alpaca_eval,dataset,any_jump_ge_2pp,805,20,0.0,0.0,0.0,0.0,0.0,0.0,0.0,0.0,0.0,0.0,0.0,
mmlu_abstract_algebra,default,total_downward_pp,100,20,72.35000000000001,38.25,110.50000000000004,60.70000000000004,58.998750000000015,87.30000000000001,29.599999999999998,47.000000000000014,-34.10000000000001,-44.25,-24.400000000000016,47.131997235659995
mmlu_abstract_algebra,default,maximum_drawdown_pp,100,20,18.1,14.000000000000004,28.000000000000004,27.10000000000001,14.300000000000002,21.900000000000002,10.3,17.900000000000002,-4.099999999999999,-6.649999999999999,-1.8999999999999977,22.651933701657445
mmlu_abstract_algebra,default,switches,100,20,38.95,20.95,48.1,28.200000000000003,34.8,43.5,17.650000000000002,24.500000000000004,-18.0,-20.35,-15.55,46.213093709884475
mmlu_abstract_algebra,default,largest_drop_pp,100,20,16.8,13.050000000000002,27.1,25.20000000000001,13.200000000000003,20.500000000000004,9.500000000000004,16.750000000000004,-3.75,-6.100000000000001,-1.7,22.32142857142856
mmlu_abstract_algebra,default,mean_drawdown_pp,100,20,1.301437037037036,1.1533333333333327,2.767140740740736,2.391259259259256,0.9211374074074071,1.706954814814814,0.7528714814814814,1.5943499999999984,-0.14810370370370343,-0.3116111111111103,0.026373703703703545,11.380012977107912
mmlu_abstract_algebra,default,mean_regret_pp,100,20,5.165066666666659,5.159777777777769,10.067081481481468,10.519348148148143,4.0557562962962885,6.50209888888888,4.016685925925921,6.506780370370357,-0.005288888888889376,-0.1376148148148147,0.13954740740740834,0.10239730152995369
mmlu_abstract_algebra,default,final_regret_pp,100,20,2.899999999999994,2.7999999999999945,5.999999999999995,5.999999999999995,1.9499999999999962,3.8499999999999943,1.8499999999999974,3.7499999999999947,-0.10000000000000009,-0.44999999999999873,0.14999999999999847,3.4482758620689604
mmlu_abstract_algebra,default,downward_jumps,100,20,16.9,8.95,21.0,12.0,15.100000000000001,18.701249999999984,7.6,10.3,-7.95,-9.05,-6.8,47.04142011834319
mmlu_abstract_algebra,default,jumps_ge_2pp,100,20,12.2,6.7,16.0,9.100000000000001,10.850000000000001,13.549999999999999,5.5,7.85,-5.5,-6.65,-4.25,45.081967213114744
mmlu_abstract_algebra,default,any_jump_ge_2pp,100,20,1.0,1.0,1.0,1.0,1.0,1.0000000000000002,1.0,1.0000000000000002,0.0,0.0,0.0,0.0
mmlu_abstract_algebra,dataset,total_downward_pp,100,20,98.75000000000001,32.60000000000001,156.00000000000009,54.400000000000006,82.30000000000004,116.75000000000003,25.698750000000004,39.750000000000014,-66.15,-81.40125000000002,-52.60000000000001,66.9873417721519
mmlu_abstract_algebra,dataset,maximum_drawdown_pp,100,20,17.800000000000004,7.15,25.1,13.600000000000014,15.000000000000004,20.450000000000003,5.200000000000001,9.5,-10.65,-13.950000000000001,-7.3000000000000025,59.83146067415731
mmlu_abstract_algebra,dataset,switches,100,20,62.65,30.55,78.1,44.1,56.7,68.5,25.5,35.45,-32.1,-34.901250000000005,-29.3,51.237031125299275
mmlu_abstract_algebra,dataset,largest_drop_pp,100,20,17.150000000000002,7.0,24.100000000000005,12.700000000000015,14.450000000000003,19.700000000000003,5.0500000000000025,9.350000000000001,-10.150000000000002,-13.350000000000003,-6.900000000000003,59.18367346938776
mmlu_abstract_algebra,dataset,mean_drawdown_pp,100,20,1.0729333333333329,0.7844740740740741,1.7522962962962965,1.975407407407408,0.8039085185185181,1.3587581481481468,0.47546481481481484,1.1152151851851855,-0.2884592592592587,-0.5620166666666657,0.022459999999999865,26.88510556038824
mmlu_abstract_algebra,dataset,mean_regret_pp,100,20,3.6759703703703637,3.641392592592586,5.054577777777776,5.24044444444444,3.182099999999992,4.169659629629622,3.1084811111111037,4.1751488888888835,-0.03457777777777785,-0.23424629629629667,0.21117222222222268,0.940643538818677
mmlu_abstract_algebra,dataset,final_regret_pp,100,20,2.699999999999995,2.2999999999999945,5.999999999999995,5.099999999999994,1.7999999999999945,3.749999999999993,1.5999999999999952,3.0999999999999943,-0.40000000000000036,-1.1500000000000008,0.0,14.814814814814856
mmlu_abstract_algebra,dataset,downward_jumps,100,20,26.9,12.35,33.300000000000004,18.0,24.450000000000003,29.35,10.150000000000002,14.501249999999985,-14.55,-15.55,-13.55,54.08921933085502
mmlu_abstract_algebra,dataset,jumps_ge_2pp,100,20,19.1,8.35,25.300000000000004,13.0,16.950000000000003,21.25,6.65,10.1,-10.75,-12.05,-9.4,56.28272251308901
mmlu_abstract_algebra,dataset,any_jump_ge_2pp,100,20,1.0,1.0,1.0,1.0,1.0,1.0000000000000002,1.0,1.0000000000000002,0.0,0.0,0.0,0.0
mmlu_anatomy,default,total_downward_pp,135,20,83.55555555555563,27.33333333333336,122.00000000000007,52.14814814814819,69.37037037037042,98.18518518518526,20.51851851851854,34.77870370370373,-56.222222222222264,-67.96296296296299,-46.333333333333364,67.2872340425532
mmlu_anatomy,default,maximum_drawdown_pp,135,20,14.444444444444448,7.296296296296299,20.07407407407408,14.518518518518524,12.258333333333336,16.704629629629622,5.222222222222227,9.703703703703708,-7.148148148148148,-9.814814814814817,-4.777777777777778,49.48717948717948
mmlu_anatomy,default,switches,135,20,61.45,28.95,80.4,42.50000000000001,53.0,70.15,23.6,34.300000000000004,-32.5,-37.95,-27.900000000000002,52.888527257933276
mmlu_anatomy,default,largest_drop_pp,135,20,13.555555555555557,7.000000000000003,20.07407407407408,14.444444444444448,11.40740740740741,15.814814814814818,4.92592592592593,9.370370370370374,-6.5555555555555545,-9.148148148148145,-4.2592592592592595,48.3606557377049
mmlu_anatomy,default,mean_drawdown_pp,135,20,1.186404511507393,0.8906081390032012,1.8004735050551255,1.27413910481126,0.8974857491236092,1.5490740232688116,0.6116692577351021,1.2645731849819646,-0.2957963725041915,-0.4271717725956409,-0.17375328964080722,24.93216855087359
mmlu_anatomy,default,mean_regret_pp,135,20,3.378346796728146,3.2662785144541027,5.060476553370933,4.977574556724081,2.824437788954941,3.944816592999039,2.711505563176349,3.8390144286948162,-0.11206828227404371,-0.19935665294924598,-0.03063140781384938,3.317252165543785
mmlu_anatomy,default,final_regret_pp,135,20,1.8148148148148178,1.7407407407407434,2.9629629629629672,2.9629629629629672,1.3333333333333353,2.2962962962962994,1.296296296296298,2.1851851851851882,-0.07407407407407418,-0.18518518518518545,0.0,4.081632653061236
mmlu_anatomy,default,downward_jumps,135,20,26.0,11.65,36.0,18.200000000000003,22.65,29.550000000000004,9.4,13.95,-14.35,-16.35,-12.600000000000001,55.19230769230769
mmlu_anatomy,default,jumps_ge_2pp,135,20,12.75,4.25,19.0,8.100000000000001,10.600000000000001,14.8,3.1500000000000004,5.401249999999983,-8.5,-10.15,-6.950000000000001,66.66666666666667
mmlu_anatomy,default,any_jump_ge_2pp,135,20,1.0,0.95,1.0,1.0,1.0,1.0000000000000002,0.85,1.0,-0.05,-0.15,0.0,5.000000000000004
mmlu_anatomy,dataset,total_downward_pp,135,20,84.96296296296302,19.037037037037052,144.37037037037047,44.22222222222226,66.8518518518519,106.00092592592597,13.407407407407423,25.407407407407426,-65.92592592592595,-83.2592592592593,-51.887962962963,77.59372275501308
mmlu_anatomy,dataset,maximum_drawdown_pp,135,20,14.740740740740742,5.03703703703704,21.62962962962963,8.962962962962965,12.740740740740742,16.851851851851855,3.2592592592592617,7.259259259259262,-9.703703703703702,-11.556481481481482,-7.851851851851851,65.8291457286432
mmlu_anatomy,dataset,switches,135,20,74.45,27.25,99.2,40.1,67.35,82.0,23.5,31.150000000000002,-47.2,-52.65,-41.6,63.398253861652115
mmlu_anatomy,dataset,largest_drop_pp,135,20,13.740740740740742,4.66666666666667,21.62962962962963,8.962962962962965,11.703703703703704,16.037037037037038,2.8888888888888915,6.962962962962965,-9.074074074074073,-11.074074074074074,-7.111111111111111,66.03773584905659
mmlu_anatomy,dataset,mean_drawdown_pp,135,20,0.7587136107300724,0.544904740131078,1.1366559975613477,0.8626245999085514,0.5665428034344365,0.9828675506782509,0.4081390032007321,0.6860989686531526,-0.21380887059899445,-0.4335746583346036,-0.024424020728548237,28.180444844433023
mmlu_anatomy,dataset,mean_regret_pp,135,20,2.9369222171417015,2.724903724025814,4.384160951074539,3.5240725499161827,2.5101229487374934,3.413673118935127,2.347433876949656,3.162167200121936,-0.21201849311588744,-0.47445948280241934,-0.002592694203119805,7.219070763209736
mmlu_anatomy,dataset,final_regret_pp,135,20,1.9259259259259287,1.8888888888888922,2.2962962962963007,2.9629629629629672,1.5185185185185206,2.407407407407411,1.5185185185185208,2.2222222222222254,-0.03703703703703707,-0.40740740740740794,0.25925925925925963,1.9230769230768943
mmlu_anatomy,dataset,downward_jumps,135,20,29.3,10.15,39.300000000000004,13.500000000000007,25.5,33.2,8.3,12.100000000000001,-19.15,-21.85,-16.6,65.35836177474401
mmlu_anatomy,dataset,jumps_ge_2pp,135,20,11.0,2.3,20.1,5.200000000000003,8.15,14.25,1.35,3.3499999999999996,-8.7,-11.400000000000002,-6.450000000000001,79.09090909090908
mmlu_anatomy,dataset,any_jump_ge_2pp,135,20,1.0,0.7,1.0,1.0,1.0,1.0000000000000002,0.5,0.9,-0.3,-0.5,-0.1,30.000000000000004
mmlu_astronomy,default,total_downward_pp,152,20,17.73026315789472,5.7565789473684115,29.144736842105246,11.250000000000005,14.14473684210526,21.447368421052623,4.013157894736839,7.598684210526298,-11.973684210526311,-14.999999999999996,-9.144736842105257,67.53246753246755
mmlu_astronomy,default,maximum_drawdown_pp,152,20,2.664473684210525,1.9407894736842093,3.289473684210531,2.697368421052629,2.368421052631578,2.9276315789473686,1.611842105263157,2.2697368421052606,-0.7236842105263165,-1.052631578947369,-0.42763157894736836,27.160493827160508
mmlu_astronomy,default,switches,152,20,37.2,16.55,62.50000000000001,30.70000000000001,29.8,45.150000000000006,12.4,21.15,-20.65,-24.95,-16.49875000000002,55.51075268817204
mmlu_astronomy,default,largest_drop_pp,152,20,2.467105263157894,1.743421052631578,3.289473684210531,2.631578947368418,2.1381578947368416,2.763157894736842,1.4802631578947372,1.9736842105263153,-0.7236842105263163,-1.0197368421052633,-0.46052631578947234,29.333333333333343
mmlu_astronomy,default,mean_drawdown_pp,152,20,0.25457191956499353,0.19168077357135485,0.6463527239150478,0.41281932902431395,0.12515357289422324,0.4047662101159319,0.076379911767723,0.33759954986149493,-0.0628911459936387,-0.11641578819123764,-0.018934511901097646,24.70466738873069
mmlu_astronomy,default,mean_regret_pp,152,20,0.8709923566225513,0.8683633425669447,1.2658766800041046,1.2691469170001033,0.6950451100338573,1.0352420937211453,0.6951897058069164,1.0311717708012738,-0.0026290140556067725,-0.008387196060326146,0.0038987957833180515,0.3018412315121906
mmlu_astronomy,default,final_regret_pp,152,20,0.03289473684210564,0.03289473684210564,0.0,0.0,0.0,0.09868421052631693,0.0,0.09868421052631693,0.0,0.0,0.0,0.0
mmlu_astronomy,default,downward_jumps,152,20,13.15,4.85,22.200000000000003,11.100000000000001,10.399999999999999,16.1,3.4,6.5,-8.3,-10.3,-6.448750000000017,63.117870722433466
mmlu_astronomy,default,jumps_ge_2pp,152,20,1.5,0.25,3.1000000000000014,1.1000000000000014,0.9,2.15,0.0,0.55,-1.25,-1.8000000000000003,-0.7000000000000001,83.33333333333333
mmlu_astronomy,default,any_jump_ge_2pp,152,20,0.6,0.15,1.0,1.0,0.4,0.8,0.0,0.30000000000000004,-0.45,-0.6500000000000001,-0.25,74.99999999999999
mmlu_astronomy,dataset,total_downward_pp,152,20,15.921052631578936,4.6381578947368345,24.210526315789473,7.302631578947384,12.960526315789473,18.947368421052627,3.4210526315789407,5.986842105263147,-11.282894736842106,-14.111842105263168,-8.58552631578948,70.86776859504135
mmlu_astronomy,dataset,maximum_drawdown_pp,152,20,2.171052631578948,1.18421052631579,3.289473684210531,1.9736842105263164,1.8092105263157894,2.532894736842107,0.953947368421052,1.4473684210526316,-0.9868421052631582,-1.513157894736843,-0.49342105263157965,45.45454545454544
mmlu_astronomy,dataset,switches,152,20,45.75,21.9,62.80000000000001,36.300000000000004,38.9,52.601249999999986,17.7,26.6,-23.85,-28.049999999999997,-19.65,52.131147540983605
mmlu_astronomy,dataset,largest_drop_pp,152,20,2.171052631578948,1.18421052631579,3.289473684210531,1.9736842105263164,1.8092105263157894,2.532894736842107,0.953947368421052,1.4473684210526316,-0.9868421052631582,-1.513157894736843,-0.49342105263157965,45.45454545454544
mmlu_astronomy,dataset,mean_drawdown_pp,152,20,0.008047347901918541,0.001917256591771823,0.012632091925720863,0.0038601621011594167,0.006585359597824942,0.009592695188263098,0.0013528200984918141,0.0025264183851441257,-0.00613009131014672,-0.007495896173181507,-0.004828248435415994,76.17529880478094
mmlu_astronomy,dataset,mean_regret_pp,152,20,0.4276700523237932,0.42542577203242143,0.8445034369549649,0.8401431209602999,0.3125952216066489,0.560301567148868,0.31071082769057184,0.5578371870832073,-0.002244280291371743,-0.003648558530829951,-0.0007630552990664307,0.5247691015953067
mmlu_astronomy,dataset,final_regret_pp,152,20,0.06578947368421129,0.06578947368421129,0.06578947368421222,0.06578947368421222,0.0,0.16447368421052821,0.0,0.16447368421052821,0.0,0.0,0.0,0.0
mmlu_astronomy,dataset,downward_jumps,152,20,15.5,5.65,23.0,8.200000000000003,13.0,17.950000000000003,4.15,7.300000000000001,-9.85,-11.850000000000001,-7.8999999999999995,63.54838709677419
mmlu_astronomy,dataset,jumps_ge_2pp,152,20,0.65,0.05,2.0,0.0,0.30000000000000004,1.05,0.0,0.15,-0.6,-1.0,-0.25,92.3076923076923
mmlu_astronomy,dataset,any_jump_ge_2pp,152,20,0.45,0.05,1.0,0.0,0.25,0.6500000000000001,0.0,0.15,-0.4,-0.6000000000000001,-0.2,88.88888888888889
mmlu_business_ethics,default,total_downward_pp,100,20,28.95000000000001,12.550000000000008,45.60000000000004,24.100000000000023,24.198750000000018,34.15000000000002,9.850000000000009,15.450000000000014,-16.40000000000001,-21.50000000000001,-11.90000000000001,56.64939550949912
mmlu_business_ethics,default,maximum_drawdown_pp,100,20,6.95,3.250000000000001,17.100000000000005,4.0000000000000036,4.398750000000002,9.9,2.2500000000000018,4.900000000000002,-3.6999999999999984,-6.549999999999999,-1.3,53.237410071942435
mmlu_business_ethics,default,switches,100,20,44.9,22.75,58.70000000000001,33.1,39.75,50.300000000000004,19.450000000000003,26.049999999999997,-22.15,-25.950000000000003,-18.65,49.331848552338535
mmlu_business_ethics,default,largest_drop_pp,100,20,6.4,2.9500000000000006,15.200000000000003,4.0000000000000036,4.000000000000003,9.15,2.0000000000000018,4.400000000000002,-3.4499999999999993,-6.249999999999997,-1.15,53.90625
mmlu_business_ethics,default,mean_drawdown_pp,100,20,0.8228148148148152,0.753955555555556,1.7218074074074103,1.6532740740740763,0.5577514814814816,1.13293925925926,0.49956518518518567,1.0550522222222227,-0.06885925925925923,-0.17482074074074067,0.02207629629629644,8.368743248109457
mmlu_business_ethics,default,mean_regret_pp,100,20,1.2997629629629641,1.3106518518518526,2.163111111111114,2.1824592592592613,1.0186618518518524,1.5836381481481492,1.0321777777777787,1.5899577777777787,0.010888888888888972,-0.02191222222222251,0.05958518518518536,-0.8377595914924355
mmlu_business_ethics,default,final_regret_pp,100,20,0.5500000000000004,0.5500000000000004,1.1000000000000023,1.1000000000000023,0.2500000000000002,0.8500000000000008,0.2500000000000002,0.8500000000000008,0.0,0.0,0.0,0.0
mmlu_business_ethics,default,downward_jumps,100,20,16.8,8.5,21.0,14.0,14.55,19.05,7.050000000000001,9.95,-8.3,-10.25,-6.45,49.40476190476191
mmlu_business_ethics,default,jumps_ge_2pp,100,20,6.05,2.65,10.0,5.200000000000003,4.85,7.25,1.7000000000000002,3.7,-3.4,-4.4,-2.4000000000000004,56.19834710743802
mmlu_business_ethics,default,any_jump_ge_2pp,100,20,1.0,0.85,1.0,1.0,1.0,1.0000000000000002,0.7,1.0,-0.15,-0.30000000000000004,0.0,15.000000000000002
mmlu_business_ethics,dataset,total_downward_pp,100,20,35.000000000000014,12.25000000000001,46.40000000000005,22.200000000000024,30.950000000000024,39.15125000000002,9.648750000000009,15.050000000000015,-22.75000000000001,-27.100000000000016,-19.050000000000015,64.99999999999999
mmlu_business_ethics,dataset,maximum_drawdown_pp,100,20,5.550000000000001,2.4000000000000012,13.100000000000001,4.0000000000000036,3.800000000000003,7.700000000000001,2.0500000000000016,2.7500000000000027,-3.15,-5.449999999999999,-1.250000000000001,56.75675675675674
mmlu_business_ethics,dataset,switches,100,20,58.6,22.75,72.70000000000002,34.0,53.5,64.05000000000001,19.35,26.05,-35.85,-39.599999999999994,-32.45,61.177474402730375
mmlu_business_ethics,dataset,largest_drop_pp,100,20,5.15,2.2000000000000015,13.100000000000001,4.0000000000000036,3.4000000000000026,7.3500000000000005,1.8000000000000016,2.650000000000002,-2.95,-5.2,-1.1000000000000005,57.28155339805823
mmlu_business_ethics,dataset,mean_drawdown_pp,100,20,0.500844444444445,0.43899259259259293,0.8719703703703713,0.8104592592592605,0.37109592592592644,0.6238692592592597,0.3053170370370374,0.5760159259259265,-0.06185185185185205,-0.12206111111111141,-0.013362222222222211,12.349513414381663
mmlu_business_ethics,dataset,mean_regret_pp,100,20,0.6491407407407416,0.628444444444445,1.0754074074074067,1.0787851851851848,0.46667148148148213,0.8364907407407418,0.44473592592592653,0.8203559259259267,-0.02069629629629648,-0.04805962962963007,0.003185555555555613,3.188260264281021
mmlu_business_ethics,dataset,final_regret_pp,100,20,0.40000000000000036,0.40000000000000036,1.0000000000000009,1.0000000000000009,0.15000000000000013,0.6500000000000006,0.15000000000000013,0.6500000000000006,0.0,0.0,0.0,0.0
mmlu_business_ethics,dataset,downward_jumps,100,20,21.05,8.3,27.200000000000003,12.100000000000001,19.200000000000003,23.049999999999997,6.95,9.65,-12.75,-14.35,-11.25,60.57007125890736
mmlu_business_ethics,dataset,jumps_ge_2pp,100,20,8.7,3.15,14.100000000000001,9.0,7.000000000000001,10.4,2.0,4.45,-5.55,-6.6000000000000005,-4.450000000000001,63.79310344827586
mmlu_business_ethics,dataset,any_jump_ge_2pp,100,20,1.0,0.8,1.0,1.0,1.0,1.0000000000000002,0.6000000000000001,0.9500000000000001,-0.2,-0.4,-0.05,19.999999999999996
mmlu_clinical_knowledge,default,total_downward_pp,265,20,105.98113207547166,29.905660377358487,135.3962264150943,37.05660377358491,96.41462264150941,115.99999999999997,25.905660377358487,34.45283018867924,-76.0754716981132,-84.79245283018867,-67.94339622641508,71.78209008367456
mmlu_clinical_knowledge,default,maximum_drawdown_pp,265,20,6.754716981132075,4.000000000000002,10.528301886792455,8.830188679245289,4.999999999999999,8.679245283018869,2.433962264150943,6.037735849056605,-2.754716981132075,-4.20754716981132,-1.3584905660377355,40.782122905027904
mmlu_clinical_knowledge,default,switches,265,20,202.05,67.9,233.20000000000002,83.80000000000001,191.0,213.60000000000002,59.6,77.80000000000001,-134.15,-142.85,-127.0,66.3944568176194
mmlu_clinical_knowledge,default,largest_drop_pp,265,20,6.622641509433963,3.830188679245284,10.490566037735851,8.792452830188685,4.90566037735849,8.509433962264152,2.264150943396226,5.886792452830191,-2.7924528301886786,-4.169811320754715,-1.4716981132075468,42.165242165242155
mmlu_clinical_knowledge,default,mean_drawdown_pp,265,20,0.33311709716124094,0.24630987698271434,0.4674308769431596,0.44884933349155515,0.28291819943831337,0.39191310997718976,0.1789070316311327,0.3207413208865685,-0.08680722017852656,-0.12371038856585308,-0.05506517410967383,26.059070794708774
mmlu_clinical_knowledge,default,mean_regret_pp,265,20,0.8274641034769189,0.7743876165236077,1.0988394446422203,1.0820552984454723,0.7371238479490526,0.925286407446962,0.6700229685007185,0.8839794180082535,-0.05307648695331132,-0.08846476273354159,-0.025439737352161634,6.4143552246302065
mmlu_clinical_knowledge,default,final_regret_pp,265,20,0.13207547169811318,0.018867924528301883,0.0377358490566043,0.0,0.0,0.37735849056603765,0.0,0.05660377358490565,-0.1132075471698113,-0.3396226415094339,0.0,85.71428571428571
mmlu_clinical_knowledge,default,downward_jumps,265,20,89.7,28.8,103.30000000000001,34.2,84.6,94.80000000000001,25.650000000000002,32.3,-60.9,-64.9,-57.35,67.89297658862877
mmlu_clinical_knowledge,default,jumps_ge_2pp,265,20,9.8,1.6,18.300000000000004,4.100000000000001,6.450000000000001,14.05,0.7999999999999999,2.6,-8.2,-11.65,-5.25,83.6734693877551
mmlu_clinical_knowledge,default,any_jump_ge_2pp,265,20,1.0,0.6,1.0,1.0,1.0,1.0000000000000002,0.4,0.8,-0.4,-0.6000000000000001,-0.2,40.0
mmlu_clinical_knowledge,dataset,total_downward_pp,265,20,73.79245283018868,16.037735849056595,100.37735849056604,22.07547169811321,65.73537735849057,82.47169811320754,13.849056603773583,18.226415094339618,-57.75471698113206,-64.86792452830187,-50.94339622641509,78.26642802352342
mmlu_clinical_knowledge,dataset,maximum_drawdown_pp,265,20,4.6415094339622645,2.0943396226415087,9.50943396226415,2.6415094339622636,3.3396226415094334,6.188679245283019,1.9056603773584901,2.3018867924528297,-2.547169811320755,-4.132075471698113,-1.2452830188679243,54.87804878048782
mmlu_clinical_knowledge,dataset,switches,265,20,137.7,45.65,194.3,85.4,118.25,157.70124999999996,35.95,56.599999999999994,-92.05,-104.90125,-79.30000000000001,66.84822076978939
mmlu_clinical_knowledge,dataset,largest_drop_pp,265,20,4.566037735849057,2.0943396226415087,9.169811320754716,2.6415094339622636,3.3018867924528292,6.075471698113207,1.9056603773584901,2.3018867924528297,-2.4716981132075473,-4.000000000000001,-1.1886792452830193,54.1322314049587
mmlu_clinical_knowledge,dataset,mean_drawdown_pp,265,20,0.09583534406603114,0.020404256160753177,0.17729572933560095,0.04552984454728828,0.06323124085281459,0.13598202866447798,0.010628271560987938,0.03297598987381833,-0.07543108790527799,-0.11614851733185648,-0.04308894690347188,78.70904898437625
mmlu_clinical_knowledge,dataset,mean_regret_pp,265,20,0.5076233798768506,0.5028630196590324,0.7604319449388851,0.8560347032685929,0.3946724153844125,0.6221479899265587,0.38053788747807965,0.6223495642313723,-0.004760360217818331,-0.04079284838416181,0.035635589309494654,0.9377740282516321
mmlu_clinical_knowledge,dataset,final_regret_pp,265,20,0.018867924528301883,0.018867924528301883,0.0,0.0,0.0,0.05660377358490565,0.0,0.05660377358490565,0.0,0.0,0.0,0.0
mmlu_clinical_knowledge,dataset,downward_jumps,265,20,61.1,17.8,89.0,30.1,53.9,68.5,14.600000000000001,21.65,-43.3,-48.8,-37.95,70.86743044189852
mmlu_clinical_knowledge,dataset,jumps_ge_2pp,265,20,7.2,1.2,11.100000000000001,3.1000000000000014,5.700000000000001,8.7,0.45,2.25,-6.0,-7.449999999999999,-4.65,83.33333333333333
mmlu_clinical_knowledge,dataset,any_jump_ge_2pp,265,20,0.95,0.45,1.0,1.0,0.85,1.0,0.25,0.6500000000000001,-0.5,-0.7000000000000001,-0.3,52.63157894736842
mmlu_college_biology,default,total_downward_pp,144,20,32.50000000000004,12.881944444444462,44.51388888888899,18.055555555555582,27.88107638888891,36.84027777777784,10.555555555555571,15.416666666666682,-19.61805555555558,-23.159722222222257,-15.937500000000012,60.36324786324786
mmlu_college_biology,default,maximum_drawdown_pp,144,20,4.270833333333336,2.3958333333333353,6.5972222222222285,3.472222222222221,3.402777777777779,5.312500000000004,2.0486111111111143,2.7777777777777803,-1.8749999999999996,-2.9166666666666683,-1.006944444444443,43.90243902439023
mmlu_college_biology,default,switches,144,20,58.0,28.8,81.30000000000001,43.60000000000001,50.49875,65.95,24.1,33.8,-29.2,-34.550000000000004,-23.750000000000004,50.3448275862069
mmlu_college_biology,default,largest_drop_pp,144,20,3.923611111111113,2.222222222222225,5.8333333333333295,3.472222222222221,3.1250000000000027,4.861111111111115,1.8402777777777808,2.638888888888892,-1.701388888888888,-2.708333333333332,-0.9027777777777768,43.362831858407034
mmlu_college_biology,default,mean_drawdown_pp,144,20,0.3481652949245547,0.25663723136716976,0.8550097165066328,0.4571473479652482,0.2231483267604031,0.49439925554412495,0.15432509573616843,0.38531860853909483,-0.09152806355738485,-0.17553369341563826,-0.021554748228166335,26.28868094886325
mmlu_college_biology,default,mean_regret_pp,144,20,0.8620541838134418,0.9293195587562859,1.5618427069044356,1.6287437128486508,0.6721175554412424,1.060736203989482,0.7216644161522622,1.1402608096136253,0.06726537494284412,-0.010466856710105261,0.2147712334247829,-7.802917288247987
mmlu_college_biology,default,final_regret_pp,144,20,0.0347222222222221,0.0347222222222221,0.0,0.0,0.0,0.1041666666666663,0.0,0.1041666666666663,0.0,0.0,0.0,0.0
mmlu_college_biology,default,downward_jumps,144,20,23.45,10.45,33.1,15.100000000000001,20.6,26.400000000000006,8.8,12.05,-13.0,-15.400000000000002,-10.5,55.437100213219615
mmlu_college_biology,default,jumps_ge_2pp,144,20,5.95,2.2,14.0,6.100000000000001,4.25,7.800000000000001,1.1500000000000001,3.3999999999999995,-3.75,-4.65,-2.85,63.02521008403361
mmlu_college_biology,default,any_jump_ge_2pp,144,20,1.0,0.65,1.0,1.0,1.0,1.0000000000000002,0.45,0.8500000000000001,-0.35,-0.55,-0.15000000000000002,35.0
mmlu_college_biology,dataset,total_downward_pp,144,20,21.840277777777764,4.131944444444436,33.4722222222222,6.527777777777761,18.263888888888882,25.624999999999996,3.090277777777773,5.2430555555555465,-17.708333333333332,-21.041666666666664,-14.444444444444443,81.08108108108111
mmlu_college_biology,dataset,maximum_drawdown_pp,144,20,2.6736111111111116,1.4930555555555554,3.541666666666666,2.083333333333337,2.3611111111111134,3.020833333333333,1.1805555555555554,1.7708333333333348,-1.180555555555557,-1.6319444444444469,-0.7291666666666691,44.15584415584417
mmlu_college_biology,dataset,switches,144,20,34.05,9.95,53.2,15.0,28.550000000000004,39.95,8.15,11.75,-24.1,-29.1,-19.450000000000003,70.77826725403818
mmlu_college_biology,dataset,largest_drop_pp,144,20,2.6736111111111116,1.4930555555555554,3.541666666666666,2.083333333333337,2.3611111111111134,3.020833333333333,1.1805555555555554,1.7708333333333348,-1.180555555555557,-1.6319444444444469,-0.7291666666666691,44.15584415584417
mmlu_college_biology,dataset,mean_drawdown_pp,144,20,0.01158121856424324,0.0018432784636488303,0.018161294010059642,0.003529378143575613,0.00938071559213532,0.014017489711934129,0.0013503086419753008,0.0024005486968449773,-0.00973794010059441,-0.012038465935070835,-0.007616026520347586,84.08389882788404
mmlu_college_biology,dataset,mean_regret_pp,144,20,0.11038237311385428,0.10123742569730194,0.5591420896204832,0.5463391632373099,0.018147005029721025,0.21388906750114237,0.00917316815272063,0.20415398519661573,-0.009144947416552349,-0.011631229995427494,-0.0069085433813442666,8.284789644012951
mmlu_college_biology,dataset,final_regret_pp,144,20,0.0,0.0,0.0,0.0,0.0,0.0,0.0,0.0,0.0,0.0,0.0,
mmlu_college_biology,dataset,downward_jumps,144,20,14.25,3.55,22.200000000000003,6.0,11.9,16.8,2.7,4.449999999999999,-10.7,-13.0,-8.65,75.08771929824562
mmlu_college_biology,dataset,jumps_ge_2pp,144,20,4.85,0.5,8.100000000000001,1.1000000000000014,3.8,5.95,0.25,0.8,-4.35,-5.300000000000001,-3.4000000000000004,89.69072164948453
mmlu_college_biology,dataset,any_jump_ge_2pp,144,20,0.95,0.4,1.0,1.0,0.85,1.0,0.2,0.6000000000000001,-0.55,-0.75,-0.35,57.89473684210526
mmlu_college_chemistry,default,total_downward_pp,100,20,83.6,34.499999999999986,139.8,70.09999999999998,64.44999999999996,105.94999999999996,25.09999999999998,44.949999999999974,-49.09999999999999,-68.54999999999998,-35.05,58.732057416267956
mmlu_college_chemistry,default,maximum_drawdown_pp,100,20,14.95,10.149999999999999,20.099999999999998,16.099999999999998,13.300000000000002,16.65,8.099999999999996,12.100000000000001,-4.800000000000002,-6.950000000000003,-2.750000000000001,32.107023411371244
mmlu_college_chemistry,default,switches,100,20,36.15,19.15,50.300000000000004,28.200000000000003,30.85,41.95,16.55,21.95,-17.0,-22.05,-12.8,47.02627939142462
mmlu_college_chemistry,default,largest_drop_pp,100,20,14.0,9.299999999999999,18.300000000000008,14.100000000000003,12.4,15.700000000000003,7.399999999999996,11.149999999999999,-4.700000000000003,-6.850000000000004,-2.7,33.57142857142858
mmlu_college_chemistry,default,mean_drawdown_pp,100,20,1.5993185185185164,1.2798814814814792,3.6120296296296295,2.940740740740733,1.070611111111109,2.204754444444442,0.8657777777777764,1.7625840740740701,-0.319437037037037,-0.6322529629629631,-0.06638222222222287,19.97332197046894
mmlu_college_chemistry,default,mean_regret_pp,100,20,5.748399999999998,5.467540740740739,9.857925925925935,9.851851851851862,4.7009107407407384,6.913569629629627,4.418027777777775,6.655091481481483,-0.28085925925925903,-0.9074540740740733,0.08472740740740792,4.88586840267309
mmlu_college_chemistry,default,final_regret_pp,100,20,2.3499999999999983,2.8999999999999977,4.099999999999994,5.099999999999994,1.5499999999999998,3.1499999999999977,1.9,4.049999999999996,0.5499999999999994,0.0,1.4499999999999986,-23.404255319148927
mmlu_college_chemistry,default,downward_jumps,100,20,15.8,8.0,21.300000000000004,11.200000000000003,13.3,18.65,6.65,9.5,-7.8,-10.20125,-5.9,49.367088607594944
mmlu_college_chemistry,default,jumps_ge_2pp,100,20,12.35,5.9,18.200000000000003,10.0,9.950000000000001,14.95,4.5,7.3500000000000005,-6.45,-8.55,-4.85,52.22672064777327
mmlu_college_chemistry,default,any_jump_ge_2pp,100,20,1.0,1.0,1.0,1.0,1.0,1.0000000000000002,1.0,1.0000000000000002,0.0,0.0,0.0,0.0
mmlu_college_chemistry,dataset,total_downward_pp,100,20,174.89999999999992,39.94999999999996,284.50000000000006,75.00000000000003,133.69999999999993,225.10124999999982,24.999999999999968,58.25249999999991,-134.94999999999996,-171.15124999999995,-105.79874999999996,77.15837621498001
mmlu_college_chemistry,dataset,maximum_drawdown_pp,100,20,18.35,9.699999999999998,24.0,17.1,16.599999999999998,20.049999999999997,7.4999999999999964,12.049999999999997,-8.650000000000002,-11.200000000000003,-6.200000000000001,47.138964577656694
mmlu_college_chemistry,dataset,switches,100,20,70.5,25.35,112.10000000000002,38.50000000000002,59.75,82.30000000000001,20.150000000000002,31.25,-45.15,-52.650000000000006,-38.150000000000006,64.04255319148936
mmlu_college_chemistry,dataset,largest_drop_pp,100,20,17.35,8.749999999999998,22.099999999999998,16.2,15.750000000000002,18.949999999999996,6.549999999999998,11.099999999999998,-8.6,-11.200000000000001,-6.15,49.567723342939495
mmlu_college_chemistry,dataset,mean_drawdown_pp,100,20,1.5140444444444434,1.2097185185185175,2.551644444444441,2.1671111111111125,1.123269259259259,1.9778666666666647,0.7774074074074075,1.698979259259255,-0.3043259259259258,-0.577470740740741,-0.0537066666666667,20.10019765553143
mmlu_college_chemistry,dataset,mean_regret_pp,100,20,2.7715851851851845,2.8369777777777765,3.5553185185185106,3.510518518518511,2.4504485185185163,3.099824074074072,2.5260725925925933,3.1487140740740713,0.06539259259259253,-0.06081518518518539,0.2510314814814826,-2.3593932072566903
mmlu_college_chemistry,dataset,final_regret_pp,100,20,2.2000000000000006,2.2000000000000006,3.100000000000003,3.100000000000003,1.8000000000000005,2.65,1.8000000000000005,2.65,0.0,0.0,0.0,0.0
mmlu_college_chemistry,dataset,downward_jumps,100,20,32.05,11.15,52.60000000000001,19.500000000000007,26.800000000000004,37.95,8.55,14.2,-20.9,-24.45125,-17.55,65.21060842433698
mmlu_college_chemistry,dataset,jumps_ge_2pp,100,20,24.3,7.7,38.70000000000001,13.200000000000003,19.700000000000003,29.450000000000003,5.6,10.3,-16.6,-20.05,-13.55,68.3127572016461
mmlu_college_chemistry,dataset,any_jump_ge_2pp,100,20,1.0,1.0,1.0,1.0,1.0,1.0000000000000002,1.0,1.0000000000000002,0.0,0.0,0.0,0.0
mmlu_college_computer_science,default,total_downward_pp,100,20,101.74999999999997,38.949999999999974,145.5,87.69999999999997,80.44874999999993,124.74999999999994,25.74999999999998,53.89999999999996,-62.799999999999976,-83.05124999999998,-45.49874999999998,61.719901719901735
mmlu_college_computer_science,default,maximum_drawdown_pp,100,20,20.55,12.949999999999998,29.100000000000005,20.200000000000003,17.45,23.449999999999996,9.3,16.50124999999998,-7.6,-11.100000000000001,-4.4,36.9829683698297
mmlu_college_computer_science,default,switches,100,20,47.0,21.55,59.1,37.50000000000001,41.900000000000006,52.0,17.2,26.299999999999997,-25.45,-30.8,-20.4,54.148936170212764
mmlu_college_computer_science,default,largest_drop_pp,100,20,19.549999999999997,12.1,29.100000000000005,19.999999999999996,16.198749999999997,22.65,8.6,15.7,-7.4499999999999975,-11.049999999999997,-4.098750000000014,38.10741687979539
mmlu_college_computer_science,default,mean_drawdown_pp,100,20,1.1847259259259257,1.0306370370370364,1.7714666666666676,1.9804740740740743,0.8992788888888877,1.5200337037037022,0.6469837037037031,1.4694574074074056,-0.15408888888888936,-0.4369051851851854,0.22263925925925854,13.006289937350767
mmlu_college_computer_science,default,mean_regret_pp,100,20,3.5949925925925923,3.689022222222222,6.246844444444446,6.191999999999998,2.878767037037037,4.426473703703702,2.991755925925925,4.485096296296293,0.0940296296296301,-0.12653407407407347,0.4191574074074081,-2.615572277488855
mmlu_college_computer_science,default,final_regret_pp,100,20,2.599999999999999,2.599999999999999,3.9999999999999925,3.9999999999999925,2.1499999999999995,3.0999999999999988,2.1499999999999995,3.0999999999999988,0.0,0.0,0.0,0.0
mmlu_college_computer_science,default,downward_jumps,100,20,20.0,9.4,26.1,17.200000000000003,17.85,22.200000000000003,7.3500000000000005,11.65,-10.6,-12.9,-8.45,53.0
mmlu_college_computer_science,default,jumps_ge_2pp,100,20,13.1,5.65,20.1,11.200000000000003,10.65,15.55,3.8500000000000005,7.55,-7.45,-9.55,-5.550000000000001,56.87022900763358
mmlu_college_computer_science,default,any_jump_ge_2pp,100,20,1.0,0.9,1.0,1.0,1.0,1.0000000000000002,0.75,1.0,-0.1,-0.25,0.0,9.999999999999998
mmlu_college_computer_science,dataset,total_downward_pp,100,20,89.54999999999995,27.19999999999998,120.39999999999996,38.499999999999986,80.59999999999994,99.00124999999993,23.199999999999985,31.44999999999999,-62.34999999999995,-71.19999999999995,-53.64999999999996,69.62590731434953
mmlu_college_computer_science,dataset,maximum_drawdown_pp,100,20,11.699999999999996,4.949999999999992,17.4,5.900000000000007,9.149999999999995,14.249999999999998,3.7499999999999925,6.549999999999995,-6.750000000000002,-9.4,-4.200000000000001,57.69230769230774
mmlu_college_computer_science,dataset,switches,100,20,80.0,37.55,103.1,53.300000000000004,72.80000000000001,87.5,32.1,43.2,-42.45,-47.85,-37.10000000000001,53.0625
mmlu_college_computer_science,dataset,largest_drop_pp,100,20,11.499999999999996,4.8499999999999925,17.4,5.900000000000007,8.899999999999995,14.099999999999998,3.6499999999999924,6.449999999999996,-6.650000000000001,-9.300000000000002,-4.100000000000002,57.826086956521785
mmlu_college_computer_science,dataset,mean_drawdown_pp,100,20,0.272903703703704,0.2133333333333335,0.7691555555555561,0.7208888888888899,0.1460074074074074,0.4141333333333339,0.0889437037037037,0.3537996296296299,-0.059570370370370454,-0.07051851851851818,-0.048858888888888494,21.82834808099453
mmlu_college_computer_science,dataset,mean_regret_pp,100,20,0.8747407407407419,0.8294074074074086,1.7866074074074088,1.743703703703705,0.627152222222223,1.1270529629629649,0.5785859259259266,1.085713703703705,-0.04533333333333337,-0.05349629629629639,-0.03681444444444418,5.182487932932502
mmlu_college_computer_science,dataset,final_regret_pp,100,20,0.40000000000000036,0.40000000000000036,1.0000000000000009,1.0000000000000009,0.20000000000000018,0.6000000000000005,0.20000000000000018,0.6000000000000005,0.0,0.0,0.0,0.0
mmlu_college_computer_science,dataset,downward_jumps,100,20,33.2,13.9,39.60000000000001,19.1,30.1,36.3,11.9,15.950000000000001,-19.3,-21.75,-16.950000000000003,58.13253012048194
mmlu_college_computer_science,dataset,jumps_ge_2pp,100,20,22.7,7.5,27.500000000000007,11.400000000000006,20.450000000000003,25.1,6.1,9.100000000000001,-15.2,-17.25,-13.25,66.96035242290749
mmlu_college_computer_science,dataset,any_jump_ge_2pp,100,20,1.0,1.0,1.0,1.0,1.0,1.0000000000000002,1.0,1.0000000000000002,0.0,0.0,0.0,0.0
mmlu_college_mathematics,default,total_downward_pp,100,20,95.94999999999997,56.35,168.49999999999997,109.1,74.39874999999996,118.55124999999995,40.69874999999998,72.35,-39.59999999999999,-54.20124999999999,-26.89875,41.27149557060967
mmlu_college_mathematics,default,maximum_drawdown_pp,100,20,19.7,16.75,26.099999999999998,25.10000000000001,16.65,22.35,13.148749999999998,20.050000000000004,-2.95,-5.550000000000001,-0.9499999999999995,14.9746192893401
mmlu_college_mathematics,default,switches,100,20,40.35,23.6,56.2,35.300000000000004,34.5,45.849999999999994,19.05,28.151249999999983,-16.75,-20.6,-13.15,41.51177199504337
mmlu_college_mathematics,default,largest_drop_pp,100,20,18.200000000000003,16.25,25.20000000000001,24.999999999999993,15.350000000000001,20.800000000000004,12.7,19.450000000000003,-1.9500000000000022,-4.100000000000004,-0.3000000000000007,10.714285714285728
mmlu_college_mathematics,default,mean_drawdown_pp,100,20,2.1472148148148134,1.937777777777777,3.1375703703703723,3.1230222222222235,1.6902907407407397,2.6790988888888876,1.4546207407407392,2.5044025925925912,-0.20943703703703656,-0.34721629629629636,-0.09133037037037027,9.753893070782455
mmlu_college_mathematics,default,mean_regret_pp,100,20,7.676444444444445,7.397303703703703,11.970074074074061,11.971170370370361,6.172664074074072,9.23238074074074,5.940524444444443,8.952764074074068,-0.27914074074074113,-0.7443477777777787,0.0024466666666666127,3.636328547166909
mmlu_college_mathematics,default,final_regret_pp,100,20,3.2999999999999963,3.199999999999997,5.099999999999994,5.099999999999994,2.499999999999999,4.099999999999996,2.449999999999999,3.9999999999999956,-0.0999999999999995,-0.29999999999999855,0.0,3.0303030303030094
mmlu_college_mathematics,default,downward_jumps,100,20,17.5,9.95,25.0,15.0,14.799999999999999,20.1,7.950000000000001,11.900000000000002,-7.55,-9.3,-5.9,43.142857142857146
mmlu_college_mathematics,default,jumps_ge_2pp,100,20,13.95,7.8,20.200000000000003,12.100000000000001,11.55,16.25,6.1,9.5,-6.15,-7.8500000000000005,-4.55,44.086021505376344
mmlu_college_mathematics,default,any_jump_ge_2pp,100,20,1.0,0.95,1.0,1.0,1.0,1.0000000000000002,0.85,1.0,-0.05,-0.15,0.0,5.000000000000004
mmlu_college_mathematics,dataset,total_downward_pp,100,20,118.24999999999993,36.24999999999998,159.4,69.19999999999996,98.69999999999992,140.9012499999999,25.749999999999975,48.29999999999997,-81.99999999999996,-102.99999999999994,-65.34999999999997,69.3446088794926
mmlu_college_mathematics,dataset,maximum_drawdown_pp,100,20,19.999999999999996,9.45,26.999999999999996,18.300000000000008,17.05,22.65,6.699999999999996,12.499999999999996,-10.550000000000002,-13.900000000000002,-7.300000000000001,52.75
mmlu_college_mathematics,dataset,switches,100,20,55.25,22.4,63.60000000000001,31.300000000000004,49.650000000000006,61.05,18.3,26.25,-32.85,-37.55,-28.650000000000002,59.457013574660635
mmlu_college_mathematics,dataset,largest_drop_pp,100,20,19.05,8.749999999999998,25.20000000000001,18.300000000000008,16.25,21.599999999999998,6.049999999999995,11.80124999999998,-10.300000000000002,-13.600000000000005,-7.0987500000000185,54.068241469816286
mmlu_college_mathematics,dataset,mean_drawdown_pp,100,20,1.7553925925925924,1.4079407407407403,3.2472296296296292,3.0610666666666657,1.1933751851851846,2.350497777777778,0.8109625925925924,2.0617599999999996,-0.34745185185185185,-0.5910833333333324,-0.1297474074074085,19.793398543324717
mmlu_college_mathematics,dataset,mean_regret_pp,100,20,3.538533333333332,3.5172592592592578,5.639377777777777,5.613925925925924,2.8487096296296284,4.214537407407404,2.838477407407408,4.176138888888886,-0.021274074074074327,-0.10373518518518594,0.07342259259259222,0.6012116340312686
mmlu_college_mathematics,dataset,final_regret_pp,100,20,1.1500000000000008,1.1500000000000008,2.100000000000003,2.100000000000003,0.7500000000000007,1.6000000000000014,0.7500000000000007,1.6000000000000014,0.0,0.0,0.0,0.0
mmlu_college_mathematics,dataset,downward_jumps,100,20,24.85,9.5,30.200000000000003,15.0,21.9,27.950000000000003,7.6000000000000005,11.3,-15.35,-17.8,-13.3,61.77062374245473
mmlu_college_mathematics,dataset,jumps_ge_2pp,100,20,19.6,7.0,23.200000000000003,11.100000000000001,17.200000000000003,22.450000000000003,5.450000000000001,8.55,-12.6,-15.350000000000001,-10.5,64.28571428571429
mmlu_college_mathematics,dataset,any_jump_ge_2pp,100,20,1.0,0.95,1.0,1.0,1.0,1.0000000000000002,0.85,1.0,-0.05,-0.15,0.0,5.000000000000004
mmlu_college_medicine,default,total_downward_pp,173,20,120.69364161849714,41.9364161849711,161.61849710982676,69.59537572254338,104.65173410404627,137.19653179190752,34.393063583815035,50.23121387283238,-78.75722543352603,-89.79768786127173,-67.34104046242777,65.25383141762453
mmlu_college_medicine,default,maximum_drawdown_pp,173,20,13.554913294797686,8.381502890173412,18.034682080924853,15.78034682080925,11.70520231213873,15.346820809248555,6.531791907514451,10.433526011560694,-5.173410404624276,-7.456647398843932,-3.0924855491329466,38.166311300639634
mmlu_college_medicine,default,switches,173,20,112.15,45.85,160.2,68.60000000000001,93.5,130.10125,37.300000000000004,54.45124999999999,-66.3,-77.65,-55.0,59.11725367810968
mmlu_college_medicine,default,largest_drop_pp,173,20,12.630057803468208,7.890173410404626,17.34104046242775,15.78034682080925,10.86705202312139,14.393063583815032,5.982658959537574,10.028901734104048,-4.739884393063584,-6.878612716763004,-2.7745664739884397,37.52860411899312
mmlu_college_medicine,default,mean_drawdown_pp,173,20,1.0673507548110774,0.9102332309923608,2.0212676173115867,2.033800983314831,0.7528036414576221,1.3882099982303793,0.585867417084631,1.244221880673148,-0.15711752381871671,-0.27597845765843426,-0.031009685886226556,14.720327231747422
mmlu_college_medicine,default,mean_regret_pp,173,20,2.6805946913869017,2.6278835218659493,4.026106229186866,3.8951320594542986,2.1751274621542622,3.189187280267,2.12762244101163,3.1299082519988675,-0.0527111695209528,-0.08342707370406269,-0.027259576058400094,1.9663983402757665
mmlu_college_medicine,default,final_regret_pp,173,20,0.4335260115606948,0.4335260115606948,1.7341040462427793,1.7341040462427793,0.17341040462427793,0.7803468208092507,0.17341040462427793,0.7803468208092507,0.0,0.0,0.0,0.0
mmlu_college_medicine,default,downward_jumps,173,20,47.5,18.2,66.0,27.1,40.25,54.5,15.100000000000001,21.25,-29.3,-34.050000000000004,-24.648750000000017,61.68421052631579
mmlu_college_medicine,default,jumps_ge_2pp,173,20,21.7,7.4,30.1,11.100000000000001,19.05,24.450000000000003,5.85,9.05,-14.3,-16.4,-12.25,65.89861751152074
mmlu_college_medicine,default,any_jump_ge_2pp,173,20,1.0,1.0,1.0,1.0,1.0,1.0000000000000002,1.0,1.0000000000000002,0.0,0.0,0.0,0.0
mmlu_college_medicine,dataset,total_downward_pp,173,20,112.48554913294802,26.1849710982659,166.763005780347,40.346820809248584,92.05202312138732,136.33020231213874,19.53757225433527,33.95953757225432,-86.30057803468208,-103.81647398843933,-70.72182080924856,76.72147995889003
mmlu_college_medicine,dataset,maximum_drawdown_pp,173,20,11.647398843930638,5.404624277456651,16.99421965317919,9.306358381502887,9.71098265895954,13.64161849710983,3.901734104046244,7.3699421965317935,-6.242774566473989,-8.381502890173412,-4.248554913294798,53.598014888337445
mmlu_college_medicine,dataset,switches,173,20,96.25,35.05,152.4,68.30000000000001,79.75,114.85,27.05,43.7,-61.2,-72.35125000000001,-51.45,63.58441558441559
mmlu_college_medicine,dataset,largest_drop_pp,173,20,11.098265895953759,5.0000000000000036,16.473988439306364,8.208092485549141,9.075144508670524,13.179190751445088,3.5549132947976894,6.965317919075147,-6.098265895953757,-8.265895953757225,-4.104046242774568,54.947916666666636
mmlu_college_medicine,dataset,mean_drawdown_pp,173,20,0.37803666207555425,0.2578905879717801,0.6631992010721672,0.582336220413003,0.28061888444627636,0.48116273328358644,0.16521724872321258,0.357419318312599,-0.12014607410377413,-0.18821841320755414,-0.06832887215793414,31.781593204249013
mmlu_college_medicine,dataset,mean_regret_pp,173,20,1.5087992198821176,1.4748534494600196,2.337420784746129,2.3196305330021865,1.2139287981556366,1.814706410108866,1.1731134054298888,1.792821498534188,-0.03394577042209767,-0.05702418563439604,-0.013229550677344288,2.249853391675944
mmlu_college_medicine,dataset,final_regret_pp,173,20,0.34682080924855585,0.34682080924855585,1.7341040462427793,1.7341040462427793,0.08670520231213896,0.6936416184971117,0.08670520231213896,0.6936416184971117,0.0,0.0,0.0,0.0
mmlu_college_medicine,dataset,downward_jumps,173,20,42.35,14.2,62.50000000000001,23.400000000000006,35.5,50.0,11.350000000000001,17.25,-28.15,-33.3,-23.65,66.46989374262101
mmlu_college_medicine,dataset,jumps_ge_2pp,173,20,20.15,4.65,25.60000000000001,9.300000000000004,17.2,23.7,3.25,6.2,-15.5,-17.950000000000003,-13.3,76.92307692307692
mmlu_college_medicine,dataset,any_jump_ge_2pp,173,20,1.0,1.0,1.0,1.0,1.0,1.0000000000000002,1.0,1.0000000000000002,0.0,0.0,0.0,0.0
mmlu_college_physics,default,total_downward_pp,102,20,61.519607843137194,32.303921568627416,128.92156862745094,65.88235294117645,45.58700980392152,79.99999999999994,20.931372549019585,47.0600490196078,-29.21568627450978,-37.00980392156862,-21.862745098039202,47.49003984063746
mmlu_college_physics,default,maximum_drawdown_pp,102,20,15.735294117647054,9.852941176470585,21.666666666666664,18.72549019607843,12.794117647058819,18.578431372549012,6.862745098039211,13.186274509803917,-5.88235294117647,-8.92156862745098,-3.0882352941176467,37.38317757009346
mmlu_college_physics,default,switches,102,20,41.5,22.1,59.0,36.300000000000004,36.75,46.5,18.6,25.85,-19.4,-21.85,-17.0,46.74698795180722
mmlu_college_physics,default,largest_drop_pp,102,20,14.509803921568627,9.117647058823525,20.588235294117645,16.764705882352946,11.715686274509803,17.205882352941178,6.22549019607843,12.254901960784313,-5.392156862745098,-8.284313725490199,-2.745098039215687,37.16216216216219
mmlu_college_physics,default,mean_drawdown_pp,102,20,1.1305623193358667,1.0251897418371843,1.8567502527517898,1.8300653594771263,0.8451582012616218,1.4517233400259146,0.7255916527831163,1.3564152676321075,-0.10537257749868241,-0.2158293818616763,-0.01933729192475835,9.320368784321605
mmlu_college_physics,default,mean_regret_pp,102,20,3.6245318752046836,3.54003445968074,7.690446694291354,7.690389736141355,2.5013629017329446,4.822616657410956,2.3738040568442282,4.7619003374770275,-0.0844974155239436,-0.2032135076252718,0.0035598843749549826,2.3312642413766
mmlu_college_physics,default,final_regret_pp,102,20,1.3725490196078394,1.4215686274509765,3.0392156862745017,3.0392156862745017,0.8823529411764675,1.9117647058823484,0.9313725490196051,1.9607843137254855,0.04901960784313708,0.0,0.14705882352941124,-3.5714285714285685
mmlu_college_physics,default,downward_jumps,102,20,17.3,9.45,24.1,16.0,15.15,19.5,7.85,11.2,-7.85,-8.9,-6.800000000000001,45.37572254335261
mmlu_college_physics,default,jumps_ge_2pp,102,20,6.25,3.35,12.400000000000006,6.200000000000003,4.450000000000001,8.25,2.3,4.55,-2.9,-3.95,-1.9500000000000002,46.4
mmlu_college_physics,default,any_jump_ge_2pp,102,20,1.0,0.9,1.0,1.0,1.0,1.0000000000000002,0.75,1.0,-0.1,-0.25,0.0,9.999999999999998
mmlu_college_physics,dataset,total_downward_pp,102,20,94.41176470588222,30.147058823529342,159.41176470588218,45.294117647058776,77.05882352941163,113.77450980392143,24.50980392156857,35.784313725490115,-64.26470588235284,-81.5686274509803,-48.97058823529406,68.0685358255452
mmlu_college_physics,dataset,maximum_drawdown_pp,102,20,14.55882352941176,6.470588235294113,24.705882352941174,15.000000000000002,11.224264705882348,17.941176470588232,4.460784313725485,8.872549019607838,-8.088235294117649,-11.421568627450982,-4.852941176470589,55.555555555555564
mmlu_college_physics,dataset,switches,102,20,81.95,39.6,98.9,53.0,73.85,89.4,33.900000000000006,44.751249999999985,-42.35,-46.650000000000006,-38.3,51.677852348993284
mmlu_college_physics,dataset,largest_drop_pp,102,20,14.117647058823525,6.17647058823529,24.6078431372549,14.01960784313726,10.83333333333333,17.45098039215686,4.264705882352935,8.529411764705879,-7.941176470588237,-11.274509803921571,-4.7549019607843155,56.250000000000014
mmlu_college_physics,dataset,mean_drawdown_pp,102,20,0.7960471043900472,0.556424167343043,1.4960770074187995,0.9804063964002419,0.5873129280760939,1.0042047574294763,0.3706471513805221,0.7442812237458503,-0.23962293704700427,-0.4264385492759187,-0.07407229413188555,30.101602747567277
mmlu_college_physics,dataset,mean_regret_pp,102,20,1.39244165349509,1.3066199609836635,2.391103136970106,2.3726771754453355,1.0179217039030544,1.7555087430760212,0.9253981730673356,1.677143940364813,-0.08582169251142702,-0.2796367493983792,0.10618494311304741,6.163395952427186
mmlu_college_physics,dataset,final_regret_pp,102,20,0.19607843137254832,0.19607843137254832,0.9803921568627416,0.9803921568627416,0.04901960784313708,0.39215686274509665,0.04901960784313708,0.39215686274509665,0.0,0.0,0.0,0.0
mmlu_college_physics,dataset,downward_jumps,102,20,33.9,15.65,43.300000000000004,21.1,30.05,37.85,13.100000000000001,18.0,-18.25,-20.65,-16.05,53.83480825958702
mmlu_college_physics,dataset,jumps_ge_2pp,102,20,11.6,3.55,19.60000000000001,8.100000000000001,8.95,14.599999999999998,2.25,5.1,-8.05,-10.1,-6.2,69.39655172413794
mmlu_college_physics,dataset,any_jump_ge_2pp,102,20,1.0,0.9,1.0,1.0,1.0,1.0000000000000002,0.75,1.0,-0.1,-0.25,0.0,9.999999999999998
mmlu_computer_security,default,total_downward_pp,100,20,47.949999999999996,18.199999999999996,95.00000000000001,42.9,33.9,62.95125,12.000000000000004,25.10124999999999,-29.749999999999993,-38.65125,-21.35,62.04379562043796
mmlu_computer_security,default,maximum_drawdown_pp,100,20,9.150000000000002,5.249999999999999,15.000000000000002,9.20000000000001,7.45,10.850000000000001,4.049999999999996,6.5,-3.900000000000003,-5.250000000000002,-2.6000000000000014,42.622950819672155
mmlu_computer_security,default,switches,100,20,33.2,14.75,52.80000000000001,24.400000000000006,25.950000000000003,41.05,11.25,18.4,-18.45,-23.45,-14.3,55.57228915662651
mmlu_computer_security,default,largest_drop_pp,100,20,8.150000000000002,4.55,13.200000000000003,8.2,6.5500000000000025,9.800000000000002,3.4999999999999982,5.700000000000003,-3.6000000000000028,-4.8999999999999995,-2.400000000000004,44.17177914110431
mmlu_computer_security,default,mean_drawdown_pp,100,20,1.4661185185185155,1.1179703703703687,2.355644444444447,2.0196740740740764,1.104733333333333,1.8469777777777743,0.8369314814814803,1.4144459259259248,-0.34814814814814665,-0.6002903703703678,-0.1315507407407402,23.746248597960808
mmlu_computer_security,default,mean_regret_pp,100,20,3.9916740740740657,3.982059259259251,4.893629629629622,4.824088888888878,3.564458518518509,4.414742222222215,3.5601529629629556,4.3887625925925855,-0.00961481481481492,-0.09237148148148136,0.07391333333333248,0.24087174043750195
mmlu_computer_security,default,final_regret_pp,100,20,3.6999999999999935,3.7999999999999936,5.099999999999994,5.099999999999994,2.999999999999995,4.399999999999995,3.099999999999995,4.499999999999995,0.10000000000000006,0.0,0.3000000000000002,-2.7027027027027097
mmlu_computer_security,default,downward_jumps,100,20,14.25,6.1,22.500000000000007,10.200000000000003,11.25,17.450000000000003,4.65,7.6000000000000005,-8.15,-10.149999999999999,-6.4,57.19298245614035
mmlu_computer_security,default,jumps_ge_2pp,100,20,10.6,4.15,17.80000000000001,7.300000000000004,7.7,13.8,2.9,5.5,-6.45,-8.45,-4.65,60.849056603773576
mmlu_computer_security,default,any_jump_ge_2pp,100,20,1.0,0.95,1.0,1.0,1.0,1.0000000000000002,0.85,1.0,-0.05,-0.15,0.0,5.000000000000004
mmlu_computer_security,dataset,total_downward_pp,100,20,86.99999999999997,23.44999999999998,147.9000000000001,62.99999999999994,61.99999999999998,115.90124999999993,14.349999999999984,34.29999999999997,-63.54999999999999,-83.09999999999997,-46.39999999999999,73.04597701149427
mmlu_computer_security,dataset,maximum_drawdown_pp,100,20,11.95,5.299999999999996,18.299999999999997,8.999999999999996,9.75,14.349999999999998,4.099999999999996,6.549999999999997,-6.650000000000001,-8.500000000000004,-4.950000000000003,55.64853556485359
mmlu_computer_security,dataset,switches,100,20,53.2,16.25,86.60000000000004,24.600000000000023,42.10000000000001,65.80125,12.05,20.950000000000003,-36.95,-45.5,-29.3,69.45488721804512
mmlu_computer_security,dataset,largest_drop_pp,100,20,10.1,5.049999999999996,16.200000000000006,8.999999999999996,7.900000000000002,12.550000000000002,3.799999999999998,6.299999999999998,-5.050000000000004,-6.900000000000004,-3.350000000000005,50.000000000000036
mmlu_computer_security,dataset,mean_drawdown_pp,100,20,1.7041333333333308,0.7815111111111104,3.0066962962962913,1.2352000000000016,1.256294814814813,2.2040074074074063,0.4290959259259256,1.2809259259259247,-0.9226222222222207,-1.3260900000000004,-0.5590570370370355,54.140260282189686
mmlu_computer_security,dataset,mean_regret_pp,100,20,3.4471407407407355,3.1838518518518475,4.61259259259259,4.384799999999991,2.9851085185185147,3.9153059259259204,2.7401914814814767,3.6423374074074024,-0.26328888888888846,-0.5644329629629622,-0.07589333333333309,7.637892058689529
mmlu_computer_security,dataset,final_regret_pp,100,20,2.4999999999999973,2.3499999999999974,4.099999999999994,3.9999999999999925,1.6999999999999993,3.349999999999995,1.6499999999999995,2.9999999999999973,-0.1500000000000001,-0.4500000000000003,0.0,6.000000000000003
mmlu_computer_security,dataset,downward_jumps,100,20,23.75,7.1,37.60000000000002,11.70000000000001,18.450000000000003,29.900000000000002,5.098750000000001,9.4,-16.65,-20.700000000000003,-13.05,70.10526315789473
mmlu_computer_security,dataset,jumps_ge_2pp,100,20,18.0,5.3,30.50000000000002,11.300000000000004,13.45,23.200000000000003,3.55,7.35,-12.7,-16.0,-9.75,70.55555555555556
mmlu_computer_security,dataset,any_jump_ge_2pp,100,20,1.0,0.9,1.0,1.0,1.0,1.0000000000000002,0.75,1.0,-0.1,-0.25,0.0,9.999999999999998
mmlu_conceptual_physics,default,total_downward_pp,235,20,124.93617021276609,34.95744680851068,169.9574468085108,46.170212765957515,114.16968085106396,136.7452127659576,30.72340425531919,39.510638297872376,-89.97872340425542,-99.04255319148945,-81.82978723404266,72.01975476839236
mmlu_conceptual_physics,default,maximum_drawdown_pp,235,20,5.82978723404255,3.234042553191491,6.7659574468085255,3.4468085106382924,3.574468085106381,9.127659574468083,2.3191489361702144,4.787234042553193,-2.5957446808510607,-5.510638297872338,-0.8936170212765927,44.52554744525542
mmlu_conceptual_physics,default,switches,235,20,237.8,84.5,276.1,105.1,225.7,250.5,77.6,91.70000000000002,-153.3,-163.05125,-143.49875000000003,64.4659377628259
mmlu_conceptual_physics,default,largest_drop_pp,235,20,5.617021276595743,3.0425531914893638,6.680851063829801,3.0212765957446845,3.3829787234042534,8.914893617021274,2.127659574468087,4.617021276595745,-2.574468085106381,-5.532446808510637,-0.8510638297872336,45.833333333333286
mmlu_conceptual_physics,default,mean_drawdown_pp,235,20,0.3191643612829668,0.25246885636202065,0.3783297285515483,0.3579685797159778,0.2033091058464531,0.5086779672384016,0.13404149690659425,0.44293900373891293,-0.06669550492094614,-0.0834945928273226,-0.05121103901547523,20.896914885122413
mmlu_conceptual_physics,default,mean_regret_pp,235,20,0.6770551447780965,0.634355750046108,0.8753147896651733,0.8573948325872275,0.5306141542175944,0.8788683164830753,0.47985862548832203,0.8428921080428556,-0.042699394731988374,-0.05609141055949547,-0.030396727193467584,6.30663470491508
mmlu_conceptual_physics,default,final_regret_pp,235,20,0.0,0.0,0.0,0.0,0.0,0.0,0.0,0.0,0.0,0.0,0.0,
mmlu_conceptual_physics,default,downward_jumps,235,20,104.8,34.65,122.10000000000002,44.0,98.5,111.65,31.65,37.650000000000006,-70.15,-75.35000000000001,-65.35000000000001,66.93702290076337
mmlu_conceptual_physics,default,jumps_ge_2pp,235,20,14.95,2.85,21.200000000000003,8.0,12.15,17.900000000000002,1.55,4.3,-12.1,-14.250000000000002,-10.05,80.93645484949833
mmlu_conceptual_physics,default,any_jump_ge_2pp,235,20,1.0,0.8,1.0,1.0,1.0,1.0000000000000002,0.6000000000000001,0.9500000000000001,-0.2,-0.4,-0.05,19.999999999999996
mmlu_conceptual_physics,dataset,total_downward_pp,235,20,109.53191489361716,30.914893617021317,127.9574468085108,42.63829787234047,102.85106382978736,116.44734042553205,27.510638297872376,34.489361702127695,-78.61702127659582,-84.91489361702136,-72.5313829787235,71.77544677544677
mmlu_conceptual_physics,dataset,maximum_drawdown_pp,235,20,6.063829787234039,2.6382978723404262,15.531914893617023,3.4468085106382924,3.8936170212765915,8.702127659574465,2.255319148936173,3.0851063829787218,-3.425531914893613,-6.063829787234039,-1.2760638297872358,56.4912280701754
mmlu_conceptual_physics,dataset,switches,235,20,220.65,81.55,262.6,112.0,203.25,237.25124999999997,71.19874999999999,91.35,-139.1,-150.0,-128.2,63.0410151824156
mmlu_conceptual_physics,dataset,largest_drop_pp,235,20,5.85106382978723,2.4468085106382995,15.531914893617023,3.4468085106382924,3.8085106382978684,8.255319148936167,2.1489361702127683,2.787234042553192,-3.4042553191489304,-5.808510638297866,-1.40425531914893,58.18181818181812
mmlu_conceptual_physics,dataset,mean_drawdown_pp,235,20,0.16777023288566983,0.10226581493218004,0.26648558925607385,0.20994785641232097,0.13680817530975986,0.20140189125295502,0.06974389282899948,0.1372761430511546,-0.06550441795348981,-0.09248907667287043,-0.04062796975336577,39.04412411356013
mmlu_conceptual_physics,dataset,mean_regret_pp,235,20,0.5595372466173728,0.5231339805174116,0.7557755310765706,0.7341763492782045,0.48628792984926994,0.6413079154301415,0.4388905822980066,0.6124789329845908,-0.03640326609996125,-0.05976372751203006,-0.01784665425951067,6.505959401279111
mmlu_conceptual_physics,dataset,final_regret_pp,235,20,0.042553191489361764,0.042553191489361764,0.04255319148936237,0.04255319148936237,0.0,0.10638297872340441,0.0,0.10638297872340441,0.0,0.0,0.0,0.0
mmlu_conceptual_physics,dataset,downward_jumps,235,20,96.7,33.35,113.4,45.1,90.5,102.7,29.700000000000003,36.95,-63.35,-67.75,-59.1,65.511892450879
mmlu_conceptual_physics,dataset,jumps_ge_2pp,235,20,12.9,2.1,20.0,5.0,10.450000000000001,15.35,1.3,3.05,-10.8,-12.900000000000002,-8.698750000000018,83.72093023255813
mmlu_conceptual_physics,dataset,any_jump_ge_2pp,235,20,1.0,0.8,1.0,1.0,1.0,1.0000000000000002,0.6000000000000001,0.9500000000000001,-0.2,-0.4,-0.05,19.999999999999996
mmlu_econometrics,default,total_downward_pp,114,20,91.44736842105256,23.289473684210492,160.08771929824556,33.859649122806935,68.85855263157886,115.79057017543852,19.47368421052628,27.19298245614032,-68.15789473684207,-90.48355263157892,-47.71929824561401,74.53237410071944
mmlu_econometrics,default,maximum_drawdown_pp,114,20,13.815789473684209,4.999999999999998,26.403508771929832,12.368421052631584,9.385964912280699,18.728070175438592,3.3771929824561377,6.930921052631563,-8.815789473684209,-13.771929824561404,-4.517543859649123,63.80952380952382
mmlu_econometrics,default,switches,114,20,92.35,38.2,120.2,50.300000000000004,82.9,101.7,34.45,42.1,-54.15,-61.7,-46.400000000000006,58.63562533838657
mmlu_econometrics,default,largest_drop_pp,114,20,12.32456140350877,4.736842105263156,22.368421052631586,12.368421052631584,8.201754385964914,16.92982456140351,3.1578947368421053,6.536184210526301,-7.587719298245615,-12.412280701754387,-3.596491228070178,61.565836298932396
mmlu_econometrics,default,mean_drawdown_pp,114,20,0.8061739794580658,0.6201680289091787,1.502844179975604,0.7551725317191575,0.6037407521402586,1.0376306669858524,0.4323598144158302,0.8953202124870314,-0.18600595054888708,-0.3900305507107605,-0.0029399359347042748,23.07268099547518
mmlu_econometrics,default,mean_regret_pp,114,20,2.411226246252407,2.088152479965345,2.764485938693387,2.674988315493087,1.9572744605177652,3.0924686228241156,1.804945253810289,2.419817066219805,-0.32307376628706247,-0.7410680494283136,-0.017524195478950764,13.398732980332817
mmlu_econometrics,default,final_regret_pp,114,20,1.052631578947368,1.052631578947368,1.8421052631578907,1.8421052631578907,0.7017543859649128,1.4035087719298234,0.7017543859649128,1.4035087719298234,0.0,0.0,0.0,0.0
mmlu_econometrics,default,downward_jumps,114,20,35.55,14.3,49.1,19.0,31.55,39.55,12.95,15.7,-21.25,-24.7,-17.8,59.77496483825597
mmlu_econometrics,default,jumps_ge_2pp,114,20,9.7,2.75,19.0,5.100000000000001,7.1000000000000005,12.35,1.85,3.6500000000000004,-6.95,-9.0,-4.95,71.64948453608247
mmlu_econometrics,default,any_jump_ge_2pp,114,20,1.0,0.85,1.0,1.0,1.0,1.0000000000000002,0.7,1.0,-0.15,-0.30000000000000004,0.0,15.000000000000002
mmlu_econometrics,dataset,total_downward_pp,114,20,67.45614035087708,23.728070175438553,85.52631578947354,31.666666666666607,62.06140350877183,73.1140350877192,20.96491228070171,26.578947368420998,-43.72807017543853,-49.38596491228064,-38.28947368421047,64.82444733420026
mmlu_econometrics,dataset,maximum_drawdown_pp,114,20,5.13157894736842,3.245614035087717,6.228070175438595,5.263157894736836,4.298245614035087,6.2719298245614015,2.7192982456140324,3.8596491228070153,-1.8859649122807027,-2.7631578947368434,-1.228070175438597,36.752136752136785
mmlu_econometrics,dataset,switches,114,20,84.6,40.95,106.9,54.2,77.4,91.55125,35.95,46.10124999999999,-43.65,-49.25125,-37.900000000000006,51.595744680851055
mmlu_econometrics,dataset,largest_drop_pp,114,20,5.087719298245614,3.245614035087717,6.228070175438595,5.263157894736836,4.254385964912279,6.228070175438595,2.7192982456140324,3.8596491228070153,-1.8421052631578956,-2.719298245614037,-1.1842105263157894,36.20689655172418
mmlu_econometrics,dataset,mean_drawdown_pp,114,20,0.08331338417518779,0.017087878891510744,0.08229312723003054,0.022662243653318124,0.051497041824834826,0.1419989626437765,0.0138390159935251,0.021317242912349127,-0.06622550528367703,-0.12354314147942992,-0.036227671192275435,79.48963535609226
mmlu_econometrics,dataset,mean_regret_pp,114,20,0.3130307901006577,0.28043956545033805,0.7424278695439055,0.7090272790488245,0.20056627110335926,0.4442344083079695,0.1674697627760108,0.4122006201338305,-0.03259122465031973,-0.036125075521813134,-0.029330677245420024,10.411507647487227
mmlu_econometrics,dataset,final_regret_pp,114,20,0.17543859649122806,0.0,0.0,0.0,0.0,0.5263157894736842,0.0,0.0,-0.17543859649122806,-0.5263157894736842,0.0,99.99999999999999
mmlu_econometrics,dataset,downward_jumps,114,20,36.7,16.0,45.300000000000004,22.1,33.85,39.65,14.0,18.15,-20.7,-23.4,-18.050000000000004,56.4032697547684
mmlu_econometrics,dataset,jumps_ge_2pp,114,20,10.1,2.35,15.0,4.100000000000001,8.5,11.700000000000001,1.65,3.0500000000000003,-7.75,-9.3,-6.35,76.73267326732673
mmlu_econometrics,dataset,any_jump_ge_2pp,114,20,1.0,0.8,1.0,1.0,1.0,1.0000000000000002,0.6000000000000001,0.9500000000000001,-0.2,-0.4,-0.05,19.999999999999996
mmlu_electrical_engineering,default,total_downward_pp,145,20,79.06896551724142,26.172413793103477,128.00000000000006,48.7586206896552,57.92931034482764,106.20775862068972,19.930172413793123,32.7586206896552,-52.896551724137964,-79.72413793103453,-33.68879310344832,66.8992586131705
mmlu_electrical_engineering,default,maximum_drawdown_pp,145,20,14.206896551724137,8.379310344827589,22.41379310344828,15.655172413793107,10.896551724137932,17.413793103448274,5.723275862068967,11.206896551724139,-5.82758620689655,-8.896551724137929,-3.034482758620689,41.01941747572813
mmlu_electrical_engineering,default,switches,145,20,80.75,34.8,101.90000000000003,51.2,72.75,89.25125,29.85,39.85124999999999,-45.95,-53.901250000000005,-38.95,56.90402476780186
mmlu_electrical_engineering,default,largest_drop_pp,145,20,12.862068965517238,7.793103448275862,19.586206896551722,15.517241379310345,9.793103448275861,15.75862068965517,5.206896551724142,10.517241379310343,-5.068965517241377,-8.206896551724135,-2.3793103448275863,39.41018766756031
mmlu_electrical_engineering,default,mean_drawdown_pp,145,20,1.0019007354560272,0.7607134363852562,1.6389307262077786,1.4084255956313037,0.776803893072621,1.2399645043378695,0.5600188488131417,0.9700247500770693,-0.241187299070771,-0.40379398423393625,-0.11134504778262212,24.07297355271345
mmlu_electrical_engineering,default,mean_regret_pp,145,20,2.3767789668384216,2.104929757343551,4.37126172545911,3.2111260844673404,1.8627714361210197,2.9853120623596303,1.6640941559871403,2.6532024926234232,-0.27184920949487035,-0.711171885321709,-0.004706213942837694,11.437715214069028
mmlu_electrical_engineering,default,final_regret_pp,145,20,1.000000000000002,0.9655172413793123,1.4482758620689693,1.4482758620689693,0.7241379310344842,1.2758620689655198,0.6551724137931048,1.2758620689655198,-0.034482758620689724,-0.20689655172413837,0.17241379310344862,3.4482758620689653
mmlu_electrical_engineering,default,downward_jumps,145,20,33.3,13.9,43.90000000000001,22.1,29.400000000000002,37.55,11.600000000000001,16.3,-19.4,-23.1,-16.05,58.25825825825826
mmlu_electrical_engineering,default,jumps_ge_2pp,145,20,11.6,3.85,20.300000000000004,8.0,8.55,14.900000000000002,2.6500000000000004,5.15,-7.75,-10.8,-5.25,66.8103448275862
mmlu_electrical_engineering,default,any_jump_ge_2pp,145,20,0.95,0.85,1.0,1.0,0.85,1.0,0.7,1.0,-0.1,-0.25,0.0,10.526315789473683
mmlu_electrical_engineering,dataset,total_downward_pp,145,20,77.03448275862077,20.448275862068993,112.00000000000014,30.2068965517242,66.96551724137939,87.72413793103458,16.758620689655203,24.344827586206925,-56.58620689655178,-66.55172413793109,-47.68965517241385,73.455684870188
mmlu_electrical_engineering,dataset,maximum_drawdown_pp,145,20,13.655172413793105,3.7241379310344853,26.89655172413793,4.8965517241379395,10.310344827586206,17.034482758620687,2.620689655172417,5.17241379310345,-9.931034482758616,-13.206896551724135,-6.655172413793101,72.7272727272727
mmlu_electrical_engineering,dataset,switches,145,20,98.9,34.35,127.1,45.2,89.10000000000001,109.55000000000001,30.05,38.650000000000006,-64.55,-72.15,-57.900000000000006,65.26794742163803
mmlu_electrical_engineering,dataset,largest_drop_pp,145,20,12.724137931034486,3.5172413793103474,20.068965517241395,4.8965517241379395,9.551724137931036,15.93103448275862,2.37931034482759,5.000000000000002,-9.206896551724133,-12.6551724137931,-5.896551724137929,72.35772357723576
mmlu_electrical_engineering,dataset,mean_drawdown_pp,145,20,0.8018038490333381,0.5070189809309908,1.2099035539701433,0.8123028141101868,0.5669876249614663,1.1202973532390892,0.39451235301889337,0.6165171092614614,-0.2947848681023474,-0.622572598758092,-0.08747126436781633,36.765209902364845
mmlu_electrical_engineering,dataset,mean_regret_pp,145,20,1.747970229444665,1.4841907781741315,2.723734531201829,1.9619852908794655,1.3431185977892282,2.218392742326155,1.2485561280662354,1.7053450037433393,-0.26377945127053365,-0.6310536838860278,0.005514334786629556,15.09061463560149
mmlu_electrical_engineering,dataset,final_regret_pp,145,20,0.896551724137932,0.5862068965517251,1.4482758620689693,1.379310344827589,0.5172413793103459,1.3448275862068981,0.34482758620689724,0.8275862068965534,-0.31034482758620696,-0.793103448275862,0.0,34.615384615384585
mmlu_electrical_engineering,dataset,downward_jumps,145,20,41.0,13.3,50.300000000000004,18.1,36.95,45.5,11.3,15.151249999999983,-27.7,-31.25,-24.7,67.5609756097561
mmlu_electrical_engineering,dataset,jumps_ge_2pp,145,20,13.05,3.85,21.200000000000003,8.0,10.250000000000002,15.75,2.65,5.15,-9.2,-11.35,-7.05,70.49808429118774
mmlu_electrical_engineering,dataset,any_jump_ge_2pp,145,20,1.0,0.85,1.0,1.0,1.0,1.0000000000000002,0.7,1.0,-0.15,-0.30000000000000004,0.0,15.000000000000002
mmlu_elementary_mathematics,default,total_downward_pp,378,20,238.63756613756632,66.15079365079372,302.03703703703724,96.03174603174605,221.6663359788362,256.79927248677274,54.814484126984205,79.55026455026464,-172.4867724867726,-186.24371693121708,-159.58961640211646,72.27980710603624
mmlu_elementary_mathematics,default,maximum_drawdown_pp,378,20,12.65873015873016,5.925925925925928,30.185185185185183,6.164021164021191,8.042328042328045,17.896825396825395,3.4920634920634943,9.576719576719576,-6.732804232804232,-10.939153439153436,-3.015873015873017,53.18704284221524
mmlu_elementary_mathematics,default,switches,378,20,303.95,105.85,389.8,136.70000000000002,283.19875,325.85124999999994,93.55000000000001,118.65,-198.1,-214.05,-183.45,65.1751932883698
mmlu_elementary_mathematics,default,largest_drop_pp,378,20,12.301587301587306,5.674603174603176,29.92063492063492,6.164021164021191,7.698412698412703,17.460317460317462,3.214285714285716,9.365079365079366,-6.626984126984129,-10.925925925925927,-2.777777777777781,53.87096774193549
mmlu_elementary_mathematics,default,mean_drawdown_pp,378,20,0.4318525154308032,0.2954237936601257,0.6858876457151978,0.5201567290534577,0.36796974391036763,0.4995608196029524,0.21391674106008848,0.38288655806782435,-0.1364287217706775,-0.1740913634162703,-0.09472605076171638,31.591507956039173
mmlu_elementary_mathematics,default,mean_regret_pp,378,20,0.7471090249847858,0.6930340799633389,0.9392379417854638,1.0029073052784605,0.6652035269221251,0.8382682352014132,0.6006238160559161,0.790910095939002,-0.0540749450214469,-0.08132796404646285,-0.02560167947685095,7.23789208978544
mmlu_elementary_mathematics,default,final_regret_pp,378,20,0.0,0.0,0.0,0.0,0.0,0.0,0.0,0.0,0.0,0.0,0.0,
mmlu_elementary_mathematics,default,downward_jumps,378,20,142.85,47.95,180.0,61.300000000000004,132.8,153.65,42.2,54.099999999999994,-94.9,-102.80000000000001,-87.55,66.4333216660833
mmlu_elementary_mathematics,default,jumps_ge_2pp,378,20,48.05,11.05,64.5,16.000000000000014,42.54875,53.550000000000004,8.2,14.400000000000002,-37.0,-41.55,-32.55,77.00312174817898
mmlu_elementary_mathematics,default,any_jump_ge_2pp,378,20,1.0,1.0,1.0,1.0,1.0,1.0000000000000002,1.0,1.0000000000000002,0.0,0.0,0.0,0.0
mmlu_elementary_mathematics,dataset,total_downward_pp,378,20,116.78571428571448,22.72486772486777,136.4285714285717,40.31746031746041,109.68253968253985,124.49735449735462,17.777447089947106,27.97652116402123,-94.06084656084667,-104.68287037037047,-83.42592592592605,80.54139766677991
mmlu_elementary_mathematics,dataset,maximum_drawdown_pp,378,20,4.0608465608465645,2.7513227513227534,5.317460317460318,3.4656084656084687,3.730158730158734,4.417989417989421,2.447089947089948,3.055555555555558,-1.3095238095238118,-1.7857142857142878,-0.8994708994709029,32.247557003257334
mmlu_elementary_mathematics,dataset,switches,378,20,129.15,36.85,147.5,68.4,121.05000000000001,138.40125,28.35,46.25,-92.3,-102.89999999999999,-81.4,71.46728610143245
mmlu_elementary_mathematics,dataset,largest_drop_pp,378,20,4.047619047619051,2.7513227513227534,5.291005291005291,3.4656084656084687,3.716931216931222,4.3786375661375665,2.447089947089948,3.055555555555558,-1.2962962962962983,-1.7724867724867726,-0.8994708994709006,32.02614379084968
mmlu_elementary_mathematics,dataset,mean_drawdown_pp,378,20,0.05523983713284135,0.009153760574493425,0.0645268319185637,0.0157185263985185,0.04825975124084073,0.06478917889362742,0.007042607471276844,0.011450897231320402,-0.04608607655834791,-0.05577020779352756,-0.03976491678823644,83.42905944403789
mmlu_elementary_mathematics,dataset,mean_regret_pp,378,20,0.23490020913105497,0.19434205628601195,0.36983847036757295,0.319567180629301,0.17742229646011806,0.297064920313501,0.13818318822728096,0.2550927870004892,-0.040558152845043,-0.04365312654554262,-0.03752741151330208,17.26612036450547
mmlu_elementary_mathematics,dataset,final_regret_pp,378,20,0.0,0.0,0.0,0.0,0.0,0.0,0.0,0.0,0.0,0.0,0.0,
mmlu_elementary_mathematics,dataset,downward_jumps,378,20,63.5,17.45,73.2,33.2,59.7,67.65,13.350000000000001,21.95,-46.05,-51.300000000000004,-40.6,72.51968503937007
mmlu_elementary_mathematics,dataset,jumps_ge_2pp,378,20,25.2,3.15,34.0,6.0,22.25,28.101249999999983,2.25,4.050000000000001,-22.05,-25.200000000000003,-18.9,87.5
mmlu_elementary_mathematics,dataset,any_jump_ge_2pp,378,20,1.0,0.9,1.0,1.0,1.0,1.0000000000000002,0.75,1.0,-0.1,-0.25,0.0,9.999999999999998
mmlu_formal_logic,default,total_downward_pp,126,20,117.46031746031747,54.484126984126966,150.87301587301587,79.6031746031746,103.4910714285714,131.90575396825395,40.752976190476176,71.42956349206347,-62.97619047619046,-72.65873015873015,-52.856150793650784,53.614864864864884
mmlu_formal_logic,default,maximum_drawdown_pp,126,20,17.61904761904762,12.6984126984127,23.174603174603174,20.634920634920633,15.0,20.11904761904762,10.039682539682538,15.357142857142856,-4.920634920634923,-8.174603174603178,-2.1031746031746033,27.92792792792793
mmlu_formal_logic,default,switches,126,20,69.95,36.55,85.4,49.000000000000014,63.400000000000006,76.45124999999999,30.450000000000003,43.150000000000006,-33.4,-37.05,-30.1,47.74839170836312
mmlu_formal_logic,default,largest_drop_pp,126,20,16.46825396825397,12.222222222222223,23.174603174603174,20.634920634920633,13.849206349206348,19.047619047619047,9.523809523809522,14.960317460317459,-4.246031746031748,-7.539682539682542,-1.4285714285714297,25.783132530120476
mmlu_formal_logic,default,mean_drawdown_pp,126,20,1.6217631085355944,1.2074783274077798,2.7400502038950023,2.4938458236518173,1.2855281207133042,1.9758834672414918,0.8656035665294918,1.5984488582813086,-0.4142847811278149,-0.669616378787453,-0.21459528941892358,25.54533266587263
mmlu_formal_logic,default,mean_regret_pp,126,20,4.101574237376712,3.9351175312374673,5.964997247184214,5.8454037307653,3.297936204660196,5.102157344419255,3.1165794164030554,4.961018611834312,-0.16645670613924585,-0.26048216268674906,-0.08433601149650559,4.0583614121222755
mmlu_formal_logic,default,final_regret_pp,126,20,1.8650793650793713,2.0634920634920695,3.9682539682539764,3.9682539682539764,1.2301587301587351,2.6587301587301653,1.4285714285714328,2.857142857142863,0.1984126984126977,0.0,0.515873015873014,-10.638297872340376
mmlu_formal_logic,default,downward_jumps,126,20,30.65,15.6,37.400000000000006,20.900000000000013,27.700000000000003,33.6,12.75,18.799999999999997,-15.05,-16.551250000000003,-13.65,49.10277324632953
mmlu_formal_logic,default,jumps_ge_2pp,126,20,18.75,9.25,24.0,16.400000000000006,16.55,20.901249999999983,7.000000000000001,11.8,-9.5,-10.850000000000001,-8.1,50.666666666666664
mmlu_formal_logic,default,any_jump_ge_2pp,126,20,1.0,1.0,1.0,1.0,1.0,1.0000000000000002,1.0,1.0000000000000002,0.0,0.0,0.0,0.0
mmlu_formal_logic,dataset,total_downward_pp,126,20,120.43650793650792,25.71428571428571,154.04761904761907,47.38095238095233,105.11805555555559,135.47718253968253,19.76190476190477,32.06349206349205,-94.72222222222221,-108.76984126984125,-81.46825396825398,78.64909390444811
mmlu_formal_logic,dataset,maximum_drawdown_pp,126,20,16.11111111111111,5.436507936507935,21.190476190476197,8.015873015873021,13.730158730158728,18.69047619047619,4.6428571428571415,6.269841269841266,-10.674603174603176,-12.777777777777779,-8.690476190476193,66.25615763546799
mmlu_formal_logic,dataset,switches,126,20,74.15,28.95,99.1,44.400000000000006,65.9,82.00124999999998,23.5,34.5,-45.2,-50.3,-40.0,60.95751854349292
mmlu_formal_logic,dataset,largest_drop_pp,126,20,15.039682539682536,5.07936507936508,20.07936507936508,7.936507936507931,12.817460317460316,17.5,4.365079365079365,5.833333333333334,-9.96031746031746,-12.103174603174606,-7.936507936507937,66.22691292875987
mmlu_formal_logic,dataset,mean_drawdown_pp,126,20,0.6935276168080401,0.5548370239728264,1.4458535128729113,1.4138928548099625,0.40039869171262515,1.0308689799650999,0.28442454485223445,0.8598732771572278,-0.1386905928352138,-0.2869346229575507,0.008773900506704888,19.997847161953974
mmlu_formal_logic,dataset,mean_regret_pp,126,20,1.4715853419557199,1.57946306094455,2.3816522493771197,2.507871186883542,1.086710431772166,1.9014552597445091,1.179709647919531,2.0047399755512707,0.10787771898883033,-0.03334674747814052,0.2801305021322666,-7.330714428390663
mmlu_formal_logic,dataset,final_regret_pp,126,20,0.3968253968254009,0.3968253968254009,0.7936507936508019,0.7936507936508019,0.23809523809524058,0.5555555555555614,0.23809523809524058,0.5555555555555614,0.0,0.0,0.0,0.0
mmlu_formal_logic,dataset,downward_jumps,126,20,32.35,11.2,44.1,18.300000000000004,28.9,35.699999999999996,8.8,13.7,-21.15,-23.5,-18.75,65.37867078825347
mmlu_formal_logic,dataset,jumps_ge_2pp,126,20,20.2,5.1,25.1,10.100000000000001,17.89875,22.349999999999998,3.7,6.6000000000000005,-15.1,-17.1,-13.15,74.75247524752476
mmlu_formal_logic,dataset,any_jump_ge_2pp,126,20,1.0,1.0,1.0,1.0,1.0,1.0000000000000002,1.0,1.0000000000000002,0.0,0.0,0.0,0.0
mmlu_global_facts,default,total_downward_pp,100,20,56.40000000000001,23.050000000000004,80.80000000000007,38.20000000000001,43.50000000000002,73.90000000000003,17.70000000000001,29.150000000000016,-33.35000000000001,-48.601250000000014,-22.600000000000012,59.13120567375887
mmlu_global_facts,default,maximum_drawdown_pp,100,20,17.0,9.7,26.0,20.2,13.65,20.3,7.000000000000002,12.700000000000001,-7.299999999999999,-10.849999999999998,-4.050000000000001,42.94117647058824
mmlu_global_facts,default,switches,100,20,37.25,18.95,47.2,26.200000000000003,32.05,43.599999999999994,16.05,22.0,-18.3,-22.1,-15.250000000000002,49.12751677852349
mmlu_global_facts,default,largest_drop_pp,100,20,16.15,8.9,26.0,18.4,12.650000000000002,19.55,6.250000000000002,11.899999999999999,-7.25,-11.001249999999999,-3.85,44.891640866873054
mmlu_global_facts,default,mean_drawdown_pp,100,20,1.6852148148148163,1.5067851851851874,2.9815407407407477,2.573451851851858,1.0461025925925933,2.4820007407407423,0.8978200000000007,2.2612448148148183,-0.17842962962962877,-0.33158518518518354,-0.03515074074074033,10.58794570644906
mmlu_global_facts,default,mean_regret_pp,100,20,5.093096296296298,5.125881481481485,9.379674074074083,9.438933333333345,3.828960000000005,6.452194074074076,3.881936666666666,6.458930370370372,0.032785185185186784,-0.03575666666666448,0.11441777777778042,-0.6437181486049696
mmlu_global_facts,default,final_regret_pp,100,20,2.7500000000000018,3.150000000000002,4.100000000000005,5.000000000000004,2.1487500000000033,3.350000000000003,2.500000000000002,3.850000000000003,0.40000000000000036,-0.20000000000000018,1.250000000000001,-14.545454545454549
mmlu_global_facts,default,downward_jumps,100,20,15.75,7.75,22.0,12.0,13.05,19.051249999999985,6.25,9.35,-8.0,-10.0,-6.4,50.79365079365079
mmlu_global_facts,default,jumps_ge_2pp,100,20,10.5,4.75,13.200000000000003,8.0,8.5,12.9,3.8,5.800000000000001,-5.75,-7.300000000000001,-4.5,54.76190476190476
mmlu_global_facts,default,any_jump_ge_2pp,100,20,1.0,1.0,1.0,1.0,1.0,1.0000000000000002,1.0,1.0000000000000002,0.0,0.0,0.0,0.0
mmlu_global_facts,dataset,total_downward_pp,100,20,78.00000000000003,27.250000000000018,117.6000000000001,39.80000000000005,65.00000000000004,90.80125000000005,22.90000000000002,31.700000000000028,-50.75000000000002,-60.700000000000045,-41.00000000000003,65.06410256410257
mmlu_global_facts,dataset,maximum_drawdown_pp,100,20,13.1,4.700000000000002,23.40000000000001,6.100000000000007,9.600000000000003,16.801249999999985,4.0000000000000036,5.450000000000003,-8.4,-12.249999999999998,-4.9,64.12213740458014
mmlu_global_facts,dataset,switches,100,20,76.7,36.05,97.80000000000001,45.0,69.95,83.45000000000002,32.45,39.85,-40.65,-45.95,-35.3,52.9986962190352
mmlu_global_facts,dataset,largest_drop_pp,100,20,12.25,4.100000000000001,22.300000000000008,6.000000000000005,8.900000000000004,15.85,3.450000000000003,4.800000000000002,-8.15,-11.849999999999998,-4.799999999999999,66.53061224489795
mmlu_global_facts,dataset,mean_drawdown_pp,100,20,1.1040148148148163,0.7989925925925934,2.024296296296301,1.9225777777777804,0.8153022222222235,1.4063907407407423,0.5024907407407413,1.1267285185185196,-0.3050222222222227,-0.5197796296296305,-0.12204370370370485,27.62845372445354
mmlu_global_facts,dataset,mean_regret_pp,100,20,2.4288000000000034,2.417244444444447,3.511437037037041,3.5023407407407463,2.0517403703703736,2.7816203703703732,2.0614774074074105,2.760908888888893,-0.011555555555555794,-0.04266666666666672,0.03645962962962893,0.47577221490267585
mmlu_global_facts,dataset,final_regret_pp,100,20,0.5500000000000005,0.5500000000000005,2.0000000000000018,2.0000000000000018,0.2500000000000002,0.9000000000000008,0.2500000000000002,0.9000000000000008,0.0,0.0,0.0,0.0
mmlu_global_facts,dataset,downward_jumps,100,20,30.9,13.65,38.50000000000001,17.200000000000003,27.6,34.150000000000006,11.8,15.6,-17.25,-19.5,-15.05,55.8252427184466
mmlu_global_facts,dataset,jumps_ge_2pp,100,20,19.15,7.9,29.1,12.100000000000001,15.900000000000002,22.250000000000004,6.3,9.6,-11.25,-13.400000000000002,-9.05,58.74673629242819
mmlu_global_facts,dataset,any_jump_ge_2pp,100,20,1.0,1.0,1.0,1.0,1.0,1.0000000000000002,1.0,1.0000000000000002,0.0,0.0,0.0,0.0
mmlu_high_school_biology,default,total_downward_pp,310,20,92.7096774193549,17.741935483870996,111.00000000000003,26.000000000000068,84.12862903225809,101.67822580645169,14.43548387096777,21.37096774193552,-74.96774193548393,-84.2096774193549,-66.45120967741937,80.86290883785662
mmlu_high_school_biology,default,maximum_drawdown_pp,310,20,6.774193548387099,2.870967741935485,8.19354838709678,4.87096774193549,5.822580645161293,7.838709677419355,2.1935483870967745,3.645161290322582,-3.903225806451613,-4.935483870967742,-2.8870967741935485,57.61904761904762
mmlu_high_school_biology,default,switches,310,20,165.65,47.1,202.70000000000002,65.10000000000002,151.49875,179.14999999999998,39.95,54.40124999999999,-118.55,-130.2,-106.84875000000001,71.56655599154846
mmlu_high_school_biology,default,largest_drop_pp,310,20,6.435483870967741,2.5806451612903247,7.741935483870966,4.548387096774194,5.548387096774194,7.467741935483872,1.9032258064516143,3.370967741935485,-3.8548387096774186,-4.8870967741935445,-2.85443548387097,59.899749373433544
mmlu_high_school_biology,default,mean_drawdown_pp,310,20,0.25586002235325883,0.15808378617951985,0.47412957181947907,0.31745943654372344,0.18685362469649697,0.33380968898138536,0.10556732955640355,0.21489836975372878,-0.09777623617373894,-0.1492138782903615,-0.05631290707981687,38.21473760318134
mmlu_high_school_biology,default,mean_regret_pp,310,20,0.5612941765907423,0.5005226037692214,0.764863760743052,0.7241422900527993,0.4631425020233551,0.6677105638416765,0.41184738120013836,0.5953743014606693,-0.060771572821520806,-0.1072556364897674,-0.027855860022353306,10.827044953618218
mmlu_high_school_biology,default,final_regret_pp,310,20,0.0,0.0,0.0,0.0,0.0,0.0,0.0,0.0,0.0,0.0,0.0,
mmlu_high_school_biology,default,downward_jumps,310,20,73.9,19.5,90.0,27.300000000000004,68.14874999999999,79.5,16.450000000000003,22.65,-54.4,-59.599999999999994,-49.300000000000004,73.6129905277402
mmlu_high_school_biology,default,jumps_ge_2pp,310,20,8.3,1.1,12.100000000000001,4.100000000000001,6.6,10.25,0.4,1.9000000000000001,-7.2,-9.0,-5.8,86.74698795180724
mmlu_high_school_biology,default,any_jump_ge_2pp,310,20,1.0,0.4,1.0,1.0,1.0,1.0000000000000002,0.2,0.6000000000000001,-0.6,-0.8,-0.4,60.0
mmlu_high_school_biology,dataset,total_downward_pp,310,20,42.45161290322586,4.1612903225806495,55.19354838709687,7.129032258064531,36.386693548387115,49.58064516129038,3.1451612903225845,5.225806451612914,-38.290322580645196,-45.145161290322605,-32.51572580645165,90.19756838905776
mmlu_high_school_biology,dataset,maximum_drawdown_pp,310,20,4.838709677419354,1.1129032258064542,7.1935483870967705,1.6451612903225903,3.9354838709677424,5.758064516129032,0.8870967741935509,1.3548387096774217,-3.7258064516129012,-4.645161290322578,-2.8225806451612883,76.99999999999994
mmlu_high_school_biology,dataset,switches,310,20,78.75,22.65,106.70000000000002,31.70000000000001,69.65,87.75,18.5,26.9,-56.1,-63.2,-48.95,71.23809523809524
mmlu_high_school_biology,dataset,largest_drop_pp,310,20,4.838709677419354,1.1129032258064542,7.1935483870967705,1.6451612903225903,3.9354838709677424,5.758064516129032,0.8870967741935509,1.3548387096774217,-3.7258064516129012,-4.645161290322578,-2.8225806451612883,76.99999999999994
mmlu_high_school_biology,dataset,mean_drawdown_pp,310,20,0.014535013681735858,0.00117238987166147,0.02078390565383283,0.002111997533433566,0.01208382471962076,0.017004663352218025,0.0008039465063398478,0.001567811307665637,-0.013362623810074392,-0.015678305777161172,-0.011061008979843558,91.93402980325605
mmlu_high_school_biology,dataset,mean_regret_pp,310,20,0.17346591128068659,0.16067136855898462,0.3577446332909347,0.35034493390372556,0.10828041777469406,0.24736522526688898,0.09539677033953763,0.2344315720507171,-0.012794542721701937,-0.01525426831618303,-0.010331040197325312,7.375825386809871
mmlu_high_school_biology,dataset,final_regret_pp,310,20,0.04838709677419284,0.04838709677419284,0.3225806451612856,0.3225806451612856,0.0,0.09677419354838568,0.0,0.09677419354838568,0.0,0.0,0.0,0.0
mmlu_high_school_biology,dataset,downward_jumps,310,20,33.9,7.35,44.300000000000004,12.100000000000001,29.85,37.85000000000001,5.700000000000001,8.95,-26.55,-29.900000000000002,-23.150000000000002,78.31858407079645
mmlu_high_school_biology,dataset,jumps_ge_2pp,310,20,4.4,0.05,6.6000000000000085,0.0,3.0000000000000004,6.0,0.0,0.15,-4.35,-5.8999999999999995,-3.0,98.86363636363637
mmlu_high_school_biology,dataset,any_jump_ge_2pp,310,20,0.95,0.05,1.0,0.0,0.85,1.0,0.0,0.15,-0.9,-1.0,-0.75,94.73684210526315
mmlu_high_school_chemistry,default,total_downward_pp,203,20,210.0985221674876,49.67980295566496,310.93596059113287,65.96059113300491,178.69458128078804,243.39901477832498,42.36453201970439,57.61083743842359,-160.41871921182258,-193.84298029556643,-129.01169950738912,76.35404454865183
mmlu_high_school_chemistry,default,maximum_drawdown_pp,203,20,18.89162561576354,5.935960591133004,26.1576354679803,14.236453201970455,15.862068965517246,21.822660098522167,3.8663793103448243,8.52216748768473,-12.955665024630544,-16.55172413793104,-9.334975369458132,68.57887874837027
mmlu_high_school_chemistry,default,switches,203,20,216.15,84.7,258.8,103.70000000000002,200.95000000000002,231.40125,76.30000000000001,93.45,-131.45,-142.8,-120.25,60.814249363867674
mmlu_high_school_chemistry,default,largest_drop_pp,203,20,18.054187192118228,5.566502463054187,23.69458128078818,13.596059113300504,15.098522167487687,20.886699507389167,3.6699507389162536,7.93103448275862,-12.487684729064044,-16.03509852216749,-8.89100985221676,69.16780354706685
mmlu_high_school_chemistry,default,mean_drawdown_pp,203,20,0.8815190496861962,0.6418671577496095,1.2031316424046166,1.1437523086920063,0.7456086992862926,1.0146947178924395,0.5023282175864124,0.7906635371812865,-0.23965189193658681,-0.3561718134208373,-0.12242785871119391,27.18624084435818
mmlu_high_school_chemistry,default,mean_regret_pp,203,20,1.4260162513942016,1.353919451252557,1.8443507935609216,1.8547836098371233,1.1909527359629268,1.7250363548775285,1.1147430936967198,1.649177858486502,-0.07209680014164455,-0.18716382972795406,0.021211318455245716,5.055818969184703
mmlu_high_school_chemistry,default,final_regret_pp,203,20,0.024630541871921152,0.024630541871921152,0.0,0.0,0.0,0.07389162561576346,0.0,0.07389162561576346,0.0,0.0,0.0,0.0
mmlu_high_school_chemistry,default,downward_jumps,203,20,93.8,34.2,114.60000000000001,43.2,86.55000000000001,100.85000000000001,30.450000000000003,38.2,-59.6,-65.15,-54.05,63.53944562899786
mmlu_high_school_chemistry,default,jumps_ge_2pp,203,20,23.15,5.6,31.500000000000007,8.600000000000009,20.25,26.199999999999996,4.1000000000000005,7.25,-17.55,-20.801250000000003,-14.450000000000001,75.80993520518358
mmlu_high_school_chemistry,default,any_jump_ge_2pp,203,20,1.0,1.0,1.0,1.0,1.0,1.0000000000000002,1.0,1.0000000000000002,0.0,0.0,0.0,0.0
mmlu_high_school_chemistry,dataset,total_downward_pp,203,20,108.86699507389156,27.75862068965514,150.88669950738907,41.57635467980291,94.80295566502456,123.32573891625606,23.177339901477808,32.290640394088626,-81.10837438423637,-95.39408866995066,-67.58559113300487,74.50226244343892
mmlu_high_school_chemistry,dataset,maximum_drawdown_pp,203,20,9.55665024630542,2.906403940886696,16.502463054187196,3.4975369458128043,6.847290640394089,12.339901477832512,2.7093596059113265,3.128078817733986,-6.650246305418723,-9.48275862068966,-3.9162561576354733,69.58762886597943
mmlu_high_school_chemistry,dataset,switches,203,20,127.1,52.6,153.0,66.1,116.74874999999999,137.80124999999998,47.10000000000001,57.650000000000006,-74.5,-84.15,-65.35,58.61526357199056
mmlu_high_school_chemistry,dataset,largest_drop_pp,203,20,9.55665024630542,2.906403940886696,16.502463054187196,3.4975369458128043,6.847290640394089,12.339901477832512,2.7093596059113265,3.128078817733986,-6.650246305418723,-9.48275862068966,-3.9162561576354733,69.58762886597943
mmlu_high_school_chemistry,dataset,mean_drawdown_pp,203,20,0.06000577004483908,0.014780122644909455,0.08060806565987484,0.023286894358747933,0.05371352266629982,0.06646487238044883,0.011997558965454548,0.017653461173080535,-0.045225647399929646,-0.05027045961732562,-0.04010709185246288,75.36883097431286
mmlu_high_school_chemistry,dataset,mean_regret_pp,203,20,0.09801257006964485,0.05359490869937612,0.13522216919533012,0.10586504386402455,0.06677465278620384,0.14038211268124584,0.021146989645375824,0.09698281479324455,-0.04441766137026872,-0.049796835103442905,-0.03887313810449496,45.3183314535134
mmlu_high_school_chemistry,dataset,final_regret_pp,203,20,0.1477832512315269,0.0,0.14778325123152902,0.0,0.0,0.3694581280788173,0.0,0.0,-0.1477832512315269,-0.3694581280788173,0.0,100.0
mmlu_high_school_chemistry,dataset,downward_jumps,203,20,56.65,21.5,70.60000000000001,29.0,51.400000000000006,61.95,18.85,24.1,-35.15,-39.800000000000004,-30.648750000000017,62.04766107678729
mmlu_high_school_chemistry,dataset,jumps_ge_2pp,203,20,15.65,2.65,25.1,6.200000000000003,12.85,18.550000000000004,1.75,3.7,-13.0,-15.95,-10.350000000000001,83.06709265175719
mmlu_high_school_chemistry,dataset,any_jump_ge_2pp,203,20,1.0,0.95,1.0,1.0,1.0,1.0000000000000002,0.85,1.0,-0.05,-0.15,0.0,5.000000000000004
mmlu_high_school_computer_science,default,total_downward_pp,100,20,20.05000000000001,7.600000000000006,28.200000000000028,13.100000000000012,17.200000000000017,22.850000000000023,5.800000000000005,9.500000000000009,-12.450000000000008,-14.200000000000014,-10.70000000000001,62.094763092269325
mmlu_high_school_computer_science,default,maximum_drawdown_pp,100,20,2.5000000000000013,1.7500000000000013,3.100000000000004,3.0000000000000027,2.2500000000000018,2.8000000000000025,1.4500000000000013,2.0500000000000016,-0.7500000000000006,-1.050000000000001,-0.4500000000000004,29.999999999999986
mmlu_high_school_computer_science,default,switches,100,20,51.25,20.7,64.5,28.60000000000001,46.150000000000006,56.849999999999994,17.65,23.95,-30.55,-34.2,-27.15,59.609756097560975
mmlu_high_school_computer_science,default,largest_drop_pp,100,20,2.050000000000001,1.6500000000000015,3.0000000000000027,3.0000000000000027,1.7500000000000016,2.3500000000000023,1.3500000000000012,1.9500000000000017,-0.40000000000000036,-0.7000000000000006,-0.15000000000000013,19.512195121951194
mmlu_high_school_computer_science,default,mean_drawdown_pp,100,20,0.6011407407407411,0.5127851851851853,1.1991703703703707,1.1919703703703703,0.4178155555555559,0.7846251851851854,0.33629333333333367,0.7066962962962966,-0.08835555555555574,-0.17669740740740764,-0.01619185185185202,14.697981615200753
mmlu_high_school_computer_science,default,mean_regret_pp,100,20,0.7469777777777782,0.7455703703703708,1.2578074074074073,1.2587851851851846,0.5612292592592598,0.9302096296296306,0.5601151851851855,0.9289644444444454,-0.001407407407407489,-0.010297037037037124,0.009526296296296161,0.18841355784296288
mmlu_high_school_computer_science,default,final_regret_pp,100,20,0.20000000000000018,0.20000000000000018,1.0000000000000009,1.0000000000000009,0.050000000000000044,0.40000000000000036,0.050000000000000044,0.40000000000000036,0.0,0.0,0.0,0.0
mmlu_high_school_computer_science,default,downward_jumps,100,20,16.6,6.25,23.0,11.0,14.400000000000002,18.85,4.9,7.7,-10.35,-11.7,-9.0,62.349397590361455
mmlu_high_school_computer_science,default,jumps_ge_2pp,100,20,3.05,1.15,7.0,3.1000000000000014,2.05,4.1000000000000005,0.55,1.7999999999999998,-1.9,-2.6500000000000004,-1.2000000000000002,62.29508196721312
mmlu_high_school_computer_science,default,any_jump_ge_2pp,100,20,0.8,0.5,1.0,1.0,0.6000000000000001,0.9500000000000001,0.3,0.7000000000000001,-0.3,-0.5,-0.1,37.5
mmlu_high_school_computer_science,dataset,total_downward_pp,100,20,25.000000000000018,6.900000000000004,31.400000000000034,12.200000000000014,21.80000000000002,28.250000000000025,5.300000000000004,8.550000000000008,-18.100000000000016,-21.00000000000002,-15.250000000000014,72.4
mmlu_high_school_computer_science,dataset,maximum_drawdown_pp,100,20,2.600000000000002,1.5000000000000007,3.100000000000004,2.0000000000000018,2.300000000000002,3.0000000000000027,1.250000000000001,1.7500000000000016,-1.100000000000001,-1.4000000000000012,-0.8000000000000007,42.30769230769232
mmlu_high_school_computer_science,dataset,switches,100,20,58.95,23.0,71.4,36.1,53.39875,63.800000000000004,19.05,26.950000000000003,-35.95,-40.900000000000006,-31.15,60.98388464800679
mmlu_high_school_computer_science,dataset,largest_drop_pp,100,20,2.600000000000002,1.5000000000000007,3.100000000000004,2.0000000000000018,2.300000000000002,3.0000000000000027,1.250000000000001,1.7500000000000016,-1.100000000000001,-1.4000000000000012,-0.8000000000000007,42.30769230769232
mmlu_high_school_computer_science,dataset,mean_drawdown_pp,100,20,0.017437037037037046,0.003362962962962933,0.0266962962962963,0.005659259259259086,0.014533333333333362,0.020251851851851813,0.0024740740740740743,0.004296296296296256,-0.014074074074074117,-0.016429629629629655,-0.011792222222222171,80.71367884452016
mmlu_high_school_computer_science,dataset,mean_regret_pp,100,20,0.028829629629629656,0.01537777777777775,0.04388148148148129,0.030340740740740838,0.021510740740740678,0.037555925925925986,0.008399999999999998,0.023985185185185155,-0.013451851851851892,-0.015807407407407423,-0.011214444444444398,46.65981500513889
mmlu_high_school_computer_science,dataset,final_regret_pp,100,20,0.10000000000000009,0.0,0.1000000000000015,0.0,0.0,0.2500000000000002,0.0,0.0,-0.10000000000000009,-0.2500000000000002,0.0,100.0
mmlu_high_school_computer_science,dataset,downward_jumps,100,20,18.25,5.7,24.1,10.100000000000001,15.95,20.6,4.45,7.0,-12.55,-14.600000000000001,-10.65,68.76712328767124
mmlu_high_school_computer_science,dataset,jumps_ge_2pp,100,20,5.45,1.2,9.0,3.0,4.3,6.65,0.65,1.8,-4.25,-5.4,-3.1500000000000004,77.98165137614679
mmlu_high_school_computer_science,dataset,any_jump_ge_2pp,100,20,1.0,0.55,1.0,1.0,1.0,1.0000000000000002,0.35,0.75,-0.45,-0.6500000000000001,-0.25,44.99999999999999
mmlu_high_school_european_history,default,total_downward_pp,165,20,80.57575757575759,17.636363636363633,133.39393939393946,25.333333333333346,66.78787878787882,95.39469696969698,13.303030303030315,22.728030303030305,-62.93939393939396,-76.30378787878792,-50.54545454545456,78.11207220759685
mmlu_high_school_european_history,default,maximum_drawdown_pp,165,20,9.545454545454543,4.4848484848484835,14.060606060606064,8.606060606060607,8.393939393939391,10.818181818181817,3.2424242424242418,5.8181818181818175,-5.06060606060606,-6.484848484848486,-3.6060606060606037,53.01587301587302
mmlu_high_school_european_history,default,switches,165,20,104.65,33.6,127.80000000000001,57.2,94.60000000000001,114.0,27.150000000000002,40.25,-71.05,-78.15,-63.95000000000001,67.89297658862877
mmlu_high_school_european_history,default,largest_drop_pp,165,20,8.93939393939394,4.1515151515151505,13.333333333333332,7.939393939393936,7.757575757575757,10.212121212121211,2.96969696969697,5.394696969696959,-4.787878787878787,-6.272727272727273,-3.3333333333333313,53.55932203389831
mmlu_high_school_european_history,default,mean_drawdown_pp,165,20,0.6171832806176227,0.48241063837023307,1.4666312961262444,1.0644736931605618,0.4407189062340568,0.8160145563377863,0.3232125973540102,0.662005169540522,-0.13477264224738958,-0.28152936775158927,-0.022394449545964614,21.83672929579704
mmlu_high_school_european_history,default,mean_regret_pp,165,20,1.199178315137907,1.0267292453151,1.9372390572390557,1.6611747100636012,0.9124016596945862,1.5351554263170366,0.817506887052338,1.2477475767778763,-0.17244906982280703,-0.4951325374961729,0.022267795803149328,14.380602754893472
mmlu_high_school_european_history,default,final_regret_pp,165,20,0.5757575757575722,0.5454545454545422,1.2727272727272707,1.2727272727272707,0.3333333333333294,0.878787878787875,0.3030303030303011,0.818181818181814,-0.030303030303029943,-0.09090909090908983,0.0,5.263157894736831
mmlu_high_school_european_history,default,downward_jumps,165,20,39.95,11.95,54.300000000000004,20.1,35.8,44.1,9.5,14.500000000000002,-28.0,-31.449999999999996,-24.75,70.08760951188987
mmlu_high_school_european_history,default,jumps_ge_2pp,165,20,7.3,1.2,12.200000000000003,3.1000000000000014,5.550000000000001,9.15,0.65,1.85,-6.1,-7.80125,-4.5,83.56164383561644
mmlu_high_school_european_history,default,any_jump_ge_2pp,165,20,1.0,0.5,1.0,1.0,1.0,1.0000000000000002,0.3,0.7000000000000001,-0.5,-0.7000000000000001,-0.3,50.0
mmlu_high_school_european_history,dataset,total_downward_pp,165,20,81.24242424242416,15.42424242424239,105.51515151515123,23.212121212121144,72.18106060606051,91.21212121212108,12.818181818181802,18.303030303030262,-65.81818181818177,-74.63636363636354,-57.303030303030255,81.01454681089149
mmlu_high_school_european_history,dataset,maximum_drawdown_pp,165,20,10.151515151515147,2.727272727272726,14.242424242424248,7.333333333333336,8.878787878787875,11.575757575757574,1.8787878787878793,3.7272727272727266,-7.424242424242424,-8.878787878787875,-6.030303030303029,73.13432835820895
mmlu_high_school_european_history,dataset,switches,165,20,124.05,47.7,155.60000000000002,61.60000000000001,115.60000000000001,133.15,42.1,53.85,-76.35,-83.19999999999999,-69.9,61.5477629987908
mmlu_high_school_european_history,dataset,largest_drop_pp,165,20,9.636363636363637,2.515151515151516,14.181818181818187,6.181818181818189,8.303030303030303,11.121212121212121,1.7272727272727284,3.4545454545454546,-7.12121212121212,-8.575757575757578,-5.666666666666666,73.8993710691824
mmlu_high_school_european_history,dataset,mean_drawdown_pp,165,20,0.465730707750908,0.2091650511852523,0.9895915382784048,0.543993470054072,0.32264983164982963,0.6172065095398406,0.10076852702105174,0.3405912321871908,-0.2565656565656557,-0.38908220249634323,-0.13928864401591579,55.08884260706245
mmlu_high_school_european_history,dataset,mean_regret_pp,165,20,0.5838968812706156,0.5299608883447237,1.043011937557388,1.0113689079345627,0.4321874978743641,0.7343230282624189,0.3784404992687794,0.6797351630785939,-0.05393599292589196,-0.10584538992619832,-0.023691392034826418,9.237246276863479
mmlu_high_school_european_history,dataset,final_regret_pp,165,20,0.09090909090909094,0.0,0.0,0.0,0.0,0.2727272727272728,0.0,0.0,-0.09090909090909094,-0.2727272727272728,0.0,100.0
mmlu_high_school_european_history,dataset,downward_jumps,165,20,47.8,16.1,58.300000000000004,22.300000000000004,43.800000000000004,52.349999999999994,14.04875,18.25,-31.7,-35.2,-28.5,66.31799163179916
mmlu_high_school_european_history,dataset,jumps_ge_2pp,165,20,7.7,0.45,14.200000000000003,1.0,5.75,9.8,0.2,0.7000000000000001,-7.25,-9.2,-5.5,94.15584415584415
mmlu_high_school_european_history,dataset,any_jump_ge_2pp,165,20,1.0,0.4,1.0,1.0,1.0,1.0000000000000002,0.2,0.6000000000000001,-0.6,-0.8,-0.4,60.0
mmlu_high_school_geography,default,total_downward_pp,198,20,39.74747474747489,11.136363636363681,48.8888888888891,15.151515151515232,35.70707070707087,44.21780303030318,9.444444444444487,13.05618686868692,-28.611111111111207,-31.616161616161715,-25.73232323232333,71.98221092757305
mmlu_high_school_geography,default,maximum_drawdown_pp,198,20,4.040404040404041,1.464646464646467,8.333333333333345,1.5656565656565653,2.651515151515151,5.6313131313131315,1.2121212121212144,1.8434343434343443,-2.5757575757575735,-3.9393939393939394,-1.3636363636363598,63.749999999999936
mmlu_high_school_geography,default,switches,198,20,134.65,49.5,161.3,66.2,126.60000000000001,142.85000000000002,45.2,54.24999999999999,-85.15,-90.20000000000002,-80.45,63.23802450798366
mmlu_high_school_geography,default,largest_drop_pp,198,20,3.78787878787879,1.3636363636363664,6.919191919191932,1.5151515151515138,2.44949494949495,5.353535353535355,1.111111111111115,1.7424242424242438,-2.424242424242423,-3.7626262626262603,-1.2373737373737366,63.99999999999995
mmlu_high_school_geography,default,mean_drawdown_pp,198,20,0.2565195539381854,0.17668076197818086,0.42335816073189764,0.3918005343370093,0.17640863366172083,0.3530674307610337,0.09808863041186304,0.27247531431033095,-0.07983879196000451,-0.13137434955616833,-0.02204192127031676,31.123861995816355
mmlu_high_school_geography,default,mean_regret_pp,198,20,0.39738575428811274,0.3974556640100987,0.6363069528052692,0.6416994486579224,0.31141824152486486,0.5005475631738271,0.3051002921092725,0.5052681699146356,6.990972198602508e-05,-0.030666560857357663,0.043317717013002605,-0.017592407687383824
mmlu_high_school_geography,default,final_regret_pp,198,20,0.0,0.0,0.0,0.0,0.0,0.0,0.0,0.0,0.0,0.0,0.0,
mmlu_high_school_geography,default,downward_jumps,198,20,48.6,15.5,55.000000000000014,21.300000000000004,45.5,52.1,13.5,17.75,-33.1,-35.15,-31.1,68.10699588477367
mmlu_high_school_geography,default,jumps_ge_2pp,198,20,0.9,0.15,2.0,0.0,0.35000000000000003,1.5500000000000003,0.0,0.44999999999999996,-0.75,-1.1500000000000001,-0.35000000000000003,83.33333333333333
mmlu_high_school_geography,default,any_jump_ge_2pp,198,20,0.45,0.05,1.0,0.0,0.25,0.6500000000000001,0.0,0.15,-0.4,-0.6000000000000001,-0.2,88.88888888888889
mmlu_high_school_geography,dataset,total_downward_pp,198,20,30.12626262626277,7.045454545454587,39.44444444444464,10.20202020202027,26.565656565656717,33.6363636363638,5.631313131313163,8.61111111111116,-23.080808080808193,-26.161616161616305,-19.89898989899,76.61357921207039
mmlu_high_school_geography,dataset,maximum_drawdown_pp,198,20,2.1717171717171735,0.9595959595959634,5.65656565656566,1.5151515151515138,1.4393939393939414,3.030934343434337,0.7828282828282873,1.1363636363636387,-1.21212121212121,-2.070707070707068,-0.5303030303030265,55.81395348837196
mmlu_high_school_geography,dataset,switches,198,20,121.05,41.85,149.10000000000002,58.1,109.29874999999998,132.55124999999998,36.8,46.650000000000006,-79.2,-88.7,-69.5,65.42750929368029
mmlu_high_school_geography,dataset,largest_drop_pp,198,20,2.1717171717171735,0.9595959595959634,5.65656565656566,1.5151515151515138,1.4393939393939414,3.030934343434337,0.7828282828282873,1.1363636363636387,-1.21212121212121,-2.070707070707068,-0.5303030303030265,55.81395348837196
mmlu_high_school_geography,dataset,mean_drawdown_pp,198,20,0.01631730700193112,0.0027963888794416145,0.022083914339806922,0.0049352484818254395,0.013894982371413437,0.018713179305210843,0.002184206449077352,0.003452028704553945,-0.013520918122489508,-0.015553968415921375,-0.011495425636839912,82.86243631310812
mmlu_high_school_geography,dataset,mean_regret_pp,198,20,0.07587472177820151,0.06348369591916209,0.10940682545620938,0.0965434366107776,0.047099171664267386,0.11469370094510466,0.035272241683577496,0.10150083891666446,-0.012391025859039433,-0.014420391721177456,-0.010373091181172122,16.330901212740013
mmlu_high_school_geography,dataset,final_regret_pp,198,20,0.0,0.0,0.0,0.0,0.0,0.0,0.0,0.0,0.0,0.0,0.0,
mmlu_high_school_geography,dataset,downward_jumps,198,20,42.75,11.5,56.400000000000006,16.1,37.55,48.099999999999994,9.4,13.85,-31.25,-36.0,-26.650000000000002,73.09941520467837
mmlu_high_school_geography,dataset,jumps_ge_2pp,198,20,0.3,0.0,1.0,0.0,0.1,0.55,0.0,0.0,-0.3,-0.55,-0.1,100.0
mmlu_high_school_geography,dataset,any_jump_ge_2pp,198,20,0.25,0.0,1.0,0.0,0.1,0.45,0.0,0.0,-0.25,-0.45,-0.1,100.0
mmlu_high_school_government_and_politics,default,total_downward_pp,193,20,4.48186528497408,0.9585492227979232,7.357512953367868,2.590673575129511,3.445595854922275,5.5440414507771845,0.569948186528495,1.3471502590673534,-3.523316062176157,-4.5854922279792625,-2.5129533678756424,78.6127167630058
mmlu_high_school_government_and_politics,default,maximum_drawdown_pp,193,20,0.9844559585492176,0.59585492227979,1.0880829015543976,1.0880829015543976,0.8549222797927425,1.1139896373056923,0.38860103626942755,0.8031088082901527,-0.38860103626942755,-0.569948186528495,-0.2072538860103612,39.47368421052628
mmlu_high_school_government_and_politics,default,switches,193,20,23.15,8.7,30.1,14.0,20.450000000000003,25.800000000000004,6.9,10.600000000000001,-14.45,-17.65,-11.25,62.419006479481645
mmlu_high_school_government_and_politics,default,largest_drop_pp,193,20,0.9844559585492176,0.59585492227979,1.0880829015543976,1.0880829015543976,0.8549222797927425,1.1139896373056923,0.38860103626942755,0.8031088082901527,-0.38860103626942755,-0.569948186528495,-0.2072538860103612,39.47368421052628
mmlu_high_school_government_and_politics,default,mean_drawdown_pp,193,20,0.0041283733194925,0.0009704461367593158,0.007445390032841946,0.00137612443983083,0.0028674893584018308,0.005552224618508201,0.00020681638980117001,0.0022232761903625267,-0.003157927182733185,-0.0040050789332648625,-0.002314752670466898,76.49325626204238
mmlu_high_school_government_and_politics,default,mean_regret_pp,193,20,0.022358044908985828,0.020860614702060083,0.035198558648852504,0.03591645015575844,0.017800999877699904,0.027196479547549317,0.016362333366145537,0.025596859174941762,-0.0014974302069257403,-0.002434119533907409,-0.0005826654058821264,6.697500667081669
mmlu_high_school_government_and_politics,default,final_regret_pp,193,20,0.0,0.0,0.0,0.0,0.0,0.0,0.0,0.0,0.0,0.0,0.0,
mmlu_high_school_government_and_politics,default,downward_jumps,193,20,6.55,1.35,10.100000000000001,3.0,5.248750000000001,7.9,0.8500000000000001,1.9,-5.2,-6.6000000000000005,-3.85,79.38931297709922
mmlu_high_school_government_and_politics,default,jumps_ge_2pp,193,20,0.0,0.0,0.0,0.0,0.0,0.0,0.0,0.0,0.0,0.0,0.0,
mmlu_high_school_government_and_politics,default,any_jump_ge_2pp,193,20,0.0,0.0,0.0,0.0,0.0,0.0,0.0,0.0,0.0,0.0,0.0,
mmlu_high_school_government_and_politics,dataset,total_downward_pp,193,20,4.585492227979275,2.2538860103626948,9.89637305699482,7.616580310880828,2.849740932642486,6.450777202072542,0.8290155440414504,4.041450777202076,-2.3316062176165797,-4.2746113989637315,-0.2849740932642443,50.84745762711864
mmlu_high_school_government_and_politics,dataset,maximum_drawdown_pp,193,20,1.8393782383419695,1.6580310880829017,6.321243523316064,6.787564766839381,0.958549222797927,2.8756476683937833,0.5181347150259069,3.0829015544041454,-0.18134715025906747,-1.8134715025906734,1.5544041450777208,9.859154929577485
mmlu_high_school_government_and_politics,dataset,switches,193,20,21.0,10.6,32.1,16.400000000000006,17.6,25.050000000000004,8.4,13.15,-10.4,-13.05,-8.0,49.523809523809526
mmlu_high_school_government_and_politics,dataset,largest_drop_pp,193,20,1.8393782383419695,1.6580310880829017,6.321243523316064,6.787564766839381,0.958549222797927,2.8756476683937833,0.5181347150259069,3.0829015544041454,-0.18134715025906747,-1.8134715025906734,1.5544041450777208,9.859154929577485
mmlu_high_school_government_and_politics,dataset,mean_drawdown_pp,193,20,0.0025175918220026743,0.0005130637362375095,0.0047726859184884654,0.0016943035010633946,0.0014318057755465428,0.0039813149346291255,0.00021477086633198096,0.0008869241331857716,-0.002004528085765165,-0.0032375713789980095,-0.0010022640428825798,79.62085308056882
mmlu_high_school_government_and_politics,dataset,mean_regret_pp,193,20,0.1747011851175719,0.1824329363055233,0.263669022186029,0.27060532572089896,0.1377223649056448,0.21268736520890918,0.1463752196181253,0.21949714285146088,0.007731751187951377,0.005512452235854248,0.009760192418787294,-4.425700479792398
mmlu_high_school_government_and_politics,dataset,final_regret_pp,193,20,0.0,0.0,0.0,0.0,0.0,0.0,0.0,0.0,0.0,0.0,0.0,
mmlu_high_school_government_and_politics,dataset,downward_jumps,193,20,4.8,1.65,8.200000000000003,3.200000000000003,3.4000000000000004,6.5,0.9000000000000001,2.6,-3.15,-4.35,-2.1,65.625
mmlu_high_school_government_and_politics,dataset,jumps_ge_2pp,193,20,0.4,0.2,1.0,1.0,0.1,0.75,0.05,0.4,-0.2,-0.6,0.1,50.0
mmlu_high_school_government_and_politics,dataset,any_jump_ge_2pp,193,20,0.3,0.2,1.0,1.0,0.1,0.5,0.05,0.4,-0.1,-0.35,0.15,33.33333333333333
mmlu_high_school_macroeconomics,default,total_downward_pp,390,20,160.11538461538447,43.38461538461531,200.10256410256395,56.205128205128084,147.5637820512819,172.4362179487178,39.41025641025633,47.384615384615316,-116.73076923076914,-128.3980769230768,-103.46121794871785,72.90415565697816
mmlu_high_school_macroeconomics,default,maximum_drawdown_pp,390,20,4.12820512820513,2.1794871794871833,12.102564102564104,2.564102564102566,2.615384615384617,5.782371794871791,2.038461538461542,2.3205128205128225,-1.9487179487179476,-3.5897435897435876,-0.49999999999999933,47.20496894409931
mmlu_high_school_macroeconomics,default,switches,390,20,357.2,122.7,414.6,152.70000000000002,336.95000000000005,377.6,111.70000000000002,134.00124999999997,-234.5,-248.75125,-219.0,65.6494960806271
mmlu_high_school_macroeconomics,default,largest_drop_pp,390,20,3.9102564102564132,2.141025641025645,9.94871794871795,2.564102564102566,2.5384615384615405,5.513141025641023,1.9871794871794894,2.282051282051285,-1.7692307692307678,-3.346153846153845,-0.46153846153846045,45.245901639344204
mmlu_high_school_macroeconomics,default,mean_drawdown_pp,390,20,0.19348528015194622,0.09474663355005226,0.2952823434874707,0.1570009983685201,0.1568033944529665,0.23061249908685738,0.07170968173959628,0.12020889034991579,-0.09873864660189395,-0.12156513745829917,-0.07555486156768157,51.03160639628677
mmlu_high_school_macroeconomics,default,mean_regret_pp,390,20,0.3341081647064542,0.28042077580539054,0.42503226434850333,0.39546789392943144,0.29219801787323063,0.37591534565466095,0.23802872135778064,0.3218921640246419,-0.053687388901063685,-0.06585073173107305,-0.04121681642194413,16.068864688845046
mmlu_high_school_macroeconomics,default,final_regret_pp,390,20,0.0,0.0,0.0,0.0,0.0,0.0,0.0,0.0,0.0,0.0,0.0,
mmlu_high_school_macroeconomics,default,downward_jumps,390,20,162.25,52.6,188.0,66.30000000000001,153.10000000000002,171.10125,48.25,57.2,-109.65,-117.45,-101.25,67.5808936825886
mmlu_high_school_macroeconomics,default,jumps_ge_2pp,390,20,15.4,3.0,26.200000000000003,6.100000000000001,11.95,18.85,2.05,4.0,-12.4,-15.8,-8.850000000000001,80.51948051948052
mmlu_high_school_macroeconomics,default,any_jump_ge_2pp,390,20,1.0,0.85,1.0,1.0,1.0,1.0000000000000002,0.7,1.0,-0.15,-0.30000000000000004,0.0,15.000000000000002
mmlu_high_school_macroeconomics,dataset,total_downward_pp,390,20,137.5256410256409,31.19230769230768,170.89743589743583,43.12820512820511,126.66666666666659,148.70544871794854,27.128205128205103,35.115384615384585,-106.33333333333323,-116.0384615384614,-97.12820512820505,77.31891488766662
mmlu_high_school_macroeconomics,dataset,maximum_drawdown_pp,390,20,3.794871794871798,1.9743589743589776,4.102564102564117,2.3333333333333366,2.576923076923079,5.564102564102566,1.7948717948717974,2.1666666666666687,-1.820512820512819,-3.4743589743589727,-0.6410256410256399,47.972972972972926
mmlu_high_school_macroeconomics,dataset,switches,390,20,307.6,98.9,368.6,139.1,284.85,331.10125,85.7,112.05,-208.7,-224.60125,-194.2,67.84785435630688
mmlu_high_school_macroeconomics,dataset,largest_drop_pp,390,20,3.705128205128209,1.8974358974359,4.102564102564117,2.3076923076923106,2.461538461538464,5.500000000000001,1.717948717948718,2.089743589743592,-1.8076923076923073,-3.46153846153846,-0.6282051282051287,48.788927335640125
mmlu_high_school_macroeconomics,dataset,mean_drawdown_pp,390,20,0.15499452114836704,0.08322838288650247,0.23286726568777813,0.16465678038327553,0.13013512065648797,0.17983688849928153,0.0569374802152579,0.10994960674020493,-0.07176613826186459,-0.10278329315508794,-0.04146471619548515,46.30237103230708
mmlu_high_school_macroeconomics,dataset,mean_regret_pp,390,20,0.32167579808605373,0.2962958092872615,0.44384542333260124,0.4145839725326893,0.26879317943847825,0.3721603233739978,0.24285994837704167,0.3465579906007249,-0.025379988798792184,-0.045246804003214194,-0.005307095721625495,7.8899279802214535
mmlu_high_school_macroeconomics,dataset,final_regret_pp,390,20,0.0,0.0,0.0,0.0,0.0,0.0,0.0,0.0,0.0,0.0,0.0,
mmlu_high_school_macroeconomics,dataset,downward_jumps,390,20,137.15,41.0,168.5,58.1,127.6,146.75124999999997,35.1,46.900000000000006,-96.15,-103.25,-89.25,70.10572366022603
mmlu_high_school_macroeconomics,dataset,jumps_ge_2pp,390,20,12.85,1.7,21.300000000000004,5.100000000000001,10.15,15.649999999999999,0.7000000000000001,2.85,-11.15,-13.301250000000001,-8.95,86.7704280155642
mmlu_high_school_macroeconomics,dataset,any_jump_ge_2pp,390,20,1.0,0.5,1.0,1.0,1.0,1.0000000000000002,0.3,0.7000000000000001,-0.5,-0.7000000000000001,-0.3,50.0
mmlu_high_school_mathematics,default,total_downward_pp,270,20,283.9074074074075,92.87037037037041,377.74074074074105,118.25925925925951,254.83194444444453,312.2037037037038,77.09259259259262,110.74074074074082,-191.03703703703707,-213.1486111111112,-169.7222222222223,67.28850042397755
mmlu_high_school_mathematics,default,maximum_drawdown_pp,270,20,20.333333333333332,12.22222222222222,24.222222222222225,19.851851851851855,18.88888888888889,21.888888888888893,9.092592592592593,15.351851851851853,-8.111111111111114,-11.351851851851851,-4.9629629629629655,39.89071038251367
mmlu_high_school_mathematics,default,switches,270,20,261.4,97.25,306.6,134.2,242.99875,278.85125,84.04875,110.55,-164.15,-175.4,-152.85000000000002,62.79648048967099
mmlu_high_school_mathematics,default,largest_drop_pp,270,20,19.0,11.703703703703702,22.70370370370371,19.851851851851855,17.5,20.629629629629633,8.61111111111111,14.796296296296298,-7.296296296296296,-10.593055555555559,-4.185185185185186,38.401559454191045
mmlu_high_school_mathematics,default,mean_drawdown_pp,270,20,1.1807275313722518,0.8332855763857147,2.0601107554742693,1.5825534725397599,0.9543524615150137,1.4228512675913247,0.6167034496773872,1.066063963826654,-0.3474419549865372,-0.45604206675811615,-0.24747673118935162,29.426090758020784
mmlu_high_school_mathematics,default,mean_regret_pp,270,20,2.2627190976985263,2.1596250571559255,2.9629426408575976,2.7939683991261557,1.9750166387237769,2.5456664126403545,1.9006147944927134,2.4057590306355783,-0.10309404054260055,-0.26426596555403253,0.07627714271198609,4.556201459008351
mmlu_high_school_mathematics,default,final_regret_pp,270,20,0.4444444444444457,0.3518518518518532,0.555555555555564,0.37037037037037646,0.037037037037037646,1.1111111111111127,0.037037037037037646,0.9259259259259278,-0.09259259259259245,-0.27777777777777735,0.0,20.833333333333254
mmlu_high_school_mathematics,default,downward_jumps,270,20,123.3,45.5,141.70000000000002,65.0,115.30000000000001,130.65125,39.3,51.9,-77.8,-82.9,-72.55000000000001,63.09813463098135
mmlu_high_school_mathematics,default,jumps_ge_2pp,270,20,52.5,14.35,71.30000000000001,20.1,46.25,58.70124999999999,11.75,17.0,-38.15,-43.05,-33.2,72.66666666666667
mmlu_high_school_mathematics,default,any_jump_ge_2pp,270,20,1.0,1.0,1.0,1.0,1.0,1.0000000000000002,1.0,1.0000000000000002,0.0,0.0,0.0,0.0
mmlu_high_school_mathematics,dataset,total_downward_pp,270,20,234.5925925925926,59.074074074074076,299.962962962963,81.62962962962956,212.1106481481482,260.2226851851851,50.37037037037037,68.37083333333332,-175.51851851851853,-197.5555555555555,-155.83287037037036,74.81844016419325
mmlu_high_school_mathematics,dataset,maximum_drawdown_pp,270,20,17.96296296296296,4.759259259259258,24.444444444444446,5.555555555555547,15.296296296296296,20.40740740740741,3.666666666666666,6.592592592592592,-13.203703703703706,-15.51851851851852,-10.574074074074076,73.50515463917526
mmlu_high_school_mathematics,dataset,switches,270,20,232.3,88.25,283.80000000000007,133.4,212.05,253.9,73.5,103.55,-144.05,-157.65,-130.9,62.010331467929404
mmlu_high_school_mathematics,dataset,largest_drop_pp,270,20,17.01851851851852,4.388888888888888,22.629629629629626,4.555555555555552,14.333333333333336,19.537037037037038,3.3333333333333326,6.185185185185184,-12.62962962962963,-14.925925925925926,-10.037037037037042,74.21109902067465
mmlu_high_school_mathematics,dataset,mean_drawdown_pp,270,20,0.5767403342986328,0.3902372605801961,0.8446070212874042,0.782500635065794,0.4649665447340339,0.6947459228776097,0.264354417517655,0.5229195244627337,-0.18650307371843677,-0.24991462175481374,-0.12840994767057864,32.33744245497255
mmlu_high_school_mathematics,dataset,mean_regret_pp,270,20,1.3067560839302985,1.2185540822029197,1.8834466290707763,1.8648519026571222,1.0778858659757184,1.5417502413250053,0.9825924655794371,1.4619349946654514,-0.08820200172737888,-0.1270077732053034,-0.05391352944165029,6.749691301386238
mmlu_high_school_mathematics,dataset,final_regret_pp,270,20,0.14814814814814947,0.14814814814814947,0.37037037037037646,0.37037037037037646,0.037037037037037646,0.31481481481481666,0.037037037037037646,0.31481481481481666,0.0,0.0,0.0,0.0
mmlu_high_school_mathematics,dataset,downward_jumps,270,20,105.3,37.9,126.30000000000001,54.000000000000014,97.80000000000001,113.15,32.05,44.1,-67.4,-73.2,-62.0,64.00759734093069
mmlu_high_school_mathematics,dataset,jumps_ge_2pp,270,20,42.7,10.6,68.0,16.70000000000001,35.6,50.05,7.950000000000001,13.75,-32.1,-37.650000000000006,-26.65,75.17564402810304
mmlu_high_school_mathematics,dataset,any_jump_ge_2pp,270,20,1.0,1.0,1.0,1.0,1.0,1.0000000000000002,1.0,1.0000000000000002,0.0,0.0,0.0,0.0
mmlu_high_school_microeconomics,default,total_downward_pp,238,20,70.58823529411748,16.533613445378112,89.78991596638639,25.96638655462184,61.97478991596623,79.45430672268888,13.528886554621808,19.538340336134414,-54.05462184873936,-62.1848739495797,-46.61764705882341,76.57738095238095
mmlu_high_school_microeconomics,default,maximum_drawdown_pp,238,20,4.180672268907562,1.869747899159663,10.126050420168065,2.5210084033613467,2.7731092436974785,5.924369747899159,1.6806722689075628,2.037815126050421,-2.310924369747901,-4.033613445378154,-0.9033613445378198,55.27638190954775
mmlu_high_school_microeconomics,default,switches,238,20,166.9,56.3,205.4,81.2,152.75,179.75,48.25,64.3,-110.6,-122.10000000000001,-99.05000000000001,66.26722588376273
mmlu_high_school_microeconomics,default,largest_drop_pp,238,20,4.138655462184874,1.7857142857142843,10.126050420168065,2.142857142857147,2.731092436974788,5.882352941176471,1.5966386554621825,1.974789915966385,-2.35294117647059,-4.117647058823529,-0.9243697478991598,56.85279187817263
mmlu_high_school_microeconomics,default,mean_drawdown_pp,238,20,0.1478395279680495,0.09446000622471186,0.31181622975987694,0.28972634805556097,0.10535135622876565,0.19377953795897382,0.05243603977538715,0.14224019673228727,-0.05337952174333767,-0.07665435455227816,-0.033177846301919174,36.10639351802707
mmlu_high_school_microeconomics,default,mean_regret_pp,238,20,0.5781109829552722,0.5583409834522032,0.8143466536941545,0.8016775337585983,0.5001038977682563,0.6544713310160652,0.4829993762210751,0.6312910131372793,-0.01976999950306911,-0.031738185470265995,-0.008180919426593856,3.419758504155351
mmlu_high_school_microeconomics,default,final_regret_pp,238,20,0.042016806722688926,0.042016806722688926,0.04201680672268952,0.04201680672268952,0.0,0.10504201680672232,0.0,0.10504201680672232,0.0,0.0,0.0,0.0
mmlu_high_school_microeconomics,default,downward_jumps,238,20,68.85,19.85,92.0,30.400000000000006,62.15,75.45000000000002,16.75,23.1,-49.0,-54.35000000000001,-43.748750000000015,71.16920842411038
mmlu_high_school_microeconomics,default,jumps_ge_2pp,238,20,5.05,0.85,10.200000000000003,2.0,3.45,6.75,0.30000000000000004,1.6000000000000003,-4.2,-5.85,-2.75,83.16831683168317
mmlu_high_school_microeconomics,default,any_jump_ge_2pp,238,20,0.9,0.45,1.0,1.0,0.75,1.0,0.25,0.6500000000000001,-0.45,-0.6500000000000001,-0.25,50.0
mmlu_high_school_microeconomics,dataset,total_downward_pp,238,20,53.78151260504186,11.050420168067195,66.4285714285712,16.428571428571374,48.86554621848725,59.07615546218472,9.285714285714256,12.857142857142819,-42.73109243697467,-47.815126050420034,-37.98319327731082,79.45312499999999
mmlu_high_school_microeconomics,dataset,maximum_drawdown_pp,238,20,2.226890756302521,1.5546218487394918,2.5210084033613467,2.1008403361344463,2.0798319327731076,2.373949579831933,1.3655462184873906,1.7436974789915922,-0.6722689075630284,-0.945378151260507,-0.42016806722689537,30.188679245283197
mmlu_high_school_microeconomics,dataset,switches,238,20,131.1,41.35,179.8,63.100000000000016,117.75,144.9,34.05,48.65,-89.75,-100.05,-80.2,68.45919145690313
mmlu_high_school_microeconomics,dataset,largest_drop_pp,238,20,2.184873949579832,1.5546218487394918,2.5210084033613467,2.1008403361344463,2.0378151260504187,2.3319327731092447,1.3655462184873906,1.7436974789915922,-0.6302521008403394,-0.8823529411764736,-0.3991596638655509,28.846153846154035
mmlu_high_school_microeconomics,dataset,mean_drawdown_pp,238,20,0.04005785320664203,0.004522070266014903,0.04564178612621503,0.00745919282745785,0.025467605342790703,0.06524345032130473,0.003580517174189936,0.00552900898921661,-0.03553578294062712,-0.06094879128121817,-0.020980941396166276,88.71115173674586
mmlu_high_school_microeconomics,dataset,mean_regret_pp,238,20,0.26739584722777926,0.24782592775672282,0.5647095439482951,0.5440319918817167,0.18432369679898028,0.3567510010540155,0.16473736553444837,0.3366762064302834,-0.0195699194710564,-0.022624736168977394,-0.016759416184774587,7.318707329955629
mmlu_high_school_microeconomics,dataset,final_regret_pp,238,20,0.021008403361344463,0.021008403361344463,0.0,0.0,0.0,0.06302521008403339,0.0,0.06302521008403339,0.0,0.0,0.0,0.0
mmlu_high_school_microeconomics,dataset,downward_jumps,238,20,55.9,15.05,68.00000000000001,21.1,50.900000000000006,60.951249999999995,12.700000000000001,17.35,-40.85,-45.15,-36.6,73.07692307692307
mmlu_high_school_microeconomics,dataset,jumps_ge_2pp,238,20,3.2,0.25,8.0,1.0,1.9000000000000004,4.699999999999999,0.1,0.45,-2.95,-4.35,-1.75,92.1875
mmlu_high_school_microeconomics,dataset,any_jump_ge_2pp,238,20,0.8,0.25,1.0,1.0,0.6000000000000001,0.9500000000000001,0.1,0.45,-0.55,-0.75,-0.35,68.75
mmlu_high_school_physics,default,total_downward_pp,151,20,106.09271523178793,43.874172185430396,162.3178807947019,70.79470198675483,85.8932119205297,128.5778145695362,34.03973509933769,55.100993377483334,-62.218543046357524,-75.43046357615887,-49.66887417218537,58.645443196005
mmlu_high_school_physics,default,maximum_drawdown_pp,151,20,14.933774834437088,7.980132450331124,28.079470198675498,20.331125827814574,10.52980132450331,19.33774834437086,4.701986754966884,11.589403973509931,-6.953642384105963,-11.357615894039736,-3.178807947019869,46.56319290465634
mmlu_high_school_physics,default,switches,151,20,154.65,69.45,185.3,88.60000000000001,144.8,163.9,62.550000000000004,76.15,-85.2,-91.20125000000002,-78.65,55.0921435499515
mmlu_high_school_physics,default,largest_drop_pp,151,20,14.238410596026487,7.7814569536423805,27.81456953642384,20.331125827814574,9.900662251655627,18.576986754966878,4.470198675496685,11.456953642384102,-6.456953642384109,-10.728476821192057,-2.8145695364238428,45.34883720930234
mmlu_high_school_physics,default,mean_drawdown_pp,151,20,1.0435832086636867,0.7886821078347762,1.6629420087163151,1.105851432766918,0.782700238943385,1.3801109275584067,0.5443456833439723,1.1310691376434105,-0.25490110082891027,-0.3851455507961788,-0.13723261000573433,24.425565562262406
mmlu_high_school_physics,default,mean_regret_pp,151,20,2.0874376854816257,2.0188263347773843,2.467396654142844,2.4814961007233216,1.8616130790234937,2.36910085165205,1.7565817451151375,2.324571656213903,-0.06861135070424126,-0.14729649609260118,-0.013256403634018513,3.2868694084351073
mmlu_high_school_physics,default,final_regret_pp,151,20,1.0596026490066186,1.0927152317880748,2.6490066225165476,2.6490066225165476,0.6622516556291369,1.4569536423841005,0.6953642384105924,1.5231788079470139,0.03311258278145657,-0.09933774834437137,0.19867549668874107,-3.1249999999999436
mmlu_high_school_physics,default,downward_jumps,151,20,59.15,25.95,72.30000000000001,33.0,54.95,63.400000000000006,23.4,28.6,-33.2,-36.25,-30.05,56.12848689771768
mmlu_high_school_physics,default,jumps_ge_2pp,151,20,8.65,3.8,15.500000000000007,8.300000000000004,5.45,12.549999999999999,2.25,5.5,-4.85,-7.25,-2.95,56.06936416184971
mmlu_high_school_physics,default,any_jump_ge_2pp,151,20,0.95,0.8,1.0,1.0,0.85,1.0,0.6000000000000001,0.9500000000000001,-0.15,-0.30000000000000004,0.0,15.789473684210519
mmlu_high_school_physics,dataset,total_downward_pp,151,20,110.8940397350992,40.69536423841056,150.46357615894007,48.543046357615964,99.63576158940388,122.64900662251642,35.19867549668874,47.052980132450294,-70.19867549668865,-79.93460264900654,-61.09271523178802,63.30247835174678
mmlu_high_school_physics,dataset,maximum_drawdown_pp,151,20,12.119205298013243,2.980132450331122,23.245033112582778,3.9735099337748325,8.24503311258278,16.192880794701974,2.715231788079466,3.245033112582779,-9.13907284768212,-13.27814569536424,-5.231788079470198,75.4098360655738
mmlu_high_school_physics,dataset,switches,151,20,153.5,74.25,190.4,100.5,138.15000000000003,168.25,63.35,84.95,-79.25,-87.2,-71.65,51.62866449511401
mmlu_high_school_physics,dataset,largest_drop_pp,151,20,11.887417218543044,2.7483443708609228,23.245033112582778,3.377483443708605,8.045529801324498,15.927152317880793,2.4503311258278115,3.0463576158940358,-9.13907284768212,-13.27897350993378,-5.198675496688743,76.88022284122566
mmlu_high_school_physics,dataset,mean_drawdown_pp,151,20,0.3011271435463353,0.20481395390390592,0.4913007389214575,0.40525837885602767,0.1995435547823603,0.4289086167435793,0.10879448919556808,0.331225401095143,-0.09631318964242941,-0.14300201258229409,-0.05587393015575962,31.984227163370743
mmlu_high_school_physics,dataset,mean_regret_pp,151,20,1.21341006810942,1.1861890397919486,1.8226198656004315,1.815862527147115,0.9802070084645381,1.4276125803449118,0.9478964129253565,1.408640702893144,-0.027221028317471068,-0.0451363406738166,-0.004605020572521663,2.2433494688142597
mmlu_high_school_physics,dataset,final_regret_pp,151,20,0.1655629139072834,0.1655629139072834,0.6622516556291314,0.6622516556291314,0.03311258278145657,0.33112582781456734,0.03311258278145657,0.33112582781456734,0.0,0.0,0.0,0.0
mmlu_high_school_physics,dataset,downward_jumps,151,20,64.85,30.0,86.0,39.80000000000001,58.75,71.0,25.8,34.1,-34.85,-38.5,-31.3,53.73939861218196
mmlu_high_school_physics,dataset,jumps_ge_2pp,151,20,11.6,3.2,23.60000000000001,6.400000000000006,8.05,15.650000000000002,1.85,4.7,-8.4,-11.25,-5.85,72.41379310344827
mmlu_high_school_physics,dataset,any_jump_ge_2pp,151,20,1.0,0.7,1.0,1.0,1.0,1.0000000000000002,0.5,0.9,-0.3,-0.5,-0.1,30.000000000000004
mmlu_high_school_psychology,default,total_downward_pp,545,20,74.85321100917398,13.76146788990818,87.5779816513758,19.357798165137446,70.15596330275201,79.62385321100878,12.01834862385317,15.743119266054928,-61.091743119265836,-65.56926605504562,-56.21995412844022,81.61539404338768
mmlu_high_school_psychology,default,maximum_drawdown_pp,545,20,2.6788990825688055,0.9174311926605487,6.642201834862386,1.1192660550458713,1.6513761467889858,3.7798165137614665,0.6697247706422005,1.3302752293577964,-1.7614678899082563,-2.788990825688073,-0.85321100917431,65.7534246575343
mmlu_high_school_psychology,default,switches,545,20,370.8,95.25,411.90000000000003,129.10000000000002,355.95000000000005,385.95000000000005,83.95,107.35125,-275.55,-292.65,-257.70000000000005,74.31229773462783
mmlu_high_school_psychology,default,largest_drop_pp,545,20,2.623853211009173,0.8899082568807326,6.477064220183492,0.9357798165137567,1.6055045871559632,3.706422018348624,0.65137614678899,1.2935779816513753,-1.7339449541284406,-2.7522935779816526,-0.8256880733944949,66.08391608391611
mmlu_high_school_psychology,default,mean_drawdown_pp,545,20,0.05657436242740488,0.014843244894587304,0.08890110883545717,0.02467606230925812,0.04767719390124902,0.06695421260836594,0.00882366180674397,0.023598867784542357,-0.04173111753281758,-0.05072598016752522,-0.0342196909475758,73.76330150669595
mmlu_high_school_psychology,default,mean_regret_pp,545,20,0.1247803682817562,0.09734272274125737,0.2121811669425473,0.18312437848166999,0.10346728826292764,0.14766238033336673,0.07793816769382715,0.11896032258165018,-0.027437645540498812,-0.03346072939364743,-0.02216253464136637,21.988751851208008
mmlu_high_school_psychology,default,final_regret_pp,545,20,0.009174311926605228,0.0,0.0,0.0,0.0,0.027522935779815683,0.0,0.0,-0.009174311926605228,-0.027522935779815683,0.0,100.0
mmlu_high_school_psychology,default,downward_jumps,545,20,162.6,38.05,183.3,55.1,154.65,170.8,33.1,43.101249999999986,-124.55,-134.85,-114.10000000000001,76.5990159901599
mmlu_high_school_psychology,default,jumps_ge_2pp,545,20,0.7,0.1,3.0,0.0,0.2,1.35,0.0,0.3,-0.6,-1.1,-0.2,85.71428571428572
mmlu_high_school_psychology,default,any_jump_ge_2pp,545,20,0.3,0.05,1.0,0.0,0.1,0.5,0.0,0.15,-0.25,-0.45,-0.1,83.33333333333334
mmlu_high_school_psychology,dataset,total_downward_pp,545,20,39.49541284403648,6.449541284403639,53.17431192660523,10.16513761467886,35.4036697247705,43.79816513761443,5.293577981651353,7.633027522935744,-33.04587155963284,-36.963302752293366,-29.220183486238376,83.67015098722415
mmlu_high_school_psychology,dataset,maximum_drawdown_pp,545,20,0.8623853211009145,0.5779816513761424,0.9357798165137567,0.7339449541284404,0.8165137614678875,0.9174311926605466,0.5321100917431149,0.6330275229357757,-0.284403669724772,-0.33944954128440563,-0.2201834862385349,32.9787234042556
mmlu_high_school_psychology,dataset,switches,545,20,233.6,61.25,293.3,88.30000000000001,213.95000000000002,253.35000000000002,52.400000000000006,70.3,-172.35,-189.45,-155.35,73.77996575342466
mmlu_high_school_psychology,dataset,largest_drop_pp,545,20,0.8623853211009145,0.5779816513761424,0.9357798165137567,0.7339449541284404,0.8165137614678875,0.9174311926605466,0.5321100917431149,0.6330275229357757,-0.284403669724772,-0.33944954128440563,-0.2201834862385349,32.9787234042556
mmlu_high_school_psychology,dataset,mean_drawdown_pp,545,20,0.014112791353764184,0.0014998114013348319,0.020087597065965877,0.0025517243529194714,0.01225882594992926,0.016150804116126693,0.0012030288010424243,0.0018085520921982316,-0.01261297995242935,-0.014497856833350324,-0.010907611592738972,89.37268068563347
mmlu_high_school_psychology,dataset,mean_regret_pp,545,20,0.03227711846178251,0.020426762929918827,0.05226895104851421,0.03536452537041633,0.02548533762278357,0.04083569783064704,0.013584556107323318,0.029220414168902708,-0.011850355531863681,-0.013785620988381523,-0.01006667975946644,36.71441595969916
mmlu_high_school_psychology,dataset,final_regret_pp,545,20,0.0,0.0,0.0,0.0,0.0,0.0,0.0,0.0,0.0,0.0,0.0,
mmlu_high_school_psychology,dataset,downward_jumps,545,20,97.7,19.55,124.5,29.1,88.5,107.05000000000001,16.450000000000003,22.6,-78.15,-86.55000000000001,-69.75,79.98976458546572
mmlu_high_school_psychology,dataset,jumps_ge_2pp,545,20,0.0,0.0,0.0,0.0,0.0,0.0,0.0,0.0,0.0,0.0,0.0,
mmlu_high_school_psychology,dataset,any_jump_ge_2pp,545,20,0.0,0.0,0.0,0.0,0.0,0.0,0.0,0.0,0.0,0.0,0.0,
mmlu_high_school_statistics,default,total_downward_pp,216,20,162.33796296296288,46.59722222222216,246.34259259259278,71.89814814814798,139.23611111111103,189.62962962962953,38.86574074074067,56.0879629629629,-115.74074074074072,-137.34027777777777,-97.61516203703698,71.2961642663625
mmlu_high_school_statistics,default,maximum_drawdown_pp,216,20,14.560185185185185,5.208333333333333,24.953703703703713,12.222222222222223,11.666666666666668,17.61574074074074,2.986111111111111,8.148148148148147,-9.351851851851851,-12.083333333333334,-6.736111111111112,64.2289348171701
mmlu_high_school_statistics,default,switches,216,20,246.8,104.4,289.70000000000005,122.9,229.05,263.25,96.55000000000001,112.0,-142.4,-153.9,-130.3,57.69854132901134
mmlu_high_school_statistics,default,largest_drop_pp,216,20,14.259259259259258,4.976851851851854,24.953703703703713,12.222222222222223,11.365740740740742,17.337962962962965,2.7314814814814836,7.962962962962964,-9.282407407407407,-11.968171296296298,-6.689814814814815,65.09740259740258
mmlu_high_school_statistics,default,mean_drawdown_pp,216,20,0.537119595590101,0.3757112736879525,0.7681501803586839,0.5648148148148139,0.453422369557484,0.6283358418432131,0.2928241534572964,0.4648063208098346,-0.1614083219021486,-0.22970742518924855,-0.09466116064624291,30.050723009801743
mmlu_high_school_statistics,default,mean_regret_pp,216,20,1.2743801757862099,1.2633141543463886,2.5338045521516017,2.3196857694457123,1.037591767007061,1.5568301326017362,1.032196644947416,1.5364072105370097,-0.011066021439821033,-0.05170507227048708,0.02913753302342154,0.8683453846882273
mmlu_high_school_statistics,default,final_regret_pp,216,20,0.185185185185186,0.185185185185186,0.462962962962965,0.462962962962965,0.092592592592593,0.277777777777779,0.092592592592593,0.277777777777779,0.0,0.0,0.0,0.0
mmlu_high_school_statistics,default,downward_jumps,216,20,103.1,41.6,123.00000000000001,49.60000000000001,95.4,110.65,38.75,44.7,-61.5,-67.15,-55.55,59.650824442289036
mmlu_high_school_statistics,default,jumps_ge_2pp,216,20,15.75,4.05,23.400000000000006,8.0,13.350000000000001,18.150000000000002,2.9499999999999997,5.3,-11.7,-13.350000000000001,-9.950000000000001,74.28571428571429
mmlu_high_school_statistics,default,any_jump_ge_2pp,216,20,1.0,0.95,1.0,1.0,1.0,1.0000000000000002,0.85,1.0,-0.05,-0.15,0.0,5.000000000000004
mmlu_high_school_statistics,dataset,total_downward_pp,216,20,89.93055555555529,29.907407407407284,116.8055555555551,40.046296296296205,79.4675925925923,101.57465277777756,25.138888888888793,35.486689814814675,-60.023148148148,-71.34317129629612,-50.41666666666653,66.74388674388678
mmlu_high_school_statistics,dataset,maximum_drawdown_pp,216,20,7.060185185185183,2.708333333333334,15.370370370370372,3.749999999999995,4.929976851851849,9.444444444444441,2.3842592592592604,3.0324074074074074,-4.351851851851849,-6.736111111111107,-2.1990740740740713,61.63934426229506
mmlu_high_school_statistics,dataset,switches,216,20,149.05,69.0,178.60000000000002,104.60000000000001,137.90000000000003,161.0,58.3,80.05,-80.05,-87.65,-72.15,53.70680979537068
mmlu_high_school_statistics,dataset,largest_drop_pp,216,20,7.060185185185183,2.708333333333334,15.370370370370372,3.749999999999995,4.929976851851849,9.444444444444441,2.3842592592592604,3.0324074074074074,-4.351851851851849,-6.736111111111107,-2.1990740740740713,61.63934426229506
mmlu_high_school_statistics,dataset,mean_drawdown_pp,216,20,0.055222146014326845,0.01388571355992472,0.07197200629985193,0.022144744195497553,0.04855387580653339,0.062401644185337335,0.011488260808819694,0.016457730020829894,-0.04133643245440214,-0.046407432810039055,-0.03651302837473943,74.85480995917433
mmlu_high_school_statistics,dataset,mean_regret_pp,216,20,0.34938779657572505,0.30877851445409743,0.5182644922013929,0.4842122643905898,0.2617073585073414,0.42943545826347596,0.22015119328862473,0.38973170057918,-0.04060928212162762,-0.04587405692729722,-0.035693714118782575,11.622982405118467
mmlu_high_school_statistics,dataset,final_regret_pp,216,20,0.06944444444444475,0.06944444444444475,0.462962962962965,0.462962962962965,0.0,0.1388888888888895,0.0,0.1388888888888895,0.0,0.0,0.0,0.0
mmlu_high_school_statistics,dataset,downward_jumps,216,20,66.4,28.3,82.0,38.300000000000004,62.150000000000006,70.95,24.550000000000004,32.2,-38.1,-41.55,-34.7,57.379518072289166
mmlu_high_school_statistics,dataset,jumps_ge_2pp,216,20,11.85,3.1,18.500000000000007,5.400000000000006,9.4,14.5,1.85,4.6,-8.75,-11.0,-6.75,73.83966244725738
mmlu_high_school_statistics,dataset,any_jump_ge_2pp,216,20,1.0,0.8,1.0,1.0,1.0,1.0000000000000002,0.6000000000000001,0.9500000000000001,-0.2,-0.4,-0.05,19.999999999999996
mmlu_high_school_us_history,default,total_downward_pp,204,20,74.14215686274495,20.196078431372502,111.66666666666653,32.54901960784308,63.16176470588222,86.34803921568613,16.029411764705834,24.656862745097985,-53.94607843137246,-64.485906862745,-44.166666666666586,72.76033057851241
mmlu_high_school_us_history,default,maximum_drawdown_pp,204,20,6.642156862745095,3.0882352941176423,11.421568627450977,4.90196078431372,5.392156862745097,8.014705882352938,2.5490196078431318,3.6274509803921537,-3.5539215686274526,-4.877450980392157,-2.377450980392159,53.5055350553506
mmlu_high_school_us_history,default,switches,204,20,117.9,41.05,152.10000000000002,56.400000000000006,105.30000000000001,130.5,35.35,46.800000000000004,-76.85,-87.75,-66.0,65.18235793044954
mmlu_high_school_us_history,default,largest_drop_pp,204,20,6.299019607843136,2.7450980392156814,10.098039215686278,3.9705882352941253,5.1470588235294095,7.574142156862735,2.3039215686274455,3.186274509803919,-3.553921568627453,-4.803921568627452,-2.450367647058833,56.42023346303509
mmlu_high_school_us_history,default,mean_drawdown_pp,204,20,0.47629117006279464,0.42260099391971595,0.8407592521394878,0.809467868483629,0.3419987148817398,0.6257043231235827,0.2806838893872716,0.5811483653010927,-0.05369017614307875,-0.11723126432853423,-0.003050731912227468,11.272553328250897
mmlu_high_school_us_history,default,mean_regret_pp,204,20,1.2885642274338873,1.297894684380646,1.998789639312501,1.9774089737565186,1.0810003631082024,1.4902666531391002,1.09612613382317,1.4959551703760603,0.009330456946758433,-0.02161401597676086,0.04814752516838227,-0.7240971577598319
mmlu_high_school_us_history,default,final_regret_pp,204,20,0.22058823529411686,0.22058823529411686,0.5392156862745086,0.5392156862745086,0.09803921568627416,0.3676470588235281,0.09803921568627416,0.3676470588235281,0.0,0.0,0.0,0.0
mmlu_high_school_us_history,default,downward_jumps,204,20,49.4,16.05,66.30000000000001,20.500000000000007,44.3,54.65,13.600000000000001,18.65,-33.35,-38.05,-28.65,67.51012145748987
mmlu_high_school_us_history,default,jumps_ge_2pp,204,20,9.05,1.95,19.1,5.0,6.65,11.9,1.05,2.9000000000000004,-7.1,-9.450000000000001,-5.15,78.45303867403314
mmlu_high_school_us_history,default,any_jump_ge_2pp,204,20,1.0,0.55,1.0,1.0,1.0,1.0000000000000002,0.35,0.75,-0.45,-0.6500000000000001,-0.25,44.99999999999999
mmlu_high_school_us_history,dataset,total_downward_pp,204,20,56.56862745098029,8.38235294117645,79.41176470588216,15.19607843137253,49.288602941176364,64.70588235294105,6.519607843137234,10.318627450980369,-48.18627450980384,-55.80882352941167,-41.17585784313718,85.18197573656846
mmlu_high_school_us_history,dataset,maximum_drawdown_pp,204,20,5.147058823529405,1.862745098039212,6.421568627450981,3.4803921568627447,4.779411764705877,5.539215686274506,1.446078431372545,2.3039215686274477,-3.2843137254901946,-3.823529411764705,-2.769607843137252,63.80952380952384
mmlu_high_school_us_history,dataset,switches,204,20,82.15,25.25,114.30000000000001,33.1,71.1,94.4,20.6,30.35,-56.9,-66.5,-47.7,69.26354230066951
mmlu_high_school_us_history,dataset,largest_drop_pp,204,20,4.950980392156858,1.7647058823529378,5.931372549019599,2.990196078431374,4.583333333333329,5.318627450980388,1.3970588235294086,2.156862745098037,-3.186274509803921,-3.7009803921568625,-2.671568627450978,64.35643564356438
mmlu_high_school_us_history,dataset,mean_drawdown_pp,204,20,0.16221681119797168,0.06189570962735104,0.38653224543266695,0.22226494083472084,0.09767459452916936,0.2315567730360109,0.016136777877454437,0.11771487462087184,-0.10032110157062064,-0.15189786335739758,-0.05210593859911419,61.843837780898895
mmlu_high_school_us_history,dataset,mean_regret_pp,204,20,0.5749142067865607,0.5753627522178049,1.064825494467931,1.0538112122118182,0.41197678599398896,0.7344839769604246,0.40850750067637603,0.7388610327936512,0.00044854543124430574,-0.01849377732211266,0.033791579449499475,-0.07801954203763455
mmlu_high_school_us_history,dataset,final_regret_pp,204,20,0.09803921568627416,0.09803921568627416,0.4901960784313708,0.4901960784313708,0.02450980392156854,0.19607843137254832,0.02450980392156854,0.19607843137254832,0.0,0.0,0.0,0.0
mmlu_high_school_us_history,dataset,downward_jumps,204,20,34.45,8.95,41.90000000000001,13.200000000000003,30.550000000000004,38.650000000000006,7.05,10.95,-25.5,-29.15,-21.9,74.02031930333818
mmlu_high_school_us_history,dataset,jumps_ge_2pp,204,20,7.9,0.3,12.0,1.0,6.05,10.3,0.1,0.55,-7.6,-9.85,-5.8,96.20253164556962
mmlu_high_school_us_history,dataset,any_jump_ge_2pp,204,20,1.0,0.25,1.0,1.0,1.0,1.0000000000000002,0.05,0.45,-0.75,-0.95,-0.55,75.0
mmlu_high_school_world_history,default,total_downward_pp,237,20,35.63291139240509,7.299578059071739,52.32067510548533,11.43459915611821,30.253164556962048,41.24472573839665,6.033755274261614,8.607594936708862,-28.333333333333343,-33.629219409282726,-23.227848101265835,79.51450562462995
mmlu_high_school_world_history,default,maximum_drawdown_pp,237,20,3.6286919831223647,1.5822784810126582,8.016877637130804,1.7299578059071758,2.5316455696202564,4.7679324894514785,1.2236286919831219,2.151898734177215,-2.046413502109706,-3.122362869198314,-1.0548523206751066,56.39534883720932
mmlu_high_school_world_history,default,switches,237,20,104.8,35.4,137.3,55.400000000000006,91.9,117.15,28.15,43.65,-69.4,-79.0,-59.9,66.22137404580154
mmlu_high_school_world_history,default,largest_drop_pp,237,20,3.502109704641353,1.4556962025316462,8.016877637130804,1.6877637130801704,2.426160337552746,4.620780590717296,1.0970464135021092,2.025316455696203,-2.0464135021097065,-3.0801687763713113,-1.0970464135021114,58.433734939759056
mmlu_high_school_world_history,default,mean_drawdown_pp,237,20,0.10320969191520542,0.057290069716853076,0.20070119078468762,0.15914933965816158,0.07633154705739206,0.1339323852685314,0.03550389927751101,0.0821701439373108,-0.045919622198352356,-0.07101175486939852,-0.023364509090621367,44.491579566072915
mmlu_high_school_world_history,default,mean_regret_pp,237,20,0.6730356734273458,0.6600352243856643,0.8900322637437368,0.8831337702423143,0.5902536689870437,0.7529211612046419,0.5673768415819166,0.7457341205080136,-0.013000449041681749,-0.028290944721716164,-0.0020914396566447434,1.931613665510245
mmlu_high_school_world_history,default,final_regret_pp,237,20,0.10548523206750926,0.10548523206750926,0.42194092827003704,0.42194092827003704,0.042194092827003704,0.18987341772151667,0.042194092827003704,0.18987341772151667,0.0,0.0,0.0,0.0
mmlu_high_school_world_history,default,downward_jumps,237,20,39.55,11.05,52.2,17.400000000000006,34.54875,44.449999999999996,8.950000000000001,13.35,-28.5,-32.85,-24.3,72.0606826801517
mmlu_high_school_world_history,default,jumps_ge_2pp,237,20,1.65,0.05,4.0,0.0,1.0,2.3512499999999825,0.0,0.15,-1.6,-2.3000000000000003,-0.9500000000000002,96.96969696969697
mmlu_high_school_world_history,default,any_jump_ge_2pp,237,20,0.75,0.05,1.0,0.0,0.55,0.9000000000000001,0.0,0.15,-0.7,-0.9,-0.5,93.33333333333333
mmlu_high_school_world_history,dataset,total_downward_pp,237,20,21.87763713080166,5.4641350210970385,31.89873417721509,9.957805907172956,18.312236286919813,25.37974683544302,4.029535864978907,7.1729957805907105,-16.41350210970462,-19.64135021097044,-13.27004219409282,75.02410800385728
mmlu_high_school_world_history,dataset,maximum_drawdown_pp,237,20,1.708860759493671,1.097046413502111,2.1097046413502185,1.7299578059071747,1.5400843881856523,1.87763713080169,0.9071729957805919,1.3080168776371321,-0.6118143459915604,-0.8227848101265811,-0.42194092827004037,35.802469135802404
mmlu_high_school_world_history,dataset,switches,237,20,72.75,28.2,108.60000000000001,46.60000000000001,61.75000000000001,84.25,22.1,34.650000000000006,-44.55,-52.95,-36.5,61.23711340206186
mmlu_high_school_world_history,dataset,largest_drop_pp,237,20,1.708860759493671,1.097046413502111,2.1097046413502185,1.7299578059071747,1.5400843881856523,1.87763713080169,0.9071729957805919,1.3080168776371321,-0.6118143459915604,-0.8227848101265811,-0.42194092827004037,35.802469135802404
mmlu_high_school_world_history,dataset,mean_drawdown_pp,237,20,0.011254395630118865,0.0015930759223323006,0.01923296295636897,0.0032863784755400604,0.00906516906979792,0.013596599679670399,0.0011473311692294019,0.00209420907670836,-0.009661319707786565,-0.01171866912221911,-0.007698987776966695,85.84485587063483
mmlu_high_school_world_history,dataset,mean_regret_pp,237,20,0.3132128371851345,0.3056866084692816,0.5289605509299663,0.5122438039171484,0.23216887461978103,0.40417064770800765,0.22610457000467424,0.39554993758914003,-0.007526228715852854,-0.009635010217181866,-0.005581040813998468,2.4029119570869573
mmlu_high_school_world_history,dataset,final_regret_pp,237,20,0.042194092827003704,0.042194092827003704,0.0421940928270043,0.0421940928270043,0.0,0.10548523206750926,0.0,0.10548523206750926,0.0,0.0,0.0,0.0
mmlu_high_school_world_history,dataset,downward_jumps,237,20,28.0,8.8,42.400000000000006,18.1,23.8,32.30124999999999,6.700000000000001,11.149999999999999,-19.2,-22.95,-15.399999999999999,68.57142857142857
mmlu_high_school_world_history,dataset,jumps_ge_2pp,237,20,0.5,0.1,2.0,0.10000000000000142,0.2,0.85,0.0,0.25,-0.4,-0.7,-0.15000000000000002,80.0
mmlu_high_school_world_history,dataset,any_jump_ge_2pp,237,20,0.35,0.1,1.0,0.10000000000000142,0.15000000000000002,0.55,0.0,0.25,-0.25,-0.45,-0.1,71.42857142857142
mmlu_human_aging,default,total_downward_pp,223,20,167.26457399103117,49.0582959641255,217.488789237668,79.73094170403577,149.12499999999977,186.07623318385623,41.05381165919278,57.78026905829591,-118.20627802690566,-131.68161434977557,-105.13396860986532,70.67024128686326
mmlu_human_aging,default,maximum_drawdown_pp,223,20,11.210762331838561,6.950672645739907,15.874439461883412,13.991031390134527,9.237668161434975,13.27354260089686,5.269058295964124,8.834080717488787,-4.260089686098655,-6.053811659192828,-2.6003363228699627,38.00000000000001
mmlu_human_aging,default,switches,223,20,277.5,99.9,329.6,125.70000000000002,259.54875,294.8,90.14875,109.8,-177.6,-188.10000000000002,-166.10000000000002,64.0
mmlu_human_aging,default,largest_drop_pp,223,20,10.695067264573987,6.614349775784751,15.695067264573993,13.497757847533629,8.811659192825111,12.600896860986545,4.955156950672644,8.452914798206276,-4.0807174887892375,-5.8744394618834095,-2.3991031390134516,38.15513626834382
mmlu_human_aging,default,mean_drawdown_pp,223,20,0.5876964257386131,0.5661805504352097,1.1288591573737068,1.219952885379496,0.40426912011249017,0.8373220075028863,0.32383641559474524,0.8933775507696137,-0.02151587530340352,-0.13041177627183737,0.12125643208411804,3.6610526048992846
mmlu_human_aging,default,mean_regret_pp,223,20,0.9266304853788997,0.9647750064609427,1.6929863564221754,2.3291916260204366,0.6780587264454809,1.2341039173058692,0.6546560133702435,1.3365138308893438,0.03814452108204287,-0.05296924143673501,0.17395379251841395,-4.116475950653157
mmlu_human_aging,default,final_regret_pp,223,20,0.0,0.0,0.0,0.0,0.0,0.0,0.0,0.0,0.0,0.0,0.0,
mmlu_human_aging,default,downward_jumps,223,20,114.2,38.6,133.3,50.0,107.25,120.85,34.800000000000004,42.25,-75.6,-80.5,-70.65,66.19964973730296
mmlu_human_aging,default,jumps_ge_2pp,223,20,19.15,4.65,31.300000000000004,8.200000000000003,15.600000000000001,22.8,3.4000000000000004,5.9,-14.5,-17.3,-11.75,75.71801566579634
mmlu_human_aging,default,any_jump_ge_2pp,223,20,1.0,0.9,1.0,1.0,1.0,1.0000000000000002,0.75,1.0,-0.1,-0.25,0.0,9.999999999999998
mmlu_human_aging,dataset,total_downward_pp,223,20,138.07174887892353,33.49775784753358,188.6995515695065,55.73991031390132,121.41255605381146,155.02298206278007,27.443946188340785,39.99999999999994,-104.57399103138998,-119.23766816143478,-90.33632286995501,75.7388762585255
mmlu_human_aging,dataset,maximum_drawdown_pp,223,20,9.372197309417036,3.4080717488789203,14.798206278026903,5.784753363228709,7.600896860986545,11.188340807174885,2.533632286995511,4.484304932735423,-5.9641255605381165,-7.757847533632287,-4.2825112107623315,63.63636363636366
mmlu_human_aging,dataset,switches,223,20,252.5,98.4,294.6,126.5,237.15,267.1,88.9,107.60125,-154.1,-165.45,-142.64875000000004,61.02970297029703
mmlu_human_aging,dataset,largest_drop_pp,223,20,8.94618834080717,3.2735426008968576,14.798206278026903,5.695067264573999,7.2421524663677115,10.695067264573987,2.443946188340803,4.282511210762328,-5.672645739910314,-7.443946188340805,-4.058295964125561,63.40852130325817
mmlu_human_aging,dataset,mean_drawdown_pp,223,20,0.3108149876031795,0.20653869900788163,0.6009609118459076,0.4590971956895242,0.23452555443094145,0.3967045460469819,0.13753110376760525,0.2802024007155816,-0.10427628859529789,-0.17498981516858444,-0.048770130403081285,33.54931156937271
mmlu_human_aging,dataset,mean_regret_pp,223,20,0.530720207226873,0.5152765023464206,0.7555275519240193,0.7974391572694353,0.44879751959323233,0.6297071423411189,0.4212638984778981,0.6208478844224573,-0.015443704880452528,-0.10681761815707849,0.08095224263657061,2.909952300695125
mmlu_human_aging,dataset,final_regret_pp,223,20,0.0,0.0,0.0,0.0,0.0,0.0,0.0,0.0,0.0,0.0,0.0,
mmlu_human_aging,dataset,downward_jumps,223,20,103.6,36.3,117.70000000000002,46.60000000000001,96.34875,110.45,32.4,40.30124999999999,-67.3,-73.15,-61.25,64.96138996138997
mmlu_human_aging,dataset,jumps_ge_2pp,223,20,16.3,2.5,22.900000000000013,6.400000000000006,12.650000000000002,20.5,1.2,4.001249999999982,-13.8,-17.2,-10.75,84.66257668711656
mmlu_human_aging,dataset,any_jump_ge_2pp,223,20,1.0,0.55,1.0,1.0,1.0,1.0000000000000002,0.35,0.75,-0.45,-0.6500000000000001,-0.25,44.99999999999999
mmlu_human_sexuality,default,total_downward_pp,131,20,41.259541984732806,11.297709923664119,61.22137404580148,19.92366412213741,33.51145038167938,50.30534351145035,9.007633587786254,13.664122137404583,-29.961832061068684,-37.40553435114502,-23.624999999999996,72.61794634597594
mmlu_human_sexuality,default,maximum_drawdown_pp,131,20,6.106870229007631,3.473282442748091,8.549618320610692,4.961832061068705,4.885496183206104,7.519083969465648,2.32824427480916,5.076335877862594,-2.6335877862595414,-3.5114503816793907,-1.755725190839692,43.12499999999999
mmlu_human_sexuality,default,switches,131,20,55.55,21.8,76.5,37.1,48.35,63.0,17.7,26.2,-33.75,-37.949999999999996,-29.750000000000004,60.75607560756076
mmlu_human_sexuality,default,largest_drop_pp,131,20,5.419847328244272,3.16793893129771,7.862595419847332,4.809160305343511,4.198473282442745,6.908396946564884,2.099236641221373,4.770992366412214,-2.2519083969465625,-3.1297709923664114,-1.374045801526715,41.54929577464785
mmlu_human_sexuality,default,mean_drawdown_pp,131,20,0.6093791478093091,0.3994759866795294,1.4370050955331553,0.9312415964708934,0.3911533904395628,0.8436500074458223,0.23495274599813953,0.5852106520599029,-0.20990316112977983,-0.3471877448219152,-0.08103214221738866,34.44541249636983
mmlu_human_sexuality,default,mean_regret_pp,131,20,1.1551774372122847,1.2254552203855864,2.207999620155092,2.218915844928314,0.8072724113893054,1.494758086272277,0.8878753936034987,1.555472734257479,0.07027778317330166,-0.017214042607376235,0.213630605140423,-6.0837219382416725
mmlu_human_sexuality,default,final_regret_pp,131,20,0.4961832061068711,0.4961832061068711,1.526717557251911,1.526717557251911,0.19083969465648887,0.8015267175572532,0.19083969465648887,0.8015267175572532,0.0,0.0,0.0,0.0
mmlu_human_sexuality,default,downward_jumps,131,20,22.9,8.1,33.0,13.100000000000001,19.95,26.000000000000004,6.65,9.600000000000001,-14.8,-17.0,-12.8,64.62882096069869
mmlu_human_sexuality,default,jumps_ge_2pp,131,20,6.8,1.25,13.0,3.0,5.0,8.7,0.7500000000000001,1.75,-5.55,-7.250000000000001,-3.9500000000000006,81.61764705882354
mmlu_human_sexuality,default,any_jump_ge_2pp,131,20,1.0,0.65,1.0,1.0,1.0,1.0000000000000002,0.45,0.8500000000000001,-0.35,-0.55,-0.15000000000000002,35.0
mmlu_human_sexuality,dataset,total_downward_pp,131,20,39.69465648854961,7.442748091603055,56.71755725190845,13.129770992366433,33.85496183206105,46.10687022900761,5.305343511450388,9.923664122137412,-32.25190839694656,-38.74045801526717,-26.145038167938928,81.24999999999999
mmlu_human_sexuality,dataset,maximum_drawdown_pp,131,20,5.534351145038167,2.213740458015266,7.404580152671763,3.206106870229004,4.4274809160305315,6.8702290076335855,1.8320610687022887,2.671755725190839,-3.320610687022898,-4.580152671755723,-2.2519083969465616,60.000000000000014
mmlu_human_sexuality,dataset,switches,131,20,52.45,16.6,76.70000000000002,25.900000000000013,44.6,61.300000000000004,13.0,20.851249999999983,-35.85,-42.050000000000004,-29.85,68.35081029551954
mmlu_human_sexuality,dataset,largest_drop_pp,131,20,5.3053435114503795,2.1374045801526718,7.328244274809167,3.206106870229004,4.312977099236637,6.488549618320608,1.7557251908396942,2.5954198473282437,-3.1679389312977064,-4.427480916030531,-2.0992366412213705,59.71223021582732
mmlu_human_sexuality,dataset,mean_drawdown_pp,131,20,0.23086369394859596,0.12794298873198717,0.6981204151532242,0.44766017693003457,0.0844224199142326,0.4130345615704861,0.032214679279244304,0.24449473073096414,-0.10292070521660875,-0.2550877096430966,-0.020770610363291683,44.58072356735533
mmlu_human_sexuality,dataset,mean_regret_pp,131,20,0.37094661236611043,0.32202431439072693,1.0515056750124658,0.9493187611012921,0.1815815145020907,0.5783503508169904,0.15845921091536155,0.4961968567833616,-0.04892229797538341,-0.11325529246979048,-0.013820743416920932,13.188501079260167
mmlu_human_sexuality,dataset,final_regret_pp,131,20,0.0,0.0,0.0,0.0,0.0,0.0,0.0,0.0,0.0,0.0,0.0,
mmlu_human_sexuality,dataset,downward_jumps,131,20,21.55,5.8,31.1,11.200000000000003,18.450000000000003,24.75,4.2,7.6,-15.75,-18.3,-13.3,73.08584686774942
mmlu_human_sexuality,dataset,jumps_ge_2pp,131,20,8.4,1.05,13.300000000000004,3.0,6.8999999999999995,10.1,0.6000000000000001,1.55,-7.35,-9.15,-5.7,87.5
mmlu_human_sexuality,dataset,any_jump_ge_2pp,131,20,1.0,0.55,1.0,1.0,1.0,1.0000000000000002,0.35,0.75,-0.45,-0.6500000000000001,-0.25,44.99999999999999
mmlu_international_law,default,total_downward_pp,121,20,30.74380165289253,11.280991735537176,51.90082644628095,22.396694214876025,23.305785123966913,39.09090909090905,6.859504132231395,16.85950413223139,-19.46280991735535,-23.966942148760314,-15.330578512396674,63.306451612903224
mmlu_international_law,default,maximum_drawdown_pp,121,20,6.1157024793388395,3.388429752066112,10.743801652892559,7.685950413223142,4.876033057851237,7.396694214876032,2.190082644628097,4.71074380165289,-2.7272727272727275,-3.7190082644628113,-1.7768595041322315,44.594594594594625
mmlu_international_law,default,switches,121,20,48.4,19.9,67.0,31.1,43.0,53.650000000000006,16.4,23.551249999999985,-28.5,-32.150000000000006,-24.65,58.88429752066116
mmlu_international_law,default,largest_drop_pp,121,20,5.826446280991734,3.223140495867766,10.000000000000002,7.685950413223142,4.545454545454544,7.1487603305785115,2.0247933884297504,4.58677685950413,-2.6033057851239674,-3.595041322314051,-1.6528925619834718,44.68085106382981
mmlu_international_law,default,mean_drawdown_pp,121,20,0.7523064352515887,0.6338010710662845,1.6086940023829546,1.4214370097164983,0.49958892708704816,1.0399369350909535,0.38738145289610315,0.9174966544989069,-0.11850536418530408,-0.25225925672957944,-0.022198696203204086,15.752273094098054
mmlu_international_law,default,mean_regret_pp,121,20,1.6378536175681213,1.605585026321318,2.4172453308441266,2.489553688652108,1.3687792019873206,1.9395629852241447,1.3330675272636254,1.9088445183110876,-0.03226859124680313,-0.099619915660487,0.010494628225657542,1.9701755334347606
mmlu_international_law,default,final_regret_pp,121,20,1.4462809917355435,1.198347107438023,1.8181818181818257,1.6528925619834767,1.0330578512396764,1.9421487603305847,0.9090909090909166,1.528925619834716,-0.24793388429752042,-0.7024793388429745,0.0,17.142857142857057
mmlu_international_law,default,downward_jumps,121,20,16.75,6.25,23.70000000000001,9.600000000000009,14.150000000000002,19.55,4.699999999999999,8.049999999999999,-10.5,-12.05,-9.0,62.6865671641791
mmlu_international_law,default,jumps_ge_2pp,121,20,4.2,1.55,9.100000000000001,5.0,2.85,5.65,0.75,2.4000000000000004,-2.65,-3.6500000000000004,-1.75,63.09523809523811
mmlu_international_law,default,any_jump_ge_2pp,121,20,1.0,0.5,1.0,1.0,1.0,1.0000000000000002,0.3,0.7000000000000001,-0.5,-0.7000000000000001,-0.3,50.0
mmlu_international_law,dataset,total_downward_pp,121,20,44.29752066115701,13.099173553718998,65.53719008264473,20.33057851239672,37.272727272727245,51.901859504132226,10.247933884297511,16.363636363636346,-31.198347107438007,-37.727272727272734,-25.289256198347104,70.42910447761196
mmlu_international_law,dataset,maximum_drawdown_pp,121,20,6.033057851239669,3.1404958677685926,9.173553719008268,5.867768595041326,5.164256198347106,6.983471074380166,2.354338842975203,4.090909090909089,-2.8925619834710767,-3.8429752066115723,-1.942148760330581,47.94520547945209
mmlu_international_law,dataset,switches,121,20,75.95,28.45,105.4,41.300000000000004,68.14875,83.95125,24.5,32.7,-47.5,-53.75,-41.650000000000006,62.54114549045424
mmlu_international_law,dataset,largest_drop_pp,121,20,5.4958677685950414,2.768595041322313,9.090909090909085,5.0413223140495935,4.6280991735537205,6.404958677685951,2.024793388429751,3.677685950413223,-2.727272727272729,-3.6363636363636354,-1.8181818181818206,49.62406015037596
mmlu_international_law,dataset,mean_drawdown_pp,121,20,0.5315741942338488,0.43845163379348195,1.0133946527635471,0.9860134022417992,0.35464638875608057,0.7140472468233543,0.2661793239178664,0.6194935202260519,-0.09312256044036686,-0.18181539917077125,-0.027754884178625917,17.518262069621944
mmlu_international_law,dataset,mean_regret_pp,121,20,1.0904259221314103,1.0642336209578918,1.650120033290583,1.658564103342466,0.8346621107139536,1.3367268350927288,0.8045040942862162,1.3167987159347074,-0.026192301173518284,-0.039045792257662956,-0.014484881370681579,2.4020248090142204
mmlu_international_law,dataset,final_regret_pp,121,20,0.2892561983471104,0.2892561983471104,0.8264462809917439,0.8264462809917439,0.12396694214876158,0.45454545454545914,0.12396694214876158,0.45454545454545914,0.0,0.0,0.0,0.0
mmlu_international_law,dataset,downward_jumps,121,20,26.1,8.95,35.1,13.0,23.5,28.950000000000003,7.699999999999999,10.25,-17.15,-19.400000000000002,-15.0,65.7088122605364
mmlu_international_law,dataset,jumps_ge_2pp,121,20,5.45,1.35,11.0,3.0,3.8499999999999996,7.200000000000001,0.7000000000000001,2.0,-4.1,-5.5,-2.8000000000000003,75.22935779816513
mmlu_international_law,dataset,any_jump_ge_2pp,121,20,1.0,0.55,1.0,1.0,1.0,1.0000000000000002,0.35,0.75,-0.45,-0.6500000000000001,-0.25,44.99999999999999
mmlu_jurisprudence,default,total_downward_pp,108,20,34.120370370370345,11.85185185185184,60.92592592592589,26.94444444444443,27.222222222222197,41.52777777777776,7.824074074074067,16.57407407407406,-22.268518518518505,-27.4537037037037,-17.638888888888875,65.26458616010855
mmlu_jurisprudence,default,maximum_drawdown_pp,108,20,8.148148148148147,3.7037037037037015,13.518518518518519,7.592592592592594,6.157407407407406,10.277777777777775,2.546296296296294,5.046296296296296,-4.444444444444443,-6.481481481481479,-2.5925925925925926,54.54545454545457
mmlu_jurisprudence,default,switches,108,20,42.3,16.75,57.300000000000004,24.60000000000001,35.7,48.85124999999999,12.900000000000002,21.450000000000003,-25.55,-29.900000000000002,-21.1,60.401891252955075
mmlu_jurisprudence,default,largest_drop_pp,108,20,7.499999999999998,3.425925925925925,13.33333333333333,7.500000000000001,5.60185185185185,9.537037037037035,2.4074074074074057,4.62962962962963,-4.0740740740740735,-5.879629629629628,-2.407407407407408,54.32098765432098
mmlu_jurisprudence,default,mean_drawdown_pp,108,20,1.0584768582025093,0.8279606767261081,1.8489813544683216,1.720062998526645,0.8084581237616215,1.314553167708174,0.5789605878168975,1.0932790987146257,-0.23051618147640135,-0.3972028527155407,-0.07615677234161525,21.77810310070081
mmlu_jurisprudence,default,mean_regret_pp,108,20,1.4645125234974357,1.5774653254077131,2.2117563379566123,2.4108875679520403,1.1621313443072714,1.7604614388050608,1.2416501549560552,1.9166276101204094,0.1129528019102777,0.017552583447645386,0.2630610806279525,-7.712655241795564
mmlu_jurisprudence,default,final_regret_pp,108,20,1.0648148148148153,1.1574074074074077,1.851851851851849,1.851851851851849,0.6944444444444448,1.435185185185185,0.7870370370370378,1.5277777777777768,0.09259259259259245,0.0,0.27777777777777735,-8.695652173913016
mmlu_jurisprudence,default,downward_jumps,108,20,15.9,6.0,23.200000000000003,8.600000000000009,13.600000000000001,18.2,4.7,7.550000000000001,-9.9,-11.8,-8.15,62.264150943396224
mmlu_jurisprudence,default,jumps_ge_2pp,108,20,3.2,1.1,7.0,3.1000000000000014,2.25,4.25,0.55,1.75,-2.1,-2.951249999999999,-1.3,65.625
mmlu_jurisprudence,default,any_jump_ge_2pp,108,20,0.9,0.5,1.0,1.0,0.75,1.0,0.3,0.7000000000000001,-0.4,-0.6000000000000001,-0.2,44.44444444444444
mmlu_jurisprudence,dataset,total_downward_pp,108,20,47.22222222222217,15.046296296296273,116.75925925925928,35.185185185185176,33.42592592592587,63.10185185185181,10.648148148148126,20.185185185185166,-32.17592592592591,-43.42592592592591,-22.12962962962961,68.13725490196079
mmlu_jurisprudence,dataset,maximum_drawdown_pp,108,20,8.33333333333333,3.4722222222222188,16.85185185185185,7.592592592592594,5.972222222222221,10.833333333333329,2.4537037037037006,4.675925925925924,-4.861111111111111,-6.851851851851852,-2.9629629629629637,58.33333333333336
mmlu_jurisprudence,dataset,switches,108,20,53.2,23.95,68.40000000000002,33.1,45.85,61.35,20.150000000000002,27.500000000000004,-29.25,-34.900000000000006,-24.1,54.9812030075188
mmlu_jurisprudence,dataset,largest_drop_pp,108,20,7.8240740740740735,3.3796296296296253,16.018518518518526,7.592592592592594,5.555555555555553,10.32407407407407,2.361111111111109,4.58333333333333,-4.444444444444445,-6.388888888888888,-2.6388888888888875,56.8047337278107
mmlu_jurisprudence,dataset,mean_drawdown_pp,108,20,0.6877000457247358,0.6390032007315946,1.2727226540669625,1.2256261748717194,0.4258363816491386,0.9766098917847865,0.37962804196514693,0.93256172839506,-0.048696844993141156,-0.10485063252552976,-0.010300449626581278,7.081117021276596
mmlu_jurisprudence,dataset,mean_regret_pp,108,20,1.133147894121832,1.1271401717217913,2.2892343646801816,2.3082863384646646,0.8080567621805627,1.4636891606970481,0.800093989737338,1.4613651374282381,-0.006007722400040464,-0.013933343494385807,0.002845412284712797,0.5301799024827771
mmlu_jurisprudence,dataset,final_regret_pp,108,20,0.6018518518518519,0.6018518518518519,1.851851851851849,1.851851851851849,0.2777777777777779,0.9722222222222215,0.2777777777777779,0.9722222222222215,0.0,0.0,0.0,0.0
mmlu_jurisprudence,dataset,downward_jumps,108,20,20.15,8.2,29.0,11.500000000000007,17.0,23.75,6.65,9.85,-11.95,-14.6,-9.45,59.30521091811415
mmlu_jurisprudence,dataset,jumps_ge_2pp,108,20,4.95,1.3,13.100000000000001,3.1000000000000014,3.1,7.050000000000001,0.6500000000000001,2.0,-3.65,-5.2,-2.25,73.73737373737374
mmlu_jurisprudence,dataset,any_jump_ge_2pp,108,20,0.95,0.55,1.0,1.0,0.85,1.0,0.35,0.75,-0.4,-0.6000000000000001,-0.2,42.10526315789473
mmlu_logical_fallacies,default,total_downward_pp,163,20,79.75460122699384,24.26380368098159,112.88343558282209,38.77300613496931,68.18941717791408,91.53374233128835,18.404907975460116,30.18481595092023,-55.49079754601225,-65.00000000000001,-46.25766871165642,69.57692307692308
mmlu_logical_fallacies,default,maximum_drawdown_pp,163,20,11.073619631901838,5.920245398773006,13.619631901840494,10.429447852760733,9.877300613496931,12.392638036809814,4.5705521472392645,7.300613496932513,-5.153374233128834,-7.024539877300613,-3.52760736196319,46.537396121883646
mmlu_logical_fallacies,default,switches,163,20,80.7,30.1,107.30000000000001,43.300000000000004,73.4,88.25,26.1,34.2,-50.6,-56.70125,-44.8,62.70136307311028
mmlu_logical_fallacies,default,largest_drop_pp,163,20,10.3680981595092,5.674846625766872,12.944785276073624,10.429447852760733,9.20245398773006,11.625766871165645,4.294478527607363,7.055214723926381,-4.693251533742329,-6.472392638036809,-3.1288343558282197,45.266272189349095
mmlu_logical_fallacies,default,mean_drawdown_pp,163,20,0.7078285331136405,0.549757932873594,1.3028940717600472,0.8999572043721226,0.5062048781439801,0.9415935168108762,0.35707612463982663,0.7825023035757357,-0.15807060024004654,-0.23617108771988685,-0.08210863955905198,22.331764381511388
mmlu_logical_fallacies,default,mean_regret_pp,163,20,2.0650340204331683,2.0104033801576042,3.1833869324177506,3.184903598317718,1.6916338032488432,2.49264751597169,1.6449185767874848,2.433631473884209,-0.054630640275564725,-0.13433254851448892,0.00019313792319865152,2.645508003016075
mmlu_logical_fallacies,default,final_regret_pp,163,20,1.5337423312883425,1.503067484662576,2.4539877300613466,2.4539877300613466,1.1963190184049077,1.8404907975460116,1.1656441717791415,1.809815950920245,-0.030674846625766694,-0.09202453987730008,0.0,1.9999999999999754
mmlu_logical_fallacies,default,downward_jumps,163,20,33.45,12.05,49.2,19.200000000000003,29.200000000000003,37.85,9.700000000000001,14.4,-21.4,-24.5,-18.25,63.9760837070254
mmlu_logical_fallacies,default,jumps_ge_2pp,163,20,9.8,2.7,16.0,5.200000000000003,7.65,12.05,1.75,3.7,-7.1,-9.0,-5.3500000000000005,72.44897959183673
mmlu_logical_fallacies,default,any_jump_ge_2pp,163,20,1.0,0.8,1.0,1.0,1.0,1.0000000000000002,0.6000000000000001,0.9500000000000001,-0.2,-0.4,-0.05,19.999999999999996
mmlu_logical_fallacies,dataset,total_downward_pp,163,20,120.5828220858896,22.699386503067498,175.95092024539892,38.77300613496936,102.23926380368103,140.24539877300617,17.02453987730063,28.804447852760752,-97.8834355828221,-114.41947852760741,-82.66871165644174,81.1752734673111
mmlu_logical_fallacies,dataset,maximum_drawdown_pp,163,20,11.595092024539877,4.5398773006134965,12.944785276073624,7.423312883435585,10.950920245398773,12.208588957055216,3.2822085889570563,5.9509202453987715,-7.0552147239263805,-8.312883435582823,-5.6748466257668735,60.846560846560855
mmlu_logical_fallacies,dataset,switches,163,20,104.2,36.55,137.3,45.1,93.64874999999999,114.80125,31.200000000000003,42.2,-67.65,-77.5,-58.400000000000006,64.92322456813821
mmlu_logical_fallacies,dataset,largest_drop_pp,163,20,11.073619631901838,4.1717791411042935,12.88343558282209,7.4233128834355755,10.398773006134968,11.748466257668712,3.006134969325153,5.521472392638035,-6.901840490797547,-8.12883435582822,-5.582822085889573,62.32686980609418
mmlu_logical_fallacies,dataset,mean_drawdown_pp,163,20,0.5771694386245184,0.3785726333808691,1.2030060095098327,0.7436290971237753,0.3766376297634535,0.8430056679812041,0.21028008135351284,0.6145026297704245,-0.19859680524364937,-0.28485257812293113,-0.12620646729758878,34.40875277750939
mmlu_logical_fallacies,dataset,mean_regret_pp,163,20,1.703094528153807,1.6406045474885098,2.3136375865496293,2.363553737786869,1.3912834227580753,2.0740674526007035,1.3437022469795623,1.998921431688,-0.06248998066529785,-0.12671813293966958,-0.016269587363719556,3.669202127790156
mmlu_logical_fallacies,dataset,final_regret_pp,163,20,1.0736196319018405,1.0736196319018405,1.8404907975460127,1.8404907975460127,0.7668711656441718,1.3803680981595097,0.7668711656441718,1.3803680981595097,0.0,0.0,0.0,0.0
mmlu_logical_fallacies,dataset,downward_jumps,163,20,44.1,14.65,60.2,20.200000000000003,39.400000000000006,49.05,12.0,17.45,-29.45,-33.6,-25.55,66.78004535147393
mmlu_logical_fallacies,dataset,jumps_ge_2pp,163,20,14.8,2.25,23.60000000000001,5.100000000000001,11.750000000000002,18.05,1.3,3.25,-12.55,-15.25,-10.05,84.79729729729729
mmlu_logical_fallacies,dataset,any_jump_ge_2pp,163,20,1.0,0.65,1.0,1.0,1.0,1.0000000000000002,0.45,0.8500000000000001,-0.35,-0.55,-0.15000000000000002,35.0
mmlu_machine_learning,default,total_downward_pp,112,20,112.41071428571419,27.0535714285714,162.49999999999991,46.517857142857075,92.09598214285705,134.6886160714285,21.025669642857107,33.571428571428534,-85.3571428571428,-104.6428571428571,-67.0970982142857,75.93328038125497
mmlu_machine_learning,default,maximum_drawdown_pp,112,20,17.54464285714286,5.848214285714286,25.0,13.035714285714294,13.839285714285714,20.937500000000004,4.107142857142856,7.991071428571431,-11.696428571428573,-14.910714285714288,-8.214285714285715,66.66666666666667
mmlu_machine_learning,default,switches,112,20,88.8,31.3,111.60000000000001,40.2,79.6,98.35,26.4,35.9,-57.5,-64.6,-50.55,64.75225225225225
mmlu_machine_learning,default,largest_drop_pp,112,20,16.830357142857146,5.491071428571428,22.589285714285722,13.035714285714294,13.169642857142858,20.267857142857146,3.7042410714285685,7.7232142857142865,-11.339285714285717,-14.732142857142858,-7.767857142857143,67.3740053050398
mmlu_machine_learning,default,mean_drawdown_pp,112,20,1.3862197656840507,0.9108914399092963,2.3151218820861708,1.7346702569916879,0.997817460317459,1.8480495323129242,0.5760425524376412,1.3136633125472392,-0.4753283257747543,-0.9033833498677255,-0.19094742063492007,34.28953601308639
mmlu_machine_learning,default,mean_regret_pp,112,20,3.254050925925926,3.1203939909297067,4.681854686318982,4.703160430839009,2.677412544879063,3.91232343631897,2.64936342592593,3.639587171674226,-0.13365693499621917,-0.4100706254724084,0.04812718490173811,4.107401452489187
mmlu_machine_learning,default,final_regret_pp,112,20,1.5625000000000007,1.6071428571428577,2.7678571428571455,2.7678571428571455,1.0714285714285716,2.05357142857143,1.116071428571428,2.098214285714288,0.044642857142856984,0.0,0.13392857142857095,-2.8571428571428457
mmlu_machine_learning,default,downward_jumps,112,20,37.15,13.35,48.2,19.0,33.400000000000006,40.949999999999996,11.149999999999999,15.45,-23.8,-26.549999999999997,-21.1,64.06460296096904
mmlu_machine_learning,default,jumps_ge_2pp,112,20,13.15,3.55,20.400000000000006,7.200000000000003,9.75,16.85,2.45,4.75,-9.6,-12.45,-7.0,73.00380228136883
mmlu_machine_learning,default,any_jump_ge_2pp,112,20,1.0,0.9,1.0,1.0,1.0,1.0000000000000002,0.75,1.0,-0.1,-0.25,0.0,9.999999999999998
mmlu_machine_learning,dataset,total_downward_pp,112,20,68.03571428571428,23.392857142857146,86.69642857142857,34.999999999999986,62.008928571428555,73.8392857142857,19.374999999999996,27.678571428571423,-44.64285714285712,-49.24218749999999,-40.35714285714283,65.61679790026245
mmlu_machine_learning,dataset,maximum_drawdown_pp,112,20,6.0267857142857135,3.3928571428571415,8.303571428571452,4.46428571428571,4.285714285714284,8.482142857142856,2.991071428571429,3.839285714285713,-2.6339285714285716,-5.0000000000000036,-0.8928571428571426,43.703703703703724
mmlu_machine_learning,dataset,switches,112,20,76.75,33.65,96.30000000000001,47.2,69.75,83.3,29.3,38.05,-43.1,-47.300000000000004,-39.2,56.156351791530945
mmlu_machine_learning,dataset,largest_drop_pp,112,20,6.0267857142857135,3.3928571428571415,8.303571428571452,4.46428571428571,4.285714285714284,8.482142857142856,2.991071428571429,3.839285714285713,-2.6339285714285716,-5.0000000000000036,-0.8928571428571426,43.703703703703724
mmlu_machine_learning,dataset,mean_drawdown_pp,112,20,0.057811318972033246,0.016593442932728672,0.08080593348450558,0.026266061980347526,0.05012282690854118,0.06584260440287242,0.013451908541194383,0.020136526832955363,-0.04121787603930456,-0.04635564295162527,-0.03596200633030979,71.29724208375889
mmlu_machine_learning,dataset,mean_regret_pp,112,20,0.6806146069538906,0.6441917044595595,1.096655328798182,1.0498630007558536,0.5287323436318959,0.8303701341647742,0.4949888983371115,0.7907829624905488,-0.036422902494331034,-0.04153704884731684,-0.03129724111866966,5.351472348990982
mmlu_machine_learning,dataset,final_regret_pp,112,20,0.17857142857142794,0.17857142857142794,0.8928571428571397,0.8928571428571397,0.044642857142856984,0.3571428571428559,0.044642857142856984,0.3571428571428559,0.0,0.0,0.0,0.0
mmlu_machine_learning,dataset,downward_jumps,112,20,32.45,12.85,40.0,17.1,29.6,35.1,11.05,14.7,-19.6,-21.45,-17.85,60.40061633281972
mmlu_machine_learning,dataset,jumps_ge_2pp,112,20,12.55,4.1,16.300000000000004,8.100000000000001,10.950000000000001,14.2,2.75,5.501249999999983,-8.45,-9.8,-7.15,67.33067729083666
mmlu_machine_learning,dataset,any_jump_ge_2pp,112,20,1.0,0.9,1.0,1.0,1.0,1.0000000000000002,0.75,1.0,-0.1,-0.25,0.0,9.999999999999998
mmlu_management,default,total_downward_pp,103,20,32.6699029126214,13.8349514563107,46.01941747572825,27.864077669902944,24.75728155339808,43.49514563106803,9.660194174757299,18.59223300970876,-18.834951456310705,-27.37864077669906,-12.378640776699038,57.65230312035661
mmlu_management,default,maximum_drawdown_pp,103,20,7.475728155339811,4.9514563106796174,13.592233009708742,7.961165048543699,6.262135922330103,8.834951456310687,3.834951456310688,6.116504854368938,-2.5242718446601944,-3.9805825242718447,-1.3106796116504857,33.76623376623374
mmlu_management,default,switches,103,20,32.5,14.85,46.400000000000006,24.300000000000004,27.950000000000003,37.55,12.25,17.700000000000003,-17.65,-21.05,-14.45,54.3076923076923
mmlu_management,default,largest_drop_pp,103,20,6.65048543689321,4.563106796116511,9.805825242718454,7.961165048543689,5.485436893203891,7.912621359223307,3.4951456310679667,5.728155339805832,-2.0873786407766994,-3.543689320388349,-0.9223300970873795,31.38686131386859
mmlu_management,default,mean_drawdown_pp,103,20,1.237244408137047,0.8755808310903053,2.2371501485461325,2.004726943929506,0.9274613099290273,1.5492253258065327,0.5722791270863664,1.196364198112715,-0.3616635770467422,-0.5879368670206633,-0.1552258215421565,29.231376975169244
mmlu_management,default,mean_regret_pp,103,20,1.6971788453549237,1.68669159309182,2.6523950663831974,2.649183258100223,1.2931707180835275,2.115084414700312,1.2846326319721542,2.1034653491270543,-0.010487252263103177,-0.07331371337403984,0.04382110926083003,0.6179226362505419
mmlu_management,default,final_regret_pp,103,20,0.9708737864077681,0.7766990291262144,3.8834951456310773,2.1359223300970904,0.43689320388349495,1.6019417475728182,0.2912621359223305,1.3592233009708754,-0.19417475728155387,-0.582524271844661,0.09708737864077666,20.00000000000001
mmlu_management,default,downward_jumps,103,20,12.55,5.45,18.300000000000004,10.100000000000001,10.5,14.95,4.1000000000000005,6.950000000000001,-7.1,-8.65,-5.65,56.57370517928287
mmlu_management,default,jumps_ge_2pp,103,20,4.6,2.05,7.300000000000004,4.100000000000001,3.1000000000000005,6.449999999999999,1.3,2.8999999999999995,-2.55,-4.1,-1.35,55.43478260869565
mmlu_management,default,any_jump_ge_2pp,103,20,0.95,0.8,1.0,1.0,0.85,1.0,0.6000000000000001,0.9500000000000001,-0.15,-0.30000000000000004,0.0,15.789473684210519
mmlu_management,dataset,total_downward_pp,103,20,59.223300970873844,13.980582524271863,100.8737864077671,32.42718446601947,41.116504854368976,81.40776699029132,9.173543689320397,19.368932038834977,-45.242718446601984,-63.2050970873787,-31.116504854368973,76.39344262295081
mmlu_management,dataset,maximum_drawdown_pp,103,20,8.349514563106803,4.27184466019418,13.68932038834952,7.961165048543699,6.504854368932044,10.242718446601948,3.0582524271844704,5.631067961165055,-4.07766990291262,-5.29126213592233,-2.9126213592233006,48.83720930232556
mmlu_management,dataset,switches,103,20,50.3,18.6,72.20000000000002,28.0,42.25,58.55,15.4,21.75,-31.7,-37.5,-26.1,63.02186878727634
mmlu_management,dataset,largest_drop_pp,103,20,7.669902912621367,4.174757281553403,11.844660194174766,7.864077669902922,6.019417475728161,9.368932038834958,2.961165048543695,5.48543689320389,-3.495145631067962,-4.5631067961165055,-2.475728155339806,45.569620253164544
mmlu_management,dataset,mean_drawdown_pp,103,20,0.6498430752366094,0.376095767744368,1.4228869268929607,1.3744584437392435,0.3783874104097498,0.9776155290930499,0.16066355260907036,0.6334567435755113,-0.2737473074922414,-0.44911806188316766,-0.12433730270943975,42.12514034908649
mmlu_management,dataset,mean_regret_pp,103,20,0.9111271701525263,0.8373149282754337,1.6218095746797785,1.5957869453957663,0.6185235806076599,1.2363789654486252,0.550576205388158,1.1579284534794017,-0.07381224187709254,-0.18955691010078804,-0.01030213689983701,8.101200830695907
mmlu_management,dataset,final_regret_pp,103,20,0.14563106796116498,0.04854368932038833,0.09708737864077803,0.0,0.0,0.3883495145631066,0.0,0.14563106796116498,-0.09708737864077666,-0.29126213592232997,0.0,66.66666666666667
mmlu_management,dataset,downward_jumps,103,20,19.55,5.95,31.500000000000007,11.100000000000001,15.850000000000001,23.400000000000002,4.4,7.6,-13.6,-16.35,-11.100000000000001,69.56521739130436
mmlu_management,dataset,jumps_ge_2pp,103,20,8.25,1.7,16.0,4.0,5.550000000000001,11.05,1.05,2.4000000000000004,-6.55,-8.85,-4.3500000000000005,79.39393939393939
mmlu_management,dataset,any_jump_ge_2pp,103,20,0.9,0.7,1.0,1.0,0.75,1.0,0.5,0.9,-0.2,-0.4,-0.05,22.22222222222223
mmlu_marketing,default,total_downward_pp,234,20,68.05555555555557,17.02991452991453,95.25641025641035,27.008547008546994,59.16666666666668,77.45726495726498,13.760683760683758,20.44871794871795,-51.025641025641036,-58.65384615384618,-43.52564102564103,74.97645211930926
mmlu_marketing,default,maximum_drawdown_pp,234,20,5.384615384615385,2.7564102564102586,7.264957264957273,4.3162393162393125,4.529914529914532,6.282051282051284,2.307692307692309,3.2264957264957266,-2.6282051282051286,-3.440170940170941,-1.8162393162393164,48.809523809523775
mmlu_marketing,default,switches,234,20,119.45,33.7,162.70000000000002,53.2,102.69999999999999,137.0,28.35,39.25,-85.75,-99.55,-72.55000000000001,71.78735872750104
mmlu_marketing,default,largest_drop_pp,234,20,4.636752136752138,2.5427350427350444,6.410256410256411,4.27350427350427,3.8675213675213693,5.491452991452994,2.094017094017094,3.0128205128205146,-2.094017094017095,-2.8205128205128207,-1.4102564102564101,45.16129032258062
mmlu_marketing,default,mean_drawdown_pp,234,20,0.8237446665746756,0.5207235872003202,1.3426514395175366,1.0193044969873097,0.6409279010181187,1.0153434901772962,0.34663382061292786,0.7320205734260813,-0.3030210793743555,-0.4523299662069842,-0.1792487141608694,36.785801677404294
mmlu_marketing,default,mean_regret_pp,234,20,1.6358362892076055,1.6109623027951572,2.3863848507723135,2.3350595097983513,1.3856012735286194,1.892577914681423,1.3561041847604005,1.8720314431971548,-0.02487398641244804,-0.052689236829787746,-0.0005357099374198457,1.5205669770596177
mmlu_marketing,default,final_regret_pp,234,20,0.34188034188034067,0.34188034188034067,0.8547008547008517,0.8547008547008517,0.17094017094017033,0.512820512820511,0.17094017094017033,0.512820512820511,0.0,0.0,0.0,0.0
mmlu_marketing,default,downward_jumps,234,20,50.5,13.55,66.30000000000001,19.500000000000007,43.400000000000006,58.1,11.3,16.0,-36.95,-42.95,-31.2,73.16831683168317
mmlu_marketing,default,jumps_ge_2pp,234,20,10.2,2.45,20.1,6.200000000000003,7.5,13.15,1.3000000000000003,3.75,-7.75,-10.2,-5.550000000000001,75.98039215686273
mmlu_marketing,default,any_jump_ge_2pp,234,20,1.0,0.65,1.0,1.0,1.0,1.0000000000000002,0.45,0.8500000000000001,-0.35,-0.55,-0.15000000000000002,35.0
mmlu_marketing,dataset,total_downward_pp,234,20,44.14529914529915,9.700854700854697,66.02564102564104,15.555555555555568,35.98290598290599,53.162393162393165,7.7564102564102555,11.70940170940171,-34.44444444444444,-43.6752136752137,-25.940170940170923,78.02516940948694
mmlu_marketing,dataset,maximum_drawdown_pp,234,20,3.8461538461538476,1.7735042735042739,6.025641025641027,2.350427350427357,3.1410256410256423,4.636752136752137,1.4102564102564092,2.2222222222222245,-2.0726495726495724,-2.9273504273504254,-1.282051282051283,53.88888888888889
mmlu_marketing,dataset,switches,234,20,98.0,38.75,147.10000000000002,61.80000000000001,80.30000000000001,116.65,31.450000000000003,46.550000000000004,-59.25,-73.95,-45.4,60.45918367346939
mmlu_marketing,dataset,largest_drop_pp,234,20,3.8461538461538476,1.7735042735042739,6.025641025641027,2.350427350427357,3.1410256410256423,4.636752136752137,1.4102564102564092,2.2222222222222245,-2.0726495726495724,-2.9273504273504254,-1.282051282051283,53.88888888888889
mmlu_marketing,dataset,mean_drawdown_pp,234,20,0.02856578545087553,0.004255917836164748,0.03893907787545058,0.0072131449149491975,0.021596043592719546,0.03804626179982293,0.002716428167520284,0.0062662505445031744,-0.024309867614710788,-0.03311668195333901,-0.01797459030364996,85.10134495169532
mmlu_marketing,dataset,mean_regret_pp,234,20,0.7501129590398309,0.7367675587048771,1.2238807585436229,1.2021439219919712,0.5978077829454816,0.9118676661174243,0.5870704850880514,0.8955054815572341,-0.013345400334953822,-0.01850559925108811,-0.00880377053216541,1.7791187545988199
mmlu_marketing,dataset,final_regret_pp,234,20,0.4273504273504264,0.36324786324786196,0.8547008547008517,0.8547008547008517,0.17094017094017033,0.7264957264957256,0.17094017094017033,0.5769230769230749,-0.06410256410256443,-0.1923076923076933,0.0,15.00000000000011
mmlu_marketing,dataset,downward_jumps,234,20,37.1,11.85,51.80000000000001,19.0,30.75,44.05124999999999,9.55,14.25,-25.25,-31.20125,-19.75,68.05929919137466
mmlu_marketing,dataset,jumps_ge_2pp,234,20,6.0,0.6,13.100000000000001,2.0,4.15,8.05,0.2,1.1,-5.4,-7.4,-3.6,90.0
mmlu_marketing,dataset,any_jump_ge_2pp,234,20,0.9,0.35,1.0,1.0,0.75,1.0,0.15000000000000002,0.55,-0.55,-0.75,-0.35,61.111111111111114
mmlu_medical_genetics,default,total_downward_pp,100,20,27.19999999999999,11.99999999999999,52.599999999999966,28.09999999999996,19.998749999999983,34.951249999999966,8.249999999999996,16.299999999999983,-15.199999999999989,-21.69999999999999,-9.849999999999993,55.88235294117649
mmlu_medical_genetics,default,maximum_drawdown_pp,100,20,6.799999999999999,4.999999999999998,14.000000000000002,10.20000000000001,4.949999999999995,8.750000000000002,3.299999999999996,6.85,-1.8,-3.1500000000000017,-0.7499999999999973,26.47058823529413
mmlu_medical_genetics,default,switches,100,20,44.2,25.65,60.300000000000004,37.1,39.8,48.85,22.200000000000003,29.45,-18.55,-21.35,-15.75,41.968325791855214
mmlu_medical_genetics,default,largest_drop_pp,100,20,6.749999999999998,4.999999999999998,14.000000000000002,10.20000000000001,4.849999999999997,8.749999999999998,3.299999999999996,6.85,-1.7500000000000004,-3.100000000000003,-0.6500000000000017,25.925925925925934
mmlu_medical_genetics,default,mean_drawdown_pp,100,20,0.3561925925925923,0.26648888888888866,0.7656000000000008,0.6988740740740748,0.21288,0.5248499999999995,0.12968629629629647,0.4393362962962955,-0.08970370370370358,-0.17620740740740704,-0.027315925925925928,25.184045252256368
mmlu_medical_genetics,default,mean_regret_pp,100,20,0.576103703703703,0.5605185185185181,0.9403259259259266,0.9457777777777784,0.43473888888888834,0.7367711111111104,0.42011740740740694,0.723679629629629,-0.015585185185185138,-0.059540740740740575,0.00807407407407405,2.7052742561781153
mmlu_medical_genetics,default,final_regret_pp,100,20,0.0,0.0,0.0,0.0,0.0,0.0,0.0,0.0,0.0,0.0,0.0,
mmlu_medical_genetics,default,downward_jumps,100,20,12.05,5.65,19.1,9.100000000000001,10.149999999999999,14.100000000000001,4.45,7.1,-6.4,-7.55,-5.3,53.11203319502074
mmlu_medical_genetics,default,jumps_ge_2pp,100,20,4.3,1.95,8.200000000000003,6.200000000000003,2.9,5.9,1.0,3.1000000000000005,-2.35,-3.25,-1.55,54.65116279069767
mmlu_medical_genetics,default,any_jump_ge_2pp,100,20,0.95,0.7,1.0,1.0,0.85,1.0,0.5,0.9,-0.25,-0.45,-0.05,26.315789473684212
mmlu_medical_genetics,dataset,total_downward_pp,100,20,25.449999999999996,9.699999999999996,36.199999999999974,16.100000000000012,21.55,29.5,7.399999999999998,12.049999999999994,-15.750000000000004,-18.6,-12.900000000000002,61.88605108055011
mmlu_medical_genetics,dataset,maximum_drawdown_pp,100,20,5.350000000000001,3.7500000000000013,9.100000000000009,5.40000000000001,4.000000000000002,6.800000000000001,2.6499999999999995,5.1,-1.6000000000000008,-2.7500000000000013,-0.6000000000000005,29.90654205607476
mmlu_medical_genetics,dataset,switches,100,20,74.9,34.05,88.10000000000002,45.400000000000006,68.65,81.6,29.700000000000003,38.55,-40.85,-47.4,-34.400000000000006,54.53938584779707
mmlu_medical_genetics,dataset,largest_drop_pp,100,20,5.350000000000001,3.7500000000000013,9.100000000000009,5.40000000000001,4.000000000000002,6.800000000000001,2.6499999999999995,5.1,-1.6000000000000008,-2.7500000000000013,-0.6000000000000005,29.90654205607476
mmlu_medical_genetics,dataset,mean_drawdown_pp,100,20,0.03884444444444438,0.02539259259259257,0.07837037037037049,0.04616296296296317,0.0213037037037037,0.06163037037037022,0.009214814814814799,0.04718592592592588,-0.013451851851851823,-0.017155555555555556,-0.010162592592592523,34.63005339435541
mmlu_medical_genetics,dataset,mean_regret_pp,100,20,0.879318518518517,0.880755555555554,1.1653037037037024,1.1783703703703687,0.8030477777777764,0.9612599999999984,0.804025555555554,0.9633792592592576,0.0014370370370370034,-0.0009337037037038505,0.004029629629629561,-0.16342622232705234
mmlu_medical_genetics,dataset,final_regret_pp,100,20,0.0,0.0,0.0,0.0,0.0,0.0,0.0,0.0,0.0,0.0,0.0,
mmlu_medical_genetics,dataset,downward_jumps,100,20,16.15,5.45,22.200000000000003,8.200000000000003,14.3,18.15,4.35,6.65,-10.7,-12.651250000000001,-8.8,66.25386996904025
mmlu_medical_genetics,dataset,jumps_ge_2pp,100,20,3.75,1.65,6.100000000000001,3.0,2.8,4.75,1.1500000000000001,2.1500000000000004,-2.1,-2.95,-1.35,56.0
mmlu_medical_genetics,dataset,any_jump_ge_2pp,100,20,0.95,0.85,1.0,1.0,0.85,1.0,0.7,1.0,-0.1,-0.25,0.0,10.526315789473683
mmlu_miscellaneous,default,total_downward_pp,783,20,135.17241379310315,17.47765006385691,164.38058748403557,30.791826309067506,122.73259897828831,149.6170178799487,14.540229885057414,20.760057471264293,-117.69476372924623,-132.93757982120022,-104.1060025542782,87.07010582010582
mmlu_miscellaneous,default,maximum_drawdown_pp,783,20,6.353767560664113,1.8071519795657718,8.480204342273312,4.636015325670504,5.325670498084291,7.43933588761175,1.194125159642398,2.52234993614304,-4.546615581098341,-5.830140485312901,-3.346104725415071,71.55778894472364
mmlu_miscellaneous,default,switches,783,20,419.55,102.6,492.40000000000003,165.20000000000002,388.8,452.80125,81.65,125.10125,-316.95,-342.25,-295.3,75.5452270289596
mmlu_miscellaneous,default,largest_drop_pp,783,20,6.283524904214559,1.8007662835249032,8.4418901660281,4.636015325670504,5.280970625798213,7.318167305236269,1.1877394636015297,2.515964240102172,-4.482758620689657,-5.721583652618136,-3.307790549169861,71.34146341463416
mmlu_miscellaneous,default,mean_drawdown_pp,783,20,0.0755240478347562,0.019919650358297878,0.11894061903766842,0.0406328535588725,0.06515727309967635,0.08703755505741047,0.012847211839160834,0.028445672167831455,-0.05560439747645833,-0.0668319499017815,-0.04502265334807581,73.62475803484298
mmlu_miscellaneous,default,mean_regret_pp,783,20,0.19125777340163574,0.15524771553015165,0.3103344973840071,0.28151673707212466,0.15722409011609081,0.22617156726021503,0.11951644776605602,0.19290337763177426,-0.03601005787148415,-0.0431474951102198,-0.029404920547152723,18.828023160064728
mmlu_miscellaneous,default,final_regret_pp,783,20,0.019157088122604415,0.019157088122604415,0.12771392081736277,0.12771392081736277,0.0,0.03831417624520883,0.0,0.03831417624520883,0.0,0.0,0.0,0.0
mmlu_miscellaneous,default,downward_jumps,783,20,196.65,45.4,229.9,77.1,183.49875,211.45,36.550000000000004,55.35,-151.25,-165.05,-139.35,76.91329773709636
mmlu_miscellaneous,default,jumps_ge_2pp,783,20,5.75,0.4,9.900000000000013,1.1000000000000014,3.85,8.1,0.05,0.8500000000000001,-5.35,-7.799999999999999,-3.45,93.04347826086956
mmlu_miscellaneous,default,any_jump_ge_2pp,783,20,0.95,0.2,1.0,1.0,0.85,1.0,0.05,0.4,-0.75,-0.95,-0.55,78.94736842105263
mmlu_miscellaneous,dataset,total_downward_pp,783,20,60.54278416347351,9.476372924648723,83.2694763729243,17.688378033205492,52.04980842911853,68.94636015325638,7.285919540229818,11.90948275862064,-51.0664112388248,-58.77410600255396,-43.59482758620668,84.34764265372854
mmlu_miscellaneous,dataset,maximum_drawdown_pp,783,20,3.173690932311621,0.7407407407407386,6.500638569604083,1.0217113665389477,2.2030651340996137,4.189016602809703,0.644955300127712,0.8301404853128969,-2.4329501915708813,-3.435664112388254,-1.4750957854406122,76.65995975855137
mmlu_miscellaneous,dataset,switches,783,20,222.35,57.75,297.70000000000005,92.40000000000002,197.04875,248.29999999999998,47.099999999999994,69.75,-164.6,-185.85000000000002,-143.7,74.02743422532045
mmlu_miscellaneous,dataset,largest_drop_pp,783,20,3.173690932311621,0.7407407407407386,6.500638569604083,1.0217113665389477,2.2030651340996137,4.189016602809703,0.644955300127712,0.8301404853128969,-2.4329501915708813,-3.435664112388254,-1.4750957854406122,76.65995975855137
mmlu_miscellaneous,dataset,mean_drawdown_pp,783,20,0.019033186106808254,0.002037889127691749,0.029746632761855348,0.003257819555290066,0.014757609054766545,0.024134813850662566,0.0015434273544841413,0.002594940750249376,-0.016995296979116507,-0.021647101807404773,-0.013117411567881224,89.29296904755853
mmlu_miscellaneous,dataset,mean_regret_pp,783,20,0.12677272461740746,0.11211543632448073,0.2316821501898983,0.21456711952218588,0.0957205747966131,0.1581482082566319,0.08105886294195674,0.1439766116368916,-0.014657288292926746,-0.017707066033491623,-0.01174229854731369,11.561862646055413
mmlu_miscellaneous,dataset,final_regret_pp,783,20,0.012771392081736277,0.012771392081736277,0.012771392081736459,0.012771392081736459,0.0,0.03192848020434069,0.0,0.03192848020434069,0.0,0.0,0.0,0.0
mmlu_miscellaneous,dataset,downward_jumps,783,20,106.25,25.45,144.3,39.20000000000002,93.7,119.05,20.3,31.25,-80.8,-91.30000000000001,-70.45,76.04705882352941
mmlu_miscellaneous,dataset,jumps_ge_2pp,783,20,1.3,0.0,4.0,0.0,0.65,2.05,0.0,0.0,-1.3,-2.05,-0.65,100.0
mmlu_miscellaneous,dataset,any_jump_ge_2pp,783,20,0.5,0.0,1.0,0.0,0.3,0.7000000000000001,0.0,0.0,-0.5,-0.7000000000000001,-0.3,100.0
mmlu_moral_disputes,default,total_downward_pp,346,20,223.85838150289027,52.572254335260126,279.5086705202313,77.9190751445086,200.72218208092497,249.523843930636,45.3612716763006,60.78034682080926,-171.28612716763013,-196.69111271676312,-149.13222543352612,76.51539603640823
mmlu_moral_disputes,default,maximum_drawdown_pp,346,20,12.96242774566474,6.719653179190752,17.658959537572258,10.664739884393063,11.083815028901734,14.985910404624274,4.812138728323701,9.161849710982658,-6.242774566473988,-8.063583815028903,-4.508670520231213,48.16053511705685
mmlu_moral_disputes,default,switches,346,20,382.55,133.5,432.0,170.2,360.9,403.2,120.95000000000002,145.65,-249.05,-267.80125000000004,-229.2,65.10260096719382
mmlu_moral_disputes,default,largest_drop_pp,346,20,12.254335260115607,6.473988439306359,17.658959537572258,10.404624277456644,10.23085260115607,14.465317919075146,4.566473988439306,8.930997109826587,-5.780346820809248,-7.658959537572255,-4.046242774566475,47.16981132075471
mmlu_moral_disputes,default,mean_drawdown_pp,346,20,0.3519106329424077,0.26876447097637224,0.5656126907755759,0.5376885790197289,0.2694388138347167,0.4551731536240708,0.18643734616369848,0.3658013471388456,-0.08314616196603565,-0.10978779407560839,-0.05845152973147566,23.627067267286247
mmlu_moral_disputes,default,mean_regret_pp,346,20,0.5826876694596971,0.5274130256421687,1.0212304924122917,0.9321839464510459,0.46692101863298724,0.7122092965697836,0.41285465106925956,0.6565314299397473,-0.055274643817528446,-0.07593104606828752,-0.037538764582350836,9.486152996644378
mmlu_moral_disputes,default,final_regret_pp,346,20,0.0,0.0,0.0,0.0,0.0,0.0,0.0,0.0,0.0,0.0,0.0,
mmlu_moral_disputes,default,downward_jumps,346,20,171.9,56.3,199.0,68.4,162.45000000000002,181.15,51.3,61.050000000000004,-115.6,-124.95,-106.25,67.24840023269343
mmlu_moral_disputes,default,jumps_ge_2pp,346,20,17.85,2.5,26.500000000000007,6.100000000000001,15.1,20.950000000000003,1.6,3.5,-15.35,-18.400000000000002,-12.700000000000001,85.99439775910365
mmlu_moral_disputes,default,any_jump_ge_2pp,346,20,1.0,0.85,1.0,1.0,1.0,1.0000000000000002,0.7,1.0,-0.15,-0.30000000000000004,0.0,15.000000000000002
mmlu_moral_disputes,dataset,total_downward_pp,346,20,174.59537572254337,33.39595375722545,216.32947976878623,45.549132947976865,159.08887283237001,189.89956647398844,29.08923410404623,37.90498554913298,-141.19942196531795,-155.1589595375723,-126.90751445086708,80.87237212382055
mmlu_moral_disputes,dataset,maximum_drawdown_pp,346,20,11.01156069364162,2.6300578034682105,16.5028901734104,5.549132947976885,9.624277456647402,12.528901734104046,1.9219653179190788,3.4826589595375737,-8.381502890173408,-10.014450867052021,-6.820809248554914,76.11548556430445
mmlu_moral_disputes,dataset,switches,346,20,307.25,103.9,360.0,135.8,289.04875,326.05125000000004,93.55000000000001,114.35125,-203.35,-221.14999999999998,-187.94875000000002,66.18388934092758
mmlu_moral_disputes,dataset,largest_drop_pp,346,20,10.73699421965318,2.557803468208094,16.5028901734104,5.260115606936419,9.320809248554914,12.297687861271678,1.8641618497109853,3.3959537572254344,-8.179190751445088,-9.82658959537572,-6.6329479768786115,76.17765814266485
mmlu_moral_disputes,dataset,mean_drawdown_pp,346,20,0.17209061445420856,0.09498157986246449,0.24705382986648747,0.1940357611779979,0.14382523206155853,0.2008396878785969,0.06753000619985797,0.123757352276932,-0.07710903459174413,-0.10084309099436663,-0.054733625753790364,44.80722835251539
mmlu_moral_disputes,dataset,mean_regret_pp,346,20,0.2846044280104896,0.24933824867000087,0.4232114770388679,0.4032147687799398,0.23523921738237358,0.33257586163797614,0.19282483977512233,0.3038436491053522,-0.0352661793404888,-0.05398096482663292,-0.01770836040357288,12.391296785863398
mmlu_moral_disputes,dataset,final_regret_pp,346,20,0.0,0.0,0.0,0.0,0.0,0.0,0.0,0.0,0.0,0.0,0.0,
mmlu_moral_disputes,dataset,downward_jumps,346,20,139.75,43.65,162.10000000000002,62.1,131.49875,148.25,38.900000000000006,48.75,-96.1,-103.75,-89.05000000000001,68.76565295169947
mmlu_moral_disputes,dataset,jumps_ge_2pp,346,20,12.6,0.7,21.0,2.1000000000000014,10.1,15.2,0.3,1.1500000000000001,-11.9,-14.3,-9.6,94.44444444444444
mmlu_moral_disputes,dataset,any_jump_ge_2pp,346,20,1.0,0.4,1.0,1.0,1.0,1.0000000000000002,0.2,0.6000000000000001,-0.6,-0.8,-0.4,60.0
mmlu_moral_scenarios,default,total_downward_pp,895,20,176.4469273743017,21.960893854748612,226.0670391061453,37.28491620111736,157.33505586592184,195.51480446927377,16.525139664804467,28.195530726257,-154.48603351955313,-170.29650837988828,-138.36857541899445,87.55382472137792
mmlu_moral_scenarios,default,maximum_drawdown_pp,895,20,6.050279329608936,2.7765363128491622,7.441340782122899,4.0446927374301636,5.357541899441342,6.921787709497204,2.3407821229050296,3.229050279329609,-3.2737430167597763,-4.290502793296087,-2.4916201117318453,54.10895660203137
mmlu_moral_scenarios,default,switches,895,20,189.25,48.65,228.20000000000007,85.70000000000002,172.0,208.30124999999998,39.95,58.45124999999999,-140.6,-154.25,-127.10000000000001,74.29326287978864
mmlu_moral_scenarios,default,largest_drop_pp,895,20,5.972067039106145,2.664804469273743,7.441340782122899,3.720670391061454,5.307262569832402,6.787709497206701,2.2905027932960893,3.027932960893855,-3.307262569832401,-4.245810055865919,-2.569832402234638,55.37885874649205
mmlu_moral_scenarios,default,mean_drawdown_pp,895,20,0.062494743424801935,0.016207105017067243,0.09212483542498334,0.02621918444770417,0.04671925784902894,0.0836101002534949,0.005380113673799885,0.03422521375968518,-0.04628763840773468,-0.05587842544332683,-0.037585498672418595,74.06645082627026
mmlu_moral_scenarios,default,mean_regret_pp,895,20,0.10604080188924692,0.0677854184511288,0.2200453816695509,0.16615248749576622,0.07855220799276927,0.13676155088330214,0.042955010189491674,0.09533352868489209,-0.03825538343811812,-0.046271740952275243,-0.030248802749255586,36.076097838333496
mmlu_moral_scenarios,default,final_regret_pp,895,20,0.0,0.0,0.0,0.0,0.0,0.0,0.0,0.0,0.0,0.0,0.0,
mmlu_moral_scenarios,default,downward_jumps,895,20,92.1,22.1,113.50000000000003,35.90000000000001,83.85,101.15,18.05,26.750000000000004,-70.0,-76.55000000000001,-63.45,76.0043431053203
mmlu_moral_scenarios,default,jumps_ge_2pp,895,20,40.7,4.1,56.300000000000004,9.100000000000001,35.8,46.099999999999994,2.6,5.75,-36.6,-41.650000000000006,-32.05,89.92628992628993
mmlu_moral_scenarios,default,any_jump_ge_2pp,895,20,1.0,0.85,1.0,1.0,1.0,1.0000000000000002,0.7,1.0,-0.15,-0.30000000000000004,0.0,15.000000000000002
mmlu_moral_scenarios,dataset,total_downward_pp,895,20,77.1508379888268,8.463687150837991,96.40223463687127,19.441340782122975,67.9720670391061,86.32402234636865,5.524999999999989,11.89399441340783,-68.6871508379888,-77.41955307262562,-60.011173184357524,89.02968863142651
mmlu_moral_scenarios,dataset,maximum_drawdown_pp,895,20,4.614525139664806,1.374301675977652,6.268156424581006,2.1452513966480473,4.094972067039107,5.189944134078212,1.050279329608938,1.7206703910614523,-3.2402234636871525,-3.8100558659217905,-2.703910614525142,70.21791767554484
mmlu_moral_scenarios,dataset,switches,895,20,110.35,33.75,143.4,51.2,99.25,121.25,26.1,42.849999999999994,-76.6,-86.4,-66.6,69.41549614861803
mmlu_moral_scenarios,dataset,largest_drop_pp,895,20,4.614525139664806,1.374301675977652,6.268156424581006,2.1452513966480473,4.094972067039107,5.189944134078212,1.050279329608938,1.7206703910614523,-3.2402234636871525,-3.8100558659217905,-2.703910614525142,70.21791767554484
mmlu_moral_scenarios,dataset,mean_drawdown_pp,895,20,0.01687703370796918,0.0022441154677976284,0.026197822928262015,0.00553106147563239,0.014096678214371336,0.019723629562585953,0.001402762895225698,0.003222755104281894,-0.014632918240171553,-0.01670271076294618,-0.012552763993355842,86.70314045330147
mmlu_moral_scenarios,dataset,mean_regret_pp,895,20,0.0686566632798034,0.05554318714332536,0.1250166742379849,0.11843584666405468,0.04882802474144914,0.09186199857358776,0.03619080298737721,0.07838048934987317,-0.013113476136478012,-0.015151432134984546,-0.01110409694985708,19.100077851199046
mmlu_moral_scenarios,dataset,final_regret_pp,895,20,0.0,0.0,0.0,0.0,0.0,0.0,0.0,0.0,0.0,0.0,0.0,
mmlu_moral_scenarios,dataset,downward_jumps,895,20,53.95,15.75,70.1,23.200000000000003,48.650000000000006,59.2,12.15,20.0,-38.2,-43.1,-33.19875000000001,70.80630213160335
mmlu_moral_scenarios,dataset,jumps_ge_2pp,895,20,17.2,0.45,23.1,1.1000000000000014,14.700000000000001,19.35,0.1,0.95,-16.75,-18.900000000000002,-14.3,97.38372093023256
mmlu_moral_scenarios,dataset,any_jump_ge_2pp,895,20,1.0,0.25,1.0,1.0,1.0,1.0000000000000002,0.1,0.45,-0.75,-0.9000000000000001,-0.55,75.0
mmlu_nutrition,default,total_downward_pp,306,20,133.72549019607806,31.470588235294024,158.5294117647055,48.039215686274495,122.5163398692807,146.97712418300617,26.27450980392149,37.30392156862736,-102.25490196078403,-111.79738562091475,-93.34926470588209,76.46627565982405
mmlu_nutrition,default,maximum_drawdown_pp,306,20,8.741830065359474,4.330065359477122,13.0718954248366,8.235294117647065,7.5322712418300615,9.934640522875814,3.169934640522871,5.506535947712417,-4.411764705882352,-5.80106209150327,-3.0882352941176463,50.46728971962618
mmlu_nutrition,default,switches,306,20,266.15,77.75,326.20000000000005,92.60000000000001,250.10000000000002,283.70124999999996,69.9,86.35000000000001,-188.4,-201.45,-176.5,70.78715010332519
mmlu_nutrition,default,largest_drop_pp,306,20,8.447712418300654,4.199346405228756,12.156862745098042,7.941176470588243,7.271241830065357,9.591503267973856,3.055555555555552,5.359477124183007,-4.248366013071895,-5.637663398692812,-2.9571078431372584,50.29013539651841
mmlu_nutrition,default,mean_drawdown_pp,306,20,0.27157883245285447,0.16871399572497384,0.4089342022615538,0.3193421966543406,0.22100897407296594,0.32268372167716325,0.1160194005787577,0.22712030668799346,-0.10286483672788063,-0.15580413437060409,-0.05246098762267767,37.876603194300046
mmlu_nutrition,default,mean_regret_pp,306,20,0.5508660012056124,0.5353290836224731,0.7415302439865616,0.7332523261866656,0.48661849352021763,0.6137845447224298,0.4675486873519664,0.6012522486602947,-0.015536917583139246,-0.03613405258819409,0.0047292668378576585,2.820453168127187
mmlu_nutrition,default,final_regret_pp,306,20,0.0,0.0,0.0,0.0,0.0,0.0,0.0,0.0,0.0,0.0,0.0,
mmlu_nutrition,default,downward_jumps,306,20,115.45,31.85,143.1,42.1,109.05,122.4,28.950000000000003,34.85,-83.6,-90.0,-77.84875000000001,72.41229969683846
mmlu_nutrition,default,jumps_ge_2pp,306,20,5.15,1.1,11.200000000000003,4.0,3.45,7.15,0.4,1.9500000000000002,-4.05,-5.3500000000000005,-2.9,78.64077669902913
mmlu_nutrition,default,any_jump_ge_2pp,306,20,0.95,0.5,1.0,1.0,0.85,1.0,0.3,0.7000000000000001,-0.45,-0.6500000000000001,-0.25,47.368421052631575
mmlu_nutrition,dataset,total_downward_pp,306,20,105.26143790849646,15.686274509803862,123.88888888888857,21.37254901960777,93.79084967320233,120.32720588235267,13.643382352941128,17.924836601307128,-89.5751633986926,-104.20016339869258,-78.25122549019586,85.09779571561629
mmlu_nutrition,dataset,maximum_drawdown_pp,306,20,8.300653594771239,1.5849673202614323,12.81045751633987,1.9607843137254832,7.009803921568625,9.673202614379083,1.4542483660130667,1.7156862745097978,-6.7156862745098085,-8.153594771241835,-5.359477124183011,80.90551181102369
mmlu_nutrition,dataset,switches,306,20,181.25,52.15,231.50000000000003,81.4,163.40000000000003,202.85,43.64875,61.4,-129.1,-145.40125,-113.55000000000001,71.22758620689655
mmlu_nutrition,dataset,largest_drop_pp,306,20,8.18627450980392,1.5849673202614323,12.81045751633987,1.9607843137254832,6.879084967320258,9.6078431372549,1.4542483660130667,1.7156862745097978,-6.601307189542489,-8.088235294117652,-5.228758169934645,80.63872255489028
mmlu_nutrition,dataset,mean_drawdown_pp,306,20,0.06586102527834287,0.02325000039554261,0.1372675593274511,0.076452076836544,0.04329280207201015,0.09378121820825451,0.006595951541271606,0.04585192384062466,-0.042611024882800254,-0.058252939277865116,-0.03126755220768183,64.69839287001213
mmlu_nutrition,dataset,mean_regret_pp,306,20,0.21232653474526156,0.1813745267331488,0.40133345357831446,0.3785992408744327,0.1527416251742356,0.2777693131638182,0.12260006439435245,0.24496711457922857,-0.03095200801211272,-0.0348647362600323,-0.027358106964240958,14.577550586999115
mmlu_nutrition,dataset,final_regret_pp,306,20,0.016339869281045694,0.016339869281045694,0.0,0.0,0.0,0.04901960784313708,0.0,0.04901960784313708,0.0,0.0,0.0,0.0
mmlu_nutrition,dataset,downward_jumps,306,20,84.4,21.65,109.1,32.300000000000004,77.0,92.85,18.3,25.051249999999985,-62.75,-70.25,-55.45,74.3483412322275
mmlu_nutrition,dataset,jumps_ge_2pp,306,20,4.4,0.0,7.100000000000001,0.0,3.05,6.1499999999999995,0.0,0.0,-4.4,-6.1499999999999995,-3.05,100.0
mmlu_nutrition,dataset,any_jump_ge_2pp,306,20,0.95,0.0,1.0,0.0,0.85,1.0,0.0,0.0,-0.95,-1.0,-0.85,100.0
mmlu_philosophy,default,total_downward_pp,311,20,240.35369774919636,58.97106109324763,305.01607717041844,88.23151125401932,216.31792604501626,264.67845659164016,48.359726688102946,69.69453376205792,-181.38263665594872,-201.44734726688117,-162.49155948553067,75.4648829431438
mmlu_philosophy,default,maximum_drawdown_pp,311,20,11.929260450160772,6.752411575562701,14.50160771704181,10.932475884244365,10.691318327974278,13.10329581993569,5.401929260450165,8.15112540192926,-5.17684887459807,-6.623794212218648,-3.7620578778135068,43.39622641509434
mmlu_philosophy,default,switches,311,20,251.35,78.7,299.6,101.1,233.95000000000002,268.25124999999997,70.35000000000001,86.80000000000001,-172.65,-186.5,-158.8,68.68907897354286
mmlu_philosophy,default,largest_drop_pp,311,20,11.672025723472672,6.414790996784566,14.50160771704181,10.932475884244365,10.498392282958202,12.829581993569134,5.128617363344053,7.733118971061096,-5.257234726688103,-6.784565916398714,-3.77813504823151,45.0413223140496
mmlu_philosophy,default,mean_drawdown_pp,311,20,0.4754913617518435,0.36020788315533014,0.8097264870664665,0.7254581428752506,0.35324971558131946,0.623311935398763,0.23782661239831857,0.5067936527629876,-0.11528347859651325,-0.14702478530266744,-0.08559920535086238,24.24512575197511
mmlu_philosophy,default,mean_regret_pp,311,20,0.9913596457470092,0.9110074911917347,1.6700934761955688,1.5359160196165655,0.7955814011817898,1.2017578529615753,0.7197731198594525,1.1202885102511368,-0.08035215455527486,-0.11959764377646726,-0.05141864706695507,8.10524766667575
mmlu_philosophy,default,final_regret_pp,311,20,0.0,0.0,0.0,0.0,0.0,0.0,0.0,0.0,0.0,0.0,0.0,
mmlu_philosophy,default,downward_jumps,311,20,115.7,33.35,139.2,43.2,107.65,123.65,29.7,36.95,-82.35,-89.0,-75.7,71.17545375972342
mmlu_philosophy,default,jumps_ge_2pp,311,20,35.1,7.45,46.400000000000006,16.0,30.700000000000003,39.45,5.6,9.5,-27.65,-31.400000000000006,-24.049999999999997,78.77492877492877
mmlu_philosophy,default,any_jump_ge_2pp,311,20,1.0,1.0,1.0,1.0,1.0,1.0000000000000002,1.0,1.0000000000000002,0.0,0.0,0.0,0.0
mmlu_philosophy,dataset,total_downward_pp,311,20,212.29903536977503,41.12540192926047,260.4501607717044,63.054662379421224,193.11856913183288,231.4630225080387,32.7009646302251,50.75602893890678,-171.17363344051458,-186.94614147909988,-155.86776527331196,80.62854979174554
mmlu_philosophy,dataset,maximum_drawdown_pp,311,20,11.334405144694536,5.144694533762058,18.649517684887464,8.81028938906753,9.64630225080386,13.183279742765277,4.003215434083603,6.39871382636656,-6.189710610932478,-7.990353697749199,-4.565916398713828,54.60992907801419
mmlu_philosophy,dataset,switches,311,20,220.5,66.85,274.3,81.5,204.0,236.15,58.05,77.00124999999998,-153.65,-165.3,-141.39875,69.68253968253968
mmlu_philosophy,dataset,largest_drop_pp,311,20,11.012861736334406,4.967845659163987,16.913183279742768,8.231511254019303,9.356913183279744,12.765273311897108,3.890675241157557,6.17363344051447,-6.045016077170418,-7.845659163987141,-4.437299035369775,54.89051094890512
mmlu_philosophy,dataset,mean_drawdown_pp,311,20,0.32345804101679293,0.22327680188951288,0.6286972035258367,0.5846782670430074,0.22366169091931903,0.4400368643371717,0.11121284511732314,0.3627450586203081,-0.10018123912728005,-0.1608596624043116,-0.036147087058729946,30.97194270155088
mmlu_philosophy,dataset,mean_regret_pp,311,20,0.7749973482337738,0.7271702073968414,1.177857503081605,1.4025128404839144,0.6054767109827571,0.9679631888896204,0.5419693413701979,0.935619146249985,-0.047827140836932056,-0.11429507820700029,0.03314493347991737,6.171265094768506
mmlu_philosophy,dataset,final_regret_pp,311,20,0.016077170418006825,0.016077170418006825,0.0,0.0,0.0,0.048231511254020476,0.0,0.048231511254020476,0.0,0.0,0.0,0.0
mmlu_philosophy,dataset,downward_jumps,311,20,101.25,28.5,124.2,34.300000000000004,93.74875,108.4,24.8,32.9,-72.75,-78.55,-66.85,71.85185185185185
mmlu_philosophy,dataset,jumps_ge_2pp,311,20,32.9,5.45,39.60000000000001,10.100000000000001,29.9,35.900000000000006,3.8499999999999996,7.2,-27.45,-30.250000000000004,-24.75,83.43465045592706
mmlu_philosophy,dataset,any_jump_ge_2pp,311,20,1.0,0.95,1.0,1.0,1.0,1.0000000000000002,0.85,1.0,-0.05,-0.15,0.0,5.000000000000004
mmlu_prehistory,default,total_downward_pp,324,20,102.2067901234572,22.854938271605025,130.12345679012404,30.617283950617423,93.1165123456794,111.26543209876587,19.289737654321065,27.299382716049475,-79.35185185185216,-86.99074074074107,-71.82098765432129,77.63853238713574
mmlu_prehistory,default,maximum_drawdown_pp,324,20,5.27777777777778,2.25308641975309,15.154320987654323,2.9012345679012403,3.1327160493827186,7.716049382716053,1.5277777777777835,3.271604938271609,-3.0246913580246897,-5.262345679012343,-1.172839506172838,57.30994152046778
mmlu_prehistory,default,switches,324,20,258.35,77.15,303.8,98.2,243.59875,273.4,69.6,84.65,-181.2,-195.15,-167.05,70.13741048964582
mmlu_prehistory,default,largest_drop_pp,324,20,4.737654320987657,2.2067901234567935,11.080246913580252,2.9012345679012403,2.870370370370374,6.929012345679015,1.4814814814814858,3.2407407407407427,-2.530864197530863,-4.614197530864195,-0.8950617283950618,53.420195439739366
mmlu_prehistory,default,mean_drawdown_pp,324,20,0.20307287168284044,0.1318142559569176,0.27063399323725634,0.2649861414531447,0.14884470947856937,0.27645426538411694,0.0731695286965065,0.20859582719436448,-0.07125861572592287,-0.10224474588900799,-0.04051815018035906,35.09016991556345
mmlu_prehistory,default,mean_regret_pp,324,20,0.37255217418302466,0.3346782615567875,0.4761356387632895,0.46888742118128085,0.3016976014270649,0.4575380898349973,0.25967709726950045,0.419964245795866,-0.03787391262623717,-0.06226280292638337,-0.014011244898304883,10.166069412771906
mmlu_prehistory,default,final_regret_pp,324,20,0.0,0.0,0.0,0.0,0.0,0.0,0.0,0.0,0.0,0.0,0.0,
mmlu_prehistory,default,downward_jumps,324,20,112.4,29.9,133.1,35.300000000000004,106.2,118.45,26.9,32.900000000000006,-82.5,-89.0,-75.74875000000002,73.3985765124555
mmlu_prehistory,default,jumps_ge_2pp,324,20,1.6,0.35,4.200000000000003,1.0,0.8,2.5000000000000004,0.05,0.8,-1.25,-2.0,-0.6,78.125
mmlu_prehistory,default,any_jump_ge_2pp,324,20,0.5,0.2,1.0,1.0,0.3,0.7000000000000001,0.05,0.4,-0.3,-0.5,-0.1,60.0
mmlu_prehistory,dataset,total_downward_pp,324,20,71.77469135802501,12.376543209876598,93.85802469135844,19.382716049382807,65.75617283950646,78.05555555555588,9.86072530864202,14.922839506172906,-59.3981481481484,-64.93827160493855,-53.98148148148171,82.75639647387659
mmlu_prehistory,dataset,maximum_drawdown_pp,324,20,2.8549382716049436,1.3580246913580307,8.64197530864198,1.5740740740740815,1.7592592592592655,4.08950617283951,1.2191358024691412,1.481481481481488,-1.496913580246913,-2.6851851851851842,-0.46296296296296335,52.43243243243231
mmlu_prehistory,dataset,switches,324,20,156.3,36.15,202.0,48.0,143.8,170.2,30.59875,41.4,-120.15,-132.70000000000002,-108.65,76.87140115163147
mmlu_prehistory,dataset,largest_drop_pp,324,20,2.8549382716049436,1.3580246913580307,8.64197530864198,1.5740740740740815,1.7592592592592655,4.08950617283951,1.2191358024691412,1.481481481481488,-1.496913580246913,-2.6851851851851842,-0.46296296296296335,52.43243243243231
mmlu_prehistory,dataset,mean_drawdown_pp,324,20,0.031152094023607767,0.0036579789666209518,0.03802773967383083,0.006700649742869145,0.0280218900122499,0.034716965288715325,0.002543085685899298,0.0050043537288241065,-0.027494115056986818,-0.030181219552123714,-0.024891721282325086,88.25767871704274
mmlu_prehistory,dataset,mean_regret_pp,324,20,0.043833652277487374,0.016432680203446928,0.0597356997296034,0.021837795728971016,0.03000318944153737,0.06358024691358073,0.0034307665385245,0.036164985859201845,-0.027400972074040453,-0.030083913360091145,-0.024821193697889488,62.51126851255645
mmlu_prehistory,dataset,final_regret_pp,324,20,0.0,0.0,0.0,0.0,0.0,0.0,0.0,0.0,0.0,0.0,0.0,
mmlu_prehistory,dataset,downward_jumps,324,20,70.4,14.65,93.4,21.200000000000003,64.25,77.1,11.8,17.55,-55.75,-61.751250000000006,-49.998750000000015,79.19034090909092
mmlu_prehistory,dataset,jumps_ge_2pp,324,20,0.4,0.0,1.1000000000000014,0.0,0.1,0.7999999999999999,0.0,0.0,-0.4,-0.8,-0.1,100.0
mmlu_prehistory,dataset,any_jump_ge_2pp,324,20,0.25,0.0,1.0,0.0,0.1,0.45,0.0,0.0,-0.25,-0.45,-0.1,100.0
mmlu_professional_accounting,default,total_downward_pp,282,20,262.3758865248224,79.85815602836868,344.6453900709218,109.43262411347506,241.00930851063808,284.6985815602834,70.47828014184387,89.53945035460983,-182.51773049645374,-201.73803191489347,-163.75842198581543,69.56345452088121
mmlu_professional_accounting,default,maximum_drawdown_pp,282,20,17.890070921985817,8.68794326241135,20.957446808510646,18.156028368794328,16.737588652482273,19.20212765957447,5.921985815602838,11.595744680851064,-9.202127659574469,-11.66666666666667,-6.684397163120567,51.43706640237858
mmlu_professional_accounting,default,switches,282,20,333.7,138.5,400.4,195.3,309.90000000000003,358.1,121.75,156.40124999999998,-195.2,-210.9,-178.99875000000003,58.49565477974229
mmlu_professional_accounting,default,largest_drop_pp,282,20,17.198581560283685,8.492907801418442,20.957446808510646,18.156028368794328,15.99290780141844,18.581560283687946,5.709219858156027,11.418439716312056,-8.705673758865249,-11.117021276595745,-6.24113475177305,50.61855670103091
mmlu_professional_accounting,default,mean_drawdown_pp,282,20,0.8291435895429652,0.6307250361875376,1.1889893011566979,1.1620735971623704,0.6854900314277345,0.9892632226562855,0.47369652674151863,0.8062667314968505,-0.19841855335542757,-0.2533246660220907,-0.1455000307384479,23.930541809386536
mmlu_professional_accounting,default,mean_regret_pp,282,20,1.4962983455262502,1.3754152019329817,2.101442471594864,2.104516316527783,1.3066610219696078,1.6919125975479998,1.172456649471765,1.5909087077369592,-0.12088314359326824,-0.24342357862615804,-0.018111606652173363,8.078812888799506
mmlu_professional_accounting,default,final_regret_pp,282,20,0.10638297872340607,0.10638297872340607,0.35460992907802025,0.35460992907802025,0.035460992907802025,0.17730496453901012,0.035460992907802025,0.17730496453901012,0.0,0.0,0.0,0.0
mmlu_professional_accounting,default,downward_jumps,282,20,153.9,63.55,185.60000000000002,89.2,143.20000000000002,164.90124999999998,56.2,71.45,-90.35,-97.65125,-82.79875000000001,58.706952566601686
mmlu_professional_accounting,default,jumps_ge_2pp,282,20,32.2,7.25,42.2,11.200000000000003,28.4,36.1,5.699999999999999,8.950000000000001,-24.95,-28.300000000000004,-21.5,77.48447204968944
mmlu_professional_accounting,default,any_jump_ge_2pp,282,20,1.0,1.0,1.0,1.0,1.0,1.0000000000000002,1.0,1.0000000000000002,0.0,0.0,0.0,0.0
mmlu_professional_accounting,dataset,total_downward_pp,282,20,195.31914893617014,47.39361702127659,232.97872340425556,60.99290780141848,179.02482269503543,210.95744680851055,41.01063829787233,54.85859929078015,-147.92553191489358,-163.8120567375886,-131.3297872340425,75.73529411764706
mmlu_professional_accounting,dataset,maximum_drawdown_pp,282,20,16.170212765957448,3.7765957446808507,20.95744680851064,4.645390070921997,14.202127659574469,17.907801418439718,2.8014184397163113,5.141843971631206,-12.393617021276595,-14.609929078014183,-9.9822695035461,76.64473684210527
mmlu_professional_accounting,dataset,switches,282,20,210.35,86.05,242.2,117.9,195.35000000000002,224.25125,76.75,95.80125,-124.3,-135.05,-113.7,59.09198954124079
mmlu_professional_accounting,dataset,largest_drop_pp,282,20,16.134751773049643,3.6702127659574466,20.95744680851064,4.468085106382988,14.18395390070922,17.872340425531917,2.7836879432624104,4.929078014184398,-12.4645390070922,-14.609929078014186,-10.070921985815604,77.25274725274724
mmlu_professional_accounting,dataset,mean_drawdown_pp,282,20,0.131739405015397,0.038464046260434676,0.20530303453697776,0.07989761301969002,0.11080838395862788,0.15438362888818077,0.027144589008303018,0.05196702789001977,-0.09327535875496228,-0.11454587666988941,-0.07415597341217281,70.8029300299791
mmlu_professional_accounting,dataset,mean_regret_pp,282,20,0.6020032154280939,0.5178292320790192,0.9730544890245101,0.8565445884494209,0.4752942507922142,0.7312572305216039,0.3948574341405443,0.6417662638998333,-0.08417398334907464,-0.1227490606143582,-0.05646268911132354,13.982314577708234
mmlu_professional_accounting,dataset,final_regret_pp,282,20,0.1773049645390079,0.0886524822695045,0.39007092198582166,0.35460992907802025,0.035460992907802025,0.3900709219858156,0.017730496453901012,0.17730496453900846,-0.0886524822695034,-0.2659574468085102,0.0,49.99999999999968
mmlu_professional_accounting,dataset,downward_jumps,282,20,98.15,38.4,114.70000000000002,51.400000000000006,90.70000000000002,105.20000000000002,34.2,42.9,-59.75,-65.1,-54.5,60.876209882832406
mmlu_professional_accounting,dataset,jumps_ge_2pp,282,20,26.7,5.35,38.1,8.100000000000001,22.95,30.5,4.1000000000000005,6.9,-21.35,-25.15,-17.45,79.9625468164794
mmlu_professional_accounting,dataset,any_jump_ge_2pp,282,20,1.0,1.0,1.0,1.0,1.0,1.0000000000000002,1.0,1.0000000000000002,0.0,0.0,0.0,0.0
mmlu_professional_law,default,total_downward_pp,1534,20,517.7542372881351,114.3970013037809,590.3194263363739,146.4406779661012,480.66289113428854,556.0169491525417,100.57350065189036,129.71023468057348,-403.3572359843542,-440.3787483702732,-368.2618155149932,77.90515401612872
mmlu_professional_law,default,maximum_drawdown_pp,1534,20,17.643415906127764,1.864406779661015,22.744458930899604,2.157757496740539,15.79196544980443,19.566574315514995,1.6981747066492825,2.030638852672748,-15.779009126466756,-17.666313559322035,-13.956975228161673,89.43284685017551
mmlu_professional_law,default,switches,1534,20,863.85,318.95,1022.5000000000001,472.90000000000003,816.8487500000001,913.35125,280.04875,360.75,-544.9,-584.05125,-510.39875000000006,63.078080685304165
mmlu_professional_law,default,largest_drop_pp,1534,20,17.278357235984352,1.8285528031290716,22.39243807040418,2.157757496740539,15.433425684485005,19.198174706649283,1.6623207301173375,2.0013037809647924,-15.449804432855284,-17.343627770534553,-13.61473272490222,89.417091114884
mmlu_professional_law,default,mean_drawdown_pp,1534,20,0.17549191462523167,0.04144533270779046,0.2312192489418273,0.06512609102492675,0.15508212831649965,0.19824811790979796,0.034793477985089645,0.04843109675938435,-0.13404658191744118,-0.15601583339329936,-0.11481093979823347,76.3833377758182
mmlu_professional_law,default,mean_regret_pp,1534,20,0.3472777898340821,0.2585578529272845,0.6209068445384242,0.5279553013846848,0.27717182638817517,0.4227685594249659,0.19035780898944488,0.33114210746632616,-0.08871993690679754,-0.1006246512563775,-0.07788304066727558,25.547253381560928
mmlu_professional_law,default,final_regret_pp,1534,20,0.0,0.0,0.0,0.0,0.0,0.0,0.0,0.0,0.0,0.0,0.0,
mmlu_professional_law,default,downward_jumps,1534,20,424.95,155.05,498.6,232.4,401.25,449.9,135.85000000000002,175.25,-269.9,-289.8,-252.05,63.51335451229556
mmlu_professional_law,default,jumps_ge_2pp,1534,20,27.8,1.15,42.0,3.1000000000000014,21.200000000000003,34.7,0.4,2.1,-26.65,-32.85,-20.6,95.86330935251799
mmlu_professional_law,default,any_jump_ge_2pp,1534,20,1.0,0.4,1.0,1.0,1.0,1.0000000000000002,0.2,0.6000000000000001,-0.6,-0.8,-0.4,60.0
mmlu_professional_law,dataset,total_downward_pp,1534,20,308.2561929595825,73.85919165580181,405.54758800521455,97.13168187744436,287.2816166883963,332.565840938722,64.07415254237283,83.74845176010419,-234.39700130378068,-256.6073174706646,-215.19230769230745,76.0396730567921
mmlu_professional_law,dataset,maximum_drawdown_pp,1534,20,11.73728813559322,1.8122555410690986,17.907431551499347,2.177314211212508,9.126385267275095,14.292698826597128,1.6427640156453693,1.9752281616688379,-9.925032594524122,-12.425195567144723,-7.359843546284227,84.55984448764234
mmlu_professional_law,dataset,switches,1534,20,574.3,190.8,765.5,288.0,517.7,631.4,158.24875,225.00124999999997,-383.5,-425.1,-344.34875000000005,66.77694584711823
mmlu_professional_law,dataset,largest_drop_pp,1534,20,11.691655801825293,1.8122555410690986,17.086049543676673,2.177314211212508,9.103650586701434,14.22433181225554,1.6427640156453693,1.9752281616688379,-9.879400260756196,-12.360006518904825,-7.323989569752285,84.49958182325064
mmlu_professional_law,dataset,mean_drawdown_pp,1534,20,0.07652745378421023,0.011968040651221848,0.10387613092406096,0.019037254491257587,0.06147996012038195,0.09791047443109156,0.009993127905199914,0.014038996202609707,-0.06455941313298838,-0.08602766761839087,-0.050075600597665665,84.36111479029609
mmlu_professional_law,dataset,mean_regret_pp,1534,20,0.23461755349143848,0.1858498874608284,0.4222058155719985,0.37545340999255317,0.17263632723850705,0.3031325393232314,0.12289441089769108,0.2556179650427516,-0.048767666030610106,-0.05372017960686137,-0.04412437783319279,20.78602615400202
mmlu_professional_law,dataset,final_regret_pp,1534,20,0.019556714471968273,0.019556714471968273,0.0,0.0,0.0,0.05867014341590482,0.0,0.05867014341590482,0.0,0.0,0.0,0.0
mmlu_professional_law,dataset,downward_jumps,1534,20,284.35,93.75,368.7,139.40000000000003,257.20000000000005,311.25124999999997,77.74875,110.65,-190.6,-210.7,-171.60000000000002,67.03006857745737
mmlu_professional_law,dataset,jumps_ge_2pp,1534,20,15.05,2.05,25.0,7.100000000000001,12.05,17.85,0.8,3.5,-13.0,-15.8,-10.100000000000001,86.37873754152824
mmlu_professional_law,dataset,any_jump_ge_2pp,1534,20,1.0,0.5,1.0,1.0,1.0,1.0000000000000002,0.3,0.7000000000000001,-0.5,-0.7000000000000001,-0.3,50.0
mmlu_professional_medicine,default,total_downward_pp,272,20,86.21323529411754,21.029411764705845,106.94852941176485,30.69852941176465,78.47380514705866,93.8791360294116,18.492647058823493,23.750459558823515,-65.18382352941168,-71.72794117647048,-58.63970588235286,75.60767590618337
mmlu_professional_medicine,default,maximum_drawdown_pp,272,20,3.878676470588239,1.4705882352941182,11.066176470588232,1.8382352941176516,2.463235294117651,5.625459558823527,1.3419117647058842,1.5992647058823535,-2.4080882352941204,-4.11764705882353,-1.0477941176470607,62.08530805687206
mmlu_professional_medicine,default,switches,272,20,254.0,86.1,319.20000000000005,126.4,233.54875,277.35125,74.7,98.45,-167.9,-183.7,-153.54875,66.10236220472441
mmlu_professional_medicine,default,largest_drop_pp,272,20,3.8419117647058867,1.4522058823529413,11.066176470588232,1.8382352941176516,2.426470588235298,5.606617647058827,1.3051470588235299,1.5808823529411786,-2.3897058823529447,-4.099264705882356,-1.0110294117647118,62.200956937799084
mmlu_professional_medicine,default,mean_drawdown_pp,272,20,0.15047898244264993,0.07325107330513883,0.21783288478790153,0.15358676150198602,0.12790543300653545,0.17294084606881927,0.052043184512366863,0.09597971132897563,-0.0772279091375111,-0.09649463747917449,-0.05823851803793415,51.32139245222764
mmlu_professional_medicine,default,mean_regret_pp,272,20,0.3983904427784173,0.369202950788157,0.5273893053953596,0.4949018005895129,0.3519635877226697,0.4471239026656398,0.322836519207355,0.41974941528898946,-0.029187491990260217,-0.0376077810617711,-0.020657068995899155,7.3263534603650635
mmlu_professional_medicine,default,final_regret_pp,272,20,0.0,0.0,0.0,0.0,0.0,0.0,0.0,0.0,0.0,0.0,0.0,
mmlu_professional_medicine,default,downward_jumps,272,20,105.05,30.45,122.80000000000003,41.0,97.05000000000001,113.95124999999999,26.75,34.15,-74.6,-81.55000000000001,-68.05000000000001,71.01380295097572
mmlu_professional_medicine,default,jumps_ge_2pp,272,20,1.05,0.0,3.0,0.0,0.45000000000000007,1.7500000000000002,0.0,0.0,-1.05,-1.7500000000000002,-0.45000000000000007,100.0
mmlu_professional_medicine,default,any_jump_ge_2pp,272,20,0.5,0.0,1.0,0.0,0.3,0.7000000000000001,0.0,0.0,-0.5,-0.7000000000000001,-0.3,100.0
mmlu_professional_medicine,dataset,total_downward_pp,272,20,53.363970588235155,9.816176470588205,71.02941176470569,13.272058823529383,46.672794117646944,60.16590073529396,8.327205882352917,11.342371323529374,-43.54779411764696,-49.99999999999988,-37.49999999999991,81.60523596279712
mmlu_professional_medicine,dataset,maximum_drawdown_pp,272,20,2.5551470588235325,1.2867647058823515,2.2058823529411797,1.8382352941176516,1.7830882352941195,3.988970588235297,1.1397058823529382,1.452205882352939,-1.2683823529411804,-2.7757352941176507,-0.4227941176470623,49.640287769784294
mmlu_professional_medicine,dataset,switches,272,20,156.35,41.85,199.70000000000002,63.400000000000006,139.60000000000002,171.9,35.0,48.7,-114.5,-128.5,-100.25,73.23313079629038
mmlu_professional_medicine,dataset,largest_drop_pp,272,20,2.5551470588235325,1.2867647058823515,2.2058823529411797,1.8382352941176516,1.7830882352941195,3.988970588235297,1.1397058823529382,1.452205882352939,-1.2683823529411804,-2.7757352941176507,-0.4227941176470623,49.640287769784294
mmlu_professional_medicine,dataset,mean_drawdown_pp,272,20,0.026344034345764395,0.003946799307958477,0.03401336024605925,0.006187524029219616,0.023538322600281866,0.029419774445725955,0.0030937620146097803,0.004990067922593891,-0.02239723503780592,-0.0246921256247599,-0.020112456747404726,85.01824262693826
mmlu_professional_medicine,dataset,mean_regret_pp,272,20,0.12227668845315871,0.1012811578879915,0.22837370242214503,0.21010348583877964,0.09005715950595893,0.15841548322760432,0.06863896498141722,0.13752843457644445,-0.02099553056516719,-0.023284363786364205,-0.01871871195373569,17.170509629241476
mmlu_professional_medicine,dataset,final_regret_pp,272,20,0.0,0.0,0.0,0.0,0.0,0.0,0.0,0.0,0.0,0.0,0.0,
mmlu_professional_medicine,dataset,downward_jumps,272,20,66.45,14.8,89.70000000000002,22.200000000000003,57.7,75.15,12.400000000000002,17.200000000000003,-51.65,-59.25,-44.1,77.72761474793079
mmlu_professional_medicine,dataset,jumps_ge_2pp,272,20,0.4,0.0,2.0,0.0,0.1,0.75,0.0,0.0,-0.4,-0.75,-0.1,100.0
mmlu_professional_medicine,dataset,any_jump_ge_2pp,272,20,0.25,0.0,1.0,0.0,0.1,0.45,0.0,0.0,-0.25,-0.45,-0.1,100.0
mmlu_professional_psychology,default,total_downward_pp,612,20,173.68464052287655,30.040849673202786,203.46405228758258,50.19607843137304,162.52430555555623,185.4248366013079,25.04064542483675,35.76000816993485,-143.64379084967374,-153.0396241830072,-134.25633169934696,82.7037960393245
mmlu_professional_psychology,default,maximum_drawdown_pp,612,20,2.8431372549019636,1.535947712418306,2.483660130718957,1.7973856209150374,2.295751633986931,3.8480392156862773,1.446078431372555,1.6258169934640576,-1.307189542483657,-2.3366013071895395,-0.7271241830065334,45.977011494252736
mmlu_professional_psychology,default,switches,612,20,390.95,98.45,448.8,137.1,362.94874999999996,418.35,83.25,115.15124999999999,-292.5,-310.20125,-274.20000000000005,74.8177516306433
mmlu_professional_psychology,default,largest_drop_pp,612,20,2.7859477124183036,1.5277777777777832,2.483660130718957,1.7973856209150374,2.2140522875817026,3.8071895424836626,1.4297385620915093,1.6176470588235348,-1.2581699346405202,-2.303921568627448,-0.6615604575163405,45.16129032258051
mmlu_professional_psychology,default,mean_drawdown_pp,612,20,0.14017756703262346,0.03993082749116791,0.20324012764954397,0.06614423385750708,0.11682843374580605,0.1657603201048034,0.029187274441770928,0.051241677781417264,-0.10024673954145553,-0.12941812305491887,-0.07415806756818782,71.51411004167676
mmlu_professional_psychology,default,mean_regret_pp,612,20,0.2872162178839102,0.2385150219209769,0.41903952737392963,0.3665565475766683,0.24215463781736413,0.333077763300915,0.1970403417963652,0.2809720916931285,-0.04870119596293329,-0.0630706000224672,-0.036421898905612836,16.956283430560955
mmlu_professional_psychology,default,final_regret_pp,612,20,0.03267973856209139,0.03267973856209139,0.03267973856209185,0.03267973856209185,0.0,0.08169934640522847,0.0,0.08169934640522847,0.0,0.0,0.0,0.0
mmlu_professional_psychology,default,downward_jumps,612,20,186.2,44.6,217.70000000000002,62.400000000000006,173.15,198.95125,37.550000000000004,52.5,-141.6,-150.6,-132.25,76.04726100966703
mmlu_professional_psychology,default,jumps_ge_2pp,612,20,4.75,0.0,13.100000000000001,0.0,2.75,6.901249999999982,0.0,0.0,-4.75,-6.901249999999999,-2.75,100.0
mmlu_professional_psychology,default,any_jump_ge_2pp,612,20,0.8,0.0,1.0,0.0,0.6000000000000001,0.9500000000000001,0.0,0.0,-0.8,-0.9500000000000001,-0.6000000000000001,100.0
mmlu_professional_psychology,dataset,total_downward_pp,612,20,140.67810457516407,27.43464052287598,169.346405228759,35.620915032679974,131.43770424836663,149.85294117647123,24.370915032679875,30.327001633987138,-113.24346405228809,-122.90890522875873,-103.6437908496737,80.49828677623553
mmlu_professional_psychology,dataset,maximum_drawdown_pp,612,20,3.6437908496732057,1.4705882352941233,11.339869281045747,1.6339869281045805,2.2303921568627483,5.212622549019608,1.3725490196078494,1.552287581699352,-2.1732026143790817,-3.774509803921565,-0.7516339869281019,59.64125560538105
mmlu_professional_psychology,dataset,switches,612,20,338.75,98.55,406.6,147.3,308.89875,366.30125,84.59875,112.40124999999999,-240.2,-263.00124999999997,-218.05000000000004,70.90774907749078
mmlu_professional_psychology,dataset,largest_drop_pp,612,20,3.5784313725490215,1.4460784313725548,11.307189542483654,1.6339869281045805,2.2058823529411797,5.098039215686274,1.339869281045758,1.5359477124183063,-2.1323529411764666,-3.676470588235288,-0.7598039215686248,59.589041095890266
mmlu_professional_psychology,dataset,mean_drawdown_pp,612,20,0.061775464644019874,0.015964894793550552,0.08667764693225032,0.03922755255576028,0.053829367622140016,0.06979392620438822,0.01005289592638482,0.023633894371111047,-0.04581056985046932,-0.053719060649354895,-0.03781024392327767,74.15657674847449
mmlu_professional_psychology,dataset,mean_regret_pp,612,20,0.25930158232905026,0.2264062729909196,0.4328518787487557,0.40449779524494295,0.20771557473146607,0.3123668207701057,0.1727681898225277,0.28074179683977146,-0.03289530933813074,-0.03850491580477941,-0.02721729376007671,12.686119784794434
mmlu_professional_psychology,dataset,final_regret_pp,612,20,0.03267973856209139,0.03267973856209139,0.03267973856209185,0.03267973856209185,0.0,0.08169934640522847,0.0,0.08169934640522847,0.0,0.0,0.0,0.0
mmlu_professional_psychology,dataset,downward_jumps,612,20,157.85,43.35,189.3,61.1,145.5,169.35000000000002,37.55,48.95,-114.5,-125.0,-104.25,72.5372188786823
mmlu_professional_psychology,dataset,jumps_ge_2pp,612,20,2.95,0.0,9.0,0.0,1.5500000000000003,4.550000000000001,0.0,0.0,-2.95,-4.550000000000001,-1.55,100.0
mmlu_professional_psychology,dataset,any_jump_ge_2pp,612,20,0.65,0.0,1.0,0.0,0.45,0.8500000000000001,0.0,0.0,-0.65,-0.8500000000000001,-0.45,100.0
mmlu_public_relations,default,total_downward_pp,110,20,103.86363636363637,32.863636363636374,167.72727272727275,60.54545454545459,79.86363636363639,128.04545454545456,24.90909090909092,41.04659090909091,-70.99999999999999,-91.81818181818181,-51.50000000000001,68.35886214442013
mmlu_public_relations,default,maximum_drawdown_pp,110,20,11.454545454545455,8.454545454545455,15.636363636363638,13.000000000000007,9.772727272727273,13.09090909090909,6.727272727272728,10.272727272727273,-3.0000000000000013,-4.227272727272727,-1.9090909090909105,26.19047619047619
mmlu_public_relations,default,switches,110,20,55.35,20.45,82.70000000000002,30.70000000000001,43.99875,66.30000000000001,16.3,24.5,-34.9,-43.35,-26.550000000000004,63.05329719963867
mmlu_public_relations,default,largest_drop_pp,110,20,10.0,7.500000000000002,13.909090909090912,10.909090909090903,8.363636363636365,11.681818181818183,5.954545454545453,9.227272727272728,-2.4999999999999996,-3.681818181818182,-1.4545454545454528,24.999999999999982
mmlu_public_relations,default,mean_drawdown_pp,110,20,2.348331802877259,1.7733333333333339,5.507340067340072,3.0643893480257147,1.6493164983164992,3.161899908172636,1.3043767982858898,2.2873281297826753,-0.5749984695439248,-1.050971227425774,-0.12841965105601488,24.485401459854035
mmlu_public_relations,default,mean_regret_pp,110,20,5.070529537802264,4.474765840220387,8.399093970003067,6.423875114784218,4.216402356902357,6.022884450566269,3.716074839302113,5.321237067646159,-0.5957636975818777,-1.056742730333638,-0.1776227425772873,11.749536081789602
mmlu_public_relations,default,final_regret_pp,110,20,3.909090909090908,3.1818181818181808,6.636363636363637,5.5454545454545485,2.8636363636363606,5.09090909090909,2.318181818181817,4.09090909090909,-0.7272727272727264,-1.636363636363634,-0.04545454545454519,18.6046511627907
mmlu_public_relations,default,downward_jumps,110,20,25.35,8.95,40.300000000000004,12.300000000000004,20.150000000000002,30.35,7.25,10.5,-16.4,-20.5,-12.450000000000001,64.69428007889547
mmlu_public_relations,default,jumps_ge_2pp,110,20,16.95,5.4,28.200000000000003,9.0,13.0,20.9,4.1000000000000005,6.600000000000001,-11.55,-15.0,-8.350000000000001,68.14159292035399
mmlu_public_relations,default,any_jump_ge_2pp,110,20,1.0,0.95,1.0,1.0,1.0,1.0000000000000002,0.85,1.0,-0.05,-0.15,0.0,5.000000000000004
mmlu_public_relations,dataset,total_downward_pp,110,20,150.63636363636363,30.0,227.8181818181818,46.636363636363626,116.04545454545456,192.0477272727272,23.909090909090914,36.31818181818182,-120.63636363636363,-157.86363636363632,-90.04545454545456,80.08449004224502
mmlu_public_relations,dataset,maximum_drawdown_pp,110,20,13.772727272727275,8.590909090909092,18.27272727272727,13.727272727272728,12.136363636363637,15.363636363636362,7.2727272727272725,10.000000000000004,-5.181818181818179,-6.8636363636363615,-3.5454545454545414,37.62376237623763
mmlu_public_relations,dataset,switches,110,20,83.9,19.9,111.00000000000001,29.300000000000004,69.25,101.35125,16.65,23.150000000000002,-64.0,-79.30250000000001,-51.3,76.28128724672229
mmlu_public_relations,dataset,largest_drop_pp,110,20,12.272727272727272,7.909090909090911,16.36363636363636,12.909090909090905,10.500000000000004,14.0,6.5,9.454545454545453,-4.363636363636365,-6.318181818181818,-2.40909090909091,35.555555555555536
mmlu_public_relations,dataset,mean_drawdown_pp,110,20,2.34863789409244,1.4646954392408935,4.347842056932964,3.1225221916130934,1.7685491276400367,2.9752093663911827,0.9687633914906635,2.0144187327823673,-0.8839424548515471,-1.3639944903581285,-0.4540208142026342,37.63638733220386
mmlu_public_relations,dataset,mean_regret_pp,110,20,4.580569329660239,4.161114172023262,6.643881236608515,6.641065197428843,3.8585396388123665,5.302537037037037,3.4142220691766143,4.93691108050199,-0.41945515763697677,-0.9806146311600876,0.1140474441383531,9.157271235278742
mmlu_public_relations,dataset,final_regret_pp,110,20,2.9545454545454524,2.999999999999998,4.727272727272726,6.454545454545452,2.090909090909088,4.090909090909087,2.1363636363636336,3.9545454545454533,0.04545454545454582,-1.0920454545454539,1.045454545454546,-1.5384615384615383
mmlu_public_relations,dataset,downward_jumps,110,20,38.15,8.8,51.300000000000004,13.100000000000001,31.05,46.40124999999999,7.300000000000001,10.3,-29.35,-36.900000000000006,-23.1,76.93315858453474
mmlu_public_relations,dataset,jumps_ge_2pp,110,20,24.95,4.9,35.60000000000001,8.0,19.0,32.1,3.75,6.050000000000001,-20.05,-26.4,-14.9,80.36072144288576
mmlu_public_relations,dataset,any_jump_ge_2pp,110,20,1.0,0.95,1.0,1.0,1.0,1.0000000000000002,0.85,1.0,-0.05,-0.15,0.0,5.000000000000004
mmlu_security_studies,default,total_downward_pp,245,20,138.51020408163248,33.83673469387751,206.6530612244896,58.81632653061222,123.1632653061223,155.14336734693862,26.877551020408134,40.87806122448975,-104.67346938775498,-118.24540816326517,-91.63163265306112,75.57094445263003
mmlu_security_studies,default,maximum_drawdown_pp,245,20,10.40816326530612,5.204081632653059,14.734693877551019,11.10204081632653,8.897959183673468,11.816326530612244,3.6326530612244867,6.877551020408162,-5.204081632653064,-6.979591836734697,-3.5306122448979615,50.000000000000014
mmlu_security_studies,default,switches,245,20,178.2,58.85,218.5,77.4,161.60000000000002,193.3,51.54875,65.95,-119.35,-130.4,-107.3,66.97530864197532
mmlu_security_studies,default,largest_drop_pp,245,20,10.081632653061225,4.816326530612242,14.693877551020407,9.918367346938773,8.510204081632654,11.551020408163268,3.3061224489795893,6.448979591836733,-5.265306122448982,-7.02040816326531,-3.632653061224491,52.226720647773305
mmlu_security_studies,default,mean_drawdown_pp,245,20,0.5219911456646138,0.43303191571413036,0.8460524164314253,0.8965227451524801,0.4149562990729161,0.632588905857126,0.3200642324957185,0.5584027951316571,-0.0889592299504834,-0.14398571582828132,-0.034812254153361845,17.042287151675353
mmlu_security_studies,default,mean_regret_pp,245,20,1.4330294476067027,1.41220849337467,1.9831625711509036,1.9821457108920606,1.2555763647862734,1.6057531275548722,1.227378283739796,1.5892909898653287,-0.020820954232033072,-0.05815148009317113,0.018876023878939194,1.4529327549273872
mmlu_security_studies,default,final_regret_pp,245,20,0.16326530612244872,0.16326530612244872,0.8163265306122436,0.8163265306122436,0.04081632653061218,0.32653061224489743,0.04081632653061218,0.32653061224489743,0.0,0.0,0.0,0.0
mmlu_security_studies,default,downward_jumps,245,20,78.55,24.5,103.1,34.50000000000001,71.34875,85.44999999999999,20.75,28.25,-54.05,-59.0,-48.900000000000006,68.80967536600892
mmlu_security_studies,default,jumps_ge_2pp,245,20,20.75,4.8,32.2,9.100000000000001,16.900000000000002,24.6,3.1500000000000004,6.6000000000000005,-15.95,-18.65,-13.25,76.86746987951807
mmlu_security_studies,default,any_jump_ge_2pp,245,20,1.0,0.85,1.0,1.0,1.0,1.0000000000000002,0.7,1.0,-0.15,-0.30000000000000004,0.0,15.000000000000002
mmlu_security_studies,dataset,total_downward_pp,245,20,118.877551020408,22.285714285714242,153.83673469387753,35.673469387755034,107.40816326530599,130.93877551020395,17.326530612244866,27.551530612244857,-96.59183673469379,-107.02091836734688,-86.44897959183663,81.25321888412019
mmlu_security_studies,dataset,maximum_drawdown_pp,245,20,11.326530612244898,3.5102040816326494,15.714285714285715,7.183673469387763,10.020408163265307,12.73469387755102,2.551020408163259,4.693877551020405,-7.816326530612249,-9.469387755102042,-6.102040816326533,69.00900900900905
mmlu_security_studies,dataset,switches,245,20,142.45,46.15,189.3,78.1,125.55,160.30124999999998,36.95,55.75,-96.3,-107.75125000000001,-85.65,67.6026676026676
mmlu_security_studies,dataset,largest_drop_pp,245,20,11.020408163265309,3.285714285714282,15.714285714285715,7.061224489795926,9.69387755102041,12.469387755102044,2.3469387755101994,4.448979591836731,-7.7346938775510266,-9.469387755102044,-5.93877551020409,70.18518518518522
mmlu_security_studies,dataset,mean_drawdown_pp,245,20,0.3209206040692912,0.21037530658521844,0.5882734045999337,0.43762506363089365,0.2379965600752766,0.4017006031437507,0.12969919940765381,0.2954189612352867,-0.11054529748407274,-0.14511472071821904,-0.07970305582550478,34.446307305405824
mmlu_security_studies,dataset,mean_regret_pp,245,20,1.1131472997362175,1.0828216638129138,1.712022459777556,1.6755783855492254,0.9065141839048516,1.3119382047603578,0.8732954478843663,1.284195196445921,-0.0303256359233035,-0.040773134650685626,-0.019223780215033803,2.7243147362878206
mmlu_security_studies,dataset,final_regret_pp,245,20,0.08163265306122436,0.08163265306122436,0.08163265306122552,0.08163265306122552,0.0,0.2040816326530609,0.0,0.2040816326530609,0.0,0.0,0.0,0.0
mmlu_security_studies,dataset,downward_jumps,245,20,63.25,18.5,83.0,31.300000000000004,56.5,70.50124999999998,14.700000000000001,22.35,-44.75,-49.900000000000006,-40.0,70.75098814229248
mmlu_security_studies,dataset,jumps_ge_2pp,245,20,18.4,2.55,26.0,5.100000000000001,16.1,20.800000000000004,1.6500000000000001,3.5,-15.85,-17.950000000000003,-13.898750000000017,86.14130434782608
mmlu_security_studies,dataset,any_jump_ge_2pp,245,20,1.0,0.8,1.0,1.0,1.0,1.0000000000000002,0.6000000000000001,0.9500000000000001,-0.2,-0.39999999999999997,-0.05,19.999999999999996
mmlu_sociology,default,total_downward_pp,201,20,69.37810945273638,15.771144278606982,102.9850746268658,29.353233830845756,57.63557213930353,81.24440298507469,11.965174129353246,20.12500000000001,-53.60696517412938,-62.81094527363186,-44.203980099502516,77.26783793474364
mmlu_sociology,default,maximum_drawdown_pp,201,20,8.009950248756223,3.1343283582089585,10.19900497512439,4.975124378109463,6.641791044776122,9.75124378109453,2.4626865671641824,3.805970149253735,-4.875621890547264,-6.393034825870646,-3.6069651741293542,60.869565217391276
mmlu_sociology,default,switches,201,20,95.95,33.35,127.0,46.2,87.45,104.80000000000001,28.85,38.0,-62.6,-70.50125,-55.150000000000006,65.24231370505471
mmlu_sociology,default,largest_drop_pp,201,20,7.56218905472637,2.885572139303485,10.19900497512439,4.975124378109453,6.169154228855724,9.253731343283583,2.263681592039803,3.5074626865671688,-4.676616915422886,-6.194029850746267,-3.3582089552238816,61.84210526315787
mmlu_sociology,default,mean_drawdown_pp,201,20,0.704716696598086,0.4844434543699416,1.5106006727006247,1.404189665272315,0.4854091895415135,0.9463243484072189,0.29504733564534064,0.6993307371379707,-0.22027324222814437,-0.3956547646877099,-0.10008686070293409,31.256992106399693
mmlu_sociology,default,mean_regret_pp,201,20,1.0949334770774826,1.0663129900525008,1.9222479824940226,1.8435187247840452,0.8591359124774123,1.3380729254043036,0.833317702990482,1.3054645007870176,-0.028620487024981888,-0.051154307694987654,-0.00919293343490748,2.613901905837559
mmlu_sociology,default,final_regret_pp,201,20,0.27363184079601865,0.27363184079601865,0.547263681592038,0.547263681592038,0.12437810945273575,0.42288557213930156,0.12437810945273575,0.42288557213930156,0.0,0.0,0.0,0.0
mmlu_sociology,default,downward_jumps,201,20,39.3,12.65,49.300000000000004,20.0,35.050000000000004,43.5,10.600000000000001,14.8,-26.65,-30.500000000000004,-22.8,67.8117048346056
mmlu_sociology,default,jumps_ge_2pp,201,20,9.2,1.7,14.0,3.1000000000000014,7.0,11.4,0.9500000000000001,2.6500000000000004,-7.5,-9.15,-5.800000000000001,81.52173913043478
mmlu_sociology,default,any_jump_ge_2pp,201,20,1.0,0.7,1.0,1.0,1.0,1.0000000000000002,0.5,0.9,-0.3,-0.5,-0.1,30.000000000000004
mmlu_sociology,dataset,total_downward_pp,201,20,49.77611940298509,8.383084577114426,77.61194029850746,13.482587064676602,42.28855721393036,58.28358208955226,6.6162935323382985,10.199004975124375,-41.39303482587066,-49.57711442786072,-33.95522388059703,83.1584207896052
mmlu_sociology,dataset,maximum_drawdown_pp,201,20,5.8706467661691555,1.6417910447761213,7.661691542288559,2.587064676616916,5.149253731343285,6.641791044776121,1.2437810945273642,2.189054726368159,-4.228855721393035,-4.950248756218905,-3.5323383084577116,72.03389830508473
mmlu_sociology,dataset,switches,201,20,80.85,29.75,106.60000000000001,46.60000000000001,72.55000000000001,89.9,24.74875,35.05,-51.1,-58.3,-44.0,63.203463203463194
mmlu_sociology,dataset,largest_drop_pp,201,20,5.771144278606967,1.6417910447761213,7.562189054726369,2.587064676616916,5.074626865671645,6.492537313432838,1.2437810945273642,2.189054726368159,-4.129353233830846,-4.776119402985077,-3.4825870646766166,71.55172413793102
mmlu_sociology,dataset,mean_drawdown_pp,201,20,0.07820305144628778,0.009955749170125065,0.10899253502159423,0.026783348780328817,0.028913475739049316,0.14786125572615966,0.005834014009554268,0.014766777866701173,-0.06824730227616273,-0.13783840150637952,-0.01979773144595784,87.26935971678422
mmlu_sociology,dataset,mean_regret_pp,201,20,0.22425187495358928,0.2116889295919509,0.5507179415250977,0.534517389100193,0.14224714368089456,0.31303572885526154,0.12960588617626773,0.29990511786011764,-0.012562945361638368,-0.01674346619583123,-0.009200358993680777,5.602158449840555
mmlu_sociology,dataset,final_regret_pp,201,20,0.0,0.0,0.0,0.0,0.0,0.0,0.0,0.0,0.0,0.0,0.0,
mmlu_sociology,dataset,downward_jumps,201,20,30.9,9.7,38.2,15.200000000000003,27.900000000000002,33.75,7.95,11.451249999999984,-21.2,-24.4,-18.05,68.6084142394822
mmlu_sociology,dataset,jumps_ge_2pp,201,20,6.15,0.3,10.200000000000003,1.1000000000000014,4.750000000000001,7.6000000000000005,0.0,0.6500000000000001,-5.85,-7.35,-4.449999999999999,95.12195121951218
mmlu_sociology,dataset,any_jump_ge_2pp,201,20,1.0,0.15,1.0,1.0,1.0,1.0000000000000002,0.0,0.30000000000000004,-0.85,-1.0,-0.7,85.0
mmlu_us_foreign_policy,default,total_downward_pp,100,20,39.349999999999994,15.300000000000002,69.39999999999988,31.100000000000012,30.599999999999998,48.60125,8.900000000000002,24.55125,-24.049999999999997,-31.199999999999996,-17.05,61.118170266836074
mmlu_us_foreign_policy,default,maximum_drawdown_pp,100,20,6.999999999999998,4.549999999999999,10.000000000000009,8.999999999999998,5.949999999999996,8.05,3.4499999999999975,5.749999999999997,-2.4499999999999997,-3.450000000000002,-1.4999999999999996,35.0
mmlu_us_foreign_policy,default,switches,100,20,39.7,15.65,53.400000000000006,23.900000000000013,33.05,46.65,12.2,19.35,-24.05,-28.35,-20.05,60.57934508816122
mmlu_us_foreign_policy,default,largest_drop_pp,100,20,6.600000000000001,4.250000000000001,10.000000000000009,8.999999999999998,5.450000000000003,7.700000000000003,3.05,5.550000000000001,-2.3500000000000005,-3.401250000000002,-1.3500000000000008,35.60606060606061
mmlu_us_foreign_policy,default,mean_drawdown_pp,100,20,0.9890222222222163,1.0374814814814775,1.4167999999999905,1.2651555555555465,0.752782222222218,1.2146188888888818,0.5545411111111077,1.77079444444444,0.04845925925926144,-0.4131666666666627,0.7475503703703738,-4.899713896253915
mmlu_us_foreign_policy,default,mean_regret_pp,100,20,1.506148148148139,1.8522370370370278,2.2690370370370276,2.279496296296286,1.2458240740740654,1.764329259259249,1.3272222222222132,2.6850055555555468,0.34608888888888895,-0.005867407407407081,0.9928451851851854,-22.9784094821228
mmlu_us_foreign_policy,default,final_regret_pp,100,20,1.2999999999999914,1.2999999999999914,1.9999999999999907,1.9999999999999907,0.9499999999999931,1.649999999999991,0.9499999999999931,1.649999999999991,0.0,0.0,0.0,0.0
mmlu_us_foreign_policy,default,downward_jumps,100,20,15.65,6.1,22.300000000000004,11.300000000000004,12.75,18.75,4.45,7.9,-9.55,-11.45,-7.85,61.0223642172524
mmlu_us_foreign_policy,default,jumps_ge_2pp,100,20,8.15,2.5,12.600000000000009,5.100000000000001,6.25,10.200000000000001,1.4500000000000002,3.8499999999999996,-5.65,-7.351249999999999,-4.0,69.32515337423312
mmlu_us_foreign_policy,default,any_jump_ge_2pp,100,20,1.0,0.8,1.0,1.0,1.0,1.0000000000000002,0.6000000000000001,0.9500000000000001,-0.2,-0.4,-0.05,19.999999999999996
mmlu_us_foreign_policy,dataset,total_downward_pp,100,20,35.89999999999988,10.499999999999977,51.19999999999987,18.099999999999987,31.699999999999907,40.49999999999986,7.849999999999981,13.249999999999975,-25.3999999999999,-31.149999999999892,-19.99999999999991,70.75208913649021
mmlu_us_foreign_policy,dataset,maximum_drawdown_pp,100,20,6.199999999999996,4.5,8.20000000000001,8.999999999999998,5.2999999999999945,7.1499999999999995,3.2500000000000004,5.800000000000001,-1.6999999999999962,-3.399999999999996,-0.04999999999999416,27.419354838709626
mmlu_us_foreign_policy,dataset,switches,100,20,50.4,16.8,60.2,25.200000000000003,46.3,54.2,13.69875,20.1,-33.6,-38.0,-29.200000000000003,66.66666666666666
mmlu_us_foreign_policy,dataset,largest_drop_pp,100,20,6.199999999999996,4.5,8.20000000000001,8.999999999999998,5.2999999999999945,7.1499999999999995,3.2500000000000004,5.800000000000001,-1.6999999999999962,-3.399999999999996,-0.04999999999999416,27.419354838709626
mmlu_us_foreign_policy,dataset,mean_drawdown_pp,100,20,0.0720592592592593,0.04306666666666665,0.13754074074074024,0.12485925925925895,0.048251851851851914,0.10059333333333335,0.020666666666666653,0.06917074074074075,-0.02899259259259262,-0.04050444444444466,-0.019140740740740795,40.23437500000005
mmlu_us_foreign_policy,dataset,mean_regret_pp,100,20,0.4876888888888882,0.48352592592592514,0.7364444444444446,0.7277925925925923,0.4035851851851845,0.5732914814814805,0.3971251851851846,0.5704896296296288,-0.004162962962962956,-0.008207407407407405,-0.00016259259259251884,0.8536103769859512
mmlu_us_foreign_policy,dataset,final_regret_pp,100,20,0.0,0.0,0.0,0.0,0.0,0.0,0.0,0.0,0.0,0.0,0.0,
mmlu_us_foreign_policy,dataset,downward_jumps,100,20,18.65,4.95,24.300000000000004,8.200000000000003,16.6,20.75,3.8000000000000003,6.25,-13.7,-16.049999999999997,-11.450000000000001,73.45844504021449
mmlu_us_foreign_policy,dataset,jumps_ge_2pp,100,20,8.45,1.8,13.200000000000003,4.0,7.0,10.100000000000001,1.25,2.4,-6.65,-8.3,-5.2,78.69822485207101
mmlu_us_foreign_policy,dataset,any_jump_ge_2pp,100,20,1.0,0.8,1.0,1.0,1.0,1.0000000000000002,0.6000000000000001,0.9500000000000001,-0.2,-0.4,-0.05,19.999999999999996
mmlu_virology,default,total_downward_pp,166,20,131.1144578313253,52.98192771084339,178.6746987951807,84.03614457831328,112.9819277108434,148.76581325301208,44.005271084337366,62.31927710843375,-78.13253012048193,-91.83734939759036,-64.2168674698795,59.59108660693773
mmlu_virology,default,maximum_drawdown_pp,166,20,11.71686746987952,8.644578313253012,13.915662650602416,12.048192771084338,11.024096385542169,12.5,7.620481927710843,9.698795180722891,-3.072289156626507,-4.096385542168674,-2.078313253012049,26.221079691516728
mmlu_virology,default,switches,166,20,100.6,42.85,116.30000000000001,63.70000000000001,90.7,109.65125,37.4,48.8,-57.75,-65.3,-49.650000000000006,57.405566600397606
mmlu_virology,default,largest_drop_pp,166,20,10.512048192771084,7.80120481927711,12.65060240963855,10.903614457831328,9.728915662650603,11.295180722891569,6.807228915662652,8.795180722891567,-2.7108433734939763,-3.7349397590361444,-1.7469879518072295,25.787965616045827
mmlu_virology,default,mean_drawdown_pp,166,20,2.2065396794675336,1.7807562243619715,3.5636521991580756,3.3360967296226356,1.7821256915211028,2.6609822153406117,1.365193034520947,2.252969844572399,-0.4257834551055629,-0.7331618307231591,-0.16607178378843415,19.296433192096924
mmlu_virology,default,mean_regret_pp,166,20,5.3165379053026,5.317758315726087,7.02134911802497,7.236033827411377,4.7709793659242035,5.902623546394406,4.766223999075282,5.896601734918251,0.0012204104234887492,-0.09932467487083523,0.09441225410342974,-0.02295498396182026
mmlu_virology,default,final_regret_pp,166,20,3.9759036144578297,4.096385542168672,5.421686746987953,5.481927710843375,3.343373493975902,4.548192771084334,3.4337349397590353,4.698795180722888,0.12048192771084318,0.0,0.36144578313252956,-3.0303030303030134
mmlu_virology,default,downward_jumps,166,20,45.1,19.0,54.1,24.200000000000003,40.85,48.95,16.85,21.3,-26.1,-29.700000000000003,-22.35,57.871396895787136
mmlu_virology,default,jumps_ge_2pp,166,20,23.15,9.45,32.300000000000004,17.0,19.548750000000002,26.650000000000002,7.4,11.55,-13.7,-16.00125,-11.3,59.179265658747305
mmlu_virology,default,any_jump_ge_2pp,166,20,1.0,1.0,1.0,1.0,1.0,1.0000000000000002,1.0,1.0000000000000002,0.0,0.0,0.0,0.0
mmlu_virology,dataset,total_downward_pp,166,20,287.0481927710843,58.70481927710841,369.2771084337349,80.12048192771086,252.6204819277108,329.91039156626493,48.6137048192771,70.0911144578313,-228.3433734939759,-262.1400602409638,-200.09036144578312,79.54879328436516
mmlu_virology,dataset,maximum_drawdown_pp,166,20,13.31325301204819,7.439759036144577,16.445783132530124,12.048192771084338,12.138554216867469,14.548192771084336,6.1144578313253,8.85542168674699,-5.873493975903614,-7.2289156626506035,-4.548192771084335,44.11764705882353
mmlu_virology,dataset,switches,166,20,222.15,59.45,259.0,82.5,206.8,237.5525,52.7,66.5,-162.7,-173.25125,-151.6,73.23880261084851
mmlu_virology,dataset,largest_drop_pp,166,20,11.596385542168672,6.746987951807229,14.51807228915663,11.445783132530119,10.451807228915664,12.740963855421686,5.481927710843374,8.072289156626507,-4.849397590361447,-6.265060240963856,-3.3734939759036155,41.818181818181806
mmlu_virology,dataset,mean_drawdown_pp,166,20,1.5621360945791207,1.079079369687586,2.8231910238006974,2.298694107084298,1.192685601845132,1.997102734902127,0.727002655871142,1.5192448508895013,-0.483056724891535,-0.6617965839260664,-0.3140810900899465,30.922832304293085
mmlu_virology,dataset,mean_regret_pp,166,20,4.491056595861355,4.396063504352079,5.5220399670973075,5.493513545480448,4.140758482390067,4.84089557695306,4.037848650290584,4.7588760665150565,-0.09499309150927808,-0.18684685193249703,-0.0032586839997216367,2.1151613096306843
mmlu_virology,dataset,final_regret_pp,166,20,3.554216867469877,3.132530120481925,5.421686746987953,4.216867469879515,2.8915662650602387,4.186746987951806,2.6204819277108404,3.614457831325299,-0.4216867469879526,-0.8734939759036153,-0.060240963855422436,11.864406779661035
mmlu_virology,dataset,downward_jumps,166,20,100.55,26.1,120.30000000000001,35.300000000000004,93.65,107.75,22.900000000000002,29.400000000000002,-74.45,-79.2,-69.7,74.042764793635
mmlu_virology,dataset,jumps_ge_2pp,166,20,50.6,10.15,65.9,18.1,44.349999999999994,57.75000000000001,7.800000000000001,12.7,-40.45,-45.85,-35.6,79.9407114624506
mmlu_virology,dataset,any_jump_ge_2pp,166,20,1.0,1.0,1.0,1.0,1.0,1.0000000000000002,1.0,1.0000000000000002,0.0,0.0,0.0,0.0
mmlu_world_religions,default,total_downward_pp,171,20,69.06432748538013,16.345029239766085,116.5497076023392,31.1695906432749,53.567251461988334,84.56140350877195,12.163742690058474,20.789473684210527,-52.71929824561406,-65.35087719298248,-40.233918128655006,76.33361558001693
mmlu_world_religions,default,maximum_drawdown_pp,171,20,7.923976608187134,3.625730994152047,10.818713450292401,5.847953216374268,6.637426900584796,9.298245614035089,2.83625730994152,4.4152046783625725,-4.298245614035088,-5.468567251461991,-3.215643274853812,54.24354243542435
mmlu_world_religions,default,switches,171,20,86.35,29.55,105.00000000000004,46.0,73.45,100.05000000000001,24.400000000000002,35.05,-56.8,-67.55,-47.300000000000004,65.77880718008107
mmlu_world_religions,default,largest_drop_pp,171,20,7.368421052631578,3.4795321637426895,10.760233918128657,5.847953216374268,6.0818713450292385,8.713450292397662,2.7485380116959046,4.239766081871344,-3.8888888888888893,-5.029239766081874,-2.807017543859649,52.77777777777778
mmlu_world_religions,default,mean_drawdown_pp,171,20,0.8718478746863537,0.5581128476378294,1.2035612097169504,1.2125642964533576,0.5115945773755017,1.3933911922250193,0.3344501062055182,0.8322031976917236,-0.31373502704852446,-0.6009732655948566,-0.10879187898270677,35.98506530297962
mmlu_world_religions,default,mean_regret_pp,171,20,1.9610174450638151,1.8779187518286704,2.599855352770774,2.477409319993355,1.6497642199499165,2.366876671137807,1.5556000453447507,2.298785982898183,-0.08309869323514499,-0.17095275912689686,-0.01598149224769296,4.237529525518348
mmlu_world_religions,default,final_regret_pp,171,20,1.2280701754385992,1.2865497076023413,1.8128654970760292,2.3391812865497075,0.9649122807017568,1.491959064327479,0.9941520467836279,1.5789473684210549,0.05847953216374213,-0.14619883040935755,0.2631578947368418,-4.761904761904706
mmlu_world_religions,default,downward_jumps,171,20,36.1,11.55,46.70000000000001,20.1,30.3,42.0,9.2,14.1,-24.55,-29.000000000000004,-20.35,68.00554016620498
mmlu_world_religions,default,jumps_ge_2pp,171,20,9.45,2.05,17.0,5.0,6.8,12.1,1.25,2.9,-7.4,-9.5,-5.300000000000001,78.30687830687832
mmlu_world_religions,default,any_jump_ge_2pp,171,20,1.0,0.65,1.0,1.0,1.0,1.0000000000000002,0.45,0.8500000000000001,-0.35,-0.55,-0.15000000000000002,35.0
mmlu_world_religions,dataset,total_downward_pp,171,20,92.51461988304098,18.362573099415215,130.2923976608188,31.812865497076068,78.97660818713456,105.99488304093572,14.649122807017557,22.309941520467834,-74.15204678362576,-86.43274853801174,-62.016812865497094,80.15170670037926
mmlu_world_religions,dataset,maximum_drawdown_pp,171,20,7.748538011695906,3.391812865497078,9.999999999999996,5.847953216374268,6.871345029239766,8.625730994152049,2.7485380116959073,4.064327485380119,-4.356725146198829,-5.321637426900585,-3.391812865497076,56.22641509433959
mmlu_world_religions,dataset,switches,171,20,127.0,40.65,173.40000000000003,51.100000000000016,111.65,141.9,35.7,45.5,-86.35,-98.9,-74.10000000000001,67.99212598425197
mmlu_world_religions,dataset,largest_drop_pp,171,20,7.134502923976609,3.0116959064327484,8.947368421052637,4.7368421052631575,6.345029239766082,7.953947368421044,2.4269005847953236,3.625730994152046,-4.12280701754386,-5.0584795321637435,-3.2448830409356813,57.78688524590166
mmlu_world_religions,dataset,mean_drawdown_pp,171,20,0.5239408896944552,0.34148905582851163,0.928174164383595,0.7878410197756343,0.37110066788514884,0.6761348221105073,0.21842710070968424,0.4705992790437591,-0.1824518338659436,-0.31438008149389346,-0.06847152716821979,34.822980503076096
mmlu_world_religions,dataset,mean_regret_pp,171,20,1.1554805720531927,1.085921974092693,1.7477717107004722,1.7858714362253871,0.9528327804566656,1.3480908022348115,0.883960560197694,1.2898213378728736,-0.06955859796049955,-0.16098527308814267,0.0009357105130165112,6.019884681998568
mmlu_world_religions,dataset,final_regret_pp,171,20,0.3801169590643295,0.3801169590643295,1.1695906432748537,1.1695906432748537,0.2046783625731008,0.5555555555555591,0.2046783625731008,0.5555555555555591,0.0,0.0,0.0,0.0
mmlu_world_religions,dataset,downward_jumps,171,20,54.4,15.65,73.2,23.1,47.900000000000006,60.5,13.25,18.1,-38.75,-44.050000000000004,-33.45,71.23161764705883
mmlu_world_religions,dataset,jumps_ge_2pp,171,20,12.9,1.6,18.500000000000007,3.0,10.6,15.3,1.0,2.2,-11.3,-13.450000000000001,-9.2,87.5968992248062
mmlu_world_religions,dataset,any_jump_ge_2pp,171,20,1.0,0.75,1.0,1.0,1.0,1.0000000000000002,0.55,0.9000000000000001,-0.25,-0.45,-0.1,25.0
