benchmark,prior,matrix_seed,run_seed,method,n_questions,window_begin,window_end,total_downward_pp,maximum_drawdown_pp,switches,largest_drop_pp,mean_drawdown_pp,mean_regret_pp,final_regret_pp,downward_jumps,jumps_ge_2pp,any_jump_ge_2pp
alpaca_eval,dataset,1,0,posterior_mean,805,0.01,0.09999594040514756,0.0,0.0,0,0.0,0.0,0.0,0.0,0,0,0
alpaca_eval,dataset,1,0,gaussian_lcb_1.645,805,0.01,0.09999594040514756,0.0,0.0,0,0.0,0.0,0.0,0.0,0,0,0
alpaca_eval,dataset,1,1,posterior_mean,805,0.01,0.09999594040514756,0.0,0.0,0,0.0,0.0,0.0,0.0,0,0,0
alpaca_eval,dataset,1,1,gaussian_lcb_1.645,805,0.01,0.09999594040514756,0.0,0.0,0,0.0,0.0,0.0,0.0,0,0,0
alpaca_eval,dataset,1,2,posterior_mean,805,0.01,0.09999594040514756,0.0,0.0,0,0.0,0.0,0.0,0.0,0,0,0
alpaca_eval,dataset,1,2,gaussian_lcb_1.645,805,0.01,0.09999594040514756,0.0,0.0,0,0.0,0.0,0.0,0.0,0,0,0
alpaca_eval,dataset,1,3,posterior_mean,805,0.01,0.09999594040514756,0.0,0.0,0,0.0,0.0,0.0,0.0,0,0,0
alpaca_eval,dataset,1,3,gaussian_lcb_1.645,805,0.01,0.09999594040514756,0.0,0.0,0,0.0,0.0,0.0,0.0,0,0,0
alpaca_eval,dataset,1,4,posterior_mean,805,0.01,0.09999594040514756,0.0,0.0,0,0.0,0.0,0.0,0.0,0,0,0
alpaca_eval,dataset,1,4,gaussian_lcb_1.645,805,0.01,0.09999594040514756,0.0,0.0,0,0.0,0.0,0.0,0.0,0,0,0
alpaca_eval,dataset,1,5,posterior_mean,805,0.01,0.09999594040514756,0.0,0.0,0,0.0,0.0,0.0,0.0,0,0,0
alpaca_eval,dataset,1,5,gaussian_lcb_1.645,805,0.01,0.09999594040514756,0.0,0.0,0,0.0,0.0,0.0,0.0,0,0,0
alpaca_eval,dataset,1,6,posterior_mean,805,0.01,0.09999594040514756,0.0,0.0,0,0.0,0.0,0.0,0.0,0,0,0
alpaca_eval,dataset,1,6,gaussian_lcb_1.645,805,0.01,0.09999594040514756,0.0,0.0,0,0.0,0.0,0.0,0.0,0,0,0
alpaca_eval,dataset,1,7,posterior_mean,805,0.01,0.09999594040514756,0.0,0.0,0,0.0,0.0,0.0,0.0,0,0,0
alpaca_eval,dataset,1,7,gaussian_lcb_1.645,805,0.01,0.09999594040514756,0.0,0.0,0,0.0,0.0,0.0,0.0,0,0,0
alpaca_eval,dataset,1,8,posterior_mean,805,0.01,0.09999594040514756,0.0,0.0,0,0.0,0.0,0.0,0.0,0,0,0
alpaca_eval,dataset,1,8,gaussian_lcb_1.645,805,0.01,0.09999594040514756,0.0,0.0,0,0.0,0.0,0.0,0.0,0,0,0
alpaca_eval,dataset,1,9,posterior_mean,805,0.01,0.09999594040514756,0.0,0.0,0,0.0,0.0,0.0,0.0,0,0,0
alpaca_eval,dataset,1,9,gaussian_lcb_1.645,805,0.01,0.09999594040514756,0.0,0.0,0,0.0,0.0,0.0,0.0,0,0,0
alpaca_eval,dataset,1,10,posterior_mean,805,0.01,0.09999594040514756,1.7364700869177851,1.7364700869177851,2,1.7364700869177851,0.005013107920750371,0.005013107920750371,0.0,1,0,0
alpaca_eval,dataset,1,10,gaussian_lcb_1.645,805,0.01,0.09999594040514756,0.0,0.0,0,0.0,0.0,0.0,0.0,0,0,0
alpaca_eval,dataset,1,11,posterior_mean,805,0.01,0.09999594040514756,0.0,0.0,0,0.0,0.0,0.0,0.0,0,0,0
alpaca_eval,dataset,1,11,gaussian_lcb_1.645,805,0.01,0.09999594040514756,0.0,0.0,0,0.0,0.0,0.0,0.0,0,0,0
alpaca_eval,dataset,1,12,posterior_mean,805,0.01,0.09999594040514756,0.0,0.0,0,0.0,0.0,0.0,0.0,0,0,0
alpaca_eval,dataset,1,12,gaussian_lcb_1.645,805,0.01,0.09999594040514756,0.0,0.0,0,0.0,0.0,0.0,0.0,0,0,0
alpaca_eval,dataset,1,13,posterior_mean,805,0.01,0.09999594040514756,0.0,0.0,0,0.0,0.0,0.0,0.0,0,0,0
alpaca_eval,dataset,1,13,gaussian_lcb_1.645,805,0.01,0.09999594040514756,0.0,0.0,0,0.0,0.0,0.0,0.0,0,0,0
alpaca_eval,dataset,1,14,posterior_mean,805,0.01,0.09999594040514756,0.0,0.0,0,0.0,0.0,0.0,0.0,0,0,0
alpaca_eval,dataset,1,14,gaussian_lcb_1.645,805,0.01,0.09999594040514756,0.0,0.0,0,0.0,0.0,0.0,0.0,0,0,0
alpaca_eval,dataset,1,15,posterior_mean,805,0.01,0.09999594040514756,0.0,0.0,0,0.0,0.0,0.0,0.0,0,0,0
alpaca_eval,dataset,1,15,gaussian_lcb_1.645,805,0.01,0.09999594040514756,0.0,0.0,0,0.0,0.0,0.0,0.0,0,0,0
alpaca_eval,dataset,1,16,posterior_mean,805,0.01,0.09999594040514756,0.0,0.0,0,0.0,0.0,0.0,0.0,0,0,0
alpaca_eval,dataset,1,16,gaussian_lcb_1.645,805,0.01,0.09999594040514756,0.0,0.0,0,0.0,0.0,0.0,0.0,0,0,0
alpaca_eval,dataset,1,17,posterior_mean,805,0.01,0.09999594040514756,0.0,0.0,0,0.0,0.0,0.0,0.0,0,0,0
alpaca_eval,dataset,1,17,gaussian_lcb_1.645,805,0.01,0.09999594040514756,0.0,0.0,0,0.0,0.0,0.0,0.0,0,0,0
alpaca_eval,dataset,1,18,posterior_mean,805,0.01,0.09999594040514756,0.0,0.0,0,0.0,0.0,0.0,0.0,0,0,0
alpaca_eval,dataset,1,18,gaussian_lcb_1.645,805,0.01,0.09999594040514756,0.0,0.0,0,0.0,0.0,0.0,0.0,0,0,0
alpaca_eval,dataset,1,19,posterior_mean,805,0.01,0.09999594040514756,1.7364700869177851,1.7364700869177851,2,1.7364700869177851,0.012532769801875862,0.012532769801875862,0.0,1,0,0
alpaca_eval,dataset,1,19,gaussian_lcb_1.645,805,0.01,0.09999594040514756,0.0,0.0,0,0.0,0.0,0.0,0.0,0,0,0
alpaca_eval,default,1,0,posterior_mean,805,0.01,0.09999594040514756,21.842876927607634,21.842876927607634,2,21.842876927607634,0.03152968201488715,0.03152968201488715,0.0,1,1,1
alpaca_eval,default,1,0,gaussian_lcb_1.645,805,0.01,0.09999594040514756,0.0,0.0,0,0.0,0.0,0.0,0.0,0,0,0
alpaca_eval,default,1,1,posterior_mean,805,0.01,0.09999594040514756,0.0,0.0,1,0.0,0.0,0.3517556834330248,0.0,0,0,0
alpaca_eval,default,1,1,gaussian_lcb_1.645,805,0.01,0.09999594040514756,1.7364700869177851,1.7364700869177851,3,1.7364700869177851,0.007519661881125558,0.3642884532349007,0.0,1,0,0
alpaca_eval,default,1,2,posterior_mean,805,0.01,0.09999594040514756,5.209410260753355,1.7364700869177851,6,1.7364700869177851,0.03258520148487728,0.03258520148487728,0.0,3,0,0
alpaca_eval,default,1,2,gaussian_lcb_1.645,805,0.01,0.09999594040514756,0.0,0.0,0,0.0,0.0,0.0,0.0,0,0,0
alpaca_eval,default,1,3,posterior_mean,805,0.01,0.09999594040514756,6.945880347671141,1.7364700869177851,10,1.7364700869177851,0.05013107920750358,2.5262308313950723,0.0,4,0,0
alpaca_eval,default,1,3,gaussian_lcb_1.645,805,0.01,0.09999594040514756,3.4729401738355703,1.7364700869177851,6,1.7364700869177851,0.11357822632950006,2.6097304102000702,0.0,2,0,0
alpaca_eval,default,1,4,posterior_mean,805,0.01,0.09999594040514756,1.7364700869177851,1.7364700869177851,3,1.7364700869177851,0.0025065539603751855,0.36679500719527586,0.0,1,0,0
alpaca_eval,default,1,4,gaussian_lcb_1.645,805,0.01,0.09999594040514756,0.0,0.0,1,0.0,0.0,0.3918605467990276,0.0,0,0,0
alpaca_eval,default,1,5,posterior_mean,805,0.01,0.09999594040514756,0.0,0.0,0,0.0,0.0,0.0,0.0,0,0,0
alpaca_eval,default,1,5,gaussian_lcb_1.645,805,0.01,0.09999594040514756,0.0,0.0,0,0.0,0.0,0.0,0.0,0,0,0
alpaca_eval,default,1,6,posterior_mean,805,0.01,0.09999594040514756,21.112418260495314,12.672938353192553,10,6.703009820384976,0.4057691572586069,1.338870653097432,0.0,4,3,1
alpaca_eval,default,1,6,gaussian_lcb_1.645,805,0.01,0.09999594040514756,6.703009820384976,6.703009820384976,5,6.703009820384976,0.36903080309848624,1.3281104846914298,0.0,1,1,1
alpaca_eval,default,1,7,posterior_mean,805,0.01,0.09999594040514756,3.4729401738355703,1.7364700869177851,4,1.7364700869177851,0.31237928731175607,0.31237928731175607,0.0,2,0,0
alpaca_eval,default,1,7,gaussian_lcb_1.645,805,0.01,0.09999594040514756,5.209410260753355,1.7364700869177851,6,1.7364700869177851,0.3274186110740072,0.3274186110740072,0.0,3,0,0
alpaca_eval,default,1,8,posterior_mean,805,0.01,0.09999594040514756,6.945880347671141,1.7364700869177851,8,1.7364700869177851,0.025065539603751723,0.025065539603751723,0.0,4,0,0
alpaca_eval,default,1,8,gaussian_lcb_1.645,805,0.01,0.09999594040514756,0.0,0.0,0,0.0,0.0,0.0,0.0,0,0,0
alpaca_eval,default,1,9,posterior_mean,805,0.01,0.09999594040514756,6.945880347671141,1.7364700869177851,8,1.7364700869177851,0.141150319893627,0.141150319893627,0.0,4,0,0
alpaca_eval,default,1,9,gaussian_lcb_1.645,805,0.01,0.09999594040514756,6.945880347671141,1.7364700869177851,8,1.7364700869177851,0.1837617372200049,0.1837617372200049,0.0,4,0,0
alpaca_eval,default,1,10,posterior_mean,805,0.01,0.09999594040514756,6.945880347671141,1.7364700869177851,9,1.7364700869177851,0.15869619761625317,0.36178189927452553,0.0,4,0,0
alpaca_eval,default,1,10,gaussian_lcb_1.645,805,0.01,0.09999594040514756,3.4729401738355703,1.7364700869177851,5,1.7364700869177851,0.17122896741812904,0.3743146690764014,0.0,2,0,0
alpaca_eval,default,1,11,posterior_mean,805,0.01,0.09999594040514756,6.945880347671141,1.7364700869177851,8,1.7364700869177851,0.0927424965338814,0.0927424965338814,0.0,4,0,0
alpaca_eval,default,1,11,gaussian_lcb_1.645,805,0.01,0.09999594040514756,3.4729401738355703,1.7364700869177851,4,1.7364700869177851,0.1812551832596298,0.1812551832596298,0.0,2,0,0
alpaca_eval,default,1,12,posterior_mean,805,0.01,0.09999594040514756,20.50316613235616,20.50316613235616,2,20.50316613235616,0.05919168162638236,0.25726427536390434,0.0,1,1,1
alpaca_eval,default,1,12,gaussian_lcb_1.645,805,0.01,0.09999594040514756,20.50316613235616,20.50316613235616,2,20.50316613235616,0.05919168162638236,0.25726427536390434,0.0,1,1,1
alpaca_eval,default,1,13,posterior_mean,805,0.01,0.09999594040514756,43.68575385521527,21.842876927607634,6,21.842876927607634,0.35332850148797396,0.35332850148797396,0.0,3,3,1
alpaca_eval,default,1,13,gaussian_lcb_1.645,805,0.01,0.09999594040514756,21.842876927607634,21.842876927607634,4,15.13986710722266,0.3314744573883602,0.3314744573883602,0.0,2,2,1
alpaca_eval,default,1,14,posterior_mean,805,0.01,0.09999594040514756,23.986593012804008,19.020053279336818,4,19.020053279336818,0.07046950582417848,0.28859453124470186,0.0,2,2,1
alpaca_eval,default,1,14,gaussian_lcb_1.645,805,0.01,0.09999594040514756,23.986593012804008,19.020053279336818,4,19.020053279336818,0.05613133791438216,0.27425636333490555,0.0,2,2,1
alpaca_eval,default,1,15,posterior_mean,805,0.01,0.09999594040514756,0.0,0.0,0,0.0,0.0,0.0,0.0,0,0,0
alpaca_eval,default,1,15,gaussian_lcb_1.645,805,0.01,0.09999594040514756,0.0,0.0,0,0.0,0.0,0.0,0.0,0,0,0
alpaca_eval,default,1,16,posterior_mean,805,0.01,0.09999594040514756,3.4729401738355703,1.7364700869177851,5,1.7364700869177851,0.08020972673200562,0.27326921254877723,0.0,2,0,0
alpaca_eval,default,1,16,gaussian_lcb_1.645,805,0.01,0.09999594040514756,0.0,0.0,1,0.0,0.0,0.2807888744299028,0.0,0,0,0
alpaca_eval,default,1,17,posterior_mean,805,0.01,0.09999594040514756,13.406019640769951,6.703009820384976,5,6.703009820384976,0.39234345307110097,0.39234345307110097,0.0,2,2,1
alpaca_eval,default,1,17,gaussian_lcb_1.645,805,0.01,0.09999594040514756,13.406019640769951,6.703009820384976,5,6.703009820384976,0.39555116288393094,0.39555116288393094,0.0,2,2,1
alpaca_eval,default,1,18,posterior_mean,805,0.01,0.09999594040514756,26.666442216585516,24.929972129667732,4,24.929972129667732,0.048518601544348346,0.048518601544348346,0.0,2,1,1
alpaca_eval,default,1,18,gaussian_lcb_1.645,805,0.01,0.09999594040514756,1.7364700869177851,1.7364700869177851,2,1.7364700869177851,0.012532769801875862,0.012532769801875862,0.0,1,0,0
alpaca_eval,default,1,19,posterior_mean,805,0.01,0.09999594040514756,3.4729401738355703,1.7364700869177851,5,1.7364700869177851,0.08522283465275592,0.27828232046952756,0.0,2,0,0
alpaca_eval,default,1,19,gaussian_lcb_1.645,805,0.01,0.09999594040514756,0.0,0.0,1,0.0,0.0,0.2883085363110282,0.0,0,0,0
mmlu_abstract_algebra,dataset,1,0,posterior_mean,100,0.01,0.1,193.0,24.000000000000004,86,24.000000000000004,1.6453333333333324,3.7671111111111046,1.0000000000000009,36,29,1
mmlu_abstract_algebra,dataset,1,0,gaussian_lcb_1.645,100,0.01,0.1,54.0,7.9999999999999964,40,7.9999999999999964,0.6856296296296276,2.9324444444444357,1.0000000000000009,17,13,1
mmlu_abstract_algebra,dataset,1,1,posterior_mean,100,0.01,0.1,58.00000000000005,4.0000000000000036,56,4.0000000000000036,0.6471111111111131,2.6471111111111045,5.999999999999995,28,19,1
mmlu_abstract_algebra,dataset,1,1,gaussian_lcb_1.645,100,0.01,0.1,30.00000000000003,4.0000000000000036,32,4.0000000000000036,0.6328888888888909,2.632888888888883,5.999999999999995,16,8,1
mmlu_abstract_algebra,dataset,1,2,posterior_mean,100,0.01,0.1,82.0,25.0,48,25.0,0.7128888888888862,4.402074074074071,1.9999999999999907,20,12,1
mmlu_abstract_algebra,dataset,1,2,gaussian_lcb_1.645,100,0.01,0.1,14.000000000000012,4.0000000000000036,17,4.0000000000000036,0.26992592592592657,4.3813333333333295,1.9999999999999907,6,4,1
mmlu_abstract_algebra,dataset,1,3,posterior_mean,100,0.01,0.1,111.00000000000003,21.000000000000004,69,21.000000000000004,2.5066666666666655,5.03822222222222,1.9999999999999907,29,22,1
mmlu_abstract_algebra,dataset,1,3,gaussian_lcb_1.645,100,0.01,0.1,58.00000000000002,21.000000000000004,29,21.000000000000004,1.975111111111112,5.037925925925924,1.9999999999999907,13,12,1
mmlu_abstract_algebra,dataset,1,4,posterior_mean,100,0.01,0.1,58.00000000000003,13.000000000000005,57,12.000000000000005,1.5528888888888892,4.255999999999991,3.9999999999999925,26,11,1
mmlu_abstract_algebra,dataset,1,4,gaussian_lcb_1.645,100,0.01,0.1,38.00000000000003,13.000000000000005,37,12.000000000000005,1.2402962962962973,4.240296296296287,3.9999999999999925,15,8,1
mmlu_abstract_algebra,dataset,1,5,posterior_mean,100,0.01,0.1,99.00000000000007,14.000000000000007,60,14.000000000000007,0.053037037037039034,2.0530370370370274,1.9999999999999907,24,21,1
mmlu_abstract_algebra,dataset,1,5,gaussian_lcb_1.645,100,0.01,0.1,18.000000000000014,3.0000000000000027,24,3.0000000000000027,0.012444444444444565,2.0124444444444327,1.9999999999999907,8,6,1
mmlu_abstract_algebra,dataset,1,6,posterior_mean,100,0.01,0.1,72.99999999999997,12.000000000000005,66,12.000000000000005,1.0056296296296305,3.056592592592589,1.0000000000000009,28,18,1
mmlu_abstract_algebra,dataset,1,6,gaussian_lcb_1.645,100,0.01,0.1,39.99999999999997,5.999999999999995,42,5.999999999999995,0.9665185185185206,3.0536296296296266,1.0000000000000009,17,10,1
mmlu_abstract_algebra,dataset,1,7,posterior_mean,100,0.01,0.1,77.00000000000003,9.000000000000002,76,9.000000000000002,0.5706666666666678,3.5804444444444385,4.999999999999993,32,18,1
mmlu_abstract_algebra,dataset,1,7,gaussian_lcb_1.645,100,0.01,0.1,43.00000000000002,9.000000000000002,39,9.000000000000002,2.3783703703703716,5.39111111111111,4.999999999999993,17,10,1
mmlu_abstract_algebra,dataset,1,8,posterior_mean,100,0.01,0.1,147.99999999999994,25.999999999999996,78,23.000000000000004,1.317925925925923,1.317925925925923,0.0,36,28,1
mmlu_abstract_algebra,dataset,1,8,gaussian_lcb_1.645,100,0.01,0.1,64.99999999999997,7.9999999999999964,44,7.9999999999999964,1.2829629629629604,1.2829629629629604,0.0,20,16,1
mmlu_abstract_algebra,dataset,1,9,posterior_mean,100,0.01,0.1,174.00000000000006,23.000000000000004,64,20.000000000000007,1.7294814814814816,5.942814814814812,1.9999999999999907,26,23,1
mmlu_abstract_algebra,dataset,1,9,gaussian_lcb_1.645,100,0.01,0.1,27.000000000000025,6.000000000000005,24,6.000000000000005,1.681777777777778,5.895999999999998,1.9999999999999907,9,7,1
mmlu_abstract_algebra,dataset,1,10,posterior_mean,100,0.01,0.1,84.00000000000006,17.000000000000004,79,17.000000000000004,1.13688888888889,4.669037037037026,1.0000000000000009,33,22,1
mmlu_abstract_algebra,dataset,1,10,gaussian_lcb_1.645,100,0.01,0.1,29.000000000000014,4.0000000000000036,47,3.0000000000000027,0.8557037037037051,4.659259259259249,1.0000000000000009,17,11,1
mmlu_abstract_algebra,dataset,1,11,posterior_mean,100,0.01,0.1,92.00000000000001,19.0,68,19.0,1.6275555555555483,4.167111111111099,2.9999999999999916,27,15,1
mmlu_abstract_algebra,dataset,1,11,gaussian_lcb_1.645,100,0.01,0.1,30.00000000000001,19.0,34,19.0,0.3748148148148146,4.251851851851841,2.9999999999999916,10,2,1
mmlu_abstract_algebra,dataset,1,12,posterior_mean,100,0.01,0.1,98.99999999999993,12.000000000000005,64,12.000000000000005,0.7997037037037047,3.5333333333333248,0.0,31,21,1
mmlu_abstract_algebra,dataset,1,12,gaussian_lcb_1.645,100,0.01,0.1,41.99999999999997,5.999999999999995,37,5.999999999999995,0.7783703703703707,3.5167407407407314,0.0,18,12,1
mmlu_abstract_algebra,dataset,1,13,posterior_mean,100,0.01,0.1,43.00000000000001,8.999999999999996,43,7.000000000000006,1.3161481481481452,2.4557037037036937,8.999999999999996,20,13,1
mmlu_abstract_algebra,dataset,1,13,gaussian_lcb_1.645,100,0.01,0.1,7.000000000000006,3.0000000000000027,8,3.0000000000000027,0.003555555555555414,2.0035555555555433,1.9999999999999907,3,3,1
mmlu_abstract_algebra,dataset,1,14,posterior_mean,100,0.01,0.1,94.00000000000006,27.0,50,27.0,0.06429629629629706,3.3831111111111025,1.9999999999999907,21,17,1
mmlu_abstract_algebra,dataset,1,14,gaussian_lcb_1.645,100,0.01,0.1,21.000000000000018,3.0000000000000027,19,3.0000000000000027,0.02992592592592555,3.3508148148148047,1.9999999999999907,9,7,1
mmlu_abstract_algebra,dataset,1,15,posterior_mean,100,0.01,0.1,154.00000000000006,22.000000000000004,78,21.000000000000004,1.9576296296296274,5.201777777777773,5.999999999999995,33,22,1
mmlu_abstract_algebra,dataset,1,15,gaussian_lcb_1.645,100,0.01,0.1,48.00000000000002,5.000000000000004,45,4.999999999999993,1.9780740740740714,5.223703703703698,5.999999999999995,18,13,1
mmlu_abstract_algebra,dataset,1,16,posterior_mean,100,0.01,0.1,60.00000000000002,17.000000000000004,44,17.000000000000004,1.0506666666666669,4.613037037037027,2.9999999999999916,20,15,1
mmlu_abstract_algebra,dataset,1,16,gaussian_lcb_1.645,100,0.01,0.1,15.000000000000002,4.999999999999993,18,4.0000000000000036,0.06874074074073998,3.6328888888888797,1.9999999999999907,8,3,1
mmlu_abstract_algebra,dataset,1,17,posterior_mean,100,0.01,0.1,58.00000000000004,18.000000000000004,57,18.000000000000004,0.2799999999999987,2.9937777777777663,2.9999999999999916,21,15,1
mmlu_abstract_algebra,dataset,1,17,gaussian_lcb_1.645,100,0.01,0.1,16.000000000000014,3.0000000000000027,31,3.0000000000000027,0.25659259259259215,2.979851851851841,2.9999999999999916,9,6,1
mmlu_abstract_algebra,dataset,1,18,posterior_mean,100,0.01,0.1,85.9999999999999,22.000000000000004,36,19.0,1.2228148148148152,2.4589629629629592,0.0,17,16,1
mmlu_abstract_algebra,dataset,1,18,gaussian_lcb_1.645,100,0.01,0.1,12.999999999999968,4.999999999999993,10,4.999999999999993,0.006222222222222409,2.4157037037037004,0.0,4,4,1
mmlu_abstract_algebra,dataset,1,19,posterior_mean,100,0.01,0.1,132.00000000000009,22.000000000000004,74,22.000000000000004,0.2613333333333338,3.982222222222217,1.9999999999999907,30,25,1
mmlu_abstract_algebra,dataset,1,19,gaussian_lcb_1.645,100,0.01,0.1,44.00000000000004,8.000000000000007,34,8.000000000000007,0.21155555555555508,3.932444444444438,1.9999999999999907,13,12,1
mmlu_abstract_algebra,default,1,0,posterior_mean,100,0.01,0.1,41.00000000000003,11.000000000000004,22,11.000000000000004,0.12444444444444341,3.013629629629619,2.9999999999999916,11,9,1
mmlu_abstract_algebra,default,1,0,gaussian_lcb_1.645,100,0.01,0.1,6.000000000000005,3.0000000000000027,6,3.0000000000000027,0.11170370370370361,3.0011851851851747,2.9999999999999916,3,2,1
mmlu_abstract_algebra,default,1,1,posterior_mean,100,0.01,0.1,109.00000000000003,24.000000000000004,45,21.000000000000004,1.5191111111111122,5.936888888888895,5.999999999999995,19,12,1
mmlu_abstract_algebra,default,1,1,gaussian_lcb_1.645,100,0.01,0.1,52.0,15.999999999999998,23,14.000000000000002,1.4103703703703707,5.928000000000005,5.999999999999995,10,7,1
mmlu_abstract_algebra,default,1,2,posterior_mean,100,0.01,0.1,24.00000000000002,7.000000000000006,23,7.000000000000006,0.23851851851851846,3.6441481481481386,1.9999999999999907,8,5,1
mmlu_abstract_algebra,default,1,2,gaussian_lcb_1.645,100,0.01,0.1,13.00000000000001,7.000000000000006,9,7.000000000000006,0.12503703703703706,3.530666666666659,1.9999999999999907,3,3,1
mmlu_abstract_algebra,default,1,3,posterior_mean,100,0.01,0.1,109.00000000000003,26.999999999999996,48,26.000000000000007,1.2402962962962931,11.700148148148127,1.9999999999999907,20,17,1
mmlu_abstract_algebra,default,1,3,gaussian_lcb_1.645,100,0.01,0.1,57.000000000000014,21.000000000000007,24,21.000000000000007,0.9570370370370338,11.68948148148146,1.9999999999999907,10,9,1
mmlu_abstract_algebra,default,1,4,posterior_mean,100,0.01,0.1,64.00000000000003,23.000000000000004,33,18.0,3.1232592592592585,5.8017777777777635,1.9999999999999907,17,12,1
mmlu_abstract_algebra,default,1,4,gaussian_lcb_1.645,100,0.01,0.1,54.00000000000003,23.000000000000004,23,18.0,3.1398518518518514,5.8183703703703555,1.9999999999999907,12,10,1
mmlu_abstract_algebra,default,1,5,posterior_mean,100,0.01,0.1,43.999999999999964,4.999999999999993,41,4.999999999999993,1.2438518518518469,4.438222222222208,2.9999999999999916,17,11,1
mmlu_abstract_algebra,default,1,5,gaussian_lcb_1.645,100,0.01,0.1,7.000000000000006,3.0000000000000027,17,2.0000000000000018,0.4400000000000001,4.598222222222207,2.9999999999999916,6,1,1
mmlu_abstract_algebra,default,1,6,posterior_mean,100,0.01,0.1,44.00000000000002,27.000000000000007,29,25.000000000000007,1.796444444444446,3.7964444444444356,5.999999999999995,10,7,1
mmlu_abstract_algebra,default,1,6,gaussian_lcb_1.645,100,0.01,0.1,45.00000000000002,27.000000000000007,25,25.000000000000007,1.2266666666666681,3.226666666666661,5.999999999999995,9,8,1
mmlu_abstract_algebra,default,1,7,posterior_mean,100,0.01,0.1,46.00000000000004,6.000000000000005,38,6.000000000000005,1.098962962962964,4.574518518518513,1.9999999999999907,17,12,1
mmlu_abstract_algebra,default,1,7,gaussian_lcb_1.645,100,0.01,0.1,38.000000000000036,6.000000000000005,26,6.000000000000005,2.041777777777781,5.517333333333331,1.9999999999999907,12,9,1
mmlu_abstract_algebra,default,1,8,posterior_mean,100,0.01,0.1,47.00000000000002,6.999999999999995,32,6.999999999999995,0.19259259259259082,3.457777777777769,1.0000000000000009,14,11,1
mmlu_abstract_algebra,default,1,8,gaussian_lcb_1.645,100,0.01,0.1,8.999999999999996,4.0000000000000036,11,4.0000000000000036,0.18874074074073902,3.4545185185185097,1.9999999999999907,5,2,1
mmlu_abstract_algebra,default,1,9,posterior_mean,100,0.01,0.1,46.000000000000014,18.0,38,18.0,2.1982222222222214,6.013629629629628,0.0,17,10,1
mmlu_abstract_algebra,default,1,9,gaussian_lcb_1.645,100,0.01,0.1,35.99999999999999,18.0,25,18.0,2.14548148148148,5.971555555555554,0.0,10,7,1
mmlu_abstract_algebra,default,1,10,posterior_mean,100,0.01,0.1,69.99999999999996,21.999999999999996,35,17.000000000000004,0.9813333333333338,3.426074074074071,3.9999999999999925,15,10,1
mmlu_abstract_algebra,default,1,10,gaussian_lcb_1.645,100,0.01,0.1,29.999999999999975,11.000000000000004,14,11.000000000000004,0.46370370370370295,3.345777777777777,1.0000000000000009,7,5,1
mmlu_abstract_algebra,default,1,11,posterior_mean,100,0.01,0.1,147.00000000000006,32.00000000000001,67,31.000000000000007,1.1434074074074074,4.461333333333318,2.9999999999999916,27,16,1
mmlu_abstract_algebra,default,1,11,gaussian_lcb_1.645,100,0.01,0.1,77.00000000000003,19.0,42,19.0,0.665777777777778,4.44207407407406,2.9999999999999916,16,9,1
mmlu_abstract_algebra,default,1,12,posterior_mean,100,0.01,0.1,53.00000000000005,9.000000000000007,49,9.000000000000007,0.7072592592592604,3.5253333333333243,4.999999999999993,21,15,1
mmlu_abstract_algebra,default,1,12,gaussian_lcb_1.645,100,0.01,0.1,21.000000000000018,4.0000000000000036,22,4.0000000000000036,0.6862222222222225,3.504296296296286,4.999999999999993,9,6,1
mmlu_abstract_algebra,default,1,13,posterior_mean,100,0.01,0.1,75.00000000000004,28.000000000000004,40,28.000000000000004,1.096888888888889,12.035851851851842,5.999999999999995,19,12,1
mmlu_abstract_algebra,default,1,13,gaussian_lcb_1.645,100,0.01,0.1,60.00000000000003,28.000000000000004,20,28.000000000000004,0.700444444444445,11.828444444444411,5.999999999999995,10,8,1
mmlu_abstract_algebra,default,1,14,posterior_mean,100,0.01,0.1,123.99999999999991,24.999999999999993,46,24.999999999999993,0.4242962962962942,2.5597037037036996,0.0,19,16,1
mmlu_abstract_algebra,default,1,14,gaussian_lcb_1.645,100,0.01,0.1,33.99999999999994,4.999999999999993,28,4.999999999999993,0.3955555555555545,2.53096296296296,0.0,12,10,1
mmlu_abstract_algebra,default,1,15,posterior_mean,100,0.01,0.1,108.99999999999999,28.000000000000004,37,27.0,2.908740740740736,4.653925925925921,5.999999999999995,19,16,1
mmlu_abstract_algebra,default,1,15,gaussian_lcb_1.645,100,0.01,0.1,54.99999999999999,28.000000000000004,19,27.0,2.968592592592587,4.713777777777771,5.999999999999995,11,9,1
mmlu_abstract_algebra,default,1,16,posterior_mean,100,0.01,0.1,83.99999999999991,13.999999999999996,31,13.999999999999996,0.031111111111112415,1.7108148148148132,1.0000000000000009,16,15,1
mmlu_abstract_algebra,default,1,16,gaussian_lcb_1.645,100,0.01,0.1,36.99999999999996,7.9999999999999964,16,7.9999999999999964,0.014814814814813846,1.6945185185185148,1.0000000000000009,8,7,1
mmlu_abstract_algebra,default,1,17,posterior_mean,100,0.01,0.1,51.000000000000014,12.999999999999995,43,7.000000000000001,2.751407407407402,5.47318518518518,0.0,17,13,1
mmlu_abstract_algebra,default,1,17,gaussian_lcb_1.645,100,0.01,0.1,20.0,12.999999999999995,21,7.000000000000001,2.3271111111111074,5.4719999999999915,0.0,7,6,1
mmlu_abstract_algebra,default,1,18,posterior_mean,100,0.01,0.1,62.000000000000036,10.999999999999998,48,10.999999999999998,1.7413333333333343,9.885629629629614,5.999999999999995,21,13,1
mmlu_abstract_algebra,default,1,18,gaussian_lcb_1.645,100,0.01,0.1,47.00000000000002,10.999999999999998,30,10.999999999999998,2.2444444444444445,10.389333333333328,5.999999999999995,11,9,1
mmlu_abstract_algebra,default,1,19,posterior_mean,100,0.01,0.1,97.99999999999999,25.000000000000007,34,23.000000000000004,1.467259259259259,3.192296296296291,0.0,14,12,1
mmlu_abstract_algebra,default,1,19,gaussian_lcb_1.645,100,0.01,0.1,67.0,25.000000000000007,18,23.000000000000004,0.813333333333334,2.5383703703703673,0.0,8,7,1
mmlu_anatomy,dataset,1,0,posterior_mean,135,0.01,0.1,29.62962962962966,11.851851851851858,47,8.888888888888891,1.0257785906619925,5.668607427729516,2.2222222222222254,15,4,1
mmlu_anatomy,dataset,1,0,gaussian_lcb_1.645,135,0.01,0.1,3.703703703703709,1.4814814814814836,13,1.4814814814814836,0.19175938627241812,5.398729868414363,2.2222222222222254,3,0,0
mmlu_anatomy,dataset,1,1,posterior_mean,135,0.01,0.1,141.48148148148155,14.074074074074073,90,10.370370370370374,2.348341208149163,4.308123761621711,1.4814814814814836,35,21,1
mmlu_anatomy,dataset,1,1,gaussian_lcb_1.645,135,0.01,0.1,49.62962962962965,8.888888888888891,32,8.888888888888891,0.7105420921607475,2.6708123761621767,1.4814814814814836,13,5,1
mmlu_anatomy,dataset,1,2,posterior_mean,135,0.01,0.1,54.07407407407414,10.370370370370374,79,10.370370370370374,0.8345069349184586,2.0287964233094593,2.2222222222222254,37,5,1
mmlu_anatomy,dataset,1,2,gaussian_lcb_1.645,135,0.01,0.1,14.074074074074094,1.4814814814814836,27,1.4814814814814836,0.6676218056190633,2.1491032871005475,2.2222222222222254,12,0,0
mmlu_anatomy,dataset,1,3,posterior_mean,135,0.01,0.1,63.70370370370375,12.592592592592599,84,11.851851851851858,0.6916018899558019,2.618787786414678,2.9629629629629672,30,10,1
mmlu_anatomy,dataset,1,3,gaussian_lcb_1.645,135,0.01,0.1,9.629629629629644,2.9629629629629672,26,2.9629629629629672,0.2256566580297722,2.665935070873346,2.9629629629629672,9,1,1
mmlu_anatomy,dataset,1,4,posterior_mean,135,0.01,0.1,80.00000000000001,16.296296296296298,65,14.074074074074073,1.1114565869024027,3.3724533861708097,1.4814814814814836,22,7,1
mmlu_anatomy,dataset,1,4,gaussian_lcb_1.645,135,0.01,0.1,7.407407407407418,1.4814814814814836,20,1.4814814814814836,0.1482700807803694,2.9664990092973653,1.4814814814814836,6,0,0
mmlu_anatomy,dataset,1,5,posterior_mean,135,0.01,0.1,66.66666666666673,17.777777777777782,95,17.037037037037038,0.8042676421277256,2.28574912360921,1.4814814814814836,39,5,1
mmlu_anatomy,dataset,1,5,gaussian_lcb_1.645,135,0.01,0.1,15.555555555555578,3.703703703703709,35,2.2222222222222254,0.8185744043082867,2.300055885789773,2.9629629629629672,13,1,1
mmlu_anatomy,dataset,1,6,posterior_mean,135,0.01,0.1,91.1111111111112,8.888888888888891,59,8.148148148148149,0.252644413961285,1.5762231367169641,0.0,25,20,1
mmlu_anatomy,dataset,1,6,gaussian_lcb_1.645,135,0.01,0.1,15.555555555555578,3.703703703703709,15,2.9629629629629672,0.2254940811868116,1.5495605344713737,0.0,7,4,1
mmlu_anatomy,dataset,1,7,posterior_mean,135,0.01,0.1,25.18518518518521,6.666666666666665,62,6.666666666666665,0.5469897881420526,2.528476350149881,2.2222222222222254,13,4,1
mmlu_anatomy,dataset,1,7,gaussian_lcb_1.645,135,0.01,0.1,4.444444444444451,1.4814814814814836,27,1.4814814814814836,0.591535843113348,2.5735101356500594,2.2222222222222254,5,0,0
mmlu_anatomy,dataset,1,8,posterior_mean,135,0.01,0.1,45.18518518518522,10.370370370370374,60,8.888888888888891,0.6335619570187468,5.0684956561499765,2.2222222222222254,22,5,1
mmlu_anatomy,dataset,1,8,gaussian_lcb_1.645,135,0.01,0.1,14.814814814814836,2.9629629629629672,40,2.2222222222222254,0.3755525072397506,4.992897424173146,2.2222222222222254,11,1,1
mmlu_anatomy,dataset,1,9,posterior_mean,135,0.01,0.1,80.7407407407408,13.33333333333333,79,12.592592592592588,0.7359040796626555,2.6536605192297995,2.2222222222222254,30,11,1
mmlu_anatomy,dataset,1,9,gaussian_lcb_1.645,135,0.01,0.1,14.074074074074094,3.703703703703709,20,2.9629629629629672,0.8089823705735913,2.7267388101407373,2.9629629629629672,9,2,1
mmlu_anatomy,dataset,1,10,posterior_mean,135,0.01,0.1,66.6666666666667,17.777777777777782,56,14.814814814814813,0.674043590916021,2.5019356805365085,1.4814814814814836,22,8,1
mmlu_anatomy,dataset,1,10,gaussian_lcb_1.645,135,0.01,0.1,22.222222222222232,7.4074074074074066,30,7.4074074074074066,1.2160747853477607,3.04412945181121,1.4814814814814836,10,4,1
mmlu_anatomy,dataset,1,11,posterior_mean,135,0.01,0.1,57.777777777777814,15.555555555555555,61,13.33333333333333,0.9062033226642264,2.111263526901388,1.4814814814814836,26,7,1
mmlu_anatomy,dataset,1,11,gaussian_lcb_1.645,135,0.01,0.1,11.111111111111127,4.444444444444451,20,2.9629629629629672,0.8384087791495206,2.0831377330691487,1.4814814814814836,9,1,1
mmlu_anatomy,dataset,1,12,posterior_mean,135,0.01,0.1,100.00000000000007,21.48148148148148,99,21.48148148148148,0.6323426306965417,3.0600213382106483,2.2222222222222254,42,11,1
mmlu_anatomy,dataset,1,12,gaussian_lcb_1.645,135,0.01,0.1,43.70370370370373,21.48148148148148,41,21.48148148148148,0.6053548747650261,3.0705888330031077,2.2222222222222254,18,2,1
mmlu_anatomy,dataset,1,13,posterior_mean,135,0.01,0.1,170.3703703703704,22.962962962962962,101,22.962962962962962,0.9506680892140446,3.2303205812122244,2.2222222222222254,39,17,1
mmlu_anatomy,dataset,1,13,gaussian_lcb_1.645,135,0.01,0.1,48.88888888888891,6.666666666666665,44,6.666666666666665,1.0805669867398255,3.360869786109851,2.2222222222222254,21,7,1
mmlu_anatomy,dataset,1,14,posterior_mean,135,0.01,0.1,73.33333333333339,11.111111111111116,75,11.111111111111116,0.10681298582533252,1.8545546918660818,1.4814814814814836,31,5,1
mmlu_anatomy,dataset,1,14,gaussian_lcb_1.645,135,0.01,0.1,11.851851851851869,1.4814814814814836,27,1.4814814814814836,0.009917187420616825,1.757821470304327,1.4814814814814836,11,0,0
mmlu_anatomy,dataset,1,15,posterior_mean,135,0.01,0.1,137.03703703703707,14.814814814814813,80,14.074074074074073,0.29735304577554317,2.66638215719149,1.4814814814814836,35,20,1
mmlu_anatomy,dataset,1,15,gaussian_lcb_1.645,135,0.01,0.1,33.33333333333335,9.629629629629633,27,9.629629629629633,0.36482243560432887,1.8463039170858133,1.4814814814814836,10,4,1
mmlu_anatomy,dataset,1,16,posterior_mean,135,0.01,0.1,45.92592592592596,10.370370370370374,52,9.629629629629633,0.2158207590306359,2.4847431793933885,2.2222222222222254,18,6,1
mmlu_anatomy,dataset,1,16,gaussian_lcb_1.645,135,0.01,0.1,2.2222222222222254,0.7407407407407418,16,0.7407407407407418,0.1976121526190115,2.467835187725452,2.2222222222222254,3,0,0
mmlu_anatomy,dataset,1,17,posterior_mean,135,0.01,0.1,82.22222222222229,16.296296296296298,63,16.296296296296298,0.5048010973936922,3.59416755575878,0.0,29,13,1
mmlu_anatomy,dataset,1,17,gaussian_lcb_1.645,135,0.01,0.1,21.481481481481513,2.2222222222222254,28,2.2222222222222254,0.415383833765179,1.9389320733628033,0.0,13,7,1
mmlu_anatomy,dataset,1,18,posterior_mean,135,0.01,0.1,82.962962962963,17.037037037037038,77,17.037037037037038,0.5377229080932786,2.019204389574764,2.2222222222222254,29,10,1
mmlu_anatomy,dataset,1,18,gaussian_lcb_1.645,135,0.01,0.1,17.037037037037052,8.148148148148149,20,5.925925925925924,0.6885942183610235,2.1700756998425077,2.2222222222222254,8,3,1
mmlu_anatomy,dataset,1,19,posterior_mean,135,0.01,0.1,205.1851851851853,25.185185185185187,105,25.185185185185187,1.3634506934918484,3.1064776710867346,5.185185185185192,47,31,1
mmlu_anatomy,dataset,1,19,gaussian_lcb_1.645,135,0.01,0.1,20.000000000000018,6.666666666666665,37,6.666666666666665,0.7173703195651083,2.764537926129156,2.2222222222222254,12,4,1
mmlu_anatomy,default,1,0,posterior_mean,135,0.01,0.1,39.259259259259274,14.074074074074073,34,14.074074074074073,0.5759284661890987,2.5179494995681613,2.2222222222222254,12,4,1
mmlu_anatomy,default,1,0,gaussian_lcb_1.645,135,0.01,0.1,3.703703703703709,2.2222222222222254,9,2.2222222222222254,0.26825179088553597,2.490474013107763,2.2222222222222254,2,1,1
mmlu_anatomy,default,1,1,posterior_mean,135,0.01,0.1,59.2592592592593,14.814814814814813,41,14.814814814814813,0.32092668800487717,4.897424173144343,0.0,17,8,1
mmlu_anatomy,default,1,1,gaussian_lcb_1.645,135,0.01,0.1,17.037037037037063,5.185185185185192,26,5.185185185185192,0.3036935426510181,4.882792257277858,0.0,10,4,1
mmlu_anatomy,default,1,2,posterior_mean,135,0.01,0.1,65.92592592592598,13.333333333333341,61,10.370370370370374,2.0332672864908856,4.244840725499173,2.2222222222222254,24,15,1
mmlu_anatomy,default,1,2,gaussian_lcb_1.645,135,0.01,0.1,24.44444444444448,3.703703703703709,31,3.703703703703709,1.0223644769598152,4.191190367322063,2.2222222222222254,11,7,1
mmlu_anatomy,default,1,3,posterior_mean,135,0.01,0.1,76.29629629629635,14.074074074074073,47,12.592592592592588,1.0416298328506846,2.5231113143321706,2.9629629629629672,22,15,1
mmlu_anatomy,default,1,3,gaussian_lcb_1.645,135,0.01,0.1,31.851851851851887,9.629629629629633,25,9.629629629629633,1.032037799115989,2.5135192805974746,2.9629629629629672,11,7,1
mmlu_anatomy,default,1,4,posterior_mean,135,0.01,0.1,82.22222222222224,11.111111111111116,69,9.629629629629633,0.7438703449677379,4.972737895645992,2.2222222222222254,29,12,1
mmlu_anatomy,default,1,4,gaussian_lcb_1.645,135,0.01,0.1,22.222222222222232,5.925925925925924,29,5.925925925925924,0.20801707056851124,4.802845094751824,2.2222222222222254,12,3,1
mmlu_anatomy,default,1,5,posterior_mean,135,0.01,0.1,18.518518518518544,2.2222222222222254,29,2.2222222222222254,0.6439668749682472,4.051171061321964,1.4814814814814836,14,3,1
mmlu_anatomy,default,1,5,gaussian_lcb_1.645,135,0.01,0.1,3.703703703703709,1.4814814814814836,8,1.4814814814814836,0.04909820657420127,3.471259462480318,1.4814814814814836,4,0,0
mmlu_anatomy,default,1,6,posterior_mean,135,0.01,0.1,71.11111111111116,11.851851851851858,79,11.851851851851858,0.6262459990855055,2.443895747599453,1.4814814814814836,30,8,1
mmlu_anatomy,default,1,6,gaussian_lcb_1.645,135,0.01,0.1,21.481481481481513,2.2222222222222254,53,2.2222222222222254,0.6067367779301948,2.4243865264441418,1.4814814814814836,20,2,1
mmlu_anatomy,default,1,7,posterior_mean,135,0.01,0.1,155.55555555555563,14.814814814814813,109,12.592592592592588,1.167626886145401,3.219753086419756,2.9629629629629672,45,19,1
mmlu_anatomy,default,1,7,gaussian_lcb_1.645,135,0.01,0.1,22.962962962962997,2.9629629629629672,42,2.2222222222222254,0.6816847025351829,2.780998831478945,2.9629629629629672,18,2,1
mmlu_anatomy,default,1,8,posterior_mean,135,0.01,0.1,94.81481481481488,28.148148148148156,80,26.66666666666667,1.0554488645023627,3.5764060356653005,2.9629629629629672,29,16,1
mmlu_anatomy,default,1,8,gaussian_lcb_1.645,135,0.01,0.1,14.074074074074094,2.9629629629629672,28,2.9629629629629672,0.7309454859523454,3.8509983234263125,2.9629629629629672,10,2,1
mmlu_anatomy,default,1,9,posterior_mean,135,0.01,0.1,97.77777777777783,17.777777777777782,73,15.555555555555555,1.429213026469542,5.941086216532056,1.4814814814814836,31,9,1
mmlu_anatomy,default,1,9,gaussian_lcb_1.645,135,0.01,0.1,38.51851851851854,8.888888888888891,42,8.888888888888891,1.232657623329778,5.8970278920896435,1.4814814814814836,17,3,1
mmlu_anatomy,default,1,10,posterior_mean,135,0.01,0.1,116.29629629629635,11.851851851851858,68,11.851851851851858,1.7746075293400407,3.8751003403952677,2.9629629629629672,30,14,1
mmlu_anatomy,default,1,10,gaussian_lcb_1.645,135,0.01,0.1,21.481481481481502,7.4074074074074066,30,7.4074074074074066,1.1147894121831048,3.4660976477163095,2.9629629629629672,13,2,1
mmlu_anatomy,default,1,11,posterior_mean,135,0.01,0.1,133.33333333333343,11.851851851851858,76,10.370370370370374,1.7459940049789187,2.910003556368444,1.4814814814814836,36,22,1
mmlu_anatomy,default,1,11,gaussian_lcb_1.645,135,0.01,0.1,51.85185185185189,11.851851851851858,37,10.370370370370374,1.6474724381445938,2.8114819895341183,1.4814814814814836,17,9,1
mmlu_anatomy,default,1,12,posterior_mean,135,0.01,0.1,60.74074074074082,10.370370370370374,36,10.370370370370374,0.5532489965960494,2.6365899507188995,0.0,18,15,1
mmlu_anatomy,default,1,12,gaussian_lcb_1.645,135,0.01,0.1,20.74074074074077,5.185185185185192,14,5.185185185185192,0.5395925417873298,2.62293349591018,0.0,7,4,1
mmlu_anatomy,default,1,13,posterior_mean,135,0.01,0.1,117.77777777777783,18.518518518518523,72,17.777777777777782,1.3453233755017024,3.0680282477264647,1.4814814814814836,33,13,1
mmlu_anatomy,default,1,13,gaussian_lcb_1.645,135,0.01,0.1,64.44444444444446,18.518518518518523,38,17.777777777777782,0.9990346999949196,2.721739572219683,1.4814814814814836,17,6,1
mmlu_anatomy,default,1,14,posterior_mean,135,0.01,0.1,91.11111111111117,20.000000000000007,63,20.000000000000007,3.7682060661484518,5.850124472895387,2.2222222222222254,21,10,1
mmlu_anatomy,default,1,14,gaussian_lcb_1.645,135,0.01,0.1,45.925925925925945,20.000000000000007,34,20.000000000000007,3.710003556368438,5.830615251740076,2.2222222222222254,7,4,1
mmlu_anatomy,default,1,15,posterior_mean,135,0.01,0.1,91.85185185185193,16.296296296296298,84,14.074074074074073,1.1265762332977682,3.2753950109231424,2.2222222222222254,36,16,1
mmlu_anatomy,default,1,15,gaussian_lcb_1.645,135,0.01,0.1,40.00000000000005,5.185185185185182,47,5.185185185185182,0.916445663770767,3.2677538993039805,2.2222222222222254,20,8,1
mmlu_anatomy,default,1,16,posterior_mean,135,0.01,0.1,120.74074074074079,20.740740740740737,59,20.740740740740737,1.0717065487984556,2.102646954224461,0.0,27,16,1
mmlu_anatomy,default,1,16,gaussian_lcb_1.645,135,0.01,0.1,54.81481481481485,14.074074074074073,35,14.074074074074073,1.0790225067316979,2.147843316567599,0.0,15,9,1
mmlu_anatomy,default,1,17,posterior_mean,135,0.01,0.1,62.2222222222223,10.370370370370374,52,10.370370370370374,1.037565411776661,1.037565411776661,0.0,22,19,1
mmlu_anatomy,default,1,17,gaussian_lcb_1.645,135,0.01,0.1,20.74074074074077,5.9259259259259345,16,4.444444444444451,0.7598841639993913,0.7598841639993913,0.0,8,6,1
mmlu_anatomy,default,1,18,posterior_mean,135,0.01,0.1,44.444444444444485,15.555555555555555,41,15.555555555555555,0.32490982065742186,1.6728344256464989,3.703703703703709,21,10,1
mmlu_anatomy,default,1,18,gaussian_lcb_1.645,135,0.01,0.1,8.888888888888902,3.703703703703709,16,2.2222222222222254,0.3137733069145973,1.6831580551745173,2.9629629629629672,8,2,1
mmlu_anatomy,default,1,19,posterior_mean,135,0.01,0.1,71.8518518518519,11.111111111111116,56,9.629629629629633,1.3418279733780445,2.750271808159329,2.2222222222222254,23,11,1
mmlu_anatomy,default,1,19,gaussian_lcb_1.645,135,0.01,0.1,17.777777777777793,8.888888888888891,19,8.888888888888891,0.5966570136666159,2.7085708479398503,1.4814814814814836,6,4,1
mmlu_astronomy,dataset,1,0,posterior_mean,152,0.01,0.1,8.552631578947334,1.9736842105263053,35,1.9736842105263053,0.005642761875448806,0.8827074997435151,0.6578947368421129,10,0,0
mmlu_astronomy,dataset,1,0,gaussian_lcb_1.645,152,0.01,0.1,0.6578947368421018,0.6578947368421018,15,0.6578947368421018,0.0003847337642351596,0.8795013850415553,0.6578947368421129,1,0,0
mmlu_astronomy,dataset,1,1,posterior_mean,152,0.01,0.1,22.368421052631593,1.3157894736842146,54,1.3157894736842146,0.009233610341643541,0.2791884682466402,0.0,23,0,0
mmlu_astronomy,dataset,1,1,gaussian_lcb_1.645,152,0.01,0.1,5.263157894736814,0.6578947368421018,20,0.6578947368421018,0.0019236688211757087,0.2730327280188779,0.0,8,0,0
mmlu_astronomy,dataset,1,2,posterior_mean,152,0.01,0.1,15.13157894736844,2.631578947368418,33,2.631578947368418,0.005001538935057085,0.27251974966656456,0.0,12,2,1
mmlu_astronomy,dataset,1,2,gaussian_lcb_1.645,152,0.01,0.1,1.9736842105263164,1.3157894736842146,9,1.3157894736842146,0.00038473376423512365,0.2702113470811536,0.0,2,0,0
mmlu_astronomy,dataset,1,3,posterior_mean,152,0.01,0.1,19.736842105263186,2.631578947368418,62,2.631578947368418,0.008464142813173266,0.28175336000820805,0.0,23,1,1
mmlu_astronomy,dataset,1,3,gaussian_lcb_1.645,152,0.01,0.1,6.578947368421051,2.631578947368418,24,2.631578947368418,0.0014106904688620597,0.2786754898943267,0.0,6,1,1
mmlu_astronomy,dataset,1,4,posterior_mean,152,0.01,0.1,14.473684210526262,1.3157894736842035,44,1.3157894736842035,0.010772545398584008,0.8402585410895703,0.6578947368421129,15,0,0
mmlu_astronomy,dataset,1,4,gaussian_lcb_1.645,152,0.01,0.1,5.921052631578927,1.3157894736842035,24,1.3157894736842035,0.002693136349645969,0.8357699805068269,0.6578947368421129,7,0,0
mmlu_astronomy,dataset,1,5,posterior_mean,152,0.01,0.1,19.078947368421083,3.9473684210526327,36,3.9473684210526327,0.0076946752847030266,0.19313634964604523,0.0,12,3,1
mmlu_astronomy,dataset,1,5,gaussian_lcb_1.645,152,0.01,0.1,0.0,0.0,8,0.0,0.0,0.18749358777059633,0.0,0,0,0
mmlu_astronomy,dataset,1,6,posterior_mean,152,0.01,0.1,28.947368421052598,1.9736842105263164,70,1.9736842105263164,0.01628706268595492,1.2169128962757825,0.0,24,0,0
mmlu_astronomy,dataset,1,6,gaussian_lcb_1.645,152,0.01,0.1,12.499999999999956,1.9736842105263164,48,1.9736842105263164,0.00500153893505693,1.210885400636098,0.0,16,0,0
mmlu_astronomy,dataset,1,7,posterior_mean,152,0.01,0.1,28.947368421052634,3.289473684210531,55,3.289473684210531,0.013209192572073116,0.27136554837385857,0.0,22,2,1
mmlu_astronomy,dataset,1,7,gaussian_lcb_1.645,152,0.01,0.1,1.3157894736842035,0.6578947368421018,15,0.6578947368421018,0.0002564891761567392,0.264696829793783,0.0,2,0,0
mmlu_astronomy,dataset,1,8,posterior_mean,152,0.01,0.1,12.500000000000021,1.3157894736842146,53,1.3157894736842146,0.004745049758900143,0.3716528162511542,0.0,15,0,0
mmlu_astronomy,dataset,1,8,gaussian_lcb_1.645,152,0.01,0.1,7.236842105263131,1.3157894736842035,27,1.3157894736842035,0.00384733764235159,0.37550015389350583,0.0,8,0,0
mmlu_astronomy,dataset,1,9,posterior_mean,152,0.01,0.1,15.131578947368407,3.289473684210531,50,3.289473684210531,0.007694675284702989,0.27688006566122936,0.0,16,1,1
mmlu_astronomy,dataset,1,9,gaussian_lcb_1.645,152,0.01,0.1,3.28947368421052,0.6578947368421129,26,0.6578947368421129,0.003334359290037978,0.2781625115420132,0.0,5,0,0
mmlu_astronomy,dataset,1,10,posterior_mean,152,0.01,0.1,4.605263157894745,1.3157894736842146,14,1.3157894736842146,0.004873294346978613,0.14094080229814332,0.0,4,0,0
mmlu_astronomy,dataset,1,10,gaussian_lcb_1.645,152,0.01,0.1,3.289473684210531,1.3157894736842146,8,1.3157894736842146,0.0010259567046270628,0.13786293218426204,0.0,3,0,0
mmlu_astronomy,dataset,1,11,posterior_mean,152,0.01,0.1,11.842105263157931,3.289473684210531,26,3.289473684210531,0.004745049758900329,0.18710885400636132,0.0,9,1,1
mmlu_astronomy,dataset,1,11,gaussian_lcb_1.645,152,0.01,0.1,1.3157894736842257,0.6578947368421129,12,0.6578947368421129,0.0012824458807838446,0.1887760336513801,0.0,2,0,0
mmlu_astronomy,dataset,1,12,posterior_mean,152,0.01,0.1,10.526315789473683,1.9736842105263164,31,1.9736842105263164,0.005514517287370476,0.2726479942546427,0.0,11,0,0
mmlu_astronomy,dataset,1,12,gaussian_lcb_1.645,152,0.01,0.1,4.605263157894745,1.3157894736842146,19,1.3157894736842146,0.0011542012927054895,0.27200677131425083,0.0,5,0,0
mmlu_astronomy,dataset,1,13,posterior_mean,152,0.01,0.1,11.842105263157897,1.3157894736842146,58,1.3157894736842146,0.008207653637016461,0.3276649225402687,0.0,15,0,0
mmlu_astronomy,dataset,1,13,gaussian_lcb_1.645,152,0.01,0.1,6.57894736842104,1.3157894736842146,36,1.3157894736842146,0.003975582230429855,0.3308710372422283,0.0,8,0,0
mmlu_astronomy,dataset,1,14,posterior_mean,152,0.01,0.1,14.47368421052625,2.631578947368418,56,2.631578947368418,0.0046168051708217386,0.7639530111829319,0.0,17,1,1
mmlu_astronomy,dataset,1,14,gaussian_lcb_1.645,152,0.01,0.1,2.631578947368407,0.6578947368421018,24,0.6578947368421018,0.0015389350569406256,0.764594234123324,0.0,4,0,0
mmlu_astronomy,dataset,1,15,posterior_mean,152,0.01,0.1,23.684210526315784,1.9736842105263164,54,1.9736842105263164,0.012567969631681723,0.27072432543346686,0.0,20,0,0
mmlu_astronomy,dataset,1,15,gaussian_lcb_1.645,152,0.01,0.1,7.236842105263175,1.3157894736842146,29,1.3157894736842146,0.002821380937724518,0.2677746999076639,0.0,8,0,0
mmlu_astronomy,dataset,1,16,posterior_mean,152,0.01,0.1,12.499999999999956,1.3157894736842146,39,1.3157894736842146,0.00872063198933,0.23661126500461702,0.0,16,0,0
mmlu_astronomy,dataset,1,16,gaussian_lcb_1.645,152,0.01,0.1,4.605263157894712,1.3157894736842035,15,1.3157894736842035,0.0024366471734892383,0.23199445983379516,0.0,6,0,0
mmlu_astronomy,dataset,1,17,posterior_mean,152,0.01,0.1,3.947368421052644,0.6578947368421129,24,0.6578947368421129,0.002436647173489304,0.32971683594952317,0.0,6,0,0
mmlu_astronomy,dataset,1,17,gaussian_lcb_1.645,152,0.01,0.1,3.9473684210526216,1.3157894736842146,20,1.3157894736842146,0.0008977121165487163,0.3316405047706989,0.0,5,0,0
mmlu_astronomy,dataset,1,18,posterior_mean,152,0.01,0.1,23.026315789473596,2.631578947368418,77,2.631578947368418,0.01128552375089775,0.8217913204062829,0.0,23,1,1
mmlu_astronomy,dataset,1,18,gaussian_lcb_1.645,152,0.01,0.1,7.894736842105255,1.3157894736842146,39,1.3157894736842146,0.002693136349645984,0.8148661126500499,0.0,10,0,0
mmlu_astronomy,dataset,1,19,posterior_mean,152,0.01,0.1,17.105263157894722,2.631578947368418,44,2.631578947368418,0.009233610341643557,0.31586642043705765,0.0,17,1,1
mmlu_astronomy,dataset,1,19,gaussian_lcb_1.645,152,0.01,0.1,5.921052631578949,1.9736842105263164,20,1.9736842105263164,0.0012824458807838674,0.31419924079203876,0.0,7,0,0
mmlu_astronomy,default,1,0,posterior_mean,152,0.01,0.1,7.894736842105221,1.3157894736842035,35,1.3157894736842035,0.5559402893197872,1.2140915153380585,0.6578947368421129,9,0,0
mmlu_astronomy,default,1,0,gaussian_lcb_1.645,152,0.01,0.1,3.9473684210526105,1.3157894736842035,18,1.3157894736842035,0.29611675387298475,1.2157586949830776,0.6578947368421129,4,0,0
mmlu_astronomy,default,1,1,posterior_mean,152,0.01,0.1,14.473684210526317,2.631578947368418,27,2.631578947368418,0.3784497794193068,1.0689186416333223,0.0,10,2,1
mmlu_astronomy,default,1,1,gaussian_lcb_1.645,152,0.01,0.1,1.3157894736842146,1.3157894736842146,11,1.3157894736842146,0.0002564891761565892,1.073407202216066,0.0,1,0,0
mmlu_astronomy,default,1,2,posterior_mean,152,0.01,0.1,21.7105263157895,3.289473684210531,39,3.289473684210531,0.33420539653226417,1.087514106904688,0.0,17,2,1
mmlu_astronomy,default,1,2,gaussian_lcb_1.645,152,0.01,0.1,5.921052631578949,1.9736842105263164,13,1.9736842105263164,0.11247050374474134,1.0802041653842205,0.0,4,0,0
mmlu_astronomy,default,1,3,posterior_mean,152,0.01,0.1,2.6315789473684403,1.3157894736842146,19,0.6578947368421129,0.011285523750897718,1.1159844054580894,0.0,4,0,0
mmlu_astronomy,default,1,3,gaussian_lcb_1.645,152,0.01,0.1,1.3157894736842257,0.6578947368421129,7,0.6578947368421129,0.003975582230429905,1.1164973838104029,0.0,2,0,0
mmlu_astronomy,default,1,4,posterior_mean,152,0.01,0.1,30.921052631578938,2.631578947368418,67,2.631578947368418,0.07207345850005112,0.8330768441571791,0.0,22,2,1
mmlu_astronomy,default,1,4,gaussian_lcb_1.645,152,0.01,0.1,11.184210526315796,1.9736842105263164,30,1.9736842105263164,0.03206114701959554,0.8135836667692649,0.0,8,0,0
mmlu_astronomy,default,1,5,posterior_mean,152,0.01,0.1,17.1052631578947,2.631578947368418,32,2.631578947368418,0.04770698676515822,0.8743716015184194,0.0,11,2,1
mmlu_astronomy,default,1,5,gaussian_lcb_1.645,152,0.01,0.1,4.605263157894712,1.3157894736842035,16,1.3157894736842035,0.030522211962655064,0.8582127834205433,0.0,6,0,0
mmlu_astronomy,default,1,6,posterior_mean,152,0.01,0.1,15.789473684210487,3.28947368421052,40,3.28947368421052,1.2369190520160016,1.5734328511336817,0.0,9,3,1
mmlu_astronomy,default,1,6,gaussian_lcb_1.645,152,0.01,0.1,9.210526315789448,3.28947368421052,21,2.631578947368418,1.2101159331076192,1.5473991997537702,0.0,5,2,1
mmlu_astronomy,default,1,7,posterior_mean,152,0.01,0.1,10.526315789473696,1.9736842105263164,17,1.9736842105263164,0.016928285626346542,0.7434338770903864,0.0,7,0,0
mmlu_astronomy,default,1,7,gaussian_lcb_1.645,152,0.01,0.1,1.9736842105263164,1.9736842105263164,3,1.9736842105263164,0.0003847337642351871,0.7406124961526618,0.0,1,0,0
mmlu_astronomy,default,1,8,posterior_mean,152,0.01,0.1,18.42105263157896,3.289473684210531,28,1.9736842105263164,0.20070278034266975,0.20070278034266975,0.0,13,0,0
mmlu_astronomy,default,1,8,gaussian_lcb_1.645,152,0.01,0.1,9.210526315789469,2.631578947368418,18,1.9736842105263164,0.22494100748948442,0.22494100748948442,0.0,6,0,0
mmlu_astronomy,default,1,9,posterior_mean,152,0.01,0.1,28.94736842105261,1.9736842105263164,71,1.9736842105263164,0.10182620293423586,1.3729865599671707,0.0,25,0,0
mmlu_astronomy,default,1,9,gaussian_lcb_1.645,152,0.01,0.1,11.842105263157876,1.9736842105263164,37,1.9736842105263164,0.10156971375807913,1.3745254950241115,0.0,12,0,0
mmlu_astronomy,default,1,10,posterior_mean,152,0.01,0.1,15.789473684210552,3.289473684210531,18,3.289473684210531,0.8818097876269616,0.8818097876269616,0.0,9,3,1
mmlu_astronomy,default,1,10,gaussian_lcb_1.645,152,0.01,0.1,8.552631578947379,3.289473684210531,10,2.631578947368418,0.8721914435210831,0.8721914435210831,0.0,5,2,1
mmlu_astronomy,default,1,11,posterior_mean,152,0.01,0.1,9.868421052631604,3.289473684210531,12,3.289473684210531,0.0035908484661944535,0.0035908484661944535,0.0,6,1,1
mmlu_astronomy,default,1,11,gaussian_lcb_1.645,152,0.01,0.1,1.3157894736842146,1.3157894736842146,2,1.3157894736842146,0.0005129783523134827,0.0005129783523134827,0.0,1,0,0
mmlu_astronomy,default,1,12,posterior_mean,152,0.01,0.1,25.657894736842024,3.28947368421052,46,3.28947368421052,0.01077254539858368,0.6794398276392751,0.0,18,3,1
mmlu_astronomy,default,1,12,gaussian_lcb_1.645,152,0.01,0.1,1.9736842105263053,1.3157894736842035,16,1.3157894736842035,0.0003847337642351341,0.6713604185903375,0.0,2,0,0
mmlu_astronomy,default,1,13,posterior_mean,152,0.01,0.1,6.578947368421073,1.9736842105263164,13,1.9736842105263164,0.005258028111213833,0.580050271878528,0.0,6,0,0
mmlu_astronomy,default,1,13,gaussian_lcb_1.645,152,0.01,0.1,2.6315789473684292,1.9736842105263164,9,1.3157894736842146,0.04206422488970985,0.617112957833181,0.0,3,0,0
mmlu_astronomy,default,1,14,posterior_mean,152,0.01,0.1,21.052631578947278,3.28947368421052,62,1.9736842105263164,0.19134092541294667,1.0137734687596207,0.0,21,0,0
mmlu_astronomy,default,1,14,gaussian_lcb_1.645,152,0.01,0.1,13.815789473684138,1.9736842105263053,38,1.9736842105263053,0.1727454601415811,0.995819226428647,0.0,13,0,0
mmlu_astronomy,default,1,15,posterior_mean,152,0.01,0.1,11.184210526315773,2.631578947368418,40,1.9736842105263164,0.04847645429362867,0.9561916487124243,0.0,11,0,0
mmlu_astronomy,default,1,15,gaussian_lcb_1.645,152,0.01,0.1,1.3157894736842035,0.6578947368421018,11,0.6578947368421018,0.019749666564070897,0.9593977634143837,0.0,2,0,0
mmlu_astronomy,default,1,16,posterior_mean,152,0.01,0.1,33.55263157894734,2.631578947368418,57,2.631578947368418,0.620190827947057,1.2539755822304304,0.0,24,3,1
mmlu_astronomy,default,1,16,gaussian_lcb_1.645,152,0.01,0.1,7.2368421052631415,1.9736842105263164,18,1.9736842105263164,0.36177798296911656,1.2574381861085466,0.0,6,0,0
mmlu_astronomy,default,1,17,posterior_mean,152,0.01,0.1,26.315789473684237,3.289473684210531,37,3.289473684210531,0.2589258233302556,0.2589258233302556,0.0,13,4,1
mmlu_astronomy,default,1,17,gaussian_lcb_1.645,152,0.01,0.1,3.9473684210526216,2.631578947368418,13,1.9736842105263164,0.2534113060428851,0.2534113060428851,0.0,4,0,0
mmlu_astronomy,default,1,18,posterior_mean,152,0.01,0.1,22.368421052631504,2.631578947368418,56,2.631578947368418,0.03347183748845798,0.696496357853701,0.0,22,1,1
mmlu_astronomy,default,1,18,gaussian_lcb_1.645,152,0.01,0.1,11.184210526315763,2.631578947368418,30,1.9736842105263164,0.02039088950446275,0.6843131219862545,0.0,11,0,0
mmlu_astronomy,default,1,19,posterior_mean,152,0.01,0.1,13.815789473684204,2.631578947368418,28,2.631578947368418,0.08156355801785145,1.011080332409972,0.0,6,4,1
mmlu_astronomy,default,1,19,gaussian_lcb_1.645,152,0.01,0.1,2.631578947368418,2.631578947368418,10,2.631578947368418,0.07797270955165676,1.0105673540576583,0.0,1,1,1
mmlu_business_ethics,dataset,1,0,posterior_mean,100,0.01,0.1,27.000000000000025,3.0000000000000027,69,3.0000000000000027,0.7208888888888899,0.7905185185185195,1.0000000000000009,20,6,1
mmlu_business_ethics,dataset,1,0,gaussian_lcb_1.645,100,0.01,0.1,10.000000000000009,2.0000000000000018,25,1.0000000000000009,0.6957037037037045,0.7677037037037044,1.0000000000000009,10,0,0
mmlu_business_ethics,dataset,1,1,posterior_mean,100,0.01,0.1,42.000000000000014,17.999999999999993,49,17.999999999999993,0.1490370370370379,0.1490370370370379,1.0000000000000009,17,5,1
mmlu_business_ethics,dataset,1,1,gaussian_lcb_1.645,100,0.01,0.1,12.00000000000001,2.0000000000000018,23,2.0000000000000018,0.13333333333333378,0.13333333333333378,1.0000000000000009,9,3,1
mmlu_business_ethics,dataset,1,2,posterior_mean,100,0.01,0.1,19.000000000000018,3.0000000000000027,50,2.0000000000000018,0.4850370370370375,1.0029629629629655,1.0000000000000009,18,1,1
mmlu_business_ethics,dataset,1,2,gaussian_lcb_1.645,100,0.01,0.1,4.0000000000000036,2.0000000000000018,18,1.0000000000000009,0.3570370370370373,0.9976296296296319,1.0000000000000009,4,0,0
mmlu_business_ethics,dataset,1,3,posterior_mean,100,0.01,0.1,45.00000000000004,4.0000000000000036,87,4.0000000000000036,0.3274074074074076,0.3274074074074076,0.0,31,9,1
mmlu_business_ethics,dataset,1,3,gaussian_lcb_1.645,100,0.01,0.1,17.000000000000014,4.0000000000000036,34,4.0000000000000036,0.3226666666666671,0.3226666666666671,0.0,12,2,1
mmlu_business_ethics,dataset,1,4,posterior_mean,100,0.01,0.1,55.00000000000003,14.000000000000002,47,14.000000000000002,0.5066666666666682,0.5066666666666682,0.0,19,11,1
mmlu_business_ethics,dataset,1,4,gaussian_lcb_1.645,100,0.01,0.1,5.000000000000004,2.0000000000000018,7,2.0000000000000018,0.4897777777777782,0.4897777777777782,0.0,3,2,1
mmlu_business_ethics,dataset,1,5,posterior_mean,100,0.01,0.1,42.000000000000036,4.0000000000000036,67,3.0000000000000027,0.6820740740740739,0.6820740740740739,0.0,24,17,1
mmlu_business_ethics,dataset,1,5,gaussian_lcb_1.645,100,0.01,0.1,22.00000000000002,2.0000000000000018,37,2.0000000000000018,0.6770370370370373,0.6770370370370373,0.0,13,9,1
mmlu_business_ethics,dataset,1,6,posterior_mean,100,0.01,0.1,37.000000000000036,4.0000000000000036,72,4.0000000000000036,1.0782222222222217,1.079407407407407,0.0,23,12,1
mmlu_business_ethics,dataset,1,6,gaussian_lcb_1.645,100,0.01,0.1,14.000000000000012,2.0000000000000018,27,2.0000000000000018,1.2026666666666668,1.203851851851852,0.0,10,4,1
mmlu_business_ethics,dataset,1,7,posterior_mean,100,0.01,0.1,46.00000000000004,4.0000000000000036,61,4.0000000000000036,0.655111111111112,0.655111111111112,1.0000000000000009,27,15,1
mmlu_business_ethics,dataset,1,7,gaussian_lcb_1.645,100,0.01,0.1,24.00000000000002,4.0000000000000036,29,4.0000000000000036,0.6385185185185195,0.6385185185185195,1.0000000000000009,12,9,1
mmlu_business_ethics,dataset,1,8,posterior_mean,100,0.01,0.1,29.000000000000025,3.0000000000000027,67,2.0000000000000018,0.4699259259259259,1.0749629629629622,0.0,19,10,1
mmlu_business_ethics,dataset,1,8,gaussian_lcb_1.645,100,0.01,0.1,11.00000000000001,2.0000000000000018,25,2.0000000000000018,0.23555555555555532,1.0648888888888883,0.0,8,3,1
mmlu_business_ethics,dataset,1,9,posterior_mean,100,0.01,0.1,28.000000000000025,3.0000000000000027,57,3.0000000000000027,0.29540740740740806,0.29540740740740806,0.0,21,6,1
mmlu_business_ethics,dataset,1,9,gaussian_lcb_1.645,100,0.01,0.1,8.000000000000007,2.0000000000000018,17,2.0000000000000018,0.28474074074074124,0.28474074074074124,0.0,6,2,1
mmlu_business_ethics,dataset,1,10,posterior_mean,100,0.01,0.1,33.00000000000003,3.0000000000000027,66,2.0000000000000018,0.8797037037037053,0.8797037037037053,0.0,26,7,1
mmlu_business_ethics,dataset,1,10,gaussian_lcb_1.645,100,0.01,0.1,16.000000000000014,3.0000000000000027,34,2.0000000000000018,0.8044444444444456,0.8044444444444456,0.0,13,3,1
mmlu_business_ethics,dataset,1,11,posterior_mean,100,0.01,0.1,26.00000000000002,4.0000000000000036,51,3.0000000000000027,0.34192592592592624,0.8613333333333347,0.0,17,7,1
mmlu_business_ethics,dataset,1,11,gaussian_lcb_1.645,100,0.01,0.1,9.000000000000007,3.0000000000000027,21,3.0000000000000027,0.11466666666666664,0.6355555555555555,0.0,6,2,1
mmlu_business_ethics,dataset,1,12,posterior_mean,100,0.01,0.1,32.00000000000003,4.0000000000000036,58,4.0000000000000036,0.791703703703705,0.8628148148148163,0.0,21,7,1
mmlu_business_ethics,dataset,1,12,gaussian_lcb_1.645,100,0.01,0.1,5.000000000000004,2.0000000000000018,16,1.0000000000000009,0.30400000000000005,0.8480000000000013,0.0,5,0,0
mmlu_business_ethics,dataset,1,13,posterior_mean,100,0.01,0.1,29.000000000000014,12.0,40,9.999999999999998,0.871111111111112,0.871111111111112,0.0,17,4,1
mmlu_business_ethics,dataset,1,13,gaussian_lcb_1.645,100,0.01,0.1,9.000000000000007,2.0000000000000018,14,2.0000000000000018,0.864592592592594,0.864592592592594,0.0,7,2,1
mmlu_business_ethics,dataset,1,14,posterior_mean,100,0.01,0.1,31.00000000000003,4.0000000000000036,49,3.0000000000000027,0.26785185185185256,0.26785185185185256,2.0000000000000018,17,10,1
mmlu_business_ethics,dataset,1,14,gaussian_lcb_1.645,100,0.01,0.1,7.000000000000006,2.0000000000000018,15,2.0000000000000018,0.22044444444444472,0.22044444444444472,2.0000000000000018,5,2,1
mmlu_business_ethics,dataset,1,15,posterior_mean,100,0.01,0.1,25.00000000000002,2.0000000000000018,53,2.0000000000000018,0.5768888888888896,1.7567407407407432,0.0,18,7,1
mmlu_business_ethics,dataset,1,15,gaussian_lcb_1.645,100,0.01,0.1,16.000000000000014,2.0000000000000018,27,2.0000000000000018,0.5807407407407412,1.7617777777777799,0.0,11,5,1
mmlu_business_ethics,dataset,1,16,posterior_mean,100,0.01,0.1,44.00000000000004,3.0000000000000027,52,3.0000000000000027,0.03585185185185268,0.03585185185185268,0.0,22,14,1
mmlu_business_ethics,dataset,1,16,gaussian_lcb_1.645,100,0.01,0.1,27.000000000000025,3.0000000000000027,26,3.0000000000000027,0.013629629629629419,0.013629629629629419,0.0,11,9,1
mmlu_business_ethics,dataset,1,17,posterior_mean,100,0.01,0.1,34.00000000000003,2.0000000000000018,45,2.0000000000000018,0.018962962962963077,0.020740740740740823,0.0,21,13,1
mmlu_business_ethics,dataset,1,17,gaussian_lcb_1.645,100,0.01,0.1,8.000000000000007,2.0000000000000018,12,2.0000000000000018,0.0023703703703704814,0.0023703703703704814,0.0,5,3,1
mmlu_business_ethics,dataset,1,18,posterior_mean,100,0.01,0.1,26.00000000000002,4.0000000000000036,53,4.0000000000000036,0.6814814814814824,0.6814814814814824,1.0000000000000009,14,7,1
mmlu_business_ethics,dataset,1,18,gaussian_lcb_1.645,100,0.01,0.1,12.00000000000001,4.0000000000000036,21,4.0000000000000036,0.6651851851851858,0.6651851851851858,1.0000000000000009,7,3,1
mmlu_business_ethics,dataset,1,19,posterior_mean,100,0.01,0.1,50.000000000000036,13.0,79,13.0,0.18162962962962928,0.18162962962962928,1.0000000000000009,29,6,1
mmlu_business_ethics,dataset,1,19,gaussian_lcb_1.645,100,0.01,0.1,9.000000000000007,1.0000000000000009,27,1.0000000000000009,0.1727407407407408,0.1727407407407408,1.0000000000000009,9,0,0
mmlu_business_ethics,default,1,0,posterior_mean,100,0.01,0.1,22.00000000000002,3.0000000000000027,44,3.0000000000000027,0.4171851851851854,1.3878518518518534,1.0000000000000009,19,2,1
mmlu_business_ethics,default,1,0,gaussian_lcb_1.645,100,0.01,0.1,11.00000000000001,2.0000000000000018,27,1.0000000000000009,0.2761481481481482,1.2471111111111113,1.0000000000000009,11,0,0
mmlu_business_ethics,default,1,1,posterior_mean,100,0.01,0.1,35.00000000000002,9.999999999999998,48,9.999999999999998,0.24029629629629629,0.24029629629629629,1.0000000000000009,21,5,1
mmlu_business_ethics,default,1,1,gaussian_lcb_1.645,100,0.01,0.1,11.00000000000001,2.0000000000000018,24,2.0000000000000018,0.23259259259259277,0.23259259259259277,1.0000000000000009,10,1,1
mmlu_business_ethics,default,1,2,posterior_mean,100,0.01,0.1,28.000000000000025,4.0000000000000036,46,2.0000000000000018,0.8260740740740742,1.7102222222222248,2.0000000000000018,19,9,1
mmlu_business_ethics,default,1,2,gaussian_lcb_1.645,100,0.01,0.1,12.00000000000001,2.0000000000000018,24,2.0000000000000018,0.8299259259259262,1.714074074074077,2.0000000000000018,8,4,1
mmlu_business_ethics,default,1,3,posterior_mean,100,0.01,0.1,32.00000000000003,4.0000000000000036,46,4.0000000000000036,0.3946666666666675,0.8628148148148158,2.0000000000000018,20,10,1
mmlu_business_ethics,default,1,3,gaussian_lcb_1.645,100,0.01,0.1,23.00000000000002,4.0000000000000036,28,2.0000000000000018,0.8014814814814821,1.2725925925925943,2.0000000000000018,14,9,1
mmlu_business_ethics,default,1,4,posterior_mean,100,0.01,0.1,15.000000000000014,2.0000000000000018,29,2.0000000000000018,0.8130370370370384,0.8130370370370384,1.0000000000000009,11,4,1
mmlu_business_ethics,default,1,4,gaussian_lcb_1.645,100,0.01,0.1,12.00000000000001,2.0000000000000018,18,2.0000000000000018,0.7961481481481496,0.7961481481481496,1.0000000000000009,9,3,1
mmlu_business_ethics,default,1,5,posterior_mean,100,0.01,0.1,53.000000000000014,17.999999999999993,43,16.999999999999993,0.4767407407407394,0.9348148148148133,0.0,20,8,1
mmlu_business_ethics,default,1,5,gaussian_lcb_1.645,100,0.01,0.1,3.0000000000000027,1.0000000000000009,7,1.0000000000000009,0.0008888888888889882,0.917037037037037,0.0,3,0,0
mmlu_business_ethics,default,1,6,posterior_mean,100,0.01,0.1,20.000000000000018,3.0000000000000027,38,3.0000000000000027,0.5268148148148152,0.5268148148148152,0.0,10,8,1
mmlu_business_ethics,default,1,6,gaussian_lcb_1.645,100,0.01,0.1,10.000000000000009,2.0000000000000018,18,2.0000000000000018,0.523851851851852,0.523851851851852,0.0,5,5,1
mmlu_business_ethics,default,1,7,posterior_mean,100,0.01,0.1,19.000000000000018,2.0000000000000018,47,2.0000000000000018,0.8657777777777782,1.7611851851851885,1.0000000000000009,15,4,1
mmlu_business_ethics,default,1,7,gaussian_lcb_1.645,100,0.01,0.1,16.000000000000014,2.0000000000000018,29,2.0000000000000018,0.8725925925925933,1.7680000000000036,1.0000000000000009,13,3,1
mmlu_business_ethics,default,1,8,posterior_mean,100,0.01,0.1,36.00000000000002,17.000000000000004,58,15.000000000000002,1.6394074074074092,1.6394074074074092,0.0,18,5,1
mmlu_business_ethics,default,1,8,gaussian_lcb_1.645,100,0.01,0.1,25.00000000000001,17.000000000000004,33,15.000000000000002,1.6225185185185207,1.6225185185185207,0.0,10,2,1
mmlu_business_ethics,default,1,9,posterior_mean,100,0.01,0.1,27.000000000000025,4.0000000000000036,51,3.0000000000000027,0.4287407407407404,1.3037037037037031,1.0000000000000009,18,6,1
mmlu_business_ethics,default,1,9,gaussian_lcb_1.645,100,0.01,0.1,10.000000000000009,3.0000000000000027,18,3.0000000000000027,0.421333333333333,1.2965925925925919,1.0000000000000009,7,2,1
mmlu_business_ethics,default,1,10,posterior_mean,100,0.01,0.1,51.00000000000004,4.0000000000000036,77,4.0000000000000036,0.7650370370370378,0.7650370370370378,0.0,30,10,1
mmlu_business_ethics,default,1,10,gaussian_lcb_1.645,100,0.01,0.1,24.00000000000002,4.0000000000000036,36,4.0000000000000036,0.7724444444444448,0.7724444444444448,0.0,14,5,1
mmlu_business_ethics,default,1,11,posterior_mean,100,0.01,0.1,41.00000000000003,14.000000000000002,48,10.999999999999998,2.588444444444445,2.6506666666666674,0.0,18,9,1
mmlu_business_ethics,default,1,11,gaussian_lcb_1.645,100,0.01,0.1,26.00000000000002,4.0000000000000036,34,4.0000000000000036,2.5863703703703718,2.6494814814814833,0.0,14,7,1
mmlu_business_ethics,default,1,12,posterior_mean,100,0.01,0.1,15.000000000000014,2.0000000000000018,31,2.0000000000000018,0.37125925925925984,2.1531851851851878,0.0,10,5,1
mmlu_business_ethics,default,1,12,gaussian_lcb_1.645,100,0.01,0.1,7.000000000000006,2.0000000000000018,16,2.0000000000000018,0.39200000000000057,2.175111111111113,0.0,5,2,1
mmlu_business_ethics,default,1,13,posterior_mean,100,0.01,0.1,32.00000000000003,4.0000000000000036,65,4.0000000000000036,0.020148148148148165,0.9845925925925927,0.0,20,7,1
mmlu_business_ethics,default,1,13,gaussian_lcb_1.645,100,0.01,0.1,8.000000000000007,3.0000000000000027,32,3.0000000000000027,0.010074074074074006,0.9754074074074072,0.0,6,1,1
mmlu_business_ethics,default,1,14,posterior_mean,100,0.01,0.1,26.00000000000002,4.0000000000000036,42,4.0000000000000036,1.9247407407407402,1.9825185185185181,0.0,16,8,1
mmlu_business_ethics,default,1,14,gaussian_lcb_1.645,100,0.01,0.1,10.000000000000009,4.0000000000000036,19,4.0000000000000036,1.9300740740740734,1.989629629629629,0.0,6,2,1
mmlu_business_ethics,default,1,15,posterior_mean,100,0.01,0.1,18.000000000000014,2.0000000000000018,46,2.0000000000000018,0.5297777777777787,1.068740740740742,0.0,17,1,1
mmlu_business_ethics,default,1,15,gaussian_lcb_1.645,100,0.01,0.1,9.000000000000007,2.0000000000000018,20,2.0000000000000018,0.29807407407407427,1.0645925925925936,0.0,7,2,1
mmlu_business_ethics,default,1,16,posterior_mean,100,0.01,0.1,19.000000000000018,3.0000000000000027,33,3.0000000000000027,1.6992592592592621,1.741925925925929,1.0000000000000009,14,4,1
mmlu_business_ethics,default,1,16,gaussian_lcb_1.645,100,0.01,0.1,8.000000000000007,2.0000000000000018,13,2.0000000000000018,0.887703703703706,1.7434074074074102,1.0000000000000009,6,2,1
mmlu_business_ethics,default,1,17,posterior_mean,100,0.01,0.1,45.00000000000003,15.000000000000002,45,13.0,1.2382222222222241,2.2524444444444462,0.0,21,10,1
mmlu_business_ethics,default,1,17,gaussian_lcb_1.645,100,0.01,0.1,13.00000000000001,3.0000000000000027,21,3.0000000000000027,1.1469629629629636,2.2485925925925945,0.0,10,2,1
mmlu_business_ethics,default,1,18,posterior_mean,100,0.01,0.1,29.000000000000004,21.999999999999996,21,21.999999999999996,0.05688888888888822,0.5682962962962955,0.0,6,3,1
mmlu_business_ethics,default,1,18,gaussian_lcb_1.645,100,0.01,0.1,4.0000000000000036,2.0000000000000018,14,1.0000000000000009,0.04711111111111123,0.5591111111111111,0.0,4,0,0
mmlu_business_ethics,default,1,19,posterior_mean,100,0.01,0.1,16.000000000000014,2.0000000000000018,40,2.0000000000000018,0.6337777777777777,0.6477037037037038,1.0000000000000009,13,3,1
mmlu_business_ethics,default,1,19,gaussian_lcb_1.645,100,0.01,0.1,9.000000000000007,2.0000000000000018,24,2.0000000000000018,0.6308148148148153,0.6447407407407413,1.0000000000000009,8,1,1
mmlu_clinical_knowledge,dataset,1,0,posterior_mean,265,0.01,0.1,57.73584905660376,3.396226415094339,147,3.018867924528301,0.27073823556557614,0.5999024300199091,0.0,61,4,1
mmlu_clinical_knowledge,dataset,1,0,gaussian_lcb_1.645,265,0.01,0.1,9.811320754716979,1.8867924528301883,49,1.8867924528301883,0.03523067389211928,0.5792703347705128,0.0,15,0,0
mmlu_clinical_knowledge,dataset,1,1,posterior_mean,265,0.01,0.1,113.96226415094337,2.6415094339622636,183,2.6415094339622636,0.36369869335337485,0.6738024603457133,0.0,89,11,1
mmlu_clinical_knowledge,dataset,1,1,gaussian_lcb_1.645,265,0.01,0.1,25.66037735849056,2.264150943396226,40,2.264150943396226,0.00898698627427744,0.6323273077278054,0.0,18,9,1
mmlu_clinical_knowledge,dataset,1,2,posterior_mean,265,0.01,0.1,67.1698113207547,2.6415094339622636,189,2.6415094339622636,0.03655973524254039,0.673401632319396,0.0,71,3,1
mmlu_clinical_knowledge,dataset,1,2,gaussian_lcb_1.645,265,0.01,0.1,11.698113207547166,1.8867924528301883,44,1.8867924528301883,0.013902403649644807,0.6516303416267814,0.0,15,0,0
mmlu_clinical_knowledge,dataset,1,3,posterior_mean,265,0.01,0.1,71.69811320754715,3.396226415094339,123,3.396226415094339,0.04940732829661323,0.34656856928127894,0.0,61,5,1
mmlu_clinical_knowledge,dataset,1,3,gaussian_lcb_1.645,265,0.01,0.1,12.075471698113205,1.5094339622641506,27,1.5094339622641506,0.0067085953878406575,0.5056656514114686,0.0,12,0,0
mmlu_clinical_knowledge,dataset,1,4,posterior_mean,265,0.01,0.1,72.83018867924527,9.433962264150942,100,8.679245283018865,0.16691322864338132,0.49195311366902567,0.0,49,9,1
mmlu_clinical_knowledge,dataset,1,4,gaussian_lcb_1.645,265,0.01,0.1,9.811320754716979,1.5094339622641506,28,1.5094339622641506,0.0027846999723111256,0.32833089408383104,0.0,13,0,0
mmlu_clinical_knowledge,dataset,1,5,posterior_mean,265,0.01,0.1,45.28301886792452,2.264150943396226,69,2.264150943396226,0.021686905844968907,0.17182864601874892,0.0,34,4,1
mmlu_clinical_knowledge,dataset,1,5,gaussian_lcb_1.645,265,0.01,0.1,6.41509433962264,1.8867924528301883,11,1.8867924528301883,0.0010548105955723766,0.15153409015993552,0.0,5,0,0
mmlu_clinical_knowledge,dataset,1,6,posterior_mean,265,0.01,0.1,77.35849056603772,2.264150943396226,168,2.264150943396226,0.0834988067455141,0.4023785978930165,0.0,73,8,1
mmlu_clinical_knowledge,dataset,1,6,gaussian_lcb_1.645,265,0.01,0.1,19.24528301886792,2.264150943396226,70,2.264150943396226,0.04417546774257322,0.5735849056603773,0.0,23,2,1
mmlu_clinical_knowledge,dataset,1,7,posterior_mean,265,0.01,0.1,55.0943396226415,3.018867924528301,80,3.018867924528301,0.05109502524952789,0.05109502524952789,0.0,39,7,1
mmlu_clinical_knowledge,dataset,1,7,gaussian_lcb_1.645,265,0.01,0.1,16.981132075471695,2.264150943396226,36,2.264150943396226,0.034049286025078014,0.034049286025078014,0.0,18,3,1
mmlu_clinical_knowledge,dataset,1,8,posterior_mean,265,0.01,0.1,73.58490566037734,3.018867924528301,171,3.018867924528301,0.0627506823306042,0.6303337157021748,0.0,79,7,1
mmlu_clinical_knowledge,dataset,1,8,gaussian_lcb_1.645,265,0.01,0.1,21.509433962264147,1.5094339622641506,89,1.5094339622641506,0.009873027174557875,0.5986472054111788,0.0,41,0,0
mmlu_clinical_knowledge,dataset,1,9,posterior_mean,265,0.01,0.1,81.50943396226413,3.018867924528301,131,3.018867924528301,0.05489234339359016,0.448705879250558,0.0,58,10,1
mmlu_clinical_knowledge,dataset,1,9,gaussian_lcb_1.645,265,0.01,0.1,12.452830188679243,1.8867924528301883,37,1.8867924528301883,0.02400748915522885,0.41866487348865467,0.0,14,0,0
mmlu_clinical_knowledge,dataset,1,10,posterior_mean,265,0.01,0.1,89.05660377358488,8.301886792452828,206,8.301886792452828,0.13253695133367496,0.7448123096396482,0.37735849056603765,89,5,1
mmlu_clinical_knowledge,dataset,1,10,gaussian_lcb_1.645,265,0.01,0.1,23.77358490566037,2.264150943396226,85,2.264150943396226,0.016159698324169813,0.7122819508721957,0.37735849056603765,31,1,1
mmlu_clinical_knowledge,dataset,1,11,posterior_mean,265,0.01,0.1,81.50943396226413,10.188679245283016,86,10.188679245283016,0.04595809764909286,0.11771686246588545,0.0,42,12,1
mmlu_clinical_knowledge,dataset,1,11,gaussian_lcb_1.645,265,0.01,0.1,15.471698113207545,2.264150943396226,22,2.264150943396226,0.003164431786717363,0.09252798544361382,0.0,10,4,1
mmlu_clinical_knowledge,dataset,1,12,posterior_mean,265,0.01,0.1,98.86792452830187,3.396226415094339,153,3.396226415094339,0.051886133196207974,0.2976042614348062,0.0,70,15,1
mmlu_clinical_knowledge,dataset,1,12,gaussian_lcb_1.645,265,0.01,0.1,21.509433962264147,3.396226415094339,31,3.396226415094339,0.0064554408449038645,0.25891380878921,0.0,15,1,1
mmlu_clinical_knowledge,dataset,1,13,posterior_mean,265,0.01,0.1,115.09433962264151,13.584905660377366,224,13.20754716981133,0.1455849584009076,1.0246219163271497,0.0,89,7,1
mmlu_clinical_knowledge,dataset,1,13,gaussian_lcb_1.645,265,0.01,0.1,21.886792452830186,1.8867924528301883,96,1.8867924528301883,0.11102936328995443,0.9927666363408618,0.0,30,0,0
mmlu_clinical_knowledge,dataset,1,14,posterior_mean,265,0.01,0.1,50.94339622641508,2.264150943396226,121,2.264150943396226,0.10050235354614083,0.6316627770525957,0.0,54,7,1
mmlu_clinical_knowledge,dataset,1,14,gaussian_lcb_1.645,265,0.01,0.1,14.33962264150943,1.8867924528301883,39,1.8867924528301883,0.006877365083132163,0.6116635681605431,0.0,16,0,0
mmlu_clinical_knowledge,dataset,1,15,posterior_mean,265,0.01,0.1,76.98113207547168,3.018867924528301,125,3.018867924528301,0.06164313120525309,0.7147080152420121,0.0,60,5,1
mmlu_clinical_knowledge,dataset,1,15,gaussian_lcb_1.645,265,0.01,0.1,15.094339622641506,2.6415094339622636,29,2.6415094339622636,0.05771923578972362,0.7122186622364609,0.0,12,2,1
mmlu_clinical_knowledge,dataset,1,16,posterior_mean,265,0.01,0.1,62.26415094339621,3.018867924528301,101,3.018867924528301,0.04565220257637436,0.6281819020872054,0.0,49,9,1
mmlu_clinical_knowledge,dataset,1,16,gaussian_lcb_1.645,265,0.01,0.1,16.981132075471695,1.8867924528301883,42,1.8867924528301883,0.004430204501404209,0.8526455968250186,0.0,19,0,0
mmlu_clinical_knowledge,dataset,1,17,posterior_mean,265,0.01,0.1,77.35849056603772,9.056603773584904,95,9.056603773584904,0.11297021478580736,0.5060559313318304,0.0,44,11,1
mmlu_clinical_knowledge,dataset,1,17,gaussian_lcb_1.645,265,0.01,0.1,16.603773584905657,2.6415094339622636,32,2.6415094339622636,0.004219242382289798,0.45723929696873833,0.0,14,1,1
mmlu_clinical_knowledge,dataset,1,18,posterior_mean,265,0.01,0.1,62.26415094339621,3.018867924528301,89,3.018867924528301,0.030251967881017118,0.09612488957451548,0.0,44,5,1
mmlu_clinical_knowledge,dataset,1,18,gaussian_lcb_1.645,265,0.01,0.1,18.113207547169807,2.6415094339622636,29,2.6415094339622636,0.006033516606674095,0.006761335917619075,0.0,14,1,1
mmlu_clinical_knowledge,dataset,1,19,posterior_mean,265,0.01,0.1,45.28301886792452,1.8867924528301883,193,1.8867924528301883,0.02847988608045571,0.901008662632015,0.0,67,0,0
mmlu_clinical_knowledge,dataset,1,19,gaussian_lcb_1.645,265,0.01,0.1,11.32075471698113,1.5094339622641506,77,1.5094339622641506,0.011223184736890575,0.886536661260761,0.0,21,0,0
mmlu_clinical_knowledge,default,1,0,posterior_mean,265,0.01,0.1,101.88679245283016,8.679245283018865,221,8.679245283018865,0.4138654852788004,1.2182745935682922,0.0,89,2,1
mmlu_clinical_knowledge,default,1,0,gaussian_lcb_1.645,265,0.01,0.1,33.96226415094339,1.8867924528301883,91,1.8867924528301883,0.3907862294476752,1.1958704165183331,0.0,34,0,0
mmlu_clinical_knowledge,default,1,1,posterior_mean,265,0.01,0.1,95.47169811320752,3.018867924528301,186,3.018867924528301,0.25872394288200656,0.8225096581095166,0.0,79,16,1
mmlu_clinical_knowledge,default,1,1,gaussian_lcb_1.645,265,0.01,0.1,24.15094339622641,2.6415094339622636,54,2.6415094339622636,0.1977558904579197,0.7972785886634235,0.0,22,1,1
mmlu_clinical_knowledge,default,1,2,posterior_mean,265,0.01,0.1,83.39622641509432,2.6415094339622636,164,2.6415094339622636,0.271677016995636,0.5384702609337725,0.0,77,5,1
mmlu_clinical_knowledge,default,1,2,gaussian_lcb_1.645,265,0.01,0.1,21.886792452830186,2.264150943396226,53,2.264150943396226,0.2481758369262817,0.5180491278034897,0.0,26,1,1
mmlu_clinical_knowledge,default,1,3,posterior_mean,265,0.01,0.1,78.1132075471698,3.018867924528301,212,3.018867924528301,0.23722690294423956,0.8309059504502705,0.0,86,3,1
mmlu_clinical_knowledge,default,1,3,gaussian_lcb_1.645,265,0.01,0.1,23.018867924528298,2.6415094339622636,66,1.8867924528301883,0.19803014121276882,0.7092019039331244,0.0,25,0,0
mmlu_clinical_knowledge,default,1,4,posterior_mean,265,0.01,0.1,153.20754716981128,3.396226415094339,178,3.396226415094339,0.2872460213862847,0.5658109515710082,0.0,85,39,1
mmlu_clinical_knowledge,default,1,4,gaussian_lcb_1.645,265,0.01,0.1,36.226415094339615,3.396226415094339,42,3.396226415094339,0.05020898434924732,0.2866975198765866,0.0,21,8,1
mmlu_clinical_knowledge,default,1,5,posterior_mean,265,0.01,0.1,141.50943396226413,8.301886792452828,221,7.924528301886791,0.26412457313133597,0.8006223382513866,0.0,103,21,1
mmlu_clinical_knowledge,default,1,5,gaussian_lcb_1.645,265,0.01,0.1,36.226415094339615,2.264150943396226,78,2.264150943396226,0.22488561897604264,0.7625225795393116,0.0,36,4,1
mmlu_clinical_knowledge,default,1,6,posterior_mean,265,0.01,0.1,134.71698113207543,9.056603773584904,190,7.924528301886791,0.28973537439183533,0.9935999367113622,0.37735849056603765,91,18,1
mmlu_clinical_knowledge,default,1,6,gaussian_lcb_1.645,265,0.01,0.1,34.71698113207546,2.6415094339622636,66,2.6415094339622636,0.09290771725801943,0.9038144588162368,0.37735849056603765,29,2,1
mmlu_clinical_knowledge,default,1,7,posterior_mean,265,0.01,0.1,131.3207547169811,10.188679245283016,244,10.188679245283016,0.28830083198185535,0.8823912556201609,0.0,106,5,1
mmlu_clinical_knowledge,default,1,7,gaussian_lcb_1.645,265,0.01,0.1,17.73584905660377,1.8867924528301883,48,1.8867924528301883,0.21741755995938958,0.8566538770881952,0.0,19,0,0
mmlu_clinical_knowledge,default,1,8,posterior_mean,265,0.01,0.1,117.73584905660374,9.811320754716979,192,9.811320754716979,0.15704020146882355,0.5876666271112693,0.0,87,13,1
mmlu_clinical_knowledge,default,1,8,gaussian_lcb_1.645,265,0.01,0.1,28.67924528301886,2.264150943396226,70,1.8867924528301883,0.09813957781205931,0.630428648655776,0.0,32,0,0
mmlu_clinical_knowledge,default,1,9,posterior_mean,265,0.01,0.1,111.69811320754715,3.7735849056603765,178,3.7735849056603765,0.43832654299012463,0.6525058344211071,0.0,87,10,1
mmlu_clinical_knowledge,default,1,9,gaussian_lcb_1.645,265,0.01,0.1,27.16981132075471,2.6415094339622636,58,1.8867924528301883,0.23660456469285293,0.4917105072320455,0.0,27,0,0
mmlu_clinical_knowledge,default,1,10,posterior_mean,265,0.01,0.1,97.35849056603772,3.018867924528301,193,3.018867924528301,0.3971994778687551,0.54747834341996,0.0,88,9,1
mmlu_clinical_knowledge,default,1,10,gaussian_lcb_1.645,265,0.01,0.1,22.64150943396226,2.264150943396226,70,1.8867924528301883,0.38757960523713475,0.5379850480598084,0.0,28,0,0
mmlu_clinical_knowledge,default,1,11,posterior_mean,265,0.01,0.1,64.1509433962264,2.6415094339622636,164,2.6415094339622636,0.26041163983492266,0.7148873330432594,0.0,62,5,1
mmlu_clinical_knowledge,default,1,11,gaussian_lcb_1.645,265,0.01,0.1,13.962264150943394,2.6415094339622636,34,1.8867924528301883,0.2444629036298671,0.7014279498437547,0.0,14,0,0
mmlu_clinical_knowledge,default,1,12,posterior_mean,265,0.01,0.1,126.41509433962264,17.358490566037744,267,17.358490566037744,0.5389343775958224,1.085568872539323,0.0,118,4,1
mmlu_clinical_knowledge,default,1,12,gaussian_lcb_1.645,265,0.01,0.1,58.867924528301884,17.358490566037744,136,17.358490566037744,0.5220996004904875,1.0694091742151541,0.0,52,5,1
mmlu_clinical_knowledge,default,1,13,posterior_mean,265,0.01,0.1,110.94339622641508,3.018867924528301,202,3.018867924528301,0.316400986247906,0.7427870732961506,0.0,98,5,1
mmlu_clinical_knowledge,default,1,13,gaussian_lcb_1.645,265,0.01,0.1,33.96226415094339,1.8867924528301883,62,1.8867924528301883,0.1936210329232755,0.7318170431021979,0.0,30,0,0
mmlu_clinical_knowledge,default,1,14,posterior_mean,265,0.01,0.1,84.52830188679243,9.811320754716979,232,9.056603773584904,0.28414487823530155,0.665153013462019,0.0,99,3,1
mmlu_clinical_knowledge,default,1,14,gaussian_lcb_1.645,265,0.01,0.1,21.509433962264147,2.264150943396226,83,2.264150943396226,0.2173859156415226,0.6523265166198586,0.0,34,1,1
mmlu_clinical_knowledge,default,1,15,posterior_mean,265,0.01,0.1,98.11320754716981,13.584905660377366,205,13.20754716981133,0.45948604353730804,1.301488601453001,0.0,86,4,1
mmlu_clinical_knowledge,default,1,15,gaussian_lcb_1.645,265,0.01,0.1,44.52830188679246,13.584905660377366,82,13.20754716981133,0.44071041493611807,1.2844850546523727,0.0,31,2,1
mmlu_clinical_knowledge,default,1,16,posterior_mean,265,0.01,0.1,100.37735849056601,2.6415094339622636,221,2.6415094339622636,0.7028202998299125,1.071613728359902,2.264150943396226,90,11,1
mmlu_clinical_knowledge,default,1,16,gaussian_lcb_1.645,265,0.01,0.1,30.56603773584905,2.6415094339622636,68,2.6415094339622636,0.6887280302730646,1.065959943567634,0.0,25,3,1
mmlu_clinical_knowledge,default,1,17,posterior_mean,265,0.01,0.1,111.69811320754715,8.301886792452828,210,8.301886792452828,0.3453027965665921,0.978041480426671,0.0,101,4,1
mmlu_clinical_knowledge,default,1,17,gaussian_lcb_1.645,265,0.01,0.1,32.0754716981132,8.301886792452828,67,8.301886792452828,0.20805084187070644,0.9526416412852861,0.0,31,1,1
mmlu_clinical_knowledge,default,1,18,posterior_mean,265,0.01,0.1,86.03773584905659,9.811320754716979,179,9.811320754716979,0.16210329232757167,0.7603813140302987,0.0,80,7,1
mmlu_clinical_knowledge,default,1,18,gaussian_lcb_1.645,265,0.01,0.1,25.283018867924522,2.264150943396226,66,2.264150943396226,0.04290969502788633,0.6494996242237244,0.0,32,1,1
mmlu_clinical_knowledge,default,1,19,posterior_mean,265,0.01,0.1,90.94339622641508,3.018867924528301,182,3.018867924528301,0.2892712577297835,0.7891249027596472,0.0,82,12,1
mmlu_clinical_knowledge,default,1,19,gaussian_lcb_1.645,265,0.01,0.1,30.94339622641509,2.264150943396226,64,2.264150943396226,0.025737378531966847,0.6899727067758386,0.0,28,3,1
mmlu_college_biology,dataset,1,0,posterior_mean,144,0.01,0.1,37.499999999999964,3.472222222222221,45,3.472222222222221,0.02357681755829908,0.032578875171467764,0.0,22,9,1
mmlu_college_biology,dataset,1,0,gaussian_lcb_1.645,144,0.01,0.1,4.861111111111094,1.388888888888884,9,1.388888888888884,0.001143118427069301,0.010716735253772506,0.0,4,0,0
mmlu_college_biology,dataset,1,1,posterior_mean,144,0.01,0.1,16.66666666666664,2.777777777777779,37,2.777777777777779,0.0062871513488797865,0.022290809327846346,0.0,14,3,1
mmlu_college_biology,dataset,1,1,gaussian_lcb_1.645,144,0.01,0.1,1.388888888888884,0.694444444444442,7,0.694444444444442,0.0017146776406035632,0.018289894833104642,0.0,2,0,0
mmlu_college_biology,dataset,1,2,posterior_mean,144,0.01,0.1,4.861111111111094,1.388888888888884,13,1.388888888888884,0.007287379972565101,0.008716278006401406,0.0,5,0,0
mmlu_college_biology,dataset,1,2,gaussian_lcb_1.645,144,0.01,0.1,2.777777777777768,1.388888888888884,7,1.388888888888884,0.0017146776406036569,0.006430041152263446,0.0,2,0,0
mmlu_college_biology,dataset,1,3,posterior_mean,144,0.01,0.1,22.22222222222221,3.472222222222221,27,3.472222222222221,0.011574074074073855,0.017289666209419054,0.0,12,6,1
mmlu_college_biology,dataset,1,3,gaussian_lcb_1.645,144,0.01,0.1,0.0,0.0,3,0.0,0.0,0.007716049382716015,0.0,0,0,0
mmlu_college_biology,dataset,1,4,posterior_mean,144,0.01,0.1,27.083333333333293,4.1666666666666625,36,4.1666666666666625,0.008859167809785082,0.012431412894375823,0.0,14,5,1
mmlu_college_biology,dataset,1,4,gaussian_lcb_1.645,144,0.01,0.1,4.166666666666652,1.388888888888884,8,1.388888888888884,0.000857338820301775,0.005144032921810678,0.0,3,0,0
mmlu_college_biology,dataset,1,5,posterior_mean,144,0.01,0.1,18.74999999999999,2.083333333333337,29,2.083333333333337,0.007430269775948806,0.022576588934613583,0.0,13,5,1
mmlu_college_biology,dataset,1,5,gaussian_lcb_1.645,144,0.01,0.1,5.5555555555555465,2.083333333333337,11,2.083333333333337,0.0018575674439870475,0.018004115226337235,0.0,5,1,1
mmlu_college_biology,dataset,1,6,posterior_mean,144,0.01,0.1,30.555555555555536,2.777777777777779,43,2.777777777777779,0.01700388660265201,0.02986396890717872,0.0,19,8,1
mmlu_college_biology,dataset,1,6,gaussian_lcb_1.645,144,0.01,0.1,5.5555555555555465,2.083333333333337,13,2.083333333333337,0.0034293552812070752,0.01643232738911741,0.0,4,1,1
mmlu_college_biology,dataset,1,7,posterior_mean,144,0.01,0.1,15.277777777777757,2.083333333333337,25,2.083333333333337,0.005858481938728727,0.01343164151806111,0.0,10,3,1
mmlu_college_biology,dataset,1,7,gaussian_lcb_1.645,144,0.01,0.1,3.472222222222221,2.083333333333337,5,2.083333333333337,0.0010002286236853262,0.00871627800640134,0.0,2,1,1
mmlu_college_biology,dataset,1,8,posterior_mean,144,0.01,0.1,16.666666666666675,2.083333333333337,53,2.083333333333337,0.011145404663923235,0.696159122085046,0.0,16,2,1
mmlu_college_biology,dataset,1,8,gaussian_lcb_1.645,144,0.01,0.1,2.777777777777779,1.388888888888895,15,1.388888888888895,0.0015717878372199228,0.68687128486511,0.0,3,0,0
mmlu_college_biology,dataset,1,9,posterior_mean,144,0.01,0.1,10.416666666666652,2.083333333333337,32,2.083333333333337,0.004286694101508881,0.004286694101508881,0.0,11,2,1
mmlu_college_biology,dataset,1,9,gaussian_lcb_1.645,144,0.01,0.1,2.777777777777768,0.694444444444442,14,0.694444444444442,0.0010002286236854578,0.0010002286236854578,0.0,4,0,0
mmlu_college_biology,dataset,1,10,posterior_mean,144,0.01,0.1,20.833333333333304,4.1666666666666625,28,4.1666666666666625,0.01757544581618679,0.01757544581618679,0.0,11,4,1
mmlu_college_biology,dataset,1,10,gaussian_lcb_1.645,144,0.01,0.1,4.166666666666652,1.388888888888884,10,1.388888888888884,0.0011431184270691535,0.0011431184270691535,0.0,4,0,0
mmlu_college_biology,dataset,1,11,posterior_mean,144,0.01,0.1,14.583333333333348,2.083333333333337,25,2.083333333333337,0.006430041152263183,0.013145861911293794,0.0,8,6,1
mmlu_college_biology,dataset,1,11,gaussian_lcb_1.645,144,0.01,0.1,2.083333333333337,2.083333333333337,5,2.083333333333337,0.00042866941015088977,0.007430269775948759,0.0,1,1,1
mmlu_college_biology,dataset,1,12,posterior_mean,144,0.01,0.1,29.86111111111115,2.083333333333337,67,2.083333333333337,0.016146547782350144,0.5468392775491525,0.0,28,2,1
mmlu_college_biology,dataset,1,12,gaussian_lcb_1.645,144,0.01,0.1,4.166666666666652,0.694444444444442,15,0.694444444444442,0.002714906264288994,0.5339791952446258,0.0,6,0,0
mmlu_college_biology,dataset,1,13,posterior_mean,144,0.01,0.1,18.74999999999998,2.083333333333337,28,2.083333333333337,0.011574074074074,0.0158607681755829,0.0,13,4,1
mmlu_college_biology,dataset,1,13,gaussian_lcb_1.645,144,0.01,0.1,5.5555555555555465,2.083333333333337,10,2.083333333333337,0.0015717878372198694,0.0072873799725650616,0.0,4,1,1
mmlu_college_biology,dataset,1,14,posterior_mean,144,0.01,0.1,18.749999999999968,2.777777777777779,25,2.777777777777779,0.009002057613168676,0.013717421124828466,0.0,12,3,1
mmlu_college_biology,dataset,1,14,gaussian_lcb_1.645,144,0.01,0.1,6.249999999999978,1.388888888888884,13,1.388888888888884,0.004429583904892437,0.009716506630086743,0.0,6,0,0
mmlu_college_biology,dataset,1,15,posterior_mean,144,0.01,0.1,17.36111111111113,2.777777777777779,20,2.777777777777779,0.008144718792867168,0.010716735253772506,0.0,9,7,1
mmlu_college_biology,dataset,1,15,gaussian_lcb_1.645,144,0.01,0.1,5.555555555555558,2.083333333333337,10,2.083333333333337,0.003286465477823486,0.006144261545496083,0.0,4,2,1
mmlu_college_biology,dataset,1,16,posterior_mean,144,0.01,0.1,16.666666666666664,2.777777777777779,16,2.777777777777779,0.010145176040237814,0.010145176040237814,0.0,8,5,1
mmlu_college_biology,dataset,1,16,gaussian_lcb_1.645,144,0.01,0.1,1.388888888888884,1.388888888888884,2,1.388888888888884,0.0014288980338363452,0.0014288980338363452,0.0,1,0,0
mmlu_college_biology,dataset,1,17,posterior_mean,144,0.01,0.1,33.333333333333314,3.472222222222221,37,3.472222222222221,0.011288294467307138,0.016432327389117818,0.0,17,9,1
mmlu_college_biology,dataset,1,17,gaussian_lcb_1.645,144,0.01,0.1,9.027777777777768,2.083333333333337,14,2.083333333333337,0.002143347050754335,0.0081447187928668,0.0,6,2,1
mmlu_college_biology,dataset,1,18,posterior_mean,144,0.01,0.1,31.944444444444485,2.083333333333337,55,2.083333333333337,0.014574759945130099,0.6698673982624578,0.0,24,6,1
mmlu_college_biology,dataset,1,18,gaussian_lcb_1.645,144,0.01,0.1,1.388888888888884,0.694444444444442,11,0.694444444444442,0.000857338820301775,0.6575788751714658,0.0,2,0,0
mmlu_college_biology,dataset,1,19,posterior_mean,144,0.01,0.1,34.722222222222186,2.777777777777779,40,2.777777777777779,0.02343392775491524,0.033721993598536594,0.0,19,8,1
mmlu_college_biology,dataset,1,19,gaussian_lcb_1.645,144,0.01,0.1,9.722222222222198,2.777777777777779,17,2.777777777777779,0.004572473708276193,0.012574302697759466,0.0,8,1,1
mmlu_college_biology,default,1,0,posterior_mean,144,0.01,0.1,24.305555555555593,4.1666666666666625,80,3.472222222222221,1.037237082761776,1.773834019204388,0.0,25,1,1
mmlu_college_biology,default,1,0,gaussian_lcb_1.645,144,0.01,0.1,11.11111111111115,1.388888888888895,52,1.388888888888895,0.4935413808870589,1.772262231367168,0.0,14,0,0
mmlu_college_biology,default,1,1,posterior_mean,144,0.01,0.1,45.138888888888914,3.472222222222221,63,3.472222222222221,0.40580704160950987,0.40580704160950987,0.0,27,14,1
mmlu_college_biology,default,1,1,gaussian_lcb_1.645,144,0.01,0.1,26.388888888888918,3.472222222222221,34,3.472222222222221,0.43167009602194695,1.8348479652491994,0.0,14,9,1
mmlu_college_biology,default,1,2,posterior_mean,144,0.01,0.1,41.6666666666667,4.1666666666666625,48,4.1666666666666625,0.04858253315043474,0.5748456790123437,0.0,18,14,1
mmlu_college_biology,default,1,2,gaussian_lcb_1.645,144,0.01,0.1,17.36111111111113,3.472222222222221,21,3.472222222222221,0.02686328303612266,0.5526977594878807,0.0,8,6,1
mmlu_college_biology,default,1,3,posterior_mean,144,0.01,0.1,44.44444444444456,4.861111111111116,93,4.166666666666674,0.2973536808413344,0.9910836762688583,0.0,37,5,1
mmlu_college_biology,default,1,3,gaussian_lcb_1.645,144,0.01,0.1,15.277777777777779,2.777777777777779,42,2.777777777777779,0.0040009144947417905,0.9749371284865075,0.0,14,2,1
mmlu_college_biology,default,1,4,posterior_mean,144,0.01,0.1,18.055555555555557,2.777777777777779,44,2.083333333333337,0.27220507544581546,0.27220507544581546,0.0,14,2,1
mmlu_college_biology,default,1,4,gaussian_lcb_1.645,144,0.01,0.1,13.888888888888895,2.777777777777779,33,2.083333333333337,0.2707761774119792,0.2707761774119792,0.0,12,1,1
mmlu_college_biology,default,1,5,posterior_mean,144,0.01,0.1,42.36111111111116,10.416666666666675,78,9.722222222222232,0.4636774119798802,0.879486739826243,0.0,33,4,1
mmlu_college_biology,default,1,5,gaussian_lcb_1.645,144,0.01,0.1,8.333333333333337,2.083333333333337,26,1.388888888888895,0.4531035665294914,0.8704846822130741,0.0,10,0,0
mmlu_college_biology,default,1,6,posterior_mean,144,0.01,0.1,36.11111111111115,2.777777777777779,53,2.777777777777779,1.2257087334247831,1.6227994970278918,0.0,24,10,1
mmlu_college_biology,default,1,6,gaussian_lcb_1.645,144,0.01,0.1,10.416666666666663,2.777777777777779,19,2.777777777777779,1.2138488797439417,1.6127972107910375,0.0,7,3,1
mmlu_college_biology,default,1,7,posterior_mean,144,0.01,0.1,37.5000000000001,2.777777777777779,94,2.083333333333337,0.14188957475994562,1.1544067215363474,0.694444444444442,34,6,1
mmlu_college_biology,default,1,7,gaussian_lcb_1.645,144,0.01,0.1,15.277777777777867,2.083333333333337,49,1.388888888888895,0.08644833104709762,1.146119112940097,0.694444444444442,16,0,0
mmlu_college_biology,default,1,8,posterior_mean,144,0.01,0.1,43.75000000000006,4.1666666666666625,69,3.472222222222221,0.3800868770004604,1.0065157750342943,0.0,26,14,1
mmlu_college_biology,default,1,8,gaussian_lcb_1.645,144,0.01,0.1,15.27777777777779,2.083333333333337,22,2.083333333333337,0.006572930955647179,0.986368312757203,0.0,8,7,1
mmlu_college_biology,default,1,9,posterior_mean,144,0.01,0.1,31.944444444444464,6.25,50,5.5555555555555465,0.37037037037037346,1.029521033379059,0.0,21,4,1
mmlu_college_biology,default,1,9,gaussian_lcb_1.645,144,0.01,0.1,11.111111111111116,2.083333333333337,26,1.388888888888895,0.36108253315043803,1.0213763145861925,0.0,11,0,0
mmlu_college_biology,default,1,10,posterior_mean,144,0.01,0.1,30.555555555555614,3.472222222222221,50,3.472222222222221,0.045867626886146096,1.373456790123457,0.0,21,4,1
mmlu_college_biology,default,1,10,gaussian_lcb_1.645,144,0.01,0.1,10.416666666666686,2.083333333333337,26,2.083333333333337,0.036579789666209436,1.3651691815272056,0.0,9,1,1
mmlu_college_biology,default,1,11,posterior_mean,144,0.01,0.1,35.41666666666667,4.861111111111116,50,4.861111111111116,0.13174439871970708,0.5431241426611781,0.0,21,8,1
mmlu_college_biology,default,1,11,gaussian_lcb_1.645,144,0.01,0.1,24.30555555555558,4.861111111111116,36,4.861111111111116,0.11645518975765827,0.5309785093735693,0.0,15,4,1
mmlu_college_biology,default,1,12,posterior_mean,144,0.01,0.1,17.361111111111093,2.083333333333337,30,2.083333333333337,0.04786808413351635,0.3352194787379961,0.0,14,4,1
mmlu_college_biology,default,1,12,gaussian_lcb_1.645,144,0.01,0.1,9.027777777777768,2.083333333333337,18,2.083333333333337,0.036008230452674664,0.3237882944673054,0.0,8,2,1
mmlu_college_biology,default,1,13,posterior_mean,144,0.01,0.1,36.805555555555614,3.472222222222221,52,3.472222222222221,0.3676554641060799,0.3676554641060799,0.0,25,7,1
mmlu_college_biology,default,1,13,gaussian_lcb_1.645,144,0.01,0.1,11.805555555555557,2.083333333333337,18,2.083333333333337,0.3617969821673515,0.3617969821673515,0.0,8,3,1
mmlu_college_biology,default,1,14,posterior_mean,144,0.01,0.1,18.055555555555614,2.083333333333337,49,2.083333333333337,0.24977137631458501,0.7867512574302672,0.0,20,2,1
mmlu_college_biology,default,1,14,gaussian_lcb_1.645,144,0.01,0.1,4.166666666666686,1.388888888888895,19,1.388888888888895,0.31792981252857727,0.8556241426611776,0.0,5,0,0
mmlu_college_biology,default,1,15,posterior_mean,144,0.01,0.1,19.444444444444443,2.777777777777779,48,2.083333333333337,0.20719021490626297,0.5974222679469566,0.0,19,3,1
mmlu_college_biology,default,1,15,gaussian_lcb_1.645,144,0.01,0.1,3.47222222222221,1.388888888888884,18,0.694444444444442,0.17018175582990328,0.601708962048466,0.0,5,0,0
mmlu_college_biology,default,1,16,posterior_mean,144,0.01,0.1,29.861111111111093,4.166666666666674,34,4.166666666666674,0.0622999542752633,0.4645347508001818,0.0,16,7,1
mmlu_college_biology,default,1,16,gaussian_lcb_1.645,144,0.01,0.1,9.027777777777779,2.777777777777779,10,2.777777777777779,0.05272633744855998,0.45510402377686204,0.0,4,3,1
mmlu_college_biology,default,1,17,posterior_mean,144,0.01,0.1,16.666666666666686,2.777777777777779,37,2.777777777777779,0.0595850480109742,0.410522405121169,0.0,15,2,1
mmlu_college_biology,default,1,17,gaussian_lcb_1.645,144,0.01,0.1,11.11111111111114,2.083333333333337,28,2.083333333333337,0.05544124371284887,0.4063786008230438,0.0,11,1,1
mmlu_college_biology,default,1,18,posterior_mean,144,0.01,0.1,49.30555555555565,9.722222222222232,72,8.333333333333337,0.8347622313671721,1.5550697302240515,0.0,31,7,1
mmlu_college_biology,default,1,18,gaussian_lcb_1.645,144,0.01,0.1,16.666666666666707,2.777777777777779,36,2.777777777777779,0.30221193415637926,1.5242055326931876,0.0,14,2,1
mmlu_college_biology,default,1,19,posterior_mean,144,0.01,0.1,31.250000000000068,4.166666666666674,66,4.166666666666674,0.31364311842707243,1.0968221307727484,0.0,28,1,1
mmlu_college_biology,default,1,19,gaussian_lcb_1.645,144,0.01,0.1,13.194444444444485,1.388888888888895,43,1.388888888888895,0.335505258344768,1.118970050297211,0.0,16,0,0
mmlu_college_chemistry,dataset,1,0,posterior_mean,100,0.01,0.1,143.99999999999986,24.0,49,21.999999999999996,2.0204444444444487,3.070814814814819,2.0000000000000018,21,16,1
mmlu_college_chemistry,dataset,1,0,gaussian_lcb_1.645,100,0.01,0.1,14.999999999999968,6.999999999999995,15,6.999999999999995,0.012740740740740351,3.017481481481486,2.0000000000000018,5,4,1
mmlu_college_chemistry,dataset,1,1,posterior_mean,100,0.01,0.1,200.9999999999998,20.999999999999996,70,19.999999999999996,1.0832592592592645,3.083259259259268,3.0000000000000027,33,31,1
mmlu_college_chemistry,dataset,1,1,gaussian_lcb_1.645,100,0.01,0.1,12.999999999999956,3.9999999999999925,13,2.9999999999999916,1.0026666666666695,3.002666666666672,3.0000000000000027,6,5,1
mmlu_college_chemistry,dataset,1,2,posterior_mean,100,0.01,0.1,156.9999999999999,21.999999999999996,79,19.000000000000007,2.50844444444444,3.5244444444444363,2.0000000000000018,37,25,1
mmlu_college_chemistry,dataset,1,2,gaussian_lcb_1.645,100,0.01,0.1,47.99999999999996,15.999999999999998,29,13.000000000000005,2.4604444444444393,3.480888888888881,2.0000000000000018,13,10,1
mmlu_college_chemistry,dataset,1,3,posterior_mean,100,0.01,0.1,86.9999999999999,15.999999999999998,45,13.000000000000005,0.9194074074074083,1.9365925925925938,3.0000000000000027,22,13,1
mmlu_college_chemistry,dataset,1,3,gaussian_lcb_1.645,100,0.01,0.1,18.99999999999995,7.9999999999999964,19,5.999999999999995,0.896296296296297,1.9134814814814827,3.0000000000000027,9,4,1
mmlu_college_chemistry,dataset,1,4,posterior_mean,100,0.01,0.1,144.99999999999994,15.000000000000007,59,15.000000000000007,0.7469629629629642,2.869333333333336,1.0000000000000009,27,24,1
mmlu_college_chemistry,dataset,1,4,gaussian_lcb_1.645,100,0.01,0.1,42.99999999999998,12.0,19,12.0,0.10785185185185198,2.8266666666666698,1.0000000000000009,8,6,1
mmlu_college_chemistry,dataset,1,5,posterior_mean,100,0.01,0.1,68.9999999999999,9.999999999999998,53,9.999999999999998,0.5757037037037048,2.7798518518518547,2.0000000000000018,23,15,1
mmlu_college_chemistry,dataset,1,5,gaussian_lcb_1.645,100,0.01,0.1,6.999999999999995,3.9999999999999925,13,2.0000000000000018,0.42162962962963024,2.7576296296296317,2.0000000000000018,4,3,1
mmlu_college_chemistry,dataset,1,6,posterior_mean,100,0.01,0.1,124.99999999999987,24.999999999999993,60,24.999999999999993,0.6450370370370356,2.1940740740740723,1.0000000000000009,27,17,1
mmlu_college_chemistry,dataset,1,6,gaussian_lcb_1.645,100,0.01,0.1,13.99999999999999,2.9999999999999916,24,2.9999999999999916,0.6035555555555564,2.1528888888888886,1.0000000000000009,9,4,1
mmlu_college_chemistry,dataset,1,7,posterior_mean,100,0.01,0.1,42.99999999999994,13.999999999999996,33,12.999999999999995,1.5437037037036951,2.6915555555555573,1.0000000000000009,14,9,1
mmlu_college_chemistry,dataset,1,7,gaussian_lcb_1.645,100,0.01,0.1,14.999999999999968,4.999999999999993,18,3.9999999999999925,1.5226666666666597,2.67140740740741,1.0000000000000009,7,4,1
mmlu_college_chemistry,dataset,1,8,posterior_mean,100,0.01,0.1,342.9999999999999,19.0,111,17.999999999999993,2.1608888888888926,3.149333333333335,3.0000000000000027,52,45,1
mmlu_college_chemistry,dataset,1,8,gaussian_lcb_1.645,100,0.01,0.1,158.9999999999999,15.999999999999998,61,15.999999999999998,2.0871111111111125,3.0761481481481474,3.0000000000000027,30,27,1
mmlu_college_chemistry,dataset,1,9,posterior_mean,100,0.01,0.1,205.99999999999991,19.0,68,19.0,0.9291851851851883,2.7866666666666733,2.0000000000000018,32,26,1
mmlu_college_chemistry,dataset,1,9,gaussian_lcb_1.645,100,0.01,0.1,28.99999999999997,9.999999999999998,20,9.999999999999998,0.7288888888888896,2.69155555555556,2.0000000000000018,9,7,1
mmlu_college_chemistry,dataset,1,10,posterior_mean,100,0.01,0.1,111.99999999999991,19.999999999999996,54,17.999999999999993,2.1653333333333364,2.176000000000003,3.0000000000000027,23,19,1
mmlu_college_chemistry,dataset,1,10,gaussian_lcb_1.645,100,0.01,0.1,26.99999999999998,8.999999999999996,24,6.999999999999995,2.13451851851852,2.1457777777777793,3.0000000000000027,9,6,1
mmlu_college_chemistry,dataset,1,11,posterior_mean,100,0.01,0.1,278.0,23.0,122,18.000000000000004,4.625481481481466,4.653629629629615,3.9999999999999925,58,38,1
mmlu_college_chemistry,dataset,1,11,gaussian_lcb_1.645,100,0.01,0.1,68.99999999999994,17.0,52,12.000000000000005,4.553185185185171,4.583703703703689,3.9999999999999925,24,13,1
mmlu_college_chemistry,dataset,1,12,posterior_mean,100,0.01,0.1,134.99999999999991,15.999999999999998,67,15.999999999999998,1.179259259259255,2.0299259259259226,1.0000000000000009,25,21,1
mmlu_college_chemistry,dataset,1,12,gaussian_lcb_1.645,100,0.01,0.1,31.0,13.000000000000005,17,13.000000000000005,0.6035555555555522,3.413333333333325,1.0000000000000009,7,7,1
mmlu_college_chemistry,dataset,1,13,posterior_mean,100,0.01,0.1,109.99999999999991,14.999999999999996,49,14.999999999999996,0.37807407407407245,1.8530370370370355,1.0000000000000009,23,19,1
mmlu_college_chemistry,dataset,1,13,gaussian_lcb_1.645,100,0.01,0.1,28.999999999999936,7.9999999999999964,17,7.9999999999999964,0.33274074074073795,1.807703703703701,1.0000000000000009,8,8,1
mmlu_college_chemistry,dataset,1,14,posterior_mean,100,0.01,0.1,518.9999999999997,19.999999999999996,125,19.999999999999996,1.1395555555555519,3.0050370370370323,3.0000000000000027,61,54,1
mmlu_college_chemistry,dataset,1,14,gaussian_lcb_1.645,100,0.01,0.1,128.99999999999991,19.999999999999996,37,19.999999999999996,0.8509629629629624,2.8509629629629623,3.0000000000000027,19,15,1
mmlu_college_chemistry,dataset,1,15,posterior_mean,100,0.01,0.1,236.99999999999983,17.999999999999993,99,17.999999999999993,1.386666666666666,3.360296296296292,3.9999999999999925,43,35,1
mmlu_college_chemistry,dataset,1,15,gaussian_lcb_1.645,100,0.01,0.1,61.999999999999936,17.999999999999993,33,17.999999999999993,1.2912592592592576,3.2648888888888847,3.9999999999999925,13,10,1
mmlu_college_chemistry,dataset,1,16,posterior_mean,100,0.01,0.1,183.99999999999986,24.0,88,23.0,2.940444444444442,2.9505185185185163,2.0000000000000018,40,26,1
mmlu_college_chemistry,dataset,1,16,gaussian_lcb_1.645,100,0.01,0.1,35.99999999999994,7.9999999999999964,33,6.999999999999995,1.9531851851851867,2.9531851851851836,2.0000000000000018,14,8,1
mmlu_college_chemistry,dataset,1,17,posterior_mean,100,0.01,0.1,121.99999999999989,17.0,58,17.0,0.916444444444443,1.9383703703703694,2.0000000000000018,24,15,1
mmlu_college_chemistry,dataset,1,17,gaussian_lcb_1.645,100,0.01,0.1,20.99999999999992,4.999999999999993,27,2.9999999999999916,1.8284444444444468,2.851259259259262,2.0000000000000018,12,6,1
mmlu_college_chemistry,dataset,1,18,posterior_mean,100,0.01,0.1,110.99999999999997,13.999999999999996,44,12.999999999999995,1.523259259259258,1.5457777777777764,1.0000000000000009,21,15,1
mmlu_college_chemistry,dataset,1,18,gaussian_lcb_1.645,100,0.01,0.1,10.999999999999988,6.999999999999995,9,6.999999999999995,0.003851851851851833,1.50074074074074,1.0000000000000009,4,2,1
mmlu_college_chemistry,dataset,1,19,posterior_mean,100,0.01,0.1,170.00000000000006,15.000000000000007,77,15.000000000000007,0.8933333333333296,3.833185185185176,3.0000000000000027,35,23,1
mmlu_college_chemistry,dataset,1,19,gaussian_lcb_1.645,100,0.01,0.1,21.999999999999986,4.0000000000000036,27,4.0000000000000036,0.7988148148148135,3.7771851851851785,3.0000000000000027,13,5,1
mmlu_college_chemistry,default,1,0,posterior_mean,100,0.01,0.1,80.99999999999999,14.999999999999996,44,14.999999999999996,0.7451851851851812,3.5582222222222164,3.9999999999999925,20,11,1
mmlu_college_chemistry,default,1,0,gaussian_lcb_1.645,100,0.01,0.1,11.999999999999966,4.999999999999993,18,4.999999999999993,0.5362962962962918,3.5362962962962907,3.9999999999999925,7,2,1
mmlu_college_chemistry,default,1,1,posterior_mean,100,0.01,0.1,24.999999999999982,17.0,20,17.0,0.16592592592592617,2.8651851851851857,2.0000000000000018,7,3,1
mmlu_college_chemistry,default,1,1,gaussian_lcb_1.645,100,0.01,0.1,4.999999999999993,2.9999999999999916,10,1.9999999999999907,0.1599999999999999,2.859259259259259,2.0000000000000018,4,1,1
mmlu_college_chemistry,default,1,2,posterior_mean,100,0.01,0.1,31.99999999999998,14.999999999999996,16,14.999999999999996,0.05214814814814779,4.918814814814802,1.0000000000000009,6,4,1
mmlu_college_chemistry,default,1,2,gaussian_lcb_1.645,100,0.01,0.1,7.9999999999999964,4.999999999999993,13,4.999999999999993,0.043259259259259344,4.910518518518509,1.0000000000000009,4,1,1
mmlu_college_chemistry,default,1,3,posterior_mean,100,0.01,0.1,95.0,14.999999999999996,38,13.000000000000005,2.0797037037036983,4.519703703703696,3.9999999999999925,18,14,1
mmlu_college_chemistry,default,1,3,gaussian_lcb_1.645,100,0.01,0.1,42.999999999999986,10.999999999999998,26,10.999999999999998,2.077629629629623,4.51762962962962,3.9999999999999925,11,9,1
mmlu_college_chemistry,default,1,4,posterior_mean,100,0.01,0.1,98.99999999999994,19.999999999999996,49,17.000000000000004,3.584296296296296,8.805925925925925,3.0000000000000027,19,18,1
mmlu_college_chemistry,default,1,4,gaussian_lcb_1.645,100,0.01,0.1,36.99999999999994,7.9999999999999964,28,5.999999999999995,1.7297777777777745,3.162666666666667,3.0000000000000027,11,10,1
mmlu_college_chemistry,default,1,5,posterior_mean,100,0.01,0.1,30.99999999999995,7.000000000000006,30,7.000000000000006,0.15318518518518467,6.104296296296286,0.0,11,11,1
mmlu_college_chemistry,default,1,5,gaussian_lcb_1.645,100,0.01,0.1,12.999999999999968,2.9999999999999916,18,2.9999999999999916,0.12207407407407372,6.102518518518509,0.0,6,5,1
mmlu_college_chemistry,default,1,6,posterior_mean,100,0.01,0.1,130.99999999999997,15.999999999999998,41,15.999999999999998,1.6050370370370306,5.835555555555541,0.0,18,15,1
mmlu_college_chemistry,default,1,6,gaussian_lcb_1.645,100,0.01,0.1,40.99999999999998,14.000000000000002,15,14.000000000000002,1.2634074074074053,5.811851851851839,0.0,7,6,1
mmlu_college_chemistry,default,1,7,posterior_mean,100,0.01,0.1,68.99999999999997,15.000000000000007,33,13.000000000000005,0.6832592592592581,3.9442962962962893,3.0000000000000027,14,12,1
mmlu_college_chemistry,default,1,7,gaussian_lcb_1.645,100,0.01,0.1,25.999999999999996,15.000000000000007,19,13.000000000000005,0.30785185185185066,3.9324444444444384,3.0000000000000027,7,5,1
mmlu_college_chemistry,default,1,8,posterior_mean,100,0.01,0.1,90.99999999999999,13.0,53,10.999999999999998,2.6050370370370337,10.912000000000019,0.0,19,15,1
mmlu_college_chemistry,default,1,8,gaussian_lcb_1.645,100,0.01,0.1,26.99999999999999,13.0,15,9.000000000000007,2.9362962962962884,11.243259259259279,3.9999999999999925,5,4,1
mmlu_college_chemistry,default,1,9,posterior_mean,100,0.01,0.1,139.0,21.999999999999996,38,21.999999999999996,1.0133333333333314,3.290370370370363,0.0,17,17,1
mmlu_college_chemistry,default,1,9,gaussian_lcb_1.645,100,0.01,0.1,70.99999999999999,12.999999999999995,23,12.999999999999995,0.8678518518518504,3.1448888888888833,0.0,10,10,1
mmlu_college_chemistry,default,1,10,posterior_mean,100,0.01,0.1,66.00000000000001,12.000000000000005,45,12.000000000000005,0.906666666666664,10.147259259259267,4.999999999999993,21,11,1
mmlu_college_chemistry,default,1,10,gaussian_lcb_1.645,100,0.01,0.1,37.00000000000001,12.000000000000005,30,12.000000000000005,0.8939259259259252,10.134518518518526,4.999999999999993,13,7,1
mmlu_college_chemistry,default,1,11,posterior_mean,100,0.01,0.1,71.99999999999996,13.999999999999996,32,9.000000000000002,5.2026666666666594,9.586962962962954,3.0000000000000027,15,14,1
mmlu_college_chemistry,default,1,11,gaussian_lcb_1.645,100,0.01,0.1,39.99999999999998,12.0,16,9.000000000000002,2.9807407407407367,9.587851851851843,3.0000000000000027,7,7,1
mmlu_college_chemistry,default,1,12,posterior_mean,100,0.01,0.1,47.999999999999986,10.999999999999998,22,10.999999999999998,1.5416296296296275,3.533925925925916,0.0,10,8,1
mmlu_college_chemistry,default,1,12,gaussian_lcb_1.645,100,0.01,0.1,26.99999999999998,10.999999999999998,12,10.999999999999998,0.6411851851851835,3.5401481481481367,0.0,5,4,1
mmlu_college_chemistry,default,1,13,posterior_mean,100,0.01,0.1,226.99999999999994,21.000000000000007,69,21.000000000000007,1.6195555555555563,4.171259259259253,3.9999999999999925,33,28,1
mmlu_college_chemistry,default,1,13,gaussian_lcb_1.645,100,0.01,0.1,32.999999999999986,17.000000000000004,20,15.000000000000002,0.8663703703703689,3.4180740740740654,3.9999999999999925,8,6,1
mmlu_college_chemistry,default,1,14,posterior_mean,100,0.01,0.1,47.999999999999986,10.999999999999998,18,10.999999999999998,1.717925925925924,6.26962962962963,0.0,8,8,1
mmlu_college_chemistry,default,1,14,gaussian_lcb_1.645,100,0.01,0.1,26.0,8.000000000000002,12,8.000000000000002,1.7114074074074066,6.2631111111111135,0.0,5,5,1
mmlu_college_chemistry,default,1,15,posterior_mean,100,0.01,0.1,37.99999999999992,11.999999999999995,34,11.999999999999995,0.6071111111111062,3.367111111111104,3.9999999999999925,14,6,1
mmlu_college_chemistry,default,1,15,gaussian_lcb_1.645,100,0.01,0.1,8.999999999999952,1.9999999999999907,17,1.9999999999999907,0.5973333333333299,3.3573333333333273,3.9999999999999925,6,3,1
mmlu_college_chemistry,default,1,16,posterior_mean,100,0.01,0.1,98.99999999999997,15.999999999999998,28,12.999999999999995,1.5057777777777777,4.137185185185189,3.0000000000000027,14,13,1
mmlu_college_chemistry,default,1,16,gaussian_lcb_1.645,100,0.01,0.1,69.99999999999997,15.999999999999998,19,12.999999999999995,1.092740740740741,4.0927407407407435,3.0000000000000027,9,9,1
mmlu_college_chemistry,default,1,17,posterior_mean,100,0.01,0.1,146.99999999999994,17.0,50,16.999999999999993,3.861629629629628,9.825777777777786,5.999999999999995,24,20,1
mmlu_college_chemistry,default,1,17,gaussian_lcb_1.645,100,0.01,0.1,94.99999999999996,16.999999999999993,34,16.999999999999993,3.8562962962962937,9.820444444444455,5.999999999999995,17,14,1
mmlu_college_chemistry,default,1,18,posterior_mean,100,0.01,0.1,79.99999999999996,9.999999999999998,33,9.999999999999998,0.3632592592592549,3.623999999999994,3.0000000000000027,16,12,1
mmlu_college_chemistry,default,1,18,gaussian_lcb_1.645,100,0.01,0.1,50.999999999999964,9.999999999999998,22,9.999999999999998,0.9561481481481454,4.380444444444438,9.999999999999998,11,7,1
mmlu_college_chemistry,default,1,19,posterior_mean,100,0.01,0.1,53.99999999999997,19.999999999999996,30,18.000000000000004,1.9730370370370394,5.550518518518527,2.0000000000000018,12,7,1
mmlu_college_chemistry,default,1,19,gaussian_lcb_1.645,100,0.01,0.1,18.999999999999982,7.9999999999999964,16,7.9999999999999964,1.9570370370370371,5.53481481481482,2.0000000000000018,7,3,1
mmlu_college_computer_science,dataset,1,0,posterior_mean,100,0.01,0.1,88.99999999999991,15.999999999999993,76,14.999999999999991,0.8648888888888898,0.981925925925927,0.0,34,26,1
mmlu_college_computer_science,dataset,1,0,gaussian_lcb_1.645,100,0.01,0.1,29.999999999999993,3.9999999999999925,43,2.9999999999999916,0.758222222222223,0.9354074074074084,0.0,20,8,1
mmlu_college_computer_science,dataset,1,1,posterior_mean,100,0.01,0.1,132.99999999999986,24.0,117,24.0,0.14903703703703783,1.178666666666669,1.0000000000000009,49,36,1
mmlu_college_computer_science,dataset,1,1,gaussian_lcb_1.645,100,0.01,0.1,37.99999999999994,4.999999999999993,53,4.999999999999993,0.07703703703703706,1.106666666666669,1.0000000000000009,18,11,1
mmlu_college_computer_science,dataset,1,2,posterior_mean,100,0.01,0.1,123.99999999999997,15.999999999999993,88,15.999999999999993,0.0820740740740761,0.18311111111111328,0.0,39,26,1
mmlu_college_computer_science,dataset,1,2,gaussian_lcb_1.645,100,0.01,0.1,28.000000000000025,3.0000000000000027,36,3.0000000000000027,0.019851851851852065,0.12325925925925955,0.0,14,8,1
mmlu_college_computer_science,dataset,1,3,posterior_mean,100,0.01,0.1,78.99999999999994,10.999999999999998,82,10.999999999999998,0.0740740740740745,1.1499259259259282,1.0000000000000009,30,21,1
mmlu_college_computer_science,dataset,1,3,gaussian_lcb_1.645,100,0.01,0.1,15.999999999999993,2.9999999999999916,22,2.9999999999999916,0.016296296296296343,1.1185185185185207,1.0000000000000009,8,6,1
mmlu_college_computer_science,dataset,1,4,posterior_mean,100,0.01,0.1,74.99999999999993,4.999999999999993,72,4.999999999999993,0.08385185185185169,0.1887407407407406,0.0,35,21,1
mmlu_college_computer_science,dataset,1,4,gaussian_lcb_1.645,100,0.01,0.1,15.99999999999997,3.9999999999999925,20,3.9999999999999925,0.0465185185185182,0.15318518518518495,0.0,9,5,1
mmlu_college_computer_science,dataset,1,5,posterior_mean,100,0.01,0.1,74.99999999999994,4.999999999999993,51,4.999999999999993,0.099851851851852,0.20118518518518533,0.0,23,22,1
mmlu_college_computer_science,dataset,1,5,gaussian_lcb_1.645,100,0.01,0.1,31.999999999999986,3.9999999999999925,25,3.9999999999999925,0.016592592592592725,0.13303703703703718,0.0,11,10,1
mmlu_college_computer_science,dataset,1,6,posterior_mean,100,0.01,0.1,97.00000000000001,12.0,77,12.0,0.06044444444444516,0.09748148148148224,0.0,37,21,1
mmlu_college_computer_science,dataset,1,6,gaussian_lcb_1.645,100,0.01,0.1,19.999999999999996,4.999999999999993,23,4.999999999999993,0.015111111111111315,0.053629629629629805,0.0,10,4,1
mmlu_college_computer_science,dataset,1,7,posterior_mean,100,0.01,0.1,79.99999999999994,14.999999999999991,55,14.999999999999991,0.1315555555555541,1.1922962962962964,1.0000000000000009,21,18,1
mmlu_college_computer_science,dataset,1,7,gaussian_lcb_1.645,100,0.01,0.1,11.999999999999977,2.9999999999999916,19,2.9999999999999916,0.08859259259259217,1.1653333333333347,1.0000000000000009,5,4,1
mmlu_college_computer_science,dataset,1,8,posterior_mean,100,0.01,0.1,112.99999999999997,4.999999999999993,82,4.999999999999993,0.1348148148148148,0.16711111111111113,0.0,39,32,1
mmlu_college_computer_science,dataset,1,8,gaussian_lcb_1.645,100,0.01,0.1,31.000000000000007,4.999999999999993,28,4.999999999999993,0.01570370370370383,0.08681481481481493,0.0,12,8,1
mmlu_college_computer_science,dataset,1,9,posterior_mean,100,0.01,0.1,84.99999999999994,3.9999999999999925,102,3.9999999999999925,0.0868148148148143,0.9128888888888896,0.0,45,26,1
mmlu_college_computer_science,dataset,1,9,gaussian_lcb_1.645,100,0.01,0.1,47.99999999999994,2.9999999999999916,52,2.9999999999999916,0.03318518518518487,0.8619259259259269,0.0,23,16,1
mmlu_college_computer_science,dataset,1,10,posterior_mean,100,0.01,0.1,74.99999999999987,16.999999999999993,70,16.999999999999993,0.11318518518518415,1.2168888888888894,1.0000000000000009,28,20,1
mmlu_college_computer_science,dataset,1,10,gaussian_lcb_1.645,100,0.01,0.1,42.99999999999995,15.000000000000002,36,15.000000000000002,0.10577777777777778,1.2162962962962978,1.0000000000000009,15,11,1
mmlu_college_computer_science,dataset,1,11,posterior_mean,100,0.01,0.1,54.999999999999936,4.999999999999993,66,3.9999999999999925,0.715555555555556,0.8032592592592598,0.0,28,15,1
mmlu_college_computer_science,dataset,1,11,gaussian_lcb_1.645,100,0.01,0.1,20.999999999999996,4.999999999999993,38,3.9999999999999925,0.6743703703703713,0.7685925925925936,0.0,11,6,1
mmlu_college_computer_science,dataset,1,12,posterior_mean,100,0.01,0.1,113.99999999999994,20.999999999999996,71,20.999999999999996,0.07200000000000174,0.18162962962963142,0.0,33,25,1
mmlu_college_computer_science,dataset,1,12,gaussian_lcb_1.645,100,0.01,0.1,24.00000000000001,4.999999999999993,31,4.999999999999993,0.0130370370370372,0.1244444444444447,0.0,14,6,1
mmlu_college_computer_science,dataset,1,13,posterior_mean,100,0.01,0.1,84.99999999999991,13.0,81,13.0,0.08444444444444256,1.094518518518519,1.0000000000000009,31,27,1
mmlu_college_computer_science,dataset,1,13,gaussian_lcb_1.645,100,0.01,0.1,37.99999999999998,2.9999999999999916,49,2.9999999999999916,0.021037037037036594,1.0317037037037056,1.0000000000000009,18,15,1
mmlu_college_computer_science,dataset,1,14,posterior_mean,100,0.01,0.1,72.99999999999997,12.0,63,12.0,0.06281481481481374,1.1200000000000012,1.0000000000000009,22,17,1
mmlu_college_computer_science,dataset,1,14,gaussian_lcb_1.645,100,0.01,0.1,17.999999999999993,3.9999999999999925,43,3.9999999999999925,0.011555555555555473,1.1025185185185207,1.0000000000000009,10,6,1
mmlu_college_computer_science,dataset,1,15,posterior_mean,100,0.01,0.1,75.9999999999999,12.0,104,10.999999999999998,0.7585185185185189,1.7840000000000011,0.0,39,17,1
mmlu_college_computer_science,dataset,1,15,gaussian_lcb_1.645,100,0.01,0.1,21.999999999999964,2.9999999999999916,42,2.9999999999999916,0.7134814814814819,1.741629629629631,0.0,16,5,1
mmlu_college_computer_science,dataset,1,16,posterior_mean,100,0.01,0.1,105.99999999999984,16.999999999999993,94,16.999999999999993,0.9425185185185202,1.810074074074077,0.0,37,23,1
mmlu_college_computer_science,dataset,1,16,gaussian_lcb_1.645,100,0.01,0.1,26.999999999999957,3.9999999999999925,56,3.9999999999999925,0.8592592592592607,1.7623703703703728,0.0,19,6,1
mmlu_college_computer_science,dataset,1,17,posterior_mean,100,0.01,0.1,119.99999999999996,14.000000000000002,83,14.000000000000002,0.0945185185185197,1.1653333333333364,1.0000000000000009,32,26,1
mmlu_college_computer_science,dataset,1,17,gaussian_lcb_1.645,100,0.01,0.1,36.00000000000001,14.000000000000002,47,14.000000000000002,0.03140740740740761,1.1120000000000023,1.0000000000000009,17,5,1
mmlu_college_computer_science,dataset,1,18,posterior_mean,100,0.01,0.1,75.99999999999993,4.999999999999993,63,4.999999999999993,0.1010370370370379,0.2411851851851861,0.0,26,20,1
mmlu_college_computer_science,dataset,1,18,gaussian_lcb_1.645,100,0.01,0.1,20.999999999999996,3.9999999999999925,25,3.9999999999999925,0.03288888888888916,0.18903703703703742,0.0,9,7,1
mmlu_college_computer_science,dataset,1,19,posterior_mean,100,0.01,0.1,60.99999999999992,4.999999999999993,103,3.9999999999999925,0.746074074074075,1.8245925925925948,1.0000000000000009,36,15,1
mmlu_college_computer_science,dataset,1,19,gaussian_lcb_1.645,100,0.01,0.1,23.0,2.9999999999999916,63,2.9999999999999916,0.7167407407407417,1.80177777777778,1.0000000000000009,19,3,1
mmlu_college_computer_science,default,1,0,posterior_mean,100,0.01,0.1,92.99999999999994,16.999999999999993,49,14.000000000000002,1.4948148148148122,2.494814814814814,2.0000000000000018,19,9,1
mmlu_college_computer_science,default,1,0,gaussian_lcb_1.645,100,0.01,0.1,40.99999999999998,14.000000000000002,21,14.000000000000002,1.5691851851851821,2.569185185185184,2.0000000000000018,9,4,1
mmlu_college_computer_science,default,1,1,posterior_mean,100,0.01,0.1,141.99999999999994,26.000000000000007,55,26.000000000000007,1.2391111111111104,3.3682962962962955,3.0000000000000027,22,16,1
mmlu_college_computer_science,default,1,1,gaussian_lcb_1.645,100,0.01,0.1,32.99999999999995,19.000000000000007,24,19.000000000000007,0.8814814814814822,3.333333333333335,3.0000000000000027,9,4,1
mmlu_college_computer_science,default,1,2,posterior_mean,100,0.01,0.1,247.99999999999994,26.999999999999996,59,26.999999999999996,0.4749629629629633,1.4749629629629635,1.0000000000000009,27,25,1
mmlu_college_computer_science,default,1,2,gaussian_lcb_1.645,100,0.01,0.1,39.99999999999998,17.999999999999993,14,14.000000000000002,3.2607407407407396,4.260740740740745,1.0000000000000009,6,6,1
mmlu_college_computer_science,default,1,3,posterior_mean,100,0.01,0.1,104.99999999999994,16.999999999999993,60,16.999999999999993,0.8029629629629615,2.9122962962962977,3.0000000000000027,22,20,1
mmlu_college_computer_science,default,1,3,gaussian_lcb_1.645,100,0.01,0.1,43.999999999999964,16.999999999999993,32,16.999999999999993,0.7834074074074058,2.8936296296296304,3.0000000000000027,12,11,1
mmlu_college_computer_science,default,1,4,posterior_mean,100,0.01,0.1,23.999999999999954,5.999999999999995,23,3.9999999999999925,1.7111111111111093,3.184888888888882,3.9999999999999925,12,7,1
mmlu_college_computer_science,default,1,4,gaussian_lcb_1.645,100,0.01,0.1,6.999999999999973,3.9999999999999925,9,2.0000000000000018,1.741629629629626,3.7282962962962847,3.9999999999999925,5,2,1
mmlu_college_computer_science,default,1,5,posterior_mean,100,0.01,0.1,76.9999999999999,16.999999999999993,71,16.999999999999993,0.6032592592592599,1.603259259259261,2.0000000000000018,32,16,1
mmlu_college_computer_science,default,1,5,gaussian_lcb_1.645,100,0.01,0.1,12.999999999999968,2.9999999999999916,18,2.9999999999999916,0.5638518518518522,1.5638518518518527,2.0000000000000018,10,2,1
mmlu_college_computer_science,default,1,6,posterior_mean,100,0.01,0.1,139.99999999999994,31.000000000000007,48,31.000000000000007,1.6198518518518543,3.868444444444445,3.9999999999999925,21,14,1
mmlu_college_computer_science,default,1,6,gaussian_lcb_1.645,100,0.01,0.1,111.99999999999997,31.000000000000007,27,31.000000000000007,1.371555555555558,4.024296296296297,3.9999999999999925,13,10,1
mmlu_college_computer_science,default,1,7,posterior_mean,100,0.01,0.1,95.99999999999994,19.999999999999996,35,19.999999999999996,3.454814814814812,6.07437037037037,1.0000000000000009,17,13,1
mmlu_college_computer_science,default,1,7,gaussian_lcb_1.645,100,0.01,0.1,31.999999999999996,14.000000000000002,13,11.00000000000001,3.451851851851847,6.0714074074074045,1.0000000000000009,6,5,1
mmlu_college_computer_science,default,1,8,posterior_mean,100,0.01,0.1,99.99999999999999,29.000000000000004,33,29.000000000000004,1.6148148148148145,3.7197037037037024,3.0000000000000027,12,9,1
mmlu_college_computer_science,default,1,8,gaussian_lcb_1.645,100,0.01,0.1,3.0000000000000027,2.0000000000000018,5,2.0000000000000018,0.33007407407407446,3.700740740740741,3.0000000000000027,2,1,1
mmlu_college_computer_science,default,1,9,posterior_mean,100,0.01,0.1,176.99999999999991,25.999999999999996,53,25.999999999999996,0.5979259259259244,1.9679999999999997,3.0000000000000027,26,19,1
mmlu_college_computer_science,default,1,9,gaussian_lcb_1.645,100,0.01,0.1,113.99999999999993,17.999999999999993,37,17.999999999999993,0.5653333333333338,1.935407407407409,3.0000000000000027,19,13,1
mmlu_college_computer_science,default,1,10,posterior_mean,100,0.01,0.1,89.99999999999993,20.999999999999996,57,18.999999999999993,1.2177777777777778,3.0195555555555593,3.0000000000000027,23,18,1
mmlu_college_computer_science,default,1,10,gaussian_lcb_1.645,100,0.01,0.1,5.999999999999995,2.0000000000000018,13,2.0000000000000018,0.34577777777777774,2.9991111111111155,3.0000000000000027,4,2,1
mmlu_college_computer_science,default,1,11,posterior_mean,100,0.01,0.1,129.99999999999994,24.999999999999993,59,19.999999999999996,1.7549629629629637,7.799111111111106,1.0000000000000009,25,21,1
mmlu_college_computer_science,default,1,11,gaussian_lcb_1.645,100,0.01,0.1,52.99999999999999,21.999999999999996,30,19.999999999999996,1.2319999999999984,7.277333333333329,1.0000000000000009,13,10,1
mmlu_college_computer_science,default,1,12,posterior_mean,100,0.01,0.1,73.99999999999987,22.999999999999993,46,22.999999999999993,0.6485925925925882,4.015703703703691,3.9999999999999925,17,4,1
mmlu_college_computer_science,default,1,12,gaussian_lcb_1.645,100,0.01,0.1,3.999999999999959,0.9999999999999898,12,0.9999999999999898,0.6272592592592533,3.9946666666666526,3.9999999999999925,4,0,0
mmlu_college_computer_science,default,1,13,posterior_mean,100,0.01,0.1,130.99999999999991,30.0,51,30.0,1.920000000000001,8.194074074074072,2.0000000000000018,21,18,1
mmlu_college_computer_science,default,1,13,gaussian_lcb_1.645,100,0.01,0.1,71.99999999999993,17.999999999999993,43,16.000000000000004,1.8382222222222204,8.180740740740738,2.0000000000000018,17,14,1
mmlu_college_computer_science,default,1,14,posterior_mean,100,0.01,0.1,106.9999999999999,20.0,50,20.0,1.1185185185185205,4.595555555555557,2.0000000000000018,23,11,1
mmlu_college_computer_science,default,1,14,gaussian_lcb_1.645,100,0.01,0.1,84.99999999999993,20.0,42,20.0,1.114666666666667,4.5920000000000005,2.0000000000000018,20,9,1
mmlu_college_computer_science,default,1,15,posterior_mean,100,0.01,0.1,26.999999999999968,9.999999999999998,41,7.9999999999999964,0.5798518518518521,2.4877037037037053,3.0000000000000027,16,4,1
mmlu_college_computer_science,default,1,15,gaussian_lcb_1.645,100,0.01,0.1,8.000000000000007,1.0000000000000009,21,1.0000000000000009,0.30162962962962986,2.3016296296296335,3.0000000000000027,8,0,0
mmlu_college_computer_science,default,1,16,posterior_mean,100,0.01,0.1,38.99999999999994,12.0,26,10.999999999999998,0.9161481481481445,3.2959999999999967,4.999999999999993,13,7,1
mmlu_college_computer_science,default,1,16,gaussian_lcb_1.645,100,0.01,0.1,20.999999999999964,12.0,13,10.999999999999998,0.12592592592592547,2.6124444444444492,4.999999999999993,7,5,1
mmlu_college_computer_science,default,1,17,posterior_mean,100,0.01,0.1,114.99999999999994,22.999999999999993,45,22.999999999999993,0.9783703703703744,2.71496296296297,2.0000000000000018,18,9,1
mmlu_college_computer_science,default,1,17,gaussian_lcb_1.645,100,0.01,0.1,24.99999999999998,13.99999999999999,15,13.99999999999999,0.1345185185185188,2.6909629629629683,2.0000000000000018,5,2,1
mmlu_college_computer_science,default,1,18,posterior_mean,100,0.01,0.1,60.999999999999964,19.999999999999996,37,18.000000000000004,0.11496296296296034,2.237925925925923,1.0000000000000009,17,10,1
mmlu_college_computer_science,default,1,18,gaussian_lcb_1.645,100,0.01,0.1,33.99999999999997,18.999999999999993,17,18.000000000000004,0.03140740740740619,2.1828148148148134,1.0000000000000009,8,5,1
mmlu_college_computer_science,default,1,19,posterior_mean,100,0.01,0.1,58.999999999999964,10.999999999999998,42,7.9999999999999964,0.8317037037037049,2.870222222222225,3.0000000000000027,17,12,1
mmlu_college_computer_science,default,1,19,gaussian_lcb_1.645,100,0.01,0.1,31.99999999999996,9.999999999999998,25,7.9999999999999964,0.3422222222222236,2.867851851851854,3.0000000000000027,11,8,1
mmlu_college_mathematics,dataset,1,0,posterior_mean,100,0.01,0.1,131.9999999999999,18.0,54,18.0,0.4032592592592602,0.4032592592592602,0.0,26,23,1
mmlu_college_mathematics,dataset,1,0,gaussian_lcb_1.645,100,0.01,0.1,52.99999999999995,6.999999999999995,22,6.999999999999995,0.27437037037036993,0.27437037037036993,0.0,11,11,1
mmlu_college_mathematics,dataset,1,1,posterior_mean,100,0.01,0.1,97.99999999999989,23.999999999999993,54,23.999999999999993,1.2370370370370367,2.217777777777779,2.0000000000000018,25,17,1
mmlu_college_mathematics,dataset,1,1,gaussian_lcb_1.645,100,0.01,0.1,17.99999999999995,5.999999999999995,20,2.9999999999999916,1.1792592592592606,2.161185185185189,2.0000000000000018,9,6,1
mmlu_college_mathematics,dataset,1,2,posterior_mean,100,0.01,0.1,148.99999999999994,22.999999999999993,63,21.000000000000004,3.3576296296296246,5.59348148148148,0.0,27,19,1
mmlu_college_mathematics,dataset,1,2,gaussian_lcb_1.645,100,0.01,0.1,70.99999999999999,17.999999999999993,31,16.000000000000004,3.346666666666662,5.585777777777777,0.0,13,9,1
mmlu_college_mathematics,dataset,1,3,posterior_mean,100,0.01,0.1,267.9999999999999,20.999999999999996,90,20.999999999999996,0.5048888888888905,3.5605925925925908,0.0,44,39,1
mmlu_college_mathematics,dataset,1,3,gaussian_lcb_1.645,100,0.01,0.1,35.0,15.000000000000002,26,14.000000000000002,0.12148148148148216,3.4637037037037013,0.0,12,6,1
mmlu_college_mathematics,dataset,1,4,posterior_mean,100,0.01,0.1,35.99999999999996,5.999999999999995,25,5.999999999999995,0.11051851851851861,4.387259259259252,0.0,10,8,1
mmlu_college_mathematics,dataset,1,4,gaussian_lcb_1.645,100,0.01,0.1,0.0,0.0,1,0.0,0.0,4.398222222222215,0.0,0,0,0
mmlu_college_mathematics,dataset,1,5,posterior_mean,100,0.01,0.1,98.99999999999991,20.999999999999996,45,20.999999999999996,0.0746666666666651,1.074666666666667,1.0000000000000009,16,14,1
mmlu_college_mathematics,dataset,1,5,gaussian_lcb_1.645,100,0.01,0.1,33.999999999999986,20.999999999999996,19,20.999999999999996,0.010666666666665494,1.0106666666666677,1.0000000000000009,6,3,1
mmlu_college_mathematics,dataset,1,6,posterior_mean,100,0.01,0.1,158.0,26.999999999999996,69,25.000000000000007,1.5685925925925854,2.832592592592588,0.0,32,22,1
mmlu_college_mathematics,dataset,1,6,gaussian_lcb_1.645,100,0.01,0.1,37.99999999999996,5.999999999999995,31,5.999999999999995,0.04918518518518638,3.2062222222222188,0.0,12,8,1
mmlu_college_mathematics,dataset,1,7,posterior_mean,100,0.01,0.1,98.99999999999989,14.999999999999996,45,14.999999999999996,2.3469629629629565,4.212148148148146,1.0000000000000009,21,17,1
mmlu_college_mathematics,dataset,1,7,gaussian_lcb_1.645,100,0.01,0.1,11.99999999999999,5.999999999999995,7,5.999999999999995,0.7508148148148135,3.8337777777777764,1.0000000000000009,3,2,1
mmlu_college_mathematics,dataset,1,8,posterior_mean,100,0.01,0.1,153.9999999999999,26.999999999999996,61,21.000000000000004,3.0903703703703727,3.9813333333333367,1.0000000000000009,30,22,1
mmlu_college_mathematics,dataset,1,8,gaussian_lcb_1.645,100,0.01,0.1,28.999999999999982,6.999999999999995,24,5.999999999999995,3.0293333333333323,3.9235555555555557,1.0000000000000009,12,4,1
mmlu_college_mathematics,dataset,1,9,posterior_mean,100,0.01,0.1,72.99999999999996,9.000000000000002,51,7.9999999999999964,3.234962962962963,6.245333333333324,1.0000000000000009,21,21,1
mmlu_college_mathematics,dataset,1,9,gaussian_lcb_1.645,100,0.01,0.1,37.99999999999998,6.999999999999995,31,6.999999999999995,2.3902222222222234,5.867259259259249,1.0000000000000009,10,10,1
mmlu_college_mathematics,dataset,1,10,posterior_mean,100,0.01,0.1,74.99999999999993,20.999999999999996,34,20.999999999999996,0.03348148148148269,1.0503703703703737,1.0000000000000009,15,12,1
mmlu_college_mathematics,dataset,1,10,gaussian_lcb_1.645,100,0.01,0.1,4.999999999999993,2.9999999999999916,7,2.9999999999999916,0.001481481481481933,1.026370370370373,1.0000000000000009,2,2,1
mmlu_college_mathematics,dataset,1,11,posterior_mean,100,0.01,0.1,92.99999999999987,16.000000000000004,59,16.000000000000004,0.5244444444444469,2.7505185185185232,2.0000000000000018,25,19,1
mmlu_college_mathematics,dataset,1,11,gaussian_lcb_1.645,100,0.01,0.1,37.999999999999936,5.999999999999995,23,5.999999999999995,0.38222222222222274,2.684740740740744,2.0000000000000018,11,9,1
mmlu_college_mathematics,dataset,1,12,posterior_mean,100,0.01,0.1,77.99999999999989,6.999999999999995,53,5.999999999999995,2.8651851851851893,2.8651851851851893,1.0000000000000009,23,21,1
mmlu_college_mathematics,dataset,1,12,gaussian_lcb_1.645,100,0.01,0.1,23.99999999999999,5.999999999999995,19,5.999999999999995,2.840888888888894,2.840888888888894,1.0000000000000009,8,7,1
mmlu_college_mathematics,dataset,1,13,posterior_mean,100,0.01,0.1,140.99999999999991,26.999999999999996,62,26.999999999999996,2.7434074074074073,3.7434074074074055,2.0000000000000018,27,25,1
mmlu_college_mathematics,dataset,1,13,gaussian_lcb_1.645,100,0.01,0.1,30.999999999999982,6.999999999999995,18,6.999999999999995,2.7318518518518493,3.7318518518518475,2.0000000000000018,8,8,1
mmlu_college_mathematics,dataset,1,14,posterior_mean,100,0.01,0.1,90.9999999999999,24.0,61,20.000000000000007,2.3199999999999954,3.3626666666666645,1.0000000000000009,23,17,1
mmlu_college_mathematics,dataset,1,14,gaussian_lcb_1.645,100,0.01,0.1,22.999999999999964,4.999999999999993,27,3.9999999999999925,2.9034074074074003,3.9484444444444424,1.0000000000000009,9,7,1
mmlu_college_mathematics,dataset,1,15,posterior_mean,100,0.01,0.1,106.99999999999994,19.000000000000007,54,18.000000000000004,1.9365925925925902,4.872296296296289,0.0,26,21,1
mmlu_college_mathematics,dataset,1,15,gaussian_lcb_1.645,100,0.01,0.1,68.99999999999996,18.000000000000004,34,18.000000000000004,0.916148148148147,4.860444444444439,0.0,16,14,1
mmlu_college_mathematics,dataset,1,16,posterior_mean,100,0.01,0.1,171.99999999999994,26.999999999999996,54,26.999999999999996,5.049777777777782,6.052444444444445,3.0000000000000027,24,19,1
mmlu_college_mathematics,dataset,1,16,gaussian_lcb_1.645,100,0.01,0.1,117.99999999999994,26.999999999999996,36,26.999999999999996,5.053333333333336,6.055999999999999,3.0000000000000027,15,12,1
mmlu_college_mathematics,dataset,1,17,posterior_mean,100,0.01,0.1,121.99999999999997,23.000000000000004,53,22.000000000000004,0.9131851851851845,4.613629629629632,2.0000000000000018,26,18,1
mmlu_college_mathematics,dataset,1,17,gaussian_lcb_1.645,100,0.01,0.1,47.99999999999999,14.000000000000007,31,10.000000000000004,0.4506666666666664,4.579851851851856,2.0000000000000018,15,10,1
mmlu_college_mathematics,dataset,1,18,posterior_mean,100,0.01,0.1,91.99999999999986,23.999999999999993,55,23.999999999999993,1.6500740740740756,2.9028148148148127,2.0000000000000018,26,21,1
mmlu_college_mathematics,dataset,1,18,gaussian_lcb_1.645,100,0.01,0.1,15.99999999999996,4.999999999999993,17,2.9999999999999916,1.2284444444444433,2.877925925925923,2.0000000000000018,7,6,1
mmlu_college_mathematics,dataset,1,19,posterior_mean,100,0.01,0.1,127.99999999999999,21.000000000000007,63,20.000000000000007,1.1428148148148172,4.048888888888887,3.0000000000000027,30,17,1
mmlu_college_mathematics,dataset,1,19,gaussian_lcb_1.645,100,0.01,0.1,24.99999999999998,4.999999999999993,24,4.999999999999993,0.49837037037037063,4.013925925925921,3.0000000000000027,11,6,1
mmlu_college_mathematics,default,1,0,posterior_mean,100,0.01,0.1,79.99999999999994,14.000000000000007,29,14.000000000000007,3.0628148148148164,5.746370370370372,1.0000000000000009,14,11,1
mmlu_college_mathematics,default,1,0,gaussian_lcb_1.645,100,0.01,0.1,47.99999999999996,14.000000000000007,23,14.000000000000007,3.0465185185185195,5.730962962962963,1.0000000000000009,11,8,1
mmlu_college_mathematics,default,1,1,posterior_mean,100,0.01,0.1,47.99999999999998,20.999999999999996,25,18.000000000000004,2.3238518518518494,4.578370370370373,5.999999999999995,11,9,1
mmlu_college_mathematics,default,1,1,gaussian_lcb_1.645,100,0.01,0.1,32.999999999999986,20.999999999999996,14,18.000000000000004,2.3928888888888844,4.647999999999999,5.999999999999995,6,5,1
mmlu_college_mathematics,default,1,2,posterior_mean,100,0.01,0.1,166.99999999999994,21.999999999999996,48,21.000000000000007,2.257777777777774,12.524740740740729,4.999999999999993,21,20,1
mmlu_college_mathematics,default,1,2,gaussian_lcb_1.645,100,0.01,0.1,109.99999999999999,21.000000000000007,30,21.000000000000007,2.095407407407406,12.51437037037036,4.999999999999993,12,12,1
mmlu_college_mathematics,default,1,3,posterior_mean,100,0.01,0.1,109.99999999999999,20.999999999999996,28,19.999999999999996,5.659555555555552,14.931555555555555,4.999999999999993,14,11,1
mmlu_college_mathematics,default,1,3,gaussian_lcb_1.645,100,0.01,0.1,69.0,19.999999999999996,22,19.999999999999996,5.669629629629627,14.94162962962963,4.999999999999993,11,8,1
mmlu_college_mathematics,default,1,4,posterior_mean,100,0.01,0.1,9.999999999999998,3.0000000000000027,18,3.0000000000000027,0.08325925925925884,10.887407407407428,4.999999999999993,6,3,1
mmlu_college_mathematics,default,1,4,gaussian_lcb_1.645,100,0.01,0.1,1.9999999999999907,1.0000000000000009,7,1.0000000000000009,0.001185185185185308,10.80533333333335,3.0000000000000027,2,0,0
mmlu_college_mathematics,default,1,5,posterior_mean,100,0.01,0.1,181.99999999999997,18.000000000000004,58,18.000000000000004,1.9653333333333338,11.90844444444443,1.0000000000000009,22,18,1
mmlu_college_mathematics,default,1,5,gaussian_lcb_1.645,100,0.01,0.1,146.0,18.000000000000004,38,18.000000000000004,1.8465185185185207,11.910814814814804,1.0000000000000009,15,13,1
mmlu_college_mathematics,default,1,6,posterior_mean,100,0.01,0.1,102.99999999999999,21.999999999999996,55,19.000000000000007,2.960888888888888,6.487999999999993,1.0000000000000009,25,22,1
mmlu_college_mathematics,default,1,6,gaussian_lcb_1.645,100,0.01,0.1,32.99999999999999,6.999999999999995,22,6.999999999999995,2.5146666666666646,6.484148148148139,1.0000000000000009,11,10,1
mmlu_college_mathematics,default,1,7,posterior_mean,100,0.01,0.1,83.00000000000001,21.999999999999996,47,17.000000000000004,1.9232592592592543,6.0394074074074,4.999999999999993,21,12,1
mmlu_college_mathematics,default,1,7,gaussian_lcb_1.645,100,0.01,0.1,67.00000000000003,19.000000000000007,30,18.000000000000004,1.0592592592592607,6.330962962962961,4.999999999999993,12,7,1
mmlu_college_mathematics,default,1,8,posterior_mean,100,0.01,0.1,46.99999999999994,15.000000000000002,27,15.000000000000002,2.1208888888888873,5.280592592592591,4.999999999999993,12,10,1
mmlu_college_mathematics,default,1,8,gaussian_lcb_1.645,100,0.01,0.1,30.99999999999997,15.000000000000002,15,15.000000000000002,1.6853333333333311,4.845333333333331,4.999999999999993,7,5,1
mmlu_college_mathematics,default,1,9,posterior_mean,100,0.01,0.1,76.9999999999999,18.0,51,15.999999999999998,1.1327407407407417,4.573333333333333,3.0000000000000027,22,18,1
mmlu_college_mathematics,default,1,9,gaussian_lcb_1.645,100,0.01,0.1,44.99999999999994,18.0,25,15.999999999999998,0.9765925925925947,4.556444444444446,3.0000000000000027,10,9,1
mmlu_college_mathematics,default,1,10,posterior_mean,100,0.01,0.1,10.999999999999988,3.9999999999999925,14,3.9999999999999925,1.671407407407405,10.626370370370369,1.0000000000000009,4,3,1
mmlu_college_mathematics,default,1,10,gaussian_lcb_1.645,100,0.01,0.1,5.999999999999995,3.9999999999999925,6,3.9999999999999925,1.537777777777775,6.415999999999989,1.0000000000000009,2,2,1
mmlu_college_mathematics,default,1,11,posterior_mean,100,0.01,0.1,223.99999999999994,26.999999999999996,56,26.999999999999996,2.066962962962962,4.25866666666667,2.0000000000000018,27,25,1
mmlu_college_mathematics,default,1,11,gaussian_lcb_1.645,100,0.01,0.1,88.99999999999999,24.999999999999993,25,24.999999999999993,2.0020740740740712,4.193777777777781,2.0000000000000018,11,10,1
mmlu_college_mathematics,default,1,12,posterior_mean,100,0.01,0.1,112.99999999999999,19.0,58,19.0,2.105481481481481,11.286814814814827,4.999999999999993,25,17,1
mmlu_college_mathematics,default,1,12,gaussian_lcb_1.645,100,0.01,0.1,108.99999999999999,19.0,50,19.0,2.1048888888888886,11.286222222222236,4.999999999999993,21,17,1
mmlu_college_mathematics,default,1,13,posterior_mean,100,0.01,0.1,128.0,25.999999999999996,42,21.000000000000004,1.7422222222222215,5.776000000000005,2.0000000000000018,17,16,1
mmlu_college_mathematics,default,1,13,gaussian_lcb_1.645,100,0.01,0.1,62.999999999999986,19.999999999999996,20,19.999999999999996,1.69659259259259,5.730370370370374,2.0000000000000018,7,7,1
mmlu_college_mathematics,default,1,14,posterior_mean,100,0.01,0.1,99.99999999999996,25.999999999999996,34,23.000000000000004,1.9389629629629626,4.6518518518518475,3.9999999999999925,14,13,1
mmlu_college_mathematics,default,1,14,gaussian_lcb_1.645,100,0.01,0.1,85.99999999999997,25.999999999999996,28,23.000000000000004,1.9336296296296287,4.646518518518513,3.9999999999999925,11,10,1
mmlu_college_mathematics,default,1,15,posterior_mean,100,0.01,0.1,85.99999999999994,17.0,47,14.000000000000002,2.438814814814811,5.050666666666663,1.0000000000000009,22,14,1
mmlu_college_mathematics,default,1,15,gaussian_lcb_1.645,100,0.01,0.1,36.99999999999996,5.999999999999995,30,5.999999999999995,1.8044444444444432,5.018962962962958,1.0000000000000009,13,8,1
mmlu_college_mathematics,default,1,16,posterior_mean,100,0.01,0.1,80.99999999999994,27.999999999999996,51,27.999999999999996,3.810370370370365,11.031111111111104,5.999999999999995,22,15,1
mmlu_college_mathematics,default,1,16,gaussian_lcb_1.645,100,0.01,0.1,60.999999999999986,27.999999999999996,35,27.999999999999996,3.8115555555555503,11.03229629629629,5.999999999999995,15,10,1
mmlu_college_mathematics,default,1,17,posterior_mean,100,0.01,0.1,77.99999999999993,23.0,39,19.000000000000007,1.1801481481481457,2.7925925925925887,2.0000000000000018,17,13,1
mmlu_college_mathematics,default,1,17,gaussian_lcb_1.645,100,0.01,0.1,7.999999999999985,4.999999999999993,10,3.9999999999999925,1.1365925925925928,2.770666666666665,2.0000000000000018,4,2,1
mmlu_college_mathematics,default,1,18,posterior_mean,100,0.01,0.1,76.99999999999996,25.000000000000007,36,25.000000000000007,0.9946666666666665,3.7721481481481427,2.0000000000000018,19,14,1
mmlu_college_mathematics,default,1,18,gaussian_lcb_1.645,100,0.01,0.1,47.99999999999998,25.000000000000007,25,25.000000000000007,0.938962962962962,3.762666666666661,2.0000000000000018,12,8,1
mmlu_college_mathematics,default,1,19,posterior_mean,100,0.01,0.1,113.99999999999993,23.000000000000004,44,23.000000000000004,1.5048888888888878,11.32444444444444,3.9999999999999925,15,15,1
mmlu_college_mathematics,default,1,19,gaussian_lcb_1.645,100,0.01,0.1,35.99999999999997,23.000000000000004,17,23.000000000000004,0.5010370370370364,10.320592592592593,3.9999999999999925,6,5,1
mmlu_college_medicine,dataset,1,0,posterior_mean,173,0.01,0.1,116.18497109826589,16.184971098265898,120,14.45086705202312,0.41104688503532577,2.302263505110249,0.0,44,16,1
mmlu_college_medicine,dataset,1,0,gaussian_lcb_1.645,173,0.01,0.1,24.27745664739882,2.8901734104046284,57,2.8901734104046284,0.38669295109537066,2.2822655593546766,0.0,18,3,1
mmlu_college_medicine,dataset,1,1,posterior_mean,173,0.01,0.1,89.59537572254344,19.075144508670526,58,19.075144508670526,0.055538849350870965,0.055538849350870965,0.0,29,15,1
mmlu_college_medicine,dataset,1,1,gaussian_lcb_1.645,173,0.01,0.1,9.248554913294814,2.3121387283236983,10,2.3121387283236983,0.019799946292645566,0.019799946292645566,0.0,5,1,1
mmlu_college_medicine,dataset,1,2,posterior_mean,173,0.01,0.1,122.54335260115595,10.982658959537572,156,10.982658959537572,0.17978351233722226,2.0486509430343163,1.7341040462427793,67,18,1
mmlu_college_medicine,dataset,1,2,gaussian_lcb_1.645,173,0.01,0.1,37.572254335260105,5.202312138728327,68,4.046242774566478,0.15820157087823927,2.027168001306796,1.7341040462427793,22,9,1
mmlu_college_medicine,dataset,1,3,posterior_mean,173,0.01,0.1,61.27167630057803,6.936416184971095,74,6.936416184971095,0.08395177228081716,1.0822403144231492,0.0,32,12,1
mmlu_college_medicine,dataset,1,3,gaussian_lcb_1.645,173,0.01,0.1,7.514450867052025,2.8901734104046284,18,2.8901734104046284,0.06900281282986954,1.06877635094415,0.0,7,1,1
mmlu_college_medicine,dataset,1,4,posterior_mean,173,0.01,0.1,67.05202312138732,6.936416184971106,60,5.202312138728327,0.6406272622985512,1.3044947115580956,0.0,28,20,1
mmlu_college_medicine,dataset,1,4,gaussian_lcb_1.645,173,0.01,0.1,28.323699421965344,6.936416184971106,28,4.046242774566478,0.6324102845871037,1.2968717322354277,0.0,13,7,1
mmlu_college_medicine,dataset,1,5,posterior_mean,173,0.01,0.1,200.57803468208095,20.231213872832377,111,20.231213872832377,0.8650349035928253,1.460716287807067,0.0,51,31,1
mmlu_college_medicine,dataset,1,5,gaussian_lcb_1.645,173,0.01,0.1,65.31791907514453,20.231213872832377,50,20.231213872832377,0.8229600177209538,1.4214133944161658,0.0,23,12,1
mmlu_college_medicine,dataset,1,6,posterior_mean,173,0.01,0.1,106.93641618497116,15.606936416184968,62,15.606936416184968,0.20987943070204557,1.3228591617445264,0.0,29,20,1
mmlu_college_medicine,dataset,1,6,gaussian_lcb_1.645,173,0.01,0.1,14.450867052023131,2.8901734104046284,24,2.8901734104046284,0.04613387486186458,1.2934562414999464,0.0,11,2,1
mmlu_college_medicine,dataset,1,7,posterior_mean,173,0.01,0.1,134.6820809248554,13.294797687861271,123,12.71676300578034,0.3168486405480633,1.221879435652034,0.0,57,21,1
mmlu_college_medicine,dataset,1,7,gaussian_lcb_1.645,173,0.01,0.1,32.947976878612685,9.826589595375722,39,8.092485549132943,0.27130876407497717,1.1781215543452863,0.0,18,4,1
mmlu_college_medicine,dataset,1,8,posterior_mean,173,0.01,0.1,136.4161849710983,8.092485549132956,152,8.092485549132956,0.6490422394729256,2.6538363014690405,1.7341040462427793,62,21,1
mmlu_college_medicine,dataset,1,8,gaussian_lcb_1.645,173,0.01,0.1,35.26011560693646,8.092485549132956,48,8.092485549132956,0.5767724355047695,2.6559152958297694,1.7341040462427793,19,3,1
mmlu_college_medicine,dataset,1,9,posterior_mean,173,0.01,0.1,52.023121387283226,7.514450867052025,53,4.046242774566478,0.6926021213167461,1.4890054610726862,0.0,26,7,1
mmlu_college_medicine,dataset,1,9,gaussian_lcb_1.645,173,0.01,0.1,17.341040462427728,3.4682080924855474,17,3.4682080924855474,0.36560600829370177,1.4890054610726864,0.0,8,2,1
mmlu_college_medicine,dataset,1,10,posterior_mean,173,0.01,0.1,86.12716763005778,8.092485549132943,81,8.092485549132943,0.08395177228081722,1.723090326117488,0.0,31,20,1
mmlu_college_medicine,dataset,1,10,gaussian_lcb_1.645,173,0.01,0.1,23.121387283236995,4.6242774566473965,31,4.6242774566473965,0.04959886546307766,1.6905194144660871,0.0,9,5,1
mmlu_college_medicine,dataset,1,11,posterior_mean,173,0.01,0.1,93.06358381502882,9.826589595375722,135,9.248554913294804,0.22958037726322691,1.9636844235060025,1.7341040462427793,56,15,1
mmlu_college_medicine,dataset,1,11,gaussian_lcb_1.645,173,0.01,0.1,22.54335260115605,2.8901734104046173,71,2.3121387283236983,0.17968451260575866,1.9137885588485342,1.7341040462427793,27,1,1
mmlu_college_medicine,dataset,1,12,posterior_mean,173,0.01,0.1,86.70520231213881,5.202312138728327,65,5.202312138728327,0.20156345325913433,1.2833830188235622,0.0,32,25,1
mmlu_college_medicine,dataset,1,12,gaussian_lcb_1.645,173,0.01,0.1,25.433526011560716,4.046242774566478,21,4.046242774566478,0.006830981470962746,1.2484361136170408,0.0,10,8,1
mmlu_college_medicine,dataset,1,13,posterior_mean,173,0.01,0.1,106.93641618497112,16.763005780346816,80,15.606936416184968,0.5681594588674689,1.5330355916409595,0.0,35,19,1
mmlu_college_medicine,dataset,1,13,gaussian_lcb_1.645,173,0.01,0.1,8.670520231213851,3.4682080924855474,23,2.3121387283236983,0.33283709717937315,1.5488755486750745,0.0,9,1,1
mmlu_college_medicine,dataset,1,14,posterior_mean,173,0.01,0.1,95.95375722543359,8.092485549132956,80,8.092485549132956,0.19681146614889605,1.3513958343387968,0.0,37,18,1
mmlu_college_medicine,dataset,1,14,gaussian_lcb_1.645,173,0.01,0.1,21.387283236994215,3.4682080924855474,24,3.4682080924855474,0.012968964821682697,1.1736913163623048,0.0,11,4,1
mmlu_college_medicine,dataset,1,15,posterior_mean,173,0.01,0.1,69.94219653179195,11.560693641618503,68,11.560693641618503,0.6599322099338807,1.409978925432164,0.0,26,15,1
mmlu_college_medicine,dataset,1,15,gaussian_lcb_1.645,173,0.01,0.1,21.387283236994257,4.046242774566478,26,4.046242774566478,0.05791484290598901,1.3954259649070697,0.0,11,6,1
mmlu_college_medicine,dataset,1,16,posterior_mean,173,0.01,0.1,109.82658959537575,11.560693641618503,59,9.826589595375722,0.3237291218847587,0.3237291218847587,0.0,29,23,1
mmlu_college_medicine,dataset,1,16,gaussian_lcb_1.645,173,0.01,0.1,23.699421965317946,5.202312138728327,18,5.202312138728327,0.2796742413836208,0.2796742413836208,0.0,9,4,1
mmlu_college_medicine,dataset,1,17,posterior_mean,173,0.01,0.1,78.03468208092497,5.780346820809257,77,5.780346820809257,0.35946802494298297,1.279274529967838,0.0,38,18,1
mmlu_college_medicine,dataset,1,17,gaussian_lcb_1.645,173,0.01,0.1,12.716763005780374,2.8901734104046284,20,2.8901734104046284,0.21611641378422763,1.1451298938351642,0.0,10,3,1
mmlu_college_medicine,dataset,1,18,posterior_mean,173,0.01,0.1,163.00578034682093,15.02890173410405,107,15.02890173410405,0.3101661586742912,1.1902490214495276,0.0,48,25,1
mmlu_college_medicine,dataset,1,18,gaussian_lcb_1.645,173,0.01,0.1,19.65317919075148,3.4682080924855474,33,2.8901734104046284,0.23581736034540832,1.1197612126477106,0.0,14,5,1
mmlu_college_medicine,dataset,1,19,posterior_mean,173,0.01,0.1,272.83236994219646,16.184971098265898,204,16.184971098265898,0.5230155813202345,3.1766786332592183,1.7341040462427793,90,44,1
mmlu_college_medicine,dataset,1,19,gaussian_lcb_1.645,173,0.01,0.1,72.83236994219648,9.248554913294793,75,9.248554913294793,0.4374798133360056,3.2489731871602405,1.7341040462427793,30,12,1
mmlu_college_medicine,default,1,0,posterior_mean,173,0.01,0.1,141.61849710982665,17.34104046242775,64,17.34104046242775,0.9097085324156053,1.9477454667404217,0.0,30,22,1
mmlu_college_medicine,default,1,0,gaussian_lcb_1.645,173,0.01,0.1,48.5549132947977,6.936416184971106,30,6.358381502890175,0.9095105329526797,1.948339465129202,0.0,15,9,1
mmlu_college_medicine,default,1,1,posterior_mean,173,0.01,0.1,109.82658959537571,16.76300578034683,103,15.02890173410405,0.8210047730245575,1.6167398645931212,0.0,46,16,1
mmlu_college_medicine,default,1,1,gaussian_lcb_1.645,173,0.01,0.1,19.653179190751402,2.8901734104046173,35,2.8901734104046173,0.1662205491267602,1.5666460004727256,0.0,16,2,1
mmlu_college_medicine,default,1,2,posterior_mean,173,0.01,0.1,180.3468208092485,17.919075144508668,94,17.34104046242775,2.338373657161455,3.4587783680636806,0.0,45,31,1
mmlu_college_medicine,default,1,2,gaussian_lcb_1.645,173,0.01,0.1,76.878612716763,17.919075144508668,31,17.34104046242775,2.319068709526125,3.44006741881713,0.0,15,9,1
mmlu_college_medicine,default,1,3,posterior_mean,173,0.01,0.1,90.17341040462426,8.092485549132943,139,8.092485549132943,0.8132827939704202,2.605499682582113,0.0,59,16,1
mmlu_college_medicine,default,1,3,gaussian_lcb_1.645,173,0.01,0.1,26.011560693641577,3.4682080924855474,59,3.4682080924855474,0.5426175281499532,2.5900557244738494,0.0,20,5,1
mmlu_college_medicine,default,1,4,posterior_mean,173,0.01,0.1,159.53757225433543,13.8728323699422,162,13.294797687861271,0.9597033968045349,3.4473933989454077,1.7341040462427793,73,29,1
mmlu_college_medicine,default,1,4,gaussian_lcb_1.645,173,0.01,0.1,35.83815028901738,4.046242774566478,61,4.046242774566478,0.7488339687878591,3.429276448087637,1.7341040462427793,25,6,1
mmlu_college_medicine,default,1,5,posterior_mean,173,0.01,0.1,101.15606936416191,7.514450867052025,130,6.936416184971106,1.6577505033517586,3.676058028692609,0.0,52,15,1
mmlu_college_medicine,default,1,5,gaussian_lcb_1.645,173,0.01,0.1,34.682080924855555,7.514450867052025,55,5.780346820809257,2.3166927159710102,3.412322744074568,0.0,21,5,1
mmlu_college_medicine,default,1,6,posterior_mean,173,0.01,0.1,108.09248554913307,19.075144508670515,88,13.87283236994219,1.9860336128838227,4.162963457961612,0.0,35,21,1
mmlu_college_medicine,default,1,6,gaussian_lcb_1.645,173,0.01,0.1,32.94797687861275,6.358381502890165,30,6.358381502890165,1.4137161652949017,4.025774580086445,0.0,10,5,1
mmlu_college_medicine,default,1,7,posterior_mean,173,0.01,0.1,98.84393063583822,15.02890173410405,135,12.138728323699421,1.5452620584766663,2.158639644689963,0.0,56,20,1
mmlu_college_medicine,default,1,7,gaussian_lcb_1.645,173,0.01,0.1,48.55491329479772,5.780346820809257,74,3.4682080924855474,1.5345700874786374,2.148244672886324,0.0,28,11,1
mmlu_college_medicine,default,1,8,posterior_mean,173,0.01,0.1,124.85549132947983,15.606936416184968,102,15.606936416184968,2.5852789874307462,5.404197341114697,0.0,42,19,1
mmlu_college_medicine,default,1,8,gaussian_lcb_1.645,173,0.01,0.1,33.52601156069368,10.404624277456643,36,10.404624277456643,2.002368568575255,5.417364305399308,0.0,16,4,1
mmlu_college_medicine,default,1,9,posterior_mean,173,0.01,0.1,143.35260115606926,17.34104046242775,174,17.34104046242775,0.6136993353405521,2.7248438588610386,1.7341040462427793,66,22,1
mmlu_college_medicine,default,1,9,gaussian_lcb_1.645,173,0.01,0.1,53.757225433526024,17.34104046242775,65,17.34104046242775,0.5510325053243299,2.704845913105468,1.7341040462427793,24,4,1
mmlu_college_medicine,default,1,10,posterior_mean,173,0.01,0.1,93.06358381502895,20.231213872832377,48,20.231213872832377,0.1490935955836205,1.320879167115258,0.0,23,23,1
mmlu_college_medicine,default,1,10,gaussian_lcb_1.645,173,0.01,0.1,32.36994219653181,4.046242774566478,24,4.046242774566478,0.010790970729491672,1.1849525358162474,0.0,11,11,1
mmlu_college_medicine,default,1,11,posterior_mean,173,0.01,0.1,30.63583815028903,4.6242774566473965,25,4.6242774566473965,0.1359266312990137,1.2449463730829644,0.0,12,9,1
mmlu_college_medicine,default,1,11,gaussian_lcb_1.645,173,0.01,0.1,12.138728323699421,4.6242774566473965,9,4.6242774566473965,0.0073259801282791834,1.2375213932232225,0.0,4,3,1
mmlu_college_medicine,default,1,12,posterior_mean,173,0.01,0.1,203.46820809248553,16.184971098265898,131,15.02890173410405,1.3506533363528264,4.010899870434117,1.7341040462427793,62,29,1
mmlu_college_medicine,default,1,12,gaussian_lcb_1.645,173,0.01,0.1,79.7687861271676,15.02890173410405,58,15.02890173410405,1.1784928033382707,3.8806162238285045,1.7341040462427793,26,11,1
mmlu_college_medicine,default,1,13,posterior_mean,173,0.01,0.1,106.9364161849711,10.404624277456643,154,10.404624277456643,0.24977632248172438,2.1893295614435626,0.0,52,16,1
mmlu_college_medicine,default,1,13,gaussian_lcb_1.645,173,0.01,0.1,22.54335260115603,6.936416184971106,68,6.936416184971106,0.04365888157528339,2.1671536215957974,0.0,18,2,1
mmlu_college_medicine,default,1,14,posterior_mean,173,0.01,0.1,128.90173410404634,9.826589595375722,115,7.514450867052025,1.6892324179570664,3.4635551051067885,0.0,50,32,1
mmlu_college_medicine,default,1,14,gaussian_lcb_1.645,173,0.01,0.1,61.27167630057807,6.936416184971106,65,4.624277456647407,1.5832037055599493,3.3998982777759346,0.0,27,16,1
mmlu_college_medicine,default,1,15,posterior_mean,173,0.01,0.1,127.16763005780354,9.826589595375722,159,9.826589595375722,0.6248863049958994,2.7671909939944372,1.7341040462427793,62,17,1
mmlu_college_medicine,default,1,15,gaussian_lcb_1.645,173,0.01,0.1,68.78612716763007,9.826589595375722,78,9.826589595375722,0.5416275308353234,2.684328218759714,1.7341040462427793,30,10,1
mmlu_college_medicine,default,1,16,posterior_mean,173,0.01,0.1,72.25433526011562,15.606936416184968,34,15.606936416184968,0.022274939579225876,0.022274939579225876,0.0,17,17,1
mmlu_college_medicine,default,1,16,gaussian_lcb_1.645,173,0.01,0.1,27.7456647398844,15.606936416184968,10,15.606936416184968,0.00633598281364619,0.00633598281364619,0.0,5,5,1
mmlu_college_medicine,default,1,17,posterior_mean,173,0.01,0.1,134.10404624277453,10.404624277456643,160,9.826589595375722,0.2555430568394573,2.2751870785550445,1.7341040462427793,66,28,1
mmlu_college_medicine,default,1,17,gaussian_lcb_1.645,173,0.01,0.1,39.30635838150288,6.358381502890175,47,6.358381502890175,0.2119831749956369,2.2355871859697536,1.7341040462427793,20,8,1
mmlu_college_medicine,default,1,18,posterior_mean,173,0.01,0.1,150.8670520231215,12.71676300578035,116,9.826589595375722,1.5688487444977817,2.536199870557858,0.0,56,30,1
mmlu_college_medicine,default,1,18,gaussian_lcb_1.645,173,0.01,0.1,48.55491329479773,9.248554913294793,38,8.092485549132943,1.5441978113634378,2.5115489374235147,0.0,18,10,1
mmlu_college_medicine,default,1,19,posterior_mean,173,0.01,0.1,108.67052023121384,12.71676300578035,110,12.71676300578035,1.0706820957748162,2.5785717556241194,0.0,46,22,1
mmlu_college_medicine,default,1,19,gaussian_lcb_1.645,173,0.01,0.1,35.83815028901734,6.358381502890175,44,5.202312138728327,0.572416447320386,2.5667907875799933,0.0,15,12,1
mmlu_college_physics,dataset,1,0,posterior_mean,102,0.01,0.1,68.62745098039198,7.843137254901955,85,7.843137254901955,0.0748999672490647,0.0748999672490647,0.0,32,9,1
mmlu_college_physics,dataset,1,0,gaussian_lcb_1.645,102,0.01,0.1,28.431372549019528,7.843137254901955,53,7.843137254901955,0.05097754424936252,0.05097754424936252,0.0,18,1,1
mmlu_college_physics,dataset,1,1,posterior_mean,102,0.01,0.1,124.50980392156849,21.568627450980394,107,21.568627450980394,0.12573511612342492,0.8370000142395307,0.0,32,12,1
mmlu_college_physics,dataset,1,1,gaussian_lcb_1.645,102,0.01,0.1,45.09803921568623,21.568627450980394,44,21.568627450980394,0.08842752787389334,0.8008315889899851,0.0,14,3,1
mmlu_college_physics,dataset,1,2,posterior_mean,102,0.01,0.1,88.23529411764699,26.47058823529412,81,25.490196078431378,0.9990459509875085,1.873923134976569,0.0,31,4,1
mmlu_college_physics,dataset,1,2,gaussian_lcb_1.645,102,0.01,0.1,33.33333333333328,17.64705882352941,46,16.666666666666668,0.8837056972389505,1.836900337477031,0.0,16,2,1
mmlu_college_physics,dataset,1,3,posterior_mean,102,0.01,0.1,60.78431372549004,5.88235294117646,80,4.901960784313719,1.5146596038560614,1.5146596038560614,0.0,33,6,1
mmlu_college_physics,dataset,1,3,gaussian_lcb_1.645,102,0.01,0.1,35.29411764705872,5.88235294117646,49,4.901960784313719,1.499565694106251,1.4998504848562473,0.0,20,2,1
mmlu_college_physics,dataset,1,4,posterior_mean,102,0.01,0.1,173.5294117647057,27.45098039215686,89,26.47058823529412,0.7407407407407388,0.7407407407407388,0.9803921568627416,40,17,1
mmlu_college_physics,dataset,1,4,gaussian_lcb_1.645,102,0.01,0.1,23.52941176470581,4.901960784313719,32,3.9215686274509776,0.6516012359918522,0.6516012359918522,0.9803921568627416,13,3,1
mmlu_college_physics,dataset,1,5,posterior_mean,102,0.01,0.1,66.6666666666666,4.901960784313719,74,4.901960784313719,1.0705284292366173,3.0646332607116884,0.0,34,11,1
mmlu_college_physics,dataset,1,5,gaussian_lcb_1.645,102,0.01,0.1,35.29411764705878,3.9215686274509776,36,3.9215686274509776,0.39756788699502893,3.0760248907115457,0.0,15,9,1
mmlu_college_physics,dataset,1,6,posterior_mean,102,0.01,0.1,104.90196078431357,15.686274509803921,98,14.70588235294118,1.0317968872371024,2.1683967704728904,0.0,46,12,1
mmlu_college_physics,dataset,1,6,gaussian_lcb_1.645,102,0.01,0.1,47.05882352941169,14.705882352941174,44,13.725490196078432,0.9372463582382808,2.106881968473656,0.0,21,3,1
mmlu_college_physics,dataset,1,7,posterior_mean,102,0.01,0.1,117.64705882352922,14.705882352941174,94,14.705882352941174,0.701582012616228,0.7209477836159858,0.0,41,19,1
mmlu_college_physics,dataset,1,7,gaussian_lcb_1.645,102,0.01,0.1,32.35294117647051,5.88235294117646,46,4.901960784313719,0.6511740498668588,0.6716789838666024,0.0,19,5,1
mmlu_college_physics,dataset,1,8,posterior_mean,102,0.01,0.1,44.117647058823465,13.725490196078432,53,13.725490196078432,0.9838096458627043,2.3874008572201526,0.9803921568627416,20,3,1
mmlu_college_physics,dataset,1,8,gaussian_lcb_1.645,102,0.01,0.1,6.862745098039202,1.9607843137254943,17,1.9607843137254943,0.9272786819884105,2.370028621470369,0.9803921568627416,4,0,0
mmlu_college_physics,dataset,1,9,posterior_mean,102,0.01,0.1,54.90196078431357,4.901960784313719,81,4.901960784313719,0.614008856992323,1.277998490609022,0.0,33,8,1
mmlu_college_physics,dataset,1,9,gaussian_lcb_1.645,102,0.01,0.1,30.39215686274499,2.941176470588225,45,2.941176470588225,0.5749925242428112,1.239551739359503,0.0,19,4,1
mmlu_college_physics,dataset,1,10,posterior_mean,102,0.01,0.1,122.54901960784301,21.568627450980394,64,21.568627450980394,1.010152790237367,1.7573013228530276,0.0,28,11,1
mmlu_college_physics,dataset,1,10,gaussian_lcb_1.645,102,0.01,0.1,21.568627450980326,4.901960784313719,30,4.901960784313719,0.9537642217380743,1.7114500121036034,0.0,12,1,1
mmlu_college_physics,dataset,1,11,posterior_mean,102,0.01,0.1,82.35294117647042,19.6078431372549,88,19.6078431372549,0.7020091987412224,0.7020091987412224,0.0,36,11,1
mmlu_college_physics,dataset,1,11,gaussian_lcb_1.645,102,0.01,0.1,26.470588235294045,5.88235294117646,45,4.901960784313719,0.6832130092414574,1.942130519600717,0.0,19,1,1
mmlu_college_physics,dataset,1,12,posterior_mean,102,0.01,0.1,69.60784313725479,16.666666666666664,77,16.666666666666664,0.2856451222464296,2.4244236547196887,0.9803921568627416,28,4,1
mmlu_college_physics,dataset,1,12,gaussian_lcb_1.645,102,0.01,0.1,13.725490196078383,1.9607843137254832,30,1.9607843137254832,0.10309425149871058,2.3965141612200362,0.9803921568627416,10,0,0
mmlu_college_physics,dataset,1,13,posterior_mean,102,0.01,0.1,57.84313725490187,4.901960784313719,76,4.901960784313719,1.4940122744813258,2.3060930980961665,0.0,31,9,1
mmlu_college_physics,dataset,1,13,gaussian_lcb_1.645,102,0.01,0.1,24.509803921568583,3.9215686274509776,41,3.9215686274509776,0.22897176299713679,1.0544377518618155,0.0,15,4,1
mmlu_college_physics,dataset,1,14,posterior_mean,102,0.01,0.1,157.84313725490176,24.509803921568622,95,24.509803921568622,0.9369615674882877,0.9369615674882877,0.0,43,25,1
mmlu_college_physics,dataset,1,14,gaussian_lcb_1.645,102,0.01,0.1,41.176470588235205,3.9215686274509776,45,3.9215686274509776,0.0666410354991673,0.0666410354991673,0.0,19,8,1
mmlu_college_physics,dataset,1,15,posterior_mean,102,0.01,0.1,142.15686274509784,19.6078431372549,79,18.627450980392158,1.0840559898614426,1.588420408105136,0.0,36,18,1
mmlu_college_physics,dataset,1,15,gaussian_lcb_1.645,102,0.01,0.1,23.52941176470582,3.9215686274509776,31,3.9215686274509776,0.3979950731200228,1.3358110128582974,0.0,13,4,1
mmlu_college_physics,dataset,1,16,posterior_mean,102,0.01,0.1,178.4313725490194,18.62745098039215,117,15.686274509803926,1.6963561023537885,2.12567815797342,0.0,56,27,1
mmlu_college_physics,dataset,1,16,gaussian_lcb_1.645,102,0.01,0.1,59.80392156862728,4.901960784313719,62,4.901960784313719,0.7878736098651486,2.0766941489740334,0.0,26,13,1
mmlu_college_physics,dataset,1,17,posterior_mean,102,0.01,0.1,67.64705882352928,12.74509803921568,92,11.764705882352938,0.7630968146154578,1.2547880444843116,0.0,33,6,1
mmlu_college_physics,dataset,1,17,gaussian_lcb_1.645,102,0.01,0.1,34.31372549019598,3.9215686274509776,53,3.9215686274509776,1.2201859683597456,1.2201859683597456,0.0,22,1,1
mmlu_college_physics,dataset,1,18,posterior_mean,102,0.01,0.1,72.54901960784291,4.901960784313719,75,4.901960784313719,0.07162487362410429,0.07162487362410429,0.9803921568627416,33,13,1
mmlu_college_physics,dataset,1,18,gaussian_lcb_1.645,102,0.01,0.1,35.294117647058734,4.901960784313719,36,4.901960784313719,0.021644096999728673,0.021644096999728673,0.9803921568627416,16,6,1
mmlu_college_physics,dataset,1,19,posterior_mean,102,0.01,0.1,33.33333333333325,4.901960784313719,34,4.901960784313719,0.020220143249747115,0.02093212012473821,0.0,12,7,1
mmlu_college_physics,dataset,1,19,gaussian_lcb_1.645,102,0.01,0.1,4.901960784313719,3.9215686274509776,7,3.9215686274509776,0.0025631167499676603,0.0025631167499676603,0.0,2,1,1
mmlu_college_physics,default,1,0,posterior_mean,102,0.01,0.1,19.607843137254854,5.88235294117646,33,3.9215686274509776,0.8378543864895246,8.22062739402221,1.9607843137254832,13,2,1
mmlu_college_physics,default,1,0,gaussian_lcb_1.645,102,0.01,0.1,12.745098039215662,5.88235294117646,21,3.9215686274509776,0.8367152234895392,8.220057812522219,1.9607843137254832,7,2,1
mmlu_college_physics,default,1,1,posterior_mean,102,0.01,0.1,28.43137254901955,5.88235294117646,35,4.901960784313719,0.7139704102410737,1.3181539863585194,1.9607843137254832,13,4,1
mmlu_college_physics,default,1,1,gaussian_lcb_1.645,102,0.01,0.1,13.725490196078404,5.88235294117646,13,4.901960784313719,0.9312657524883579,1.5354493286058009,1.9607843137254832,5,2,1
mmlu_college_physics,default,1,2,posterior_mean,102,0.01,0.1,44.11764705882349,22.549019607843135,34,20.588235294117652,0.6968829652412858,1.7600068349779896,0.9803921568627416,15,2,1
mmlu_college_physics,default,1,2,gaussian_lcb_1.645,102,0.01,0.1,8.823529411764685,1.9607843137254943,16,1.9607843137254943,0.688054451991398,1.752602275478084,0.9803921568627416,6,0,0
mmlu_college_physics,default,1,3,posterior_mean,102,0.01,0.1,46.078431372548984,18.62745098039215,35,16.666666666666668,1.5523943782305907,9.01732951713726,2.941176470588225,14,3,1
mmlu_college_physics,default,1,3,gaussian_lcb_1.645,102,0.01,0.1,24.509803921568597,13.725490196078438,16,13.725490196078438,1.544705027980688,9.010209748387352,2.941176470588225,7,2,1
mmlu_college_physics,default,1,4,posterior_mean,102,0.01,0.1,84.31372549019603,17.647058823529406,41,16.666666666666664,0.9412334287382335,6.152619362923074,1.9607843137254832,17,12,1
mmlu_college_physics,default,1,4,gaussian_lcb_1.645,102,0.01,0.1,45.09803921568624,16.666666666666664,19,16.666666666666664,0.932404915488344,6.143790849673185,1.9607843137254832,8,5,1
mmlu_college_physics,default,1,5,posterior_mean,102,0.01,0.1,160.7843137254902,29.411764705882348,62,27.450980392156865,2.9188203967135227,3.709684309453628,0.9803921568627416,25,16,1
mmlu_college_physics,default,1,5,gaussian_lcb_1.645,102,0.01,0.1,141.17647058823528,29.411764705882348,40,27.450980392156865,2.8060432597149325,3.5969071724550368,0.9803921568627416,17,11,1
mmlu_college_physics,default,1,6,posterior_mean,102,0.01,0.1,99.01960784313721,20.58823529411764,59,17.647058823529417,1.3621541572329705,6.2058752331724065,0.0,24,7,1
mmlu_college_physics,default,1,6,gaussian_lcb_1.645,102,0.01,0.1,41.17647058823525,19.6078431372549,39,17.647058823529417,0.9979067879875251,6.1867942529226445,0.0,16,3,1
mmlu_college_physics,default,1,7,posterior_mean,102,0.01,0.1,58.82352941176469,18.62745098039215,35,14.705882352941174,2.709499195466132,4.757429478690531,3.9215686274509776,17,8,1
mmlu_college_physics,default,1,7,gaussian_lcb_1.645,102,0.01,0.1,22.549019607843125,5.88235294117646,19,3.9215686274509776,2.706651287966166,4.754581571190565,3.9215686274509776,10,5,1
mmlu_college_physics,default,1,8,posterior_mean,102,0.01,0.1,30.392156862745022,3.9215686274509776,36,2.941176470588236,1.0468907969869108,1.0468907969869108,0.9803921568627416,18,3,1
mmlu_college_physics,default,1,8,gaussian_lcb_1.645,102,0.01,0.1,23.52941176470582,3.9215686274509776,24,2.941176470588236,1.0420493542369706,1.0420493542369706,0.9803921568627416,13,3,1
mmlu_college_physics,default,1,9,posterior_mean,102,0.01,0.1,47.05882352941176,15.686274509803916,44,12.74509803921569,1.7620003702279725,3.1744200948353116,3.9215686274509776,19,5,1
mmlu_college_physics,default,1,9,gaussian_lcb_1.645,102,0.01,0.1,13.72549019607845,2.941176470588236,20,2.941176470588236,1.3997465362325012,3.1744200948353116,3.9215686274509776,9,1,1
mmlu_college_physics,default,1,10,posterior_mean,102,0.01,0.1,28.43137254901959,9.803921568627455,33,9.803921568627455,0.4476910589944052,2.3157759835960463,0.9803921568627416,11,4,1
mmlu_college_physics,default,1,10,gaussian_lcb_1.645,102,0.01,0.1,17.64705882352942,9.803921568627455,18,9.803921568627455,0.4209207284947397,2.3357113360957955,0.9803921568627416,6,2,1
mmlu_college_physics,default,1,11,posterior_mean,102,0.01,0.1,70.58823529411755,14.705882352941174,54,13.725490196078432,0.5485069844931432,0.8892591168638821,0.0,24,9,1
mmlu_college_physics,default,1,11,gaussian_lcb_1.645,102,0.01,0.1,33.333333333333286,14.705882352941174,24,13.725490196078432,0.5334130747433314,0.8741652071140701,0.0,11,4,1
mmlu_college_physics,default,1,12,posterior_mean,102,0.01,0.1,127.45098039215681,21.568627450980387,54,20.588235294117645,1.7326669229783418,7.6315377276545915,0.9803921568627416,22,12,1
mmlu_college_physics,default,1,12,gaussian_lcb_1.645,102,0.01,0.1,64.70588235294115,15.686274509803916,25,14.705882352941174,1.7326669229783427,7.6315377276545915,0.9803921568627416,10,6,1
mmlu_college_physics,default,1,13,posterior_mean,102,0.01,0.1,40.19607843137249,17.64705882352941,37,16.666666666666668,0.7242228772409446,2.308229028721138,1.9607843137254832,18,2,1
mmlu_college_physics,default,1,13,gaussian_lcb_1.645,102,0.01,0.1,12.745098039215641,1.9607843137254832,20,1.9607843137254832,0.7159639454910477,2.303387585971199,1.9607843137254832,10,0,0
mmlu_college_physics,default,1,14,posterior_mean,102,0.01,0.1,142.15686274509795,20.588235294117645,59,19.607843137254903,0.5895168524926305,1.658763723354263,0.9803921568627416,26,16,1
mmlu_college_physics,default,1,14,gaussian_lcb_1.645,102,0.01,0.1,76.47058823529407,18.62745098039215,36,16.666666666666668,0.3226679197459674,0.7343329488658198,0.9803921568627416,16,8,1
mmlu_college_physics,default,1,15,posterior_mean,102,0.01,0.1,44.11764705882347,20.58823529411764,22,20.58823529411764,0.164039471997949,0.164039471997949,0.0,10,5,1
mmlu_college_physics,default,1,15,gaussian_lcb_1.645,102,0.01,0.1,9.803921568627427,3.9215686274509776,10,3.9215686274509776,0.004841442749938834,0.004841442749938834,0.0,4,2,1
mmlu_college_physics,default,1,16,posterior_mean,102,0.01,0.1,29.41176470588233,13.725490196078432,22,13.725490196078432,1.1881470089851471,2.1685391658478883,1.9607843137254832,7,4,1
mmlu_college_physics,default,1,16,gaussian_lcb_1.645,102,0.01,0.1,25.490196078431353,13.725490196078432,13,13.725490196078432,1.183020775485211,2.1634129323479523,1.9607843137254832,5,3,1
mmlu_college_physics,default,1,17,posterior_mean,102,0.01,0.1,57.843137254901876,18.627450980392158,50,18.627450980392158,1.071952382986598,1.497572158856274,0.0,21,5,1
mmlu_college_physics,default,1,17,gaussian_lcb_1.645,102,0.01,0.1,30.392156862745047,4.901960784313719,32,3.9215686274509776,1.024961909237185,1.450866475856858,0.0,14,5,1
mmlu_college_physics,default,1,18,posterior_mean,102,0.01,0.1,27.450980392156776,3.9215686274509776,46,3.9215686274509776,0.6387856522420132,6.864169051789185,0.0,17,2,1
mmlu_college_physics,default,1,18,gaussian_lcb_1.645,102,0.01,0.1,12.745098039215641,2.941176470588225,24,2.941176470588225,0.6382160707420205,6.863599470289194,0.9803921568627416,9,1,1
mmlu_college_physics,default,1,19,posterior_mean,102,0.01,0.1,44.11764705882346,14.705882352941174,39,14.705882352941174,0.9640166887379455,1.6297150668546212,0.9803921568627416,15,4,1
mmlu_college_physics,default,1,19,gaussian_lcb_1.645,102,0.01,0.1,15.686274509803887,4.901960784313719,13,4.901960784313719,0.04157944949947958,1.0219716063622195,0.9803921568627416,6,2,1
mmlu_computer_security,dataset,1,0,posterior_mean,100,0.01,0.1,58.99999999999992,14.000000000000002,39,9.999999999999998,3.018962962962968,4.562370370370369,2.0000000000000018,18,15,1
mmlu_computer_security,dataset,1,0,gaussian_lcb_1.645,100,0.01,0.1,8.999999999999975,3.9999999999999925,11,3.9999999999999925,0.0029629629629632074,4.049777777777772,2.0000000000000018,5,2,1
mmlu_computer_security,dataset,1,1,posterior_mean,100,0.01,0.1,35.999999999999986,7.9999999999999964,34,5.000000000000004,0.8154074074074049,3.9934814814814676,3.9999999999999925,15,9,1
mmlu_computer_security,dataset,1,1,gaussian_lcb_1.645,100,0.01,0.1,3.9999999999999813,1.9999999999999907,6,1.9999999999999907,0.5469629629629607,3.9940740740740606,3.9999999999999925,2,2,1
mmlu_computer_security,dataset,1,2,posterior_mean,100,0.01,0.1,15.999999999999947,4.999999999999993,13,4.999999999999993,0.005629629629630406,2.0388148148148195,2.0000000000000018,6,4,1
mmlu_computer_security,dataset,1,2,gaussian_lcb_1.645,100,0.01,0.1,0.9999999999999898,0.9999999999999898,3,0.9999999999999898,0.0005925925925926137,2.0346666666666713,2.0000000000000018,1,0,0
mmlu_computer_security,dataset,1,3,posterior_mean,100,0.01,0.1,25.00000000000002,8.000000000000007,30,6.000000000000005,1.3682962962962977,4.368296296296288,6.999999999999995,12,8,1
mmlu_computer_security,dataset,1,3,gaussian_lcb_1.645,100,0.01,0.1,9.000000000000007,4.0000000000000036,13,2.0000000000000018,1.346666666666668,4.346666666666658,3.9999999999999925,7,2,1
mmlu_computer_security,dataset,1,4,posterior_mean,100,0.01,0.1,58.00000000000002,6.000000000000005,43,6.000000000000005,1.8731851851851824,4.554666666666665,2.0000000000000018,21,13,1
mmlu_computer_security,dataset,1,4,gaussian_lcb_1.645,100,0.01,0.1,10.999999999999998,5.000000000000004,7,5.000000000000004,1.2228148148148164,3.9768888888888925,2.0000000000000018,3,2,1
mmlu_computer_security,dataset,1,5,posterior_mean,100,0.01,0.1,93.99999999999997,16.000000000000004,57,16.000000000000004,0.4533333333333276,1.9851851851851776,0.0,27,20,1
mmlu_computer_security,dataset,1,5,gaussian_lcb_1.645,100,0.01,0.1,30.99999999999997,7.9999999999999964,21,7.000000000000006,0.14962962962962864,1.9570370370370307,0.0,10,7,1
mmlu_computer_security,dataset,1,6,posterior_mean,100,0.01,0.1,72.99999999999991,8.999999999999996,54,7.000000000000006,1.2017777777777716,2.421925925925923,3.9999999999999925,24,20,1
mmlu_computer_security,dataset,1,6,gaussian_lcb_1.645,100,0.01,0.1,31.99999999999994,5.999999999999995,20,5.999999999999995,0.6358518518518517,2.41096296296296,3.9999999999999925,10,9,1
mmlu_computer_security,dataset,1,7,posterior_mean,100,0.01,0.1,8.999999999999996,4.0000000000000036,17,3.0000000000000027,0.13599999999999948,3.4071111111111043,2.0000000000000018,6,2,1
mmlu_computer_security,dataset,1,7,gaussian_lcb_1.645,100,0.01,0.1,2.9999999999999916,1.9999999999999907,7,1.9999999999999907,0.0011851851851853914,3.4109629629629565,2.0000000000000018,2,1,1
mmlu_computer_security,dataset,1,8,posterior_mean,100,0.01,0.1,125.0,14.000000000000002,53,8.999999999999996,2.61007407407408,4.341037037037033,2.0000000000000018,24,22,1
mmlu_computer_security,dataset,1,8,gaussian_lcb_1.645,100,0.01,0.1,38.0,8.999999999999996,21,8.999999999999996,1.202370370370368,4.325629629629624,2.0000000000000018,7,7,1
mmlu_computer_security,dataset,1,9,posterior_mean,100,0.01,0.1,227.99999999999994,15.999999999999993,125,15.999999999999993,4.8628148148148105,5.426370370370371,4.999999999999993,59,44,1
mmlu_computer_security,dataset,1,9,gaussian_lcb_1.645,100,0.01,0.1,62.999999999999986,8.999999999999996,39,8.999999999999996,4.841185185185181,5.405925925925926,4.999999999999993,18,14,1
mmlu_computer_security,dataset,1,10,posterior_mean,100,0.01,0.1,96.99999999999996,12.0,63,8.000000000000007,1.702814814814814,3.028740740740739,1.0000000000000009,29,23,1
mmlu_computer_security,dataset,1,10,gaussian_lcb_1.645,100,0.01,0.1,28.999999999999993,5.999999999999995,23,5.999999999999995,0.5727407407407406,2.9828148148148124,1.0000000000000009,9,7,1
mmlu_computer_security,dataset,1,11,posterior_mean,100,0.01,0.1,120.00000000000006,15.999999999999993,84,15.000000000000002,1.3762962962962855,3.4109629629629485,3.9999999999999925,36,24,1
mmlu_computer_security,dataset,1,11,gaussian_lcb_1.645,100,0.01,0.1,21.000000000000007,4.0000000000000036,21,4.0000000000000036,0.7211851851851825,3.3671111111110967,3.9999999999999925,10,6,1
mmlu_computer_security,dataset,1,12,posterior_mean,100,0.01,0.1,58.99999999999993,8.999999999999996,31,8.999999999999996,1.436148148148144,2.3475555555555547,0.0,14,13,1
mmlu_computer_security,dataset,1,12,gaussian_lcb_1.645,100,0.01,0.1,8.999999999999986,2.9999999999999916,11,2.9999999999999916,0.7437037037037045,2.3365925925925946,0.0,5,3,1
mmlu_computer_security,dataset,1,13,posterior_mean,100,0.01,0.1,90.99999999999991,8.999999999999996,55,7.9999999999999964,1.2124444444444413,1.5484444444444414,0.0,24,17,1
mmlu_computer_security,dataset,1,13,gaussian_lcb_1.645,100,0.01,0.1,26.999999999999957,8.999999999999996,23,7.9999999999999964,1.1834074074074055,1.5205925925925907,0.0,10,5,1
mmlu_computer_security,dataset,1,14,posterior_mean,100,0.01,0.1,51.000000000000036,9.999999999999998,50,6.000000000000005,3.0053333333333274,5.064592592592578,3.9999999999999925,19,14,1
mmlu_computer_security,dataset,1,14,gaussian_lcb_1.645,100,0.01,0.1,6.000000000000005,3.0000000000000027,16,2.0000000000000018,0.6894814814814816,4.727999999999986,3.9999999999999925,3,3,1
mmlu_computer_security,dataset,1,15,posterior_mean,100,0.01,0.1,247.99999999999974,24.0,110,24.0,1.3481481481481503,2.63051851851852,2.0000000000000018,52,45,1
mmlu_computer_security,dataset,1,15,gaussian_lcb_1.645,100,0.01,0.1,84.99999999999994,9.999999999999998,40,9.999999999999998,0.5757037037037037,2.575703703703705,2.0000000000000018,19,16,1
mmlu_computer_security,dataset,1,16,posterior_mean,100,0.01,0.1,110.00000000000003,20.999999999999996,45,18.000000000000004,2.1837037037037024,2.9374814814814747,2.0000000000000018,22,17,1
mmlu_computer_security,dataset,1,16,gaussian_lcb_1.645,100,0.01,0.1,9.000000000000007,4.0000000000000036,7,4.0000000000000036,0.0035555555555551828,2.64029629629629,2.0000000000000018,3,3,1
mmlu_computer_security,dataset,1,17,posterior_mean,100,0.01,0.1,138.99999999999997,17.999999999999993,73,15.000000000000002,2.634074074074072,4.499555555555553,0.0,32,29,1
mmlu_computer_security,dataset,1,17,gaussian_lcb_1.645,100,0.01,0.1,62.999999999999936,8.999999999999996,23,8.999999999999996,0.025185185185184845,1.897777777777776,0.0,11,11,1
mmlu_computer_security,dataset,1,18,posterior_mean,100,0.01,0.1,15.99999999999998,6.999999999999995,28,5.000000000000004,1.466370370370362,3.0038518518518424,2.9999999999999916,10,3,1
mmlu_computer_security,dataset,1,18,gaussian_lcb_1.645,100,0.01,0.1,0.9999999999999898,0.9999999999999898,2,0.9999999999999898,0.4488888888888844,2.9994074074073978,2.9999999999999916,1,0,0
mmlu_computer_security,dataset,1,19,posterior_mean,100,0.01,0.1,85.99999999999999,13.0,60,11.00000000000001,1.3718518518518443,3.3718518518518454,3.9999999999999925,25,18,1
mmlu_computer_security,dataset,1,19,gaussian_lcb_1.645,100,0.01,0.1,17.99999999999995,6.999999999999995,11,6.999999999999995,0.7161481481481445,2.7161481481481444,3.9999999999999925,6,6,1
mmlu_computer_security,default,1,0,posterior_mean,100,0.01,0.1,57.99999999999994,12.0,37,10.999999999999998,2.5591111111111107,4.779851851851842,3.9999999999999925,17,14,1
mmlu_computer_security,default,1,0,gaussian_lcb_1.645,100,0.01,0.1,18.99999999999997,5.999999999999995,15,4.999999999999993,2.551703703703701,4.775407407407395,3.9999999999999925,6,5,1
mmlu_computer_security,default,1,1,posterior_mean,100,0.01,0.1,65.00000000000004,11.00000000000001,33,11.00000000000001,1.9330370370370287,4.4207407407407295,7.9999999999999964,16,13,1
mmlu_computer_security,default,1,1,gaussian_lcb_1.645,100,0.01,0.1,21.000000000000018,6.000000000000005,13,5.000000000000004,0.7943703703703716,4.409777777777768,7.9999999999999964,6,5,1
mmlu_computer_security,default,1,2,posterior_mean,100,0.01,0.1,27.000000000000025,9.000000000000007,15,9.000000000000007,0.9339259259259269,3.933925925925915,4.999999999999993,8,5,1
mmlu_computer_security,default,1,2,gaussian_lcb_1.645,100,0.01,0.1,12.00000000000001,9.000000000000007,7,7.000000000000006,0.9277037037037043,3.927703703703692,4.999999999999993,4,3,1
mmlu_computer_security,default,1,3,posterior_mean,100,0.01,0.1,14.999999999999968,3.9999999999999925,15,3.9999999999999925,1.5357037037036982,3.603259259259255,2.0000000000000018,7,4,1
mmlu_computer_security,default,1,3,gaussian_lcb_1.645,100,0.01,0.1,2.9999999999999916,2.9999999999999916,3,2.9999999999999916,1.5351111111111058,3.6035555555555514,2.0000000000000018,1,1,1
mmlu_computer_security,default,1,4,posterior_mean,100,0.01,0.1,14.000000000000002,4.0000000000000036,10,4.0000000000000036,0.4340740740740742,3.0838518518518434,2.0000000000000018,5,3,1
mmlu_computer_security,default,1,4,gaussian_lcb_1.645,100,0.01,0.1,5.999999999999995,4.0000000000000036,6,4.0000000000000036,0.43200000000000055,3.08177777777777,2.0000000000000018,3,1,1
mmlu_computer_security,default,1,5,posterior_mean,100,0.01,0.1,84.00000000000003,16.000000000000004,45,15.000000000000002,2.3330370370370392,4.750814814814807,0.0,19,17,1
mmlu_computer_security,default,1,5,gaussian_lcb_1.645,100,0.01,0.1,28.000000000000025,5.000000000000004,22,5.000000000000004,1.9875555555555582,4.744592592592585,0.0,8,7,1
mmlu_computer_security,default,1,6,posterior_mean,100,0.01,0.1,11.00000000000001,5.000000000000004,18,4.0000000000000036,0.9505185185185203,4.243259259259244,3.9999999999999925,8,1,1
mmlu_computer_security,default,1,6,gaussian_lcb_1.645,100,0.01,0.1,3.0000000000000027,1.0000000000000009,8,1.0000000000000009,0.2254814814814815,4.242666666666652,3.9999999999999925,3,0,0
mmlu_computer_security,default,1,7,posterior_mean,100,0.01,0.1,42.00000000000001,12.0,24,7.000000000000006,2.248888888888887,4.779259259259246,2.9999999999999916,12,9,1
mmlu_computer_security,default,1,7,gaussian_lcb_1.645,100,0.01,0.1,17.000000000000004,4.999999999999993,10,4.999999999999993,1.7893333333333343,4.783111111111098,2.9999999999999916,5,4,1
mmlu_computer_security,default,1,8,posterior_mean,100,0.01,0.1,94.0,14.000000000000002,48,12.00000000000001,0.9896296296296248,2.03822222222222,3.9999999999999925,22,16,1
mmlu_computer_security,default,1,8,gaussian_lcb_1.645,100,0.01,0.1,41.99999999999998,10.999999999999998,24,9.999999999999998,0.9718518518518466,2.021037037037034,3.9999999999999925,10,6,1
mmlu_computer_security,default,1,9,posterior_mean,100,0.01,0.1,9.999999999999986,4.0000000000000036,14,4.0000000000000036,1.6071111111111087,4.7525925925925865,2.9999999999999916,4,3,1
mmlu_computer_security,default,1,9,gaussian_lcb_1.645,100,0.01,0.1,2.9999999999999916,2.9999999999999916,7,2.9999999999999916,1.1733333333333305,4.751111111111105,4.999999999999993,1,1,1
mmlu_computer_security,default,1,10,posterior_mean,100,0.01,0.1,104.0,8.999999999999996,77,7.000000000000006,2.1848888888888838,4.6094814814814775,3.9999999999999925,31,29,1
mmlu_computer_security,default,1,10,gaussian_lcb_1.645,100,0.01,0.1,30.000000000000014,7.000000000000006,24,5.000000000000004,1.3122962962962945,4.7552592592592555,3.9999999999999925,10,10,1
mmlu_computer_security,default,1,11,posterior_mean,100,0.01,0.1,24.0,4.999999999999993,20,4.0000000000000036,0.7321481481481443,3.2530370370370263,2.9999999999999916,10,6,1
mmlu_computer_security,default,1,11,gaussian_lcb_1.645,100,0.01,0.1,13.0,3.9999999999999925,10,3.0000000000000027,0.6020740740740711,3.249185185185175,2.9999999999999916,5,4,1
mmlu_computer_security,default,1,12,posterior_mean,100,0.01,0.1,31.999999999999986,10.000000000000009,27,9.000000000000007,1.0441481481481438,3.2814814814814732,3.9999999999999925,11,7,1
mmlu_computer_security,default,1,12,gaussian_lcb_1.645,100,0.01,0.1,3.9999999999999925,1.9999999999999907,7,1.9999999999999907,1.0367407407407365,3.274666666666658,3.9999999999999925,3,1,1
mmlu_computer_security,default,1,13,posterior_mean,100,0.01,0.1,28.999999999999957,7.9999999999999964,21,6.999999999999995,1.7614814814814785,3.448592592592582,3.9999999999999925,9,8,1
mmlu_computer_security,default,1,13,gaussian_lcb_1.645,100,0.01,0.1,13.999999999999979,5.999999999999995,11,3.0000000000000027,2.3087407407407357,3.9976296296296154,3.9999999999999925,5,5,1
mmlu_computer_security,default,1,14,posterior_mean,100,0.01,0.1,27.000000000000014,5.999999999999995,28,3.9999999999999925,3.6082962962962815,5.66874074074074,5.999999999999995,13,10,1
mmlu_computer_security,default,1,14,gaussian_lcb_1.645,100,0.01,0.1,7.000000000000006,2.0000000000000018,8,2.0000000000000018,1.632888888888892,5.671999999999999,5.999999999999995,4,3,1
mmlu_computer_security,default,1,15,posterior_mean,100,0.01,0.1,83.00000000000006,11.00000000000001,52,11.00000000000001,1.5031111111111068,4.834370370370361,2.9999999999999916,19,14,1
mmlu_computer_security,default,1,15,gaussian_lcb_1.645,100,0.01,0.1,51.000000000000036,11.00000000000001,31,11.00000000000001,0.9448888888888873,4.276740740740731,2.9999999999999916,12,7,1
mmlu_computer_security,default,1,16,posterior_mean,100,0.01,0.1,124.99999999999996,15.000000000000002,60,15.000000000000002,0.39911111111110753,2.1792592592592506,2.9999999999999916,27,25,1
mmlu_computer_security,default,1,16,gaussian_lcb_1.645,100,0.01,0.1,54.99999999999997,7.9999999999999964,28,7.9999999999999964,0.36770370370370115,2.148148148148141,2.9999999999999916,13,12,1
mmlu_computer_security,default,1,17,posterior_mean,100,0.01,0.1,34.9999999999999,7.9999999999999964,42,7.9999999999999964,0.22874074074073733,2.743407407407399,2.9999999999999916,15,10,1
mmlu_computer_security,default,1,17,gaussian_lcb_1.645,100,0.01,0.1,9.999999999999964,2.9999999999999916,24,2.0000000000000018,0.22014814814814596,2.7351111111111037,2.9999999999999916,7,3,1
mmlu_computer_security,default,1,18,posterior_mean,100,0.01,0.1,59.00000000000002,15.000000000000002,47,13.0,1.9333333333333376,5.42696296296296,4.999999999999993,21,13,1
mmlu_computer_security,default,1,18,gaussian_lcb_1.645,100,0.01,0.1,19.000000000000018,7.000000000000006,22,5.000000000000004,1.1469629629629639,5.192888888888886,4.999999999999993,10,4,1
mmlu_computer_security,default,1,19,posterior_mean,100,0.01,0.1,21.000000000000018,5.000000000000004,31,4.0000000000000036,0.4020740740740739,4.002370370370356,3.9999999999999925,11,5,1
mmlu_computer_security,default,1,19,gaussian_lcb_1.645,100,0.01,0.1,7.000000000000006,2.0000000000000018,15,2.0000000000000018,0.39851851851851866,3.9988148148148004,3.9999999999999925,6,1,1
mmlu_conceptual_physics,dataset,1,0,posterior_mean,235,0.01,0.1,86.38297872340436,3.40425531914893,262,3.40425531914893,0.16007243096423698,0.7175091796187312,0.0,98,3,1
mmlu_conceptual_physics,dataset,1,0,gaussian_lcb_1.645,235,0.01,0.1,25.957446808510664,3.40425531914893,98,3.40425531914893,0.10298610063209435,0.7002330533340041,0.0,30,1,1
mmlu_conceptual_physics,dataset,1,1,posterior_mean,235,0.01,0.1,97.44680851063842,3.40425531914893,268,3.40425531914893,0.11555421424140247,0.619485941351038,0.0,113,6,1
mmlu_conceptual_physics,dataset,1,1,gaussian_lcb_1.645,235,0.01,0.1,43.404255319148966,3.40425531914893,112,3.40425531914893,0.07418808577703966,0.5958788122663177,0.0,50,5,1
mmlu_conceptual_physics,dataset,1,2,posterior_mean,235,0.01,0.1,112.7659574468086,17.44680851063829,183,17.44680851063829,0.076495146119411,0.3623560183089388,0.0,84,14,1
mmlu_conceptual_physics,dataset,1,2,gaussian_lcb_1.645,235,0.01,0.1,20.425531914893647,2.127659574468088,61,2.127659574468088,0.029656455912680596,0.33091561457337854,0.0,28,1,1
mmlu_conceptual_physics,dataset,1,3,posterior_mean,235,0.01,0.1,101.70212765957459,3.40425531914893,233,3.40425531914893,0.2651107422497193,1.0572908807404016,0.42553191489361764,95,4,1
mmlu_conceptual_physics,dataset,1,3,gaussian_lcb_1.645,235,0.01,0.1,37.872340425531945,3.40425531914893,119,1.7021276595744705,0.23860637459551054,1.0325570477675465,0.42553191489361764,40,0,0
mmlu_conceptual_physics,dataset,1,4,posterior_mean,235,0.01,0.1,124.25531914893635,3.8297872340425476,215,3.8297872340425476,0.3217812651945742,0.4226212631826032,0.0,100,12,1
mmlu_conceptual_physics,dataset,1,4,gaussian_lcb_1.645,235,0.01,0.1,36.1702127659575,2.127659574468088,74,2.127659574468088,0.19902419395402643,0.3916100799758566,0.0,34,2,1
mmlu_conceptual_physics,dataset,1,5,posterior_mean,235,0.01,0.1,134.4680851063831,3.40425531914893,248,3.40425531914893,0.11540666968462356,0.645789111882365,0.0,120,20,1
mmlu_conceptual_physics,dataset,1,5,gaussian_lcb_1.645,235,0.01,0.1,30.21276595744685,2.127659574468088,89,2.127659574468088,0.0576228559931591,0.6022768807739365,0.0,37,1,1
mmlu_conceptual_physics,dataset,1,6,posterior_mean,235,0.01,0.1,105.53191489361717,2.9787234042553234,243,2.9787234042553234,0.07569035762788552,0.738339788407691,0.0,107,6,1
mmlu_conceptual_physics,dataset,1,6,gaussian_lcb_1.645,235,0.01,0.1,38.7234042553192,1.7021276595744705,102,1.7021276595744705,0.056321781265194916,0.7242828160890626,0.0,46,0,0
mmlu_conceptual_physics,dataset,1,7,posterior_mean,235,0.01,0.1,107.23404255319163,5.106382978723401,223,4.680851063829783,0.17107120701507308,0.4542494508995189,0.0,95,13,1
mmlu_conceptual_physics,dataset,1,7,gaussian_lcb_1.645,235,0.01,0.1,25.957446808510674,2.127659574468088,88,2.127659574468088,0.14413761883205042,0.4276377781131058,0.0,32,1,1
mmlu_conceptual_physics,dataset,1,8,posterior_mean,235,0.01,0.1,84.25531914893627,5.531914893617018,194,5.531914893617018,0.15540465771339448,0.5224284492731758,0.0,80,12,1
mmlu_conceptual_physics,dataset,1,8,gaussian_lcb_1.645,235,0.01,0.1,20.851063829787265,2.127659574468088,71,2.127659574468088,0.03836158476267113,0.5208725248562287,0.0,27,2,1
mmlu_conceptual_physics,dataset,1,9,posterior_mean,235,0.01,0.1,127.23404255319164,3.8297872340425476,231,3.40425531914893,0.26293781332260285,0.37847861442248004,0.0,109,19,1
mmlu_conceptual_physics,dataset,1,9,gaussian_lcb_1.645,235,0.01,0.1,46.38297872340432,2.9787234042553234,111,2.553191489361706,0.20676357661418876,0.325416226547961,0.0,45,5,1
mmlu_conceptual_physics,dataset,1,10,posterior_mean,235,0.01,0.1,95.74468085106392,2.9787234042553123,300,2.9787234042553123,0.20422849286588549,0.7679560048957934,0.42553191489361764,117,9,1
mmlu_conceptual_physics,dataset,1,10,gaussian_lcb_1.645,235,0.01,0.1,28.085106382978765,1.7021276595744705,112,1.7021276595744705,0.20125077544724462,0.8232181479804805,0.42553191489361764,40,0,0
mmlu_conceptual_physics,dataset,1,11,posterior_mean,235,0.01,0.1,95.74468085106396,3.8297872340425476,246,3.8297872340425476,0.11760642489479131,0.4360746441325893,0.0,96,15,1
mmlu_conceptual_physics,dataset,1,11,gaussian_lcb_1.645,235,0.01,0.1,22.553191489361733,2.127659574468088,75,2.127659574468088,0.008959978538973781,0.4049561557936388,0.0,27,2,1
mmlu_conceptual_physics,dataset,1,12,posterior_mean,235,0.01,0.1,109.78723404255331,4.255319148936165,248,4.255319148936165,0.05115772177791164,0.3933672015156848,0.0,108,7,1
mmlu_conceptual_physics,dataset,1,12,gaussian_lcb_1.645,235,0.01,0.1,25.531914893617056,1.7021276595744705,84,1.7021276595744705,0.010489076672870358,0.35334238720386324,0.0,34,0,0
mmlu_conceptual_physics,dataset,1,13,posterior_mean,235,0.01,0.1,127.23404255319157,4.680851063829783,184,4.255319148936165,0.11014871820666189,0.4550139999664665,0.0,83,22,1
mmlu_conceptual_physics,dataset,1,13,gaussian_lcb_1.645,235,0.01,0.1,26.8085106382979,5.531914893617018,49,4.255319148936165,0.14550575926764286,0.3962644400851743,0.0,21,2,1
mmlu_conceptual_physics,dataset,1,14,posterior_mean,235,0.01,0.1,114.8936170212767,3.8297872340425476,226,3.8297872340425476,0.12741143134986574,0.754422145096657,0.0,106,18,1
mmlu_conceptual_physics,dataset,1,14,gaussian_lcb_1.645,235,0.01,0.1,27.659574468085136,3.8297872340425476,56,3.8297872340425476,0.0946297134617643,0.723196351625503,0.0,26,4,1
mmlu_conceptual_physics,dataset,1,15,posterior_mean,235,0.01,0.1,122.97872340425546,15.319148936170212,166,15.319148936170212,0.24072565095652437,0.5011149673892998,0.0,83,19,1
mmlu_conceptual_physics,dataset,1,15,gaussian_lcb_1.645,235,0.01,0.1,25.957446808510674,2.553191489361706,48,2.553191489361706,0.24909545126838117,0.5101822510604781,0.0,24,3,1
mmlu_conceptual_physics,dataset,1,16,posterior_mean,235,0.01,0.1,109.3617021276597,3.40425531914893,247,3.40425531914893,0.17166138524219238,0.6776184967221628,0.0,107,10,1
mmlu_conceptual_physics,dataset,1,16,gaussian_lcb_1.645,235,0.01,0.1,38.297872340425585,2.127659574468088,96,2.127659574468088,0.01440571399829074,0.647948627667957,0.0,40,1,1
mmlu_conceptual_physics,dataset,1,17,posterior_mean,235,0.01,0.1,90.63829787234056,2.9787234042553234,143,2.9787234042553234,0.1845648273896354,0.49820431567828655,0.0,68,14,1
mmlu_conceptual_physics,dataset,1,17,gaussian_lcb_1.645,235,0.01,0.1,20.851063829787265,2.127659574468088,38,2.127659574468088,0.05000419160672692,0.419120433244472,0.0,18,2,1
mmlu_conceptual_physics,dataset,1,18,posterior_mean,235,0.01,0.1,137.87234042553203,23.404255319148938,181,20.425531914893615,0.27885921231326477,0.4494341330918977,0.0,84,20,1
mmlu_conceptual_physics,dataset,1,18,gaussian_lcb_1.645,235,0.01,0.1,42.55319148936175,3.40425531914893,79,2.9787234042553234,0.06741444930670813,0.24314001643109853,0.0,34,8,1
mmlu_conceptual_physics,dataset,1,19,posterior_mean,235,0.01,0.1,105.10638297872354,4.255319148936165,172,4.255319148936165,0.1495162885837403,0.3389903257716754,0.0,81,15,1
mmlu_conceptual_physics,dataset,1,19,gaussian_lcb_1.645,235,0.01,0.1,34.04255319148941,2.127659574468088,69,2.127659574468088,0.05589256073638151,0.289629964958168,0.0,34,2,1
mmlu_conceptual_physics,default,1,0,posterior_mean,235,0.01,0.1,137.87234042553197,5.531914893617018,231,5.531914893617018,0.3528192746843709,0.50999446707912,0.0,103,21,1
mmlu_conceptual_physics,default,1,0,gaussian_lcb_1.645,235,0.01,0.1,31.914893617021267,3.40425531914893,60,2.9787234042553123,0.29868383548781857,0.4825780058011833,0.0,27,6,1
mmlu_conceptual_physics,default,1,1,posterior_mean,235,0.01,0.1,169.36170212765975,3.8297872340425476,254,3.8297872340425476,0.29952886340392004,0.5086263266435294,0.0,121,33,1
mmlu_conceptual_physics,default,1,1,gaussian_lcb_1.645,235,0.01,0.1,45.106382978723424,3.8297872340425476,79,3.40425531914893,0.22956591720738417,0.4416142715825835,0.0,38,8,1
mmlu_conceptual_physics,default,1,2,posterior_mean,235,0.01,0.1,109.78723404255328,5.106382978723401,223,5.106382978723401,0.2404573881260171,0.4935767818520207,0.0,97,10,1
mmlu_conceptual_physics,default,1,2,gaussian_lcb_1.645,235,0.01,0.1,34.89361702127665,1.7021276595744705,95,1.7021276595744705,0.09044481330583652,0.415029425079222,0.0,38,0,0
mmlu_conceptual_physics,default,1,3,posterior_mean,235,0.01,0.1,114.46808510638313,3.8297872340425476,212,2.9787234042553234,0.15162215180322933,0.2959073151920597,0.0,102,11,1
mmlu_conceptual_physics,default,1,3,gaussian_lcb_1.645,235,0.01,0.1,29.361702127659616,2.553191489361706,62,2.127659574468088,0.09137032007108979,0.2358700937243268,0.0,30,1,1
mmlu_conceptual_physics,default,1,4,posterior_mean,235,0.01,0.1,104.68085106382992,4.255319148936165,220,4.255319148936165,0.26433278004124544,1.008104890766728,0.0,100,9,1
mmlu_conceptual_physics,default,1,4,gaussian_lcb_1.645,235,0.01,0.1,30.63829787234047,1.7021276595744705,80,1.7021276595744705,0.19721341984809607,1.0022567610616493,0.0,36,0,0
mmlu_conceptual_physics,default,1,5,posterior_mean,235,0.01,0.1,175.3191489361702,17.872340425531917,238,17.021276595744684,1.9319216001877824,2.276250356286581,0.0,106,23,1
mmlu_conceptual_physics,default,1,5,gaussian_lcb_1.645,235,0.01,0.1,62.55319148936168,17.021276595744684,76,17.021276595744684,1.8598125513471802,2.265144275103542,0.0,32,11,1
mmlu_conceptual_physics,default,1,6,posterior_mean,235,0.01,0.1,96.17021276595759,2.553191489361706,218,2.127659574468088,0.18587931525912485,0.5654578072866892,0.0,95,9,1
mmlu_conceptual_physics,default,1,6,gaussian_lcb_1.645,235,0.01,0.1,23.829787234042588,1.7021276595744705,72,1.7021276595744705,0.15921398990661126,0.5393826601612937,0.0,31,0,0
mmlu_conceptual_physics,default,1,7,posterior_mean,235,0.01,0.1,121.70212765957453,3.8297872340425476,213,2.9787234042553234,0.2428851667421147,0.7587948292339417,0.0,91,20,1
mmlu_conceptual_physics,default,1,7,gaussian_lcb_1.645,235,0.01,0.1,33.61702127659575,2.5531914893616947,70,2.5531914893616947,0.09035092131515811,0.7602971010847882,0.0,29,2,1
mmlu_conceptual_physics,default,1,8,posterior_mean,235,0.01,0.1,105.10638297872354,2.553191489361706,233,2.553191489361706,0.1950136646379295,0.5395167915765479,0.0,107,6,1
mmlu_conceptual_physics,default,1,8,gaussian_lcb_1.645,235,0.01,0.1,27.659574468085147,2.553191489361706,84,2.127659574468088,0.1325084251295211,0.5137635598477617,0.0,37,1,1
mmlu_conceptual_physics,default,1,9,posterior_mean,235,0.01,0.1,149.36170212765973,31.06382978723404,193,31.06382978723404,0.5008467045587924,0.7262545478932992,0.0,89,21,1
mmlu_conceptual_physics,default,1,9,gaussian_lcb_1.645,235,0.01,0.1,32.76595744680856,2.553191489361706,64,2.127659574468088,0.4865214694096548,0.716597085995004,0.0,26,8,1
mmlu_conceptual_physics,default,1,10,posterior_mean,235,0.01,0.1,96.17021276595759,2.9787234042553234,216,2.9787234042553234,0.1342923729523997,0.34415438525895714,0.0,84,16,1
mmlu_conceptual_physics,default,1,10,gaussian_lcb_1.645,235,0.01,0.1,22.12765957446812,1.7021276595744705,75,1.276595744680853,0.09147762520329313,0.30176885803866377,0.0,27,0,0
mmlu_conceptual_physics,default,1,11,posterior_mean,235,0.01,0.1,102.9787234042554,4.255319148936165,189,4.255319148936165,0.05181496571265708,0.49804335797998117,0.0,78,17,1
mmlu_conceptual_physics,default,1,11,gaussian_lcb_1.645,235,0.01,0.1,18.29787234042556,2.127659574468088,72,2.127659574468088,0.009161175661854455,0.45608705128849986,0.0,19,2,1
mmlu_conceptual_physics,default,1,12,posterior_mean,235,0.01,0.1,176.5957446808513,2.9787234042553234,271,2.9787234042553234,0.15728249752695217,0.2376942809717823,0.0,132,21,1
mmlu_conceptual_physics,default,1,12,gaussian_lcb_1.645,235,0.01,0.1,41.70212765957453,2.9787234042553234,78,2.9787234042553234,0.047080126754187115,0.1274919101990172,0.0,38,2,1
mmlu_conceptual_physics,default,1,13,posterior_mean,235,0.01,0.1,109.36170212765973,3.40425531914893,277,3.40425531914893,0.1900373891320019,0.7280116694331251,0.0,120,7,1
mmlu_conceptual_physics,default,1,13,gaussian_lcb_1.645,235,0.01,0.1,34.89361702127665,2.553191489361706,98,2.553191489361706,0.09968646781684344,0.6385728417416949,0.0,39,1,1
mmlu_conceptual_physics,default,1,14,posterior_mean,235,0.01,0.1,160.85106382978748,2.9787234042553234,293,2.553191489361706,0.3022249048505271,0.5096993779655621,0.0,139,18,1
mmlu_conceptual_physics,default,1,14,gaussian_lcb_1.645,235,0.01,0.1,43.82978723404262,2.553191489361706,102,2.553191489361706,0.23027681370823092,0.44263367033851486,0.0,44,2,1
mmlu_conceptual_physics,default,1,15,posterior_mean,235,0.01,0.1,108.93617021276607,4.680851063829783,248,4.680851063829783,0.36471673121740983,0.8605603339872225,0.0,101,9,1
mmlu_conceptual_physics,default,1,15,gaussian_lcb_1.645,235,0.01,0.1,31.063829787234088,2.127659574468088,106,2.127659574468088,0.343684925305569,0.8412990627567359,0.0,36,1,1
mmlu_conceptual_physics,default,1,16,posterior_mean,235,0.01,0.1,109.78723404255332,3.40425531914893,252,3.40425531914893,0.17141994869473384,0.47992220377915307,0.0,100,13,1
mmlu_conceptual_physics,default,1,16,gaussian_lcb_1.645,235,0.01,0.1,30.63829787234047,2.553191489361706,94,2.553191489361706,0.145183843871033,0.4537397515215537,0.0,33,2,1
mmlu_conceptual_physics,default,1,17,posterior_mean,235,0.01,0.1,106.38297872340434,2.9787234042553123,276,2.9787234042553123,0.2157772077192626,0.6369096121925443,0.0,121,10,1
mmlu_conceptual_physics,default,1,17,gaussian_lcb_1.645,235,0.01,0.1,30.21276595744684,2.9787234042553123,103,2.127659574468077,0.12209982730580292,0.5781600523112519,0.0,44,1,1
mmlu_conceptual_physics,default,1,18,posterior_mean,235,0.01,0.1,121.70212765957461,2.9787234042553123,228,2.9787234042553123,0.21672954076756762,0.7667354090169817,0.0,98,16,1
mmlu_conceptual_physics,default,1,18,gaussian_lcb_1.645,235,0.01,0.1,48.08510638297878,2.9787234042553123,115,2.9787234042553123,0.15696058213034264,0.723384135606858,0.0,47,6,1
mmlu_conceptual_physics,default,1,19,posterior_mean,235,0.01,0.1,122.12765957446825,5.531914893617018,271,4.680851063829783,0.21368475764129888,0.7968881511661013,0.0,112,9,1
mmlu_conceptual_physics,default,1,19,gaussian_lcb_1.645,235,0.01,0.1,45.9574468085107,2.553191489361706,105,2.127659574468088,0.16808007645490738,0.7514444276780151,0.0,42,3,1
mmlu_econometrics,dataset,1,0,posterior_mean,114,0.01,0.1,71.05263157894731,5.263157894736836,81,5.263157894736836,0.04981589776911364,0.12801659769957643,0.0,34,15,1
mmlu_econometrics,dataset,1,0,gaussian_lcb_1.645,114,0.01,0.1,23.684210526315752,3.508771929824561,33,3.508771929824561,0.014477389054181417,0.10248167527330283,0.0,12,4,1
mmlu_econometrics,dataset,1,1,posterior_mean,114,0.01,0.1,55.26315789473672,4.385964912280704,87,4.385964912280704,0.05186781117836803,0.972492960797054,0.0,33,6,1
mmlu_econometrics,dataset,1,1,gaussian_lcb_1.645,114,0.01,0.1,21.052631578947313,2.631578947368418,45,2.631578947368418,0.02200107155478074,0.9469580383707809,0.0,14,1,1
mmlu_econometrics,dataset,1,2,posterior_mean,114,0.01,0.1,66.66666666666661,4.385964912280704,88,4.385964912280704,0.05175381598896532,0.14625582800405826,0.0,36,15,1
mmlu_econometrics,dataset,1,2,gaussian_lcb_1.645,114,0.01,0.1,16.666666666666675,1.754385964912275,49,1.754385964912275,0.015047365001197275,0.11319722307718644,0.0,16,0,0
mmlu_econometrics,dataset,1,3,posterior_mean,114,0.01,0.1,96.49122807017532,5.263157894736836,115,5.263157894736836,0.059163503300160715,0.15013166444376036,0.0,52,15,1
mmlu_econometrics,dataset,1,3,gaussian_lcb_1.645,114,0.01,0.1,19.298245614035036,3.508771929824561,41,3.508771929824561,0.012881456402540032,0.1104613385315141,0.0,15,1,1
mmlu_econometrics,dataset,1,4,posterior_mean,114,0.01,0.1,71.92982456140345,4.385964912280704,85,4.385964912280704,0.05152582561016007,0.1522975730424183,0.0,39,11,1
mmlu_econometrics,dataset,1,4,gaussian_lcb_1.645,114,0.01,0.1,21.9298245614035,2.631578947368418,37,2.631578947368418,0.01755525916806311,0.1219748526612175,0.0,16,3,1
mmlu_econometrics,dataset,1,5,posterior_mean,114,0.01,0.1,89.4736842105263,5.263157894736836,96,5.263157894736836,0.09757988212897592,0.28122613225722043,0.0,39,18,1
mmlu_econometrics,dataset,1,5,gaussian_lcb_1.645,114,0.01,0.1,30.701754385964886,3.508771929824561,48,3.508771929824561,0.04924592182209904,0.23380413346556753,0.0,19,3,1
mmlu_econometrics,dataset,1,6,posterior_mean,114,0.01,0.1,80.70175438596485,14.035087719298245,62,14.035087719298245,0.06292534455046066,0.1293845399724139,0.0,29,14,1
mmlu_econometrics,dataset,1,6,gaussian_lcb_1.645,114,0.01,0.1,23.684210526315752,5.263157894736836,24,5.263157894736836,0.020291143713735072,0.08743431027210634,0.0,11,4,1
mmlu_econometrics,dataset,1,7,posterior_mean,114,0.01,0.1,85.08771929824545,5.263157894736836,116,5.263157894736836,0.08059459890792547,0.13531228982136898,0.0,48,10,1
mmlu_econometrics,dataset,1,7,gaussian_lcb_1.645,114,0.01,0.1,38.59649122807012,3.508771929824561,56,3.508771929824561,0.02861279254015449,0.08401445459001605,0.0,23,5,1
mmlu_econometrics,dataset,1,8,posterior_mean,114,0.01,0.1,71.05263157894721,3.508771929824561,106,3.508771929824561,0.05403371977702499,0.7760792494556729,3.508771929824561,43,10,1
mmlu_econometrics,dataset,1,8,gaussian_lcb_1.645,114,0.01,0.1,23.684210526315752,3.508771929824561,49,3.508771929824561,0.013907413107166732,0.7437046156652193,0.0,18,2,1
mmlu_econometrics,dataset,1,9,posterior_mean,114,0.01,0.1,66.66666666666653,5.263157894736848,87,5.263157894736848,0.05038587371612874,0.1509296307695809,0.0,39,7,1
mmlu_econometrics,dataset,1,9,gaussian_lcb_1.645,114,0.01,0.1,17.543859649122762,2.631578947368418,31,2.631578947368418,0.007523682500598521,0.11490715091823112,0.0,13,1,1
mmlu_econometrics,dataset,1,10,posterior_mean,114,0.01,0.1,76.31578947368408,5.263157894736836,87,5.263157894736836,0.059961469625980805,0.15366551531525255,0.0,41,11,1
mmlu_econometrics,dataset,1,10,gaussian_lcb_1.645,114,0.01,0.1,31.578947368421005,5.263157894736836,45,5.263157894736836,0.017783249546868617,0.11353920864539446,0.0,20,4,1
mmlu_econometrics,dataset,1,11,posterior_mean,114,0.01,0.1,58.77192982456132,5.263157894736836,64,5.263157894736836,0.04354616235194804,0.1837602453176464,0.0,26,10,1
mmlu_econometrics,dataset,1,11,gaussian_lcb_1.645,114,0.01,0.1,16.666666666666664,2.631578947368418,26,2.631578947368418,0.01094353818268887,0.15526144796689548,0.0,10,2,1
mmlu_econometrics,dataset,1,12,posterior_mean,114,0.01,0.1,59.6491228070173,3.508771929824561,100,3.508771929824561,0.05813754659553336,0.7276312939593954,0.0,45,3,1
mmlu_econometrics,dataset,1,12,gaussian_lcb_1.645,114,0.01,0.1,26.31578947368408,1.7543859649122862,54,1.7543859649122862,0.020975114850153243,0.6959406313053598,0.0,22,0,0
mmlu_econometrics,dataset,1,13,posterior_mean,114,0.01,0.1,59.64912280701742,5.263157894736836,78,5.263157894736836,0.051297835231353284,0.20120150929630773,0.0,32,7,1
mmlu_econometrics,dataset,1,13,gaussian_lcb_1.645,114,0.01,0.1,20.1754385964912,3.508771929824561,32,3.508771929824561,0.01299545159194302,0.17224673118794412,0.0,12,3,1
mmlu_econometrics,dataset,1,14,posterior_mean,114,0.01,0.1,55.263157894736835,7.017543859649122,68,7.017543859649122,0.04696601803403911,0.17144876486212277,0.0,32,9,1
mmlu_econometrics,dataset,1,14,gaussian_lcb_1.645,114,0.01,0.1,23.684210526315784,7.017543859649122,35,7.017543859649122,0.010487557425077407,0.1429499675113715,0.0,15,3,1
mmlu_econometrics,dataset,1,15,posterior_mean,114,0.01,0.1,65.78947368421039,6.140350877192979,76,6.140350877192979,0.04537008538239681,0.14978967887555145,0.0,35,9,1
mmlu_econometrics,dataset,1,15,gaussian_lcb_1.645,114,0.01,0.1,28.070175438596422,3.508771929824561,51,3.508771929824561,0.014591384243584643,0.12357078531285956,0.0,21,2,1
mmlu_econometrics,dataset,1,16,posterior_mean,114,0.01,0.1,59.64912280701745,3.508771929824561,82,3.508771929824561,0.04628204689762077,0.15070164039077522,0.0,37,7,1
mmlu_econometrics,dataset,1,16,gaussian_lcb_1.645,114,0.01,0.1,9.64912280701753,1.754385964912275,26,1.754385964912275,0.009803586288658524,0.1283585832677859,0.0,8,0,0
mmlu_econometrics,dataset,1,17,posterior_mean,114,0.01,0.1,60.52631578947357,2.6315789473684292,83,2.6315789473684292,0.04981589776911391,0.7386888273314869,0.0,36,10,1
mmlu_econometrics,dataset,1,17,gaussian_lcb_1.645,114,0.01,0.1,28.070175438596422,2.631578947368418,49,2.631578947368418,0.014021408296569716,0.7051742416470027,0.0,18,5,1
mmlu_econometrics,dataset,1,18,posterior_mean,114,0.01,0.1,49.99999999999992,3.508771929824561,51,3.508771929824561,0.04240621045791838,0.0730709164073274,0.0,25,10,1
mmlu_econometrics,dataset,1,18,gaussian_lcb_1.645,114,0.01,0.1,21.052631578947334,2.631578947368418,24,2.631578947368418,0.014135403485972683,0.046396042087023796,0.0,11,4,1
mmlu_econometrics,dataset,1,19,posterior_mean,114,0.01,0.1,49.12280701754366,3.508771929824561,80,2.631578947368418,0.6128381382305677,0.6885309439941644,0.0,33,5,1
mmlu_econometrics,dataset,1,19,gaussian_lcb_1.645,114,0.01,0.1,32.45614035087701,1.754385964912275,64,1.754385964912275,0.014477389054181743,0.6664158772499807,0.0,26,0,0
mmlu_econometrics,default,1,0,posterior_mean,114,0.01,0.1,36.842105263157876,3.508771929824561,103,2.6315789473684292,0.6269735417165345,1.8059117905224382,1.754385964912275,33,2,1
mmlu_econometrics,default,1,0,gaussian_lcb_1.645,114,0.01,0.1,9.649122807017518,2.631578947368418,26,1.7543859649122862,0.5841113505010037,2.3266418157153765,1.754385964912275,10,0,0
mmlu_econometrics,default,1,1,posterior_mean,114,0.01,0.1,157.017543859649,23.684210526315784,92,15.789473684210531,2.0603490532699515,2.740786338816502,0.8771929824561431,45,19,1
mmlu_econometrics,default,1,1,gaussian_lcb_1.645,114,0.01,0.1,28.947368421052598,4.385964912280693,38,3.508771929824561,0.5234659097386072,1.2045871664215781,0.8771929824561431,19,4,1
mmlu_econometrics,default,1,2,posterior_mean,114,0.01,0.1,93.85964912280694,7.017543859649122,109,6.140350877192979,0.5920910137592176,2.0647948656566704,0.0,50,15,1
mmlu_econometrics,default,1,2,gaussian_lcb_1.645,114,0.01,0.1,29.824561403508742,6.140350877192979,48,4.385964912280704,0.8768509968879283,2.350694800679411,0.0,20,3,1
mmlu_econometrics,default,1,3,posterior_mean,114,0.01,0.1,44.73684210526313,3.508771929824561,68,3.508771929824561,0.6281134936105685,1.1632069126682831,1.754385964912275,30,5,1
mmlu_econometrics,default,1,3,gaussian_lcb_1.645,114,0.01,0.1,19.298245614035082,3.508771929824561,31,3.508771929824561,0.6520524833852002,1.1871459024429145,1.754385964912275,14,1,1
mmlu_econometrics,default,1,4,posterior_mean,114,0.01,0.1,124.56140350877196,42.10526315789473,109,42.10526315789473,1.1679947106232103,2.7550357374918777,0.0,39,8,1
mmlu_econometrics,default,1,4,gaussian_lcb_1.645,114,0.01,0.1,20.175438596491247,2.631578947368418,36,2.631578947368418,0.7313931352096944,2.717873305746497,0.0,14,4,1
mmlu_econometrics,default,1,5,posterior_mean,114,0.01,0.1,129.82456140350862,18.42105263157895,120,18.42105263157895,0.867731381735689,2.379193598030163,2.631578947368418,53,12,1
mmlu_econometrics,default,1,5,gaussian_lcb_1.645,114,0.01,0.1,24.561403508771885,3.508771929824561,38,3.508771929824561,0.5143462945863656,2.026264491638452,2.631578947368418,14,4,1
mmlu_econometrics,default,1,6,posterior_mean,114,0.01,0.1,133.33333333333343,15.789473684210531,125,15.789473684210531,0.2822520889618467,1.8781847406039458,0.8771929824561431,41,19,1
mmlu_econometrics,default,1,6,gaussian_lcb_1.645,114,0.01,0.1,42.98245614035089,12.28070175438597,44,12.28070175438597,0.5483168610284649,2.1663645794147475,0.8771929824561431,17,8,1
mmlu_econometrics,default,1,7,posterior_mean,114,0.01,0.1,113.1578947368419,14.912280701754376,119,14.912280701754376,0.936584476135105,2.0897598121359255,0.8771929824561431,49,20,1
mmlu_econometrics,default,1,7,gaussian_lcb_1.645,114,0.01,0.1,28.947368421052555,3.508771929824561,50,3.508771929824561,0.5225539482233853,2.0478095824356197,0.8771929824561431,17,6,1
mmlu_econometrics,default,1,8,posterior_mean,114,0.01,0.1,56.140350877192965,5.263157894736848,66,5.263157894736848,0.3431255201030498,1.8959679901508126,0.8771929824561431,22,11,1
mmlu_econometrics,default,1,8,gaussian_lcb_1.645,114,0.01,0.1,21.052631578947356,5.263157894736848,28,5.263157894736848,0.2583130991872135,1.8280268572666212,0.8771929824561431,11,3,1
mmlu_econometrics,default,1,9,posterior_mean,114,0.01,0.1,61.40350877192977,3.508771929824561,76,3.508771929824561,0.5802355140613065,2.2172064338884905,0.0,31,14,1
mmlu_econometrics,default,1,9,gaussian_lcb_1.645,114,0.01,0.1,30.701754385964875,3.508771929824561,43,3.508771929824561,0.41585445094217044,2.053281351526966,0.0,18,4,1
mmlu_econometrics,default,1,10,posterior_mean,114,0.01,0.1,54.385964912280606,5.263157894736836,64,5.263157894736836,0.612382157472952,2.5587360213398997,1.754385964912275,30,6,1
mmlu_econometrics,default,1,10,gaussian_lcb_1.645,114,0.01,0.1,21.052631578947313,4.385964912280693,25,4.385964912280693,0.5560685339078671,2.6702233165760414,1.754385964912275,12,2,1
mmlu_econometrics,default,1,11,posterior_mean,114,0.01,0.1,42.98245614035084,18.421052631578938,53,15.78947368421052,0.7339010293765598,1.9901280165977004,0.8771929824561431,18,2,1
mmlu_econometrics,default,1,11,gaussian_lcb_1.645,114,0.01,0.1,14.0350877192982,2.631578947368418,31,2.631578947368418,0.7017543859649098,2.0047194008412825,0.8771929824561431,12,1,1
mmlu_econometrics,default,1,12,posterior_mean,114,0.01,0.1,187.71929824561403,26.315789473684216,89,26.315789473684216,0.34905326995201164,2.4356212167846545,0.0,38,15,1
mmlu_econometrics,default,1,12,gaussian_lcb_1.645,114,0.01,0.1,18.421052631578927,2.631578947368418,34,2.631578947368418,0.08777629584031443,1.495274899399244,0.0,11,3,1
mmlu_econometrics,default,1,13,posterior_mean,114,0.01,0.1,61.40350877192973,24.561403508771928,82,21.92982456140351,0.6281134936105667,2.2214242558964,0.8771929824561431,31,5,1
mmlu_econometrics,default,1,13,gaussian_lcb_1.645,114,0.01,0.1,11.403508771929783,2.631578947368418,30,2.631578947368418,0.30026332888751855,1.9786145024679953,0.8771929824561431,10,1,1
mmlu_econometrics,default,1,14,posterior_mean,114,0.01,0.1,40.350877192982395,4.385964912280704,75,3.508771929824561,0.2760963487340833,1.6520182848283778,0.8771929824561431,25,6,1
mmlu_econometrics,default,1,14,gaussian_lcb_1.645,114,0.01,0.1,20.17543859649121,3.508771929824561,41,3.508771929824561,0.11581911243345513,1.641530727403302,0.8771929824561431,13,3,1
mmlu_econometrics,default,1,15,posterior_mean,114,0.01,0.1,28.947368421052545,4.385964912280704,82,2.6315789473684292,0.4924592182209899,1.162180955963659,1.754385964912275,27,2,1
mmlu_econometrics,default,1,15,gaussian_lcb_1.645,114,0.01,0.1,14.035087719298167,1.754385964912275,46,1.754385964912275,0.25990903183885483,1.1371020142949975,1.754385964912275,15,0,0
mmlu_econometrics,default,1,16,posterior_mean,114,0.01,0.1,140.3508771929824,18.421052631578938,122,18.421052631578938,1.445003020872517,2.849537749506972,1.754385964912275,38,9,1
mmlu_econometrics,default,1,16,gaussian_lcb_1.645,114,0.01,0.1,38.59649122807017,17.543859649122805,53,15.78947368421052,0.6221857437616128,2.325843849389556,1.754385964912275,19,1,1
mmlu_econometrics,default,1,17,posterior_mean,114,0.01,0.1,42.98245614035081,5.263157894736836,75,3.508771929824561,0.8437923919610556,1.825062982342142,0.0,30,2,1
mmlu_econometrics,default,1,17,gaussian_lcb_1.645,114,0.01,0.1,13.157894736842035,1.754385964912275,29,1.754385964912275,0.7416527022559606,1.6140578867571795,0.0,10,0,0
mmlu_econometrics,default,1,18,posterior_mean,114,0.01,0.1,61.40350877192971,4.385964912280693,115,4.385964912280693,0.6338132530807187,2.6076399575937885,0.8771929824561431,39,6,1
mmlu_econometrics,default,1,18,gaussian_lcb_1.645,114,0.01,0.1,25.438596491228026,2.6315789473684292,54,2.6315789473684292,0.5740797738335439,2.5524662859227343,0.8771929824561431,14,5,1
mmlu_econometrics,default,1,19,posterior_mean,114,0.01,0.1,217.54385964912268,27.192982456140356,103,16.666666666666675,2.0234146119033793,7.932127264229445,2.631578947368418,42,16,1
mmlu_econometrics,default,1,19,gaussian_lcb_1.645,114,0.01,0.1,33.333333333333236,13.157894736842103,39,13.157894736842103,2.816593139769501,4.434526862966382,2.631578947368418,16,2,1
mmlu_electrical_engineering,dataset,1,0,posterior_mean,145,0.01,0.1,88.96551724137942,14.482758620689651,109,13.103448275862062,0.9264455894658049,2.0273924340511735,0.6896551724137945,45,19,1
mmlu_electrical_engineering,dataset,1,0,gaussian_lcb_1.645,145,0.01,0.1,14.482758620689683,2.758620689655178,26,2.0689655172413834,0.47125555995948487,1.7438499141234003,0.6896551724137945,12,4,1
mmlu_electrical_engineering,dataset,1,1,posterior_mean,145,0.01,0.1,82.7586206896553,19.310344827586214,128,19.310344827586214,0.24647905932091443,0.861514070550931,1.379310344827589,53,11,1
mmlu_electrical_engineering,dataset,1,1,gaussian_lcb_1.645,145,0.01,0.1,18.620689655172452,1.379310344827589,41,1.379310344827589,0.23893953406438595,0.8545382481173203,0.6896551724137945,16,0,0
mmlu_electrical_engineering,dataset,1,2,posterior_mean,145,0.01,0.1,120.6896551724138,26.89655172413793,90,16.551724137931036,3.2939974457215806,4.022442418637421,1.379310344827589,31,9,1
mmlu_electrical_engineering,dataset,1,2,gaussian_lcb_1.645,145,0.01,0.1,20.68965517241379,13.103448275862062,27,13.103448275862062,0.20997930153697156,1.9552032412912328,1.379310344827589,7,2,1
mmlu_electrical_engineering,dataset,1,3,posterior_mean,145,0.01,0.1,53.10344827586215,4.137931034482756,75,3.4482758620689724,0.38599550799313087,0.9543136477738146,0.0,35,11,1
mmlu_electrical_engineering,dataset,1,3,gaussian_lcb_1.645,145,0.01,0.1,18.62068965517244,3.4482758620689613,26,3.4482758620689613,0.3034130444356371,1.063249218302726,0.0,11,5,1
mmlu_electrical_engineering,dataset,1,4,posterior_mean,145,0.01,0.1,111.03448275862084,19.3103448275862,161,19.3103448275862,0.7347866296736698,1.664579204650548,1.379310344827589,68,13,1
mmlu_electrical_engineering,dataset,1,4,gaussian_lcb_1.645,145,0.01,0.1,18.620689655172452,2.758620689655178,53,2.0689655172413834,0.673343021975603,1.9113753468093533,1.379310344827589,17,4,1
mmlu_electrical_engineering,dataset,1,5,posterior_mean,145,0.01,0.1,91.7241379310345,12.413793103448278,113,10.344827586206895,1.1696833575549375,2.5794336548200945,0.0,47,23,1
mmlu_electrical_engineering,dataset,1,5,gaussian_lcb_1.645,145,0.01,0.1,35.17241379310345,3.4482758620689724,42,3.4482758620689724,0.9064341392522117,2.472471044171397,0.0,17,11,1
mmlu_electrical_engineering,dataset,1,6,posterior_mean,145,0.01,0.1,66.89655172413798,4.137931034482756,111,2.758620689655178,1.2579733121944796,2.0603690491918782,2.0689655172413834,47,9,1
mmlu_electrical_engineering,dataset,1,6,gaussian_lcb_1.645,145,0.01,0.1,22.758620689655174,2.758620689655167,40,2.758620689655167,0.6105606200731063,1.752869159290087,2.0689655172413834,17,3,1
mmlu_electrical_engineering,dataset,1,7,posterior_mean,145,0.01,0.1,56.5517241379311,16.551724137931036,68,15.172413793103445,0.7832650724446217,1.3573259347337827,1.379310344827589,33,6,1
mmlu_electrical_engineering,dataset,1,7,gaussian_lcb_1.645,145,0.01,0.1,15.862068965517274,3.4482758620689724,25,2.0689655172413834,0.7536706742414241,1.3684590654864133,0.0,12,1,1
mmlu_electrical_engineering,dataset,1,8,posterior_mean,145,0.01,0.1,87.58620689655181,12.413793103448278,84,12.413793103448278,0.7398599550799312,4.561483243052817,0.0,33,16,1
mmlu_electrical_engineering,dataset,1,8,gaussian_lcb_1.645,145,0.01,0.1,42.068965517241416,11.724137931034484,31,11.724137931034484,0.7221033161580127,1.7326815519443353,0.0,15,8,1
mmlu_electrical_engineering,dataset,1,9,posterior_mean,145,0.01,0.1,62.06896551724146,12.413793103448278,97,12.413793103448278,0.5268507508697772,1.6667987845157886,0.6896551724137945,40,7,1
mmlu_electrical_engineering,dataset,1,9,gaussian_lcb_1.645,145,0.01,0.1,29.655172413793164,3.4482758620689724,45,3.4482758620689724,0.5568679261901621,1.704144096534108,0.6896551724137945,20,5,1
mmlu_electrical_engineering,dataset,1,10,posterior_mean,145,0.01,0.1,60.689655172413914,3.4482758620689724,76,3.4482758620689724,0.23844629409433246,0.5118773946360164,0.0,34,18,1
mmlu_electrical_engineering,dataset,1,10,gaussian_lcb_1.645,145,0.01,0.1,15.862068965517274,2.0689655172413834,27,2.0689655172413834,0.1200687012815433,0.4664993173911141,0.0,12,3,1
mmlu_electrical_engineering,dataset,1,11,posterior_mean,145,0.01,0.1,133.10344827586215,27.58620689655172,127,27.58620689655172,0.7271766415642738,1.8844937684414496,4.137931034482756,50,25,1
mmlu_electrical_engineering,dataset,1,11,gaussian_lcb_1.645,145,0.01,0.1,28.965517241379324,4.137931034482756,47,4.137931034482756,0.7292905271502164,2.023023737173559,0.0,18,6,1
mmlu_electrical_engineering,dataset,1,12,posterior_mean,145,0.01,0.1,57.24137931034489,13.103448275862062,80,13.103448275862062,0.8217377901087773,1.7461751882679342,1.379310344827589,31,10,1
mmlu_electrical_engineering,dataset,1,12,gaussian_lcb_1.645,145,0.01,0.1,13.79310344827589,2.758620689655178,26,2.758620689655178,0.8062359624785312,1.7329281719293597,1.379310344827589,10,3,1
mmlu_electrical_engineering,dataset,1,13,posterior_mean,145,0.01,0.1,55.86206896551732,4.137931034482756,57,4.137931034482756,0.76367639934822,1.7831681860219324,0.0,27,16,1
mmlu_electrical_engineering,dataset,1,13,gaussian_lcb_1.645,145,0.01,0.1,21.37931034482763,3.4482758620689724,17,3.4482758620689724,0.3637292464878677,1.7802087462016134,0.0,8,8,1
mmlu_electrical_engineering,dataset,1,14,posterior_mean,145,0.01,0.1,80.0000000000001,4.82758620689655,106,4.137931034482756,0.65861628572687,0.65861628572687,0.6896551724137945,45,21,1
mmlu_electrical_engineering,dataset,1,14,gaussian_lcb_1.645,145,0.01,0.1,17.931034482758655,3.4482758620689724,27,2.758620689655178,0.6730611705641443,0.6730611705641443,0.0,10,5,1
mmlu_electrical_engineering,dataset,1,15,posterior_mean,145,0.01,0.1,88.27586206896561,26.89655172413793,101,26.89655172413793,0.2185053067336069,1.227885674021227,0.6896551724137945,40,10,1
mmlu_electrical_engineering,dataset,1,15,gaussian_lcb_1.645,145,0.01,0.1,14.482758620689683,2.0689655172413834,43,2.0689655172413834,0.17242260096005696,1.23281807372176,0.6896551724137945,13,1,1
mmlu_electrical_engineering,dataset,1,16,posterior_mean,145,0.01,0.1,78.62068965517254,17.931034482758623,97,17.931034482758623,0.5047958779231082,0.5047958779231082,0.0,49,15,1
mmlu_electrical_engineering,dataset,1,16,gaussian_lcb_1.645,145,0.01,0.1,17.24137931034486,2.0689655172413834,41,1.379310344827589,0.5564451490729737,0.5564451490729737,0.6896551724137945,18,0,0
mmlu_electrical_engineering,dataset,1,17,posterior_mean,145,0.01,0.1,46.2068965517242,13.793103448275868,102,13.793103448275868,0.31468710089399815,1.4806006958206714,0.6896551724137945,35,2,1
mmlu_electrical_engineering,dataset,1,17,gaussian_lcb_1.645,145,0.01,0.1,11.034482758620712,2.0689655172413834,39,2.0689655172413834,0.10893557052891199,1.2751310168670449,0.6896551724137945,11,2,1
mmlu_electrical_engineering,dataset,1,18,posterior_mean,145,0.01,0.1,70.34482758620702,4.82758620689655,109,4.137931034482756,1.2045624697229946,1.7640022900427177,0.6896551724137945,45,17,1
mmlu_electrical_engineering,dataset,1,18,gaussian_lcb_1.645,145,0.01,0.1,28.965517241379366,2.758620689655178,42,2.758620689655178,0.866904478795086,1.6163121504381903,0.6896551724137945,19,6,1
mmlu_electrical_engineering,dataset,1,19,posterior_mean,145,0.01,0.1,48.96551724137937,14.482758620689651,87,14.482758620689651,0.5185361342317355,1.6421367860131237,0.6896551724137945,32,3,1
mmlu_electrical_engineering,dataset,1,19,gaussian_lcb_1.645,145,0.01,0.1,2.758620689655178,1.379310344827589,22,1.379310344827589,0.2967190734134856,1.7685471440524947,0.6896551724137945,3,0,0
mmlu_electrical_engineering,default,1,0,posterior_mean,145,0.01,0.1,27.58620689655177,4.137931034482756,46,3.4482758620689724,0.8759941868146391,1.9927951732945794,0.0,20,6,1
mmlu_electrical_engineering,default,1,0,gaussian_lcb_1.645,145,0.01,0.1,17.931034482758655,3.4482758620689724,23,3.4482758620689724,0.8801514951336598,1.9985026643766244,0.6896551724137945,12,4,1
mmlu_electrical_engineering,default,1,1,posterior_mean,145,0.01,0.1,127.58620689655177,22.06896551724138,100,22.06896551724138,1.054828907385388,1.6915664772977483,0.0,43,15,1
mmlu_electrical_engineering,default,1,1,gaussian_lcb_1.645,145,0.01,0.1,53.1034482758621,19.999999999999996,36,19.999999999999996,0.9622407187211003,1.5998238428678373,0.0,16,7,1
mmlu_electrical_engineering,default,1,2,posterior_mean,145,0.01,0.1,17.24137931034486,2.0689655172413834,55,1.379310344827589,0.519381688466112,1.5794600783899226,1.379310344827589,22,0,0
mmlu_electrical_engineering,default,1,2,gaussian_lcb_1.645,145,0.01,0.1,2.758620689655178,0.6896551724137945,13,0.6896551724137945,0.0019729598802131418,1.5753732329237669,1.379310344827589,4,0,0
mmlu_electrical_engineering,default,1,3,posterior_mean,145,0.01,0.1,43.44827586206903,15.172413793103456,71,15.172413793103456,1.0982340247500781,3.085779715506225,1.379310344827589,22,6,1
mmlu_electrical_engineering,default,1,3,gaussian_lcb_1.645,145,0.01,0.1,18.620689655172452,3.4482758620689724,40,3.4482758620689724,1.0959087506055412,3.097124234817451,0.6896551724137945,14,3,1
mmlu_electrical_engineering,default,1,4,posterior_mean,145,0.01,0.1,45.517241379310434,3.4482758620689724,69,3.4482758620689724,0.0940679085744487,0.7915092262297987,0.6896551724137945,26,13,1
mmlu_electrical_engineering,default,1,4,gaussian_lcb_1.645,145,0.01,0.1,16.551724137931068,3.4482758620689724,26,3.4482758620689724,0.007750913815123217,0.7057559342933916,0.0,8,5,1
mmlu_electrical_engineering,default,1,5,posterior_mean,145,0.01,0.1,73.10344827586212,14.482758620689651,79,13.103448275862062,0.9112960760998801,1.785704848725063,0.6896551724137945,33,16,1
mmlu_electrical_engineering,default,1,5,gaussian_lcb_1.645,145,0.01,0.1,42.06896551724141,13.793103448275856,48,11.03448275862069,0.8211036244329933,1.7907781741313256,0.6896551724137945,22,11,1
mmlu_electrical_engineering,default,1,6,posterior_mean,145,0.01,0.1,33.103448275862114,4.137931034482756,73,2.0689655172413723,0.7631831593781659,2.128013387942042,1.379310344827589,32,2,1
mmlu_electrical_engineering,default,1,6,gaussian_lcb_1.645,145,0.01,0.1,13.79310344827589,2.0689655172413834,40,1.379310344827589,0.7014577002686404,2.1201920112740544,1.379310344827589,18,0,0
mmlu_electrical_engineering,default,1,7,posterior_mean,145,0.01,0.1,68.27586206896558,16.551724137931036,85,13.793103448275856,1.6811027436473334,2.6727969348658998,1.379310344827589,40,15,1
mmlu_electrical_engineering,default,1,7,gaussian_lcb_1.645,145,0.01,0.1,32.4137931034483,4.82758620689655,54,4.82758620689655,1.3874135729070332,2.631082925969964,1.379310344827589,23,8,1
mmlu_electrical_engineering,default,1,8,posterior_mean,145,0.01,0.1,95.17241379310349,15.172413793103445,73,13.793103448275856,0.30792266701898263,4.290060333817763,1.379310344827589,34,9,1
mmlu_electrical_engineering,default,1,8,gaussian_lcb_1.645,145,0.01,0.1,23.44827586206898,13.103448275862073,27,11.724137931034484,0.22519927775575876,4.237142731316331,0.6896551724137945,12,2,1
mmlu_electrical_engineering,default,1,9,posterior_mean,145,0.01,0.1,38.62068965517249,2.758620689655178,62,2.758620689655178,1.0170608182498788,2.246567137886995,0.6896551724137945,26,7,1
mmlu_electrical_engineering,default,1,9,gaussian_lcb_1.645,145,0.01,0.1,15.172413793103479,2.758620689655178,25,2.758620689655178,0.8930461972079096,2.122552516845025,0.6896551724137945,10,3,1
mmlu_electrical_engineering,default,1,10,posterior_mean,145,0.01,0.1,46.20689655172418,19.3103448275862,76,19.3103448275862,0.23872814550579177,1.3370326331087332,1.379310344827589,26,4,1
mmlu_electrical_engineering,default,1,10,gaussian_lcb_1.645,145,0.01,0.1,7.586206896551739,2.0689655172413834,30,1.379310344827589,0.2186462324393365,1.382833487470824,1.379310344827589,10,0,0
mmlu_electrical_engineering,default,1,11,posterior_mean,145,0.01,0.1,86.20689655172423,13.793103448275868,90,13.793103448275868,1.112185669617299,1.4999075175056151,1.379310344827589,37,13,1
mmlu_electrical_engineering,default,1,11,gaussian_lcb_1.645,145,0.01,0.1,55.1724137931035,13.793103448275868,51,13.793103448275868,1.1197956577266923,1.5076584313207382,1.379310344827589,21,6,1
mmlu_electrical_engineering,default,1,12,posterior_mean,145,0.01,0.1,112.41379310344838,22.06896551724138,125,18.620689655172406,1.3206852512441098,5.1020742502312215,2.0689655172413834,56,14,1
mmlu_electrical_engineering,default,1,12,gaussian_lcb_1.645,145,0.01,0.1,40.68965517241383,21.379310344827584,53,18.620689655172406,0.6922270665433577,1.3580305632624305,1.379310344827589,24,3,1
mmlu_electrical_engineering,default,1,13,posterior_mean,145,0.01,0.1,113.79310344827593,25.51724137931034,83,15.172413793103445,1.6233232042982328,2.6045888932928167,0.0,30,20,1
mmlu_electrical_engineering,default,1,13,gaussian_lcb_1.645,145,0.01,0.1,26.206896551724157,12.413793103448267,38,12.413793103448267,0.21392522129739744,1.2270401197868506,0.0,9,5,1
mmlu_electrical_engineering,default,1,14,posterior_mean,145,0.01,0.1,278.62068965517255,26.206896551724135,119,26.206896551724135,2.348667811688024,5.901827630246211,1.379310344827589,52,31,1
mmlu_electrical_engineering,default,1,14,gaussian_lcb_1.645,145,0.01,0.1,18.620689655172427,6.896551724137934,24,4.137931034482756,1.7283128550667188,5.818258686748607,1.379310344827589,11,3,1
mmlu_electrical_engineering,default,1,15,posterior_mean,145,0.01,0.1,66.89655172413799,10.344827586206895,89,10.344827586206895,0.6646760910732373,1.3182190513938425,0.6896551724137945,34,16,1
mmlu_electrical_engineering,default,1,15,gaussian_lcb_1.645,145,0.01,0.1,48.27586206896554,10.344827586206895,48,10.344827586206895,0.6518518518518518,1.3059585149953752,0.6896551724137945,18,8,1
mmlu_electrical_engineering,default,1,16,posterior_mean,145,0.01,0.1,73.10344827586216,15.86206896551724,90,13.103448275862062,0.8244858413705042,1.874628969040383,0.6896551724137945,37,11,1
mmlu_electrical_engineering,default,1,16,gaussian_lcb_1.645,145,0.01,0.1,14.482758620689683,2.0689655172413834,35,2.0689655172413834,0.49302858149469414,1.8055753732329234,0.6896551724137945,11,2,1
mmlu_electrical_engineering,default,1,17,posterior_mean,145,0.01,0.1,131.72413793103453,19.3103448275862,88,19.3103448275862,1.6342449464922724,2.5343021975602227,0.0,38,23,1
mmlu_electrical_engineering,default,1,17,gaussian_lcb_1.645,145,0.01,0.1,36.55172413793104,15.172413793103445,17,15.172413793103445,1.5975338001497346,2.51365658167085,0.0,8,4,1
mmlu_electrical_engineering,default,1,18,posterior_mean,145,0.01,0.1,51.72413793103452,18.620689655172416,57,17.24137931034483,0.9499801823226334,1.225525168450258,1.379310344827589,23,5,1
mmlu_electrical_engineering,default,1,18,gaussian_lcb_1.645,145,0.01,0.1,13.103448275862096,2.758620689655178,32,2.0689655172413834,0.9046021050777314,1.2631523318800373,2.758620689655178,12,2,1
mmlu_electrical_engineering,default,1,19,posterior_mean,145,0.01,0.1,51.03448275862076,13.103448275862062,85,13.103448275862062,0.9979653851235304,1.8732197119830871,2.0689655172413834,35,6,1
mmlu_electrical_engineering,default,1,19,gaussian_lcb_1.645,145,0.01,0.1,26.89655172413795,13.103448275862062,36,13.103448275862062,0.6181001453296355,2.0381027876866145,2.0689655172413834,15,1,1
mmlu_elementary_mathematics,dataset,1,0,posterior_mean,378,0.01,0.1,88.88888888888883,2.645502645502651,110,2.645502645502651,0.05723368451175586,0.25465879081399534,0.0,54,12,1
mmlu_elementary_mathematics,dataset,1,0,gaussian_lcb_1.645,378,0.01,0.1,44.17989417989418,2.1164021164021163,68,2.1164021164021163,0.019451157997111317,0.21870110641421836,0.0,33,2,1
mmlu_elementary_mathematics,dataset,1,1,posterior_mean,378,0.01,0.1,114.81481481481488,3.9682539682539764,118,3.9682539682539764,0.051095579216292555,0.20246415896033929,0.0,58,22,1
mmlu_elementary_mathematics,dataset,1,1,gaussian_lcb_1.645,378,0.01,0.1,13.227513227513244,2.64550264550264,30,2.64550264550264,0.008481368465691468,0.16047205347617033,0.0,14,2,1
mmlu_elementary_mathematics,dataset,1,2,posterior_mean,378,0.01,0.1,126.71957671957692,4.232804232804233,128,4.232804232804233,0.060012421368486314,0.35432005449642323,0.0,63,30,1
mmlu_elementary_mathematics,dataset,1,2,gaussian_lcb_1.645,378,0.01,0.1,19.841269841269906,2.645502645502651,34,2.645502645502651,0.008522842150120155,0.3030585805424156,0.0,16,3,1
mmlu_elementary_mathematics,dataset,1,3,posterior_mean,378,0.01,0.1,105.29100529100535,3.9682539682539764,95,3.9682539682539764,0.03969031599837003,0.07913178989016767,0.0,47,24,1
mmlu_elementary_mathematics,dataset,1,3,gaussian_lcb_1.645,378,0.01,0.1,11.375661375661373,2.3809523809523836,15,2.3809523809523836,0.006926105299611085,0.04968547394571346,0.0,7,1,1
mmlu_elementary_mathematics,dataset,1,4,posterior_mean,378,0.01,0.1,113.7566137566139,4.232804232804233,128,4.232804232804233,0.05470378976159839,0.17372289565117388,0.0,63,21,1
mmlu_elementary_mathematics,dataset,1,4,gaussian_lcb_1.645,378,0.01,0.1,37.830687830687914,2.645502645502651,60,2.645502645502651,0.015303789554230403,0.13465468491923635,0.0,29,6,1
mmlu_elementary_mathematics,dataset,1,5,posterior_mean,378,0.01,0.1,159.52380952380966,4.4973544973545,136,4.4973544973545,0.06204463190549708,0.15014510605339523,0.0,67,34,1
mmlu_elementary_mathematics,dataset,1,5,gaussian_lcb_1.645,378,0.01,0.1,21.693121693121732,3.703703703703709,18,3.703703703703709,0.005764842135604763,0.09479847418315111,0.0,8,4,1
mmlu_elementary_mathematics,dataset,1,6,posterior_mean,378,0.01,0.1,113.75661375661394,3.9682539682539764,117,3.9682539682539764,0.037398894933678414,0.06614015824284325,0.0,58,25,1
mmlu_elementary_mathematics,dataset,1,6,gaussian_lcb_1.645,378,0.01,0.1,12.698412698412731,3.4391534391534417,21,3.4391534391534417,0.0024365789601925557,0.03233910543336406,0.0,10,4,1
mmlu_elementary_mathematics,dataset,1,7,posterior_mean,378,0.01,0.1,97.35449735449765,5.291005291005291,136,5.291005291005291,0.0672703161435293,0.5095042132079182,0.0,67,13,1
mmlu_elementary_mathematics,dataset,1,7,gaussian_lcb_1.645,378,0.01,0.1,37.56613756613775,2.645502645502651,72,2.645502645502651,0.02023915800125865,0.46786463404139267,0.0,35,2,1
mmlu_elementary_mathematics,dataset,1,8,posterior_mean,378,0.01,0.1,101.32275132275133,3.9682539682539764,125,3.9682539682539764,0.03721226335374843,0.3329300017522659,0.0,62,23,1
mmlu_elementary_mathematics,dataset,1,8,gaussian_lcb_1.645,378,0.01,0.1,11.904761904761862,2.1164021164021163,25,2.1164021164021163,0.006521736876430177,0.3027993700147366,0.0,12,1,1
mmlu_elementary_mathematics,dataset,1,9,posterior_mean,378,0.01,0.1,114.81481481481511,3.9682539682539764,147,3.9682539682539764,0.0578350529359739,0.3440449491791837,0.0,73,20,1
mmlu_elementary_mathematics,dataset,1,9,gaussian_lcb_1.645,378,0.01,0.1,34.39153439153449,3.4391534391534417,53,3.4391534391534417,0.014391368496796519,0.303089685805735,0.0,26,7,1
mmlu_elementary_mathematics,dataset,1,10,posterior_mean,378,0.01,0.1,122.2222222222223,3.9682539682539764,145,3.9682539682539764,0.039317052838511474,0.09551389523954805,0.0,72,37,1
mmlu_elementary_mathematics,dataset,1,10,gaussian_lcb_1.645,378,0.01,0.1,10.052910052910036,2.1164021164021163,15,2.1164021164021163,0.0050183158158859445,0.062044631905498734,0.0,7,4,1
mmlu_elementary_mathematics,dataset,1,11,posterior_mean,378,0.01,0.1,87.56613756613773,3.703703703703709,101,3.703703703703709,0.04820278972738407,0.10207710580040696,0.0,50,19,1
mmlu_elementary_mathematics,dataset,1,11,gaussian_lcb_1.645,378,0.01,0.1,39.94708994709003,3.4391534391534417,65,3.4391534391534417,0.011498579007887016,0.06935436878607557,0.0,32,4,1
mmlu_elementary_mathematics,dataset,1,12,posterior_mean,378,0.01,0.1,110.58201058201071,4.232804232804233,116,4.232804232804233,0.054268316075096586,0.125934842768079,0.0,57,29,1
mmlu_elementary_mathematics,dataset,1,12,gaussian_lcb_1.645,378,0.01,0.1,25.661375661375697,4.232804232804233,30,4.232804232804233,0.009974421105128537,0.081952000431327,0.0,14,6,1
mmlu_elementary_mathematics,dataset,1,13,posterior_mean,378,0.01,0.1,135.18518518518545,5.820105820105825,135,5.820105820105825,0.04224094759074143,0.1156493690297331,0.0,67,30,1
mmlu_elementary_mathematics,dataset,1,13,gaussian_lcb_1.645,378,0.01,0.1,11.375661375661405,1.5873015873015928,19,1.5873015873015928,0.0036704210719496304,0.07906957936352414,0.0,9,0,0
mmlu_elementary_mathematics,dataset,1,14,posterior_mean,378,0.01,0.1,147.6190476190477,3.703703703703709,152,3.703703703703709,0.048586421308350225,0.30980842268320563,0.0,75,32,1
mmlu_elementary_mathematics,dataset,1,14,gaussian_lcb_1.645,378,0.01,0.1,11.64021164021165,2.910052910052907,20,2.910052910052907,0.006698000035252556,0.2695374751028315,0.0,9,1,1
mmlu_elementary_mathematics,dataset,1,15,posterior_mean,378,0.01,0.1,121.69312169312198,3.4391534391534417,131,3.4391534391534417,0.05617610555882119,0.09242410574960011,0.0,65,34,1
mmlu_elementary_mathematics,dataset,1,15,gaussian_lcb_1.645,378,0.01,0.1,18.253968253968324,2.910052910052918,27,2.910052910052918,0.007859263199258715,0.05057715816093182,0.0,13,2,1
mmlu_elementary_mathematics,dataset,1,16,posterior_mean,378,0.01,0.1,117.72486772486783,3.9682539682539653,120,3.9682539682539653,0.0570470529318258,0.3155421595554869,0.0,59,30,1
mmlu_elementary_mathematics,dataset,1,16,gaussian_lcb_1.645,378,0.01,0.1,20.105820105820126,3.4391534391534417,24,3.4391534391534417,0.005910000031105639,0.2654626856077014,0.0,11,6,1
mmlu_elementary_mathematics,dataset,1,17,posterior_mean,378,0.01,0.1,113.49206349206366,3.1746031746031744,122,3.1746031746031744,0.041909158115310555,0.23384936965183953,0.0,60,27,1
mmlu_elementary_mathematics,dataset,1,17,gaussian_lcb_1.645,378,0.01,0.1,11.375661375661416,1.3227513227513255,30,1.3227513227513255,0.004810947393741771,0.19778800104099092,0.0,14,0,0
mmlu_elementary_mathematics,dataset,1,18,posterior_mean,378,0.01,0.1,125.92592592592591,5.555555555555558,130,5.291005291005291,0.12832994804384315,0.2810982646373622,0.0,64,26,1
mmlu_elementary_mathematics,dataset,1,18,gaussian_lcb_1.645,378,0.01,0.1,17.724867724867742,2.910052910052907,28,2.910052910052907,0.004334000022810259,0.2322422643802246,0.0,13,3,1
mmlu_elementary_mathematics,dataset,1,19,posterior_mean,378,0.01,0.1,117.46031746031784,2.910052910052918,191,2.910052910052918,0.06422200033801197,0.5590445292581314,0.0,89,16,1
mmlu_elementary_mathematics,dataset,1,19,gaussian_lcb_1.645,378,0.01,0.1,43.65079365079379,2.3809523809523836,83,2.3809523809523836,0.015262315869801316,0.5113497921649995,0.0,37,5,1
mmlu_elementary_mathematics,default,1,0,posterior_mean,378,0.01,0.1,207.9365079365081,4.232804232804233,267,3.9682539682539764,0.2497960013147167,0.5945045294447616,0.0,130,51,1
mmlu_elementary_mathematics,default,1,0,gaussian_lcb_1.645,378,0.01,0.1,30.95238095238104,3.1746031746031744,54,3.1746031746031744,0.057441052933900665,0.43947589704987405,0.0,24,8,1
mmlu_elementary_mathematics,default,1,1,posterior_mean,378,0.01,0.1,207.14285714285728,4.232804232804233,293,3.9682539682539764,0.6865035299289675,0.8273066885647736,0.0,136,32,1
mmlu_elementary_mathematics,default,1,1,gaussian_lcb_1.645,378,0.01,0.1,75.39682539682548,3.703703703703709,136,3.1746031746031744,0.6721121614321708,0.8131019516479066,0.0,60,12,1
mmlu_elementary_mathematics,default,1,2,posterior_mean,378,0.01,0.1,243.65079365079384,4.761904761904756,315,3.9682539682539764,0.3815164230606136,0.6402707402119531,0.0,150,50,1
mmlu_elementary_mathematics,default,1,2,gaussian_lcb_1.645,378,0.01,0.1,73.80952380952382,3.1746031746031744,108,3.1746031746031744,0.4184280022022524,0.6806246351611829,0.0,50,12,1
mmlu_elementary_mathematics,default,1,3,posterior_mean,378,0.01,0.1,227.51322751322783,5.820105820105825,219,5.820105820105825,0.2453997907652629,0.3901740546851276,0.0,109,58,1
mmlu_elementary_mathematics,default,1,3,gaussian_lcb_1.645,378,0.01,0.1,49.20634920634929,2.910052910052918,72,2.645502645502651,0.1759313693470082,0.3284197385706314,0.0,36,14,1
mmlu_elementary_mathematics,default,1,4,posterior_mean,378,0.01,0.1,273.2804232804237,4.4973544973545,330,3.703703703703709,0.7068463721412985,0.7457383197144144,0.0,160,62,1
mmlu_elementary_mathematics,default,1,4,gaussian_lcb_1.645,378,0.01,0.1,67.72486772486792,4.232804232804233,110,3.703703703703709,0.5032727921224893,0.7431876881220432,0.0,53,5,1
mmlu_elementary_mathematics,default,1,5,posterior_mean,378,0.01,0.1,193.3862433862431,4.761904761904767,284,4.232804232804233,0.45754805503972734,0.7933812147020088,0.0,128,31,1
mmlu_elementary_mathematics,default,1,5,gaussian_lcb_1.645,378,0.01,0.1,34.65608465608459,2.910052910052907,107,2.910052910052907,0.24527536971197564,0.74253447759229,0.0,38,1,1
mmlu_elementary_mathematics,default,1,6,posterior_mean,378,0.01,0.1,223.01587301587315,4.4973544973545,241,4.4973544973545,0.3199487385260456,0.6178023716726447,0.0,109,61,1
mmlu_elementary_mathematics,default,1,6,gaussian_lcb_1.645,378,0.01,0.1,45.50264550264558,3.1746031746031744,60,3.1746031746031744,0.10287547422566076,0.49545500260765984,0.0,28,9,1
mmlu_elementary_mathematics,default,1,7,posterior_mean,378,0.01,0.1,251.85185185185225,5.820105820105825,289,4.761904761904767,0.5127598974355794,0.6442625823382255,0.0,135,64,1
mmlu_elementary_mathematics,default,1,7,gaussian_lcb_1.645,378,0.01,0.1,100.79365079365101,4.4973544973545,101,4.4973544973545,0.381661580956115,0.5222884764330991,0.0,50,32,1
mmlu_elementary_mathematics,default,1,8,posterior_mean,378,0.01,0.1,253.43915343915384,21.693121693121693,280,21.693121693121693,0.633220213859054,0.6886497930981571,0.0,133,49,1
mmlu_elementary_mathematics,default,1,8,gaussian_lcb_1.645,378,0.01,0.1,65.34391534391541,3.703703703703709,91,2.910052910052918,0.3836315809664822,0.6027163189616654,0.0,41,15,1
mmlu_elementary_mathematics,default,1,9,posterior_mean,378,0.01,0.1,324.8677248677251,38.62433862433862,405,36.77248677248677,0.6858192141358901,0.8925447941712891,0.0,195,38,1
mmlu_elementary_mathematics,default,1,9,gaussian_lcb_1.645,378,0.01,0.1,158.4656084656085,32.53968253968254,183,32.53968253968254,0.7937337410196508,1.0011643736903395,0.0,85,13,1
mmlu_elementary_mathematics,default,1,10,posterior_mean,378,0.01,0.1,202.91005291005288,3.9682539682539764,294,3.9682539682539764,0.2601644224219192,0.6429043191731836,0.0,137,41,1
mmlu_elementary_mathematics,default,1,10,gaussian_lcb_1.645,378,0.01,0.1,33.06878306878316,3.1746031746031744,85,3.1746031746031744,0.13271579017218837,0.6284714769919572,0.0,39,3,1
mmlu_elementary_mathematics,default,1,11,posterior_mean,378,0.01,0.1,279.8941798941796,30.423280423280417,397,29.894179894179896,0.2551461066060291,0.9274345311970245,0.0,189,47,1
mmlu_elementary_mathematics,default,1,11,gaussian_lcb_1.645,378,0.01,0.1,58.201058201058146,2.645502645502651,112,2.3809523809523725,0.07080594774108398,0.8612840045330773,0.0,54,10,1
mmlu_elementary_mathematics,default,1,12,posterior_mean,378,0.01,0.1,205.82010582010585,21.42857142857142,275,21.42857142857142,0.4098740547888106,0.7041816879167463,0.0,131,33,1
mmlu_elementary_mathematics,default,1,12,gaussian_lcb_1.645,378,0.01,0.1,49.999999999999936,4.4973544973545,91,3.1746031746031744,0.2907823699514876,0.6286373717296723,0.0,43,5,1
mmlu_elementary_mathematics,default,1,13,posterior_mean,378,0.01,0.1,241.26984126984138,25.13227513227514,295,25.13227513227514,0.46380021296736906,0.8025780042240969,0.0,145,53,1
mmlu_elementary_mathematics,default,1,13,gaussian_lcb_1.645,378,0.01,0.1,76.71957671957678,4.232804232804233,114,4.232804232804233,0.21470926428794349,0.7147782142883089,0.0,52,13,1
mmlu_elementary_mathematics,default,1,14,posterior_mean,378,0.01,0.1,165.6084656084658,3.9682539682539764,293,3.9682539682539764,0.3397109491563757,0.8306245833190795,0.0,124,35,1
mmlu_elementary_mathematics,default,1,14,gaussian_lcb_1.645,378,0.01,0.1,41.00529100529112,2.910052910052918,107,2.910052910052918,0.15932115873327007,0.8110490042686803,0.0,45,6,1
mmlu_elementary_mathematics,default,1,15,posterior_mean,378,0.01,0.1,300.79365079365095,30.158730158730158,307,30.158730158730158,0.4268056864568731,0.49524763418551515,0.0,150,69,1
mmlu_elementary_mathematics,default,1,15,gaussian_lcb_1.645,378,0.01,0.1,95.50264550264549,4.4973544973545,119,3.703703703703698,0.23488621176255928,0.3566322124033278,0.0,58,25,1
mmlu_elementary_mathematics,default,1,16,posterior_mean,378,0.01,0.1,219.84126984127022,5.820105820105825,247,5.820105820105825,0.4502175813169365,0.6442314770749042,0.0,116,53,1
mmlu_elementary_mathematics,default,1,16,gaussian_lcb_1.645,378,0.01,0.1,57.142857142857274,3.9682539682539764,98,3.9682539682539764,0.36274958085657716,0.5691226345743301,0.0,40,12,1
mmlu_elementary_mathematics,default,1,17,posterior_mean,378,0.01,0.1,223.80952380952408,3.4391534391534417,389,3.4391534391534417,0.24886284341506773,1.3085673226766723,0.0,179,30,1
mmlu_elementary_mathematics,default,1,17,gaussian_lcb_1.645,378,0.01,0.1,62.69841269841287,3.4391534391534417,133,3.4391534391534417,0.05196652658929828,1.1888950062573447,0.0,61,3,1
mmlu_elementary_mathematics,default,1,18,posterior_mean,378,0.01,0.1,213.49206349206335,24.074074074074076,311,24.074074074074076,0.3639523177050119,1.0454686370814161,0.0,135,35,1
mmlu_elementary_mathematics,default,1,18,gaussian_lcb_1.645,378,0.01,0.1,86.77248677248669,21.164021164021168,143,21.164021164021168,0.23519726439577593,1.0185936895715495,0.0,64,11,1
mmlu_elementary_mathematics,default,1,19,posterior_mean,378,0.01,0.1,313.2275132275138,5.820105820105825,348,4.761904761904767,0.5391578975745164,0.7063072142437233,0.0,166,69,1
mmlu_elementary_mathematics,default,1,19,gaussian_lcb_1.645,378,0.01,0.1,60.05291005291018,3.9682539682539764,93,3.4391534391534417,0.42097863379462486,0.7142494248118396,0.0,38,12,1
mmlu_formal_logic,dataset,1,0,posterior_mean,126,0.01,0.1,119.04761904761894,15.873015873015872,60,15.873015873015872,0.07278631617255957,0.8664371098233605,0.7936507936508019,25,22,1
mmlu_formal_logic,dataset,1,0,gaussian_lcb_1.645,126,0.01,0.1,32.5396825396825,5.5555555555555465,22,5.5555555555555465,0.01362410533486313,0.8072748989856642,0.7936507936508019,7,7,1
mmlu_formal_logic,dataset,1,1,posterior_mean,126,0.01,0.1,108.73015873015865,18.25396825396825,63,18.25396825396825,0.3483478439386703,1.7557365881880969,0.7936507936508019,30,18,1
mmlu_formal_logic,dataset,1,1,gaussian_lcb_1.645,126,0.01,0.1,22.2222222222222,4.761904761904756,24,3.9682539682539653,0.1992292115748898,1.6799641667366645,0.7936507936508019,11,5,1
mmlu_formal_logic,dataset,1,2,posterior_mean,126,0.01,0.1,96.82539682539674,10.317460317460315,72,10.317460317460315,0.07166652669298261,0.8739956888105117,0.7936507936508019,31,20,1
mmlu_formal_logic,dataset,1,2,gaussian_lcb_1.645,126,0.01,0.1,10.317460317460302,3.1746031746031744,20,3.1746031746031744,0.0315407370081089,0.8349896886052158,0.7936507936508019,7,2,1
mmlu_formal_logic,dataset,1,3,posterior_mean,126,0.01,0.1,111.90476190476201,15.873015873015872,84,12.698412698412698,1.392924796804868,1.751724009219605,0.0,36,20,1
mmlu_formal_logic,dataset,1,3,gaussian_lcb_1.645,126,0.01,0.1,17.460317460317487,6.349206349206349,18,3.9682539682539764,1.3638102703358435,1.7239159038100875,0.0,7,4,1
mmlu_formal_logic,dataset,1,4,posterior_mean,126,0.01,0.1,123.809523809524,15.07936507936508,69,15.07936507936508,0.0668141056148127,0.08221121095900814,0.0,34,19,1
mmlu_formal_logic,dataset,1,4,gaussian_lcb_1.645,126,0.01,0.1,21.42857142857151,7.936507936507942,23,7.936507936507942,0.30308968580573825,0.3199798437893708,0.0,11,3,1
mmlu_formal_logic,dataset,1,5,posterior_mean,126,0.01,0.1,150.79365079365084,20.634920634920633,70,15.079365079365086,2.7070910668794292,4.19118539047993,0.0,29,19,1
mmlu_formal_logic,dataset,1,5,gaussian_lcb_1.645,126,0.01,0.1,23.809523809523803,8.73015873015872,34,8.73015873015872,2.144023590231705,3.976559073560842,0.0,12,3,1
mmlu_formal_logic,dataset,1,6,posterior_mean,126,0.01,0.1,139.68253968253956,15.07936507936507,84,14.28571428571428,0.5632541082276514,1.3787407967302256,0.7936507936508019,36,28,1
mmlu_formal_logic,dataset,1,6,gaussian_lcb_1.645,126,0.01,0.1,53.17460317460313,6.349206349206349,40,6.349206349206349,0.38782042309379094,2.5617050661142513,0.7936507936508019,15,8,1
mmlu_formal_logic,dataset,1,7,posterior_mean,126,0.01,0.1,144.44444444444437,19.84126984126984,94,19.84126984126984,1.3710889019530994,2.219609380103223,0.7936507936508019,33,21,1
mmlu_formal_logic,dataset,1,7,gaussian_lcb_1.645,126,0.01,0.1,29.36507936507934,4.761904761904756,48,4.761904761904756,1.332082901747804,2.1843360114965202,0.7936507936508019,14,7,1
mmlu_formal_logic,dataset,1,8,posterior_mean,126,0.01,0.1,123.80952380952368,11.904761904761907,100,11.904761904761907,0.15966331662980665,1.6044716926551275,0.7936507936508019,44,25,1
mmlu_formal_logic,dataset,1,8,gaussian_lcb_1.645,126,0.01,0.1,38.88888888888881,4.761904761904756,59,4.761904761904756,0.9698310051043746,2.4445004339184364,0.7936507936508019,25,6,1
mmlu_formal_logic,dataset,1,9,posterior_mean,126,0.01,0.1,149.20634920634913,20.634920634920633,99,19.04761904761905,1.3958175862937745,2.558439013465478,0.7936507936508019,38,25,1
mmlu_formal_logic,dataset,1,9,gaussian_lcb_1.645,126,0.01,0.1,17.46031746031743,3.1746031746031744,35,3.1746031746031744,1.010610005319001,2.5018896447467966,0.7936507936508019,12,1,1
mmlu_formal_logic,dataset,1,10,posterior_mean,126,0.01,0.1,91.26984126984128,11.111111111111116,48,11.111111111111116,0.3117680542724652,0.6549835297630762,0.0,19,15,1
mmlu_formal_logic,dataset,1,10,gaussian_lcb_1.645,126,0.01,0.1,16.666666666666664,3.9682539682539764,20,3.9682539682539764,0.023142315911274882,0.6000205294737971,0.0,7,4,1
mmlu_formal_logic,dataset,1,11,posterior_mean,126,0.01,0.1,149.20634920634905,19.841269841269842,94,17.46031746031746,1.0738781109151487,2.1801368009481026,0.7936507936508019,45,26,1
mmlu_formal_logic,dataset,1,11,gaussian_lcb_1.645,126,0.01,0.1,46.82539682539676,4.761904761904756,40,4.761904761904756,0.04199210548416903,2.072823642488562,0.7936507936508019,18,10,1
mmlu_formal_logic,dataset,1,12,posterior_mean,126,0.01,0.1,47.61904761904761,6.349206349206349,63,5.5555555555555465,0.370650317740268,1.8782602204119059,0.0,27,7,1
mmlu_formal_logic,dataset,1,12,gaussian_lcb_1.645,126,0.01,0.1,6.349206349206327,2.3809523809523725,11,2.3809523809523725,0.04777768446198758,1.8623965361178858,0.0,4,1,1
mmlu_formal_logic,dataset,1,13,posterior_mean,126,0.01,0.1,101.58730158730162,15.07936507936508,80,14.28571428571428,0.7482993197278943,0.814926793762776,0.0,33,20,1
mmlu_formal_logic,dataset,1,13,gaussian_lcb_1.645,126,0.01,0.1,52.38095238095239,7.14285714285714,43,7.14285714285714,0.36477142297248044,0.7901047936321334,0.0,17,11,1
mmlu_formal_logic,dataset,1,14,posterior_mean,126,0.01,0.1,82.53968253968256,7.14285714285714,49,7.14285714285714,0.05309668448998224,0.4508085813200486,0.0,24,14,1
mmlu_formal_logic,dataset,1,14,gaussian_lcb_1.645,126,0.01,0.1,11.90476190476193,3.9682539682539764,11,3.9682539682539764,0.002706157908979574,0.4034041600179202,0.0,5,3,1
mmlu_formal_logic,dataset,1,15,posterior_mean,126,0.01,0.1,180.95238095238076,29.36507936507936,81,29.36507936507936,0.09928800052256621,0.8929387941733672,0.7936507936508019,34,25,1
mmlu_formal_logic,dataset,1,15,gaussian_lcb_1.645,126,0.01,0.1,15.873015873015838,7.9365079365079305,26,7.9365079365079305,0.04236536864402805,0.8360161622948291,0.7936507936508019,5,3,1
mmlu_formal_logic,dataset,1,16,posterior_mean,126,0.01,0.1,59.52380952380959,14.28571428571428,33,14.28571428571428,0.040779000214626,0.3609454755839263,0.0,16,11,1
mmlu_formal_logic,dataset,1,16,gaussian_lcb_1.645,126,0.01,0.1,9.523809523809568,3.9682539682539764,13,3.9682539682539764,0.014463947444547055,0.3351903175536362,0.0,6,1,1
mmlu_formal_logic,dataset,1,17,posterior_mean,126,0.01,0.1,100.00000000000013,10.317460317460325,59,7.936507936507942,0.9759898472420535,1.024980636973584,0.0,29,23,1
mmlu_formal_logic,dataset,1,17,gaussian_lcb_1.645,126,0.01,0.1,27.777777777777835,3.9682539682539764,27,3.9682539682539764,0.9330645838582359,0.9837350578091331,0.0,13,10,1
mmlu_formal_logic,dataset,1,18,posterior_mean,126,0.01,0.1,151.58730158730157,19.04761904761905,77,19.04761904761905,0.15117157974300838,1.5291658501535177,0.7936507936508019,36,23,1
mmlu_formal_logic,dataset,1,18,gaussian_lcb_1.645,126,0.01,0.1,16.66666666666665,6.349206349206349,21,6.349206349206349,0.00615884213767798,2.3349476964997384,0.7936507936508019,7,2,1
mmlu_formal_logic,dataset,1,19,posterior_mean,126,0.01,0.1,176.1904761904763,26.190476190476186,104,22.22222222222222,1.8961768520851363,2.362009275589524,0.0,48,23,1
mmlu_formal_logic,dataset,1,19,gaussian_lcb_1.645,126,0.01,0.1,43.650793650793695,8.73015873015872,44,4.761904761904756,1.864636115077028,2.3355075912395167,0.0,21,11,1
mmlu_formal_logic,default,1,0,posterior_mean,126,0.01,0.1,98.41269841269835,15.07936507936507,65,15.07936507936507,1.0587609529408442,3.6702966508963026,0.7936507936508019,24,14,1
mmlu_formal_logic,default,1,0,gaussian_lcb_1.645,126,0.01,0.1,26.19047619047614,6.349206349206349,36,6.349206349206349,1.0464432686654876,3.6600319140001707,2.3809523809523836,11,3,1
mmlu_formal_logic,default,1,1,posterior_mean,126,0.01,0.1,150.79365079365078,28.571428571428577,82,28.571428571428577,2.1535418008081124,3.553558597650308,1.5873015873015928,33,22,1
mmlu_formal_logic,default,1,1,gaussian_lcb_1.645,126,0.01,0.1,71.42857142857142,8.73015873015872,47,8.73015873015872,1.7541502197586833,3.401640491587582,1.5873015873015928,20,16,1
mmlu_formal_logic,default,1,2,posterior_mean,126,0.01,0.1,151.58730158730157,23.015873015873012,54,23.015873015873012,0.5718391609044152,2.527271539617226,1.5873015873015928,21,15,1
mmlu_formal_logic,default,1,2,gaussian_lcb_1.645,126,0.01,0.1,65.07936507936508,20.634920634920633,26,20.634920634920633,0.5388053712568699,2.49461101312954,1.5873015873015928,8,5,1
mmlu_formal_logic,default,1,3,posterior_mean,126,0.01,0.1,146.82539682539678,15.873015873015872,79,11.904761904761907,3.117493911144713,4.6750277614475175,0.0,35,24,1
mmlu_formal_logic,default,1,3,gaussian_lcb_1.645,126,0.01,0.1,65.07936507936505,15.079365079365076,43,11.111111111111105,3.1061093847690047,4.6705486035292045,0.0,17,11,1
mmlu_formal_logic,default,1,4,posterior_mean,126,0.01,0.1,125.39682539682539,24.603174603174605,78,24.603174603174605,0.6470516876160618,1.6337728507040752,1.5873015873015928,37,22,1
mmlu_formal_logic,default,1,4,gaussian_lcb_1.645,126,0.01,0.1,30.15873015873014,4.761904761904756,35,3.9682539682539653,0.4648992656047331,1.6007390610565295,1.5873015873015928,17,7,1
mmlu_formal_logic,default,1,5,posterior_mean,126,0.01,0.1,120.63492063492056,15.873015873015872,59,15.873015873015872,1.600179166316729,2.3938299599675297,0.7936507936508019,30,21,1
mmlu_formal_logic,default,1,5,gaussian_lcb_1.645,126,0.01,0.1,38.09523809523808,8.73015873015872,28,7.14285714285714,1.277493164618383,2.0711439582691855,0.7936507936508019,14,10,1
mmlu_formal_logic,default,1,6,posterior_mean,126,0.01,0.1,127.7777777777777,20.634920634920633,70,20.634920634920633,1.0959006373468447,5.8269178727732704,1.5873015873015928,34,21,1
mmlu_formal_logic,default,1,6,gaussian_lcb_1.645,126,0.01,0.1,74.60317460317457,20.634920634920633,43,20.634920634920633,0.9667515840355323,5.697768819461959,1.5873015873015928,20,11,1
mmlu_formal_logic,default,1,7,posterior_mean,126,0.01,0.1,80.9523809523809,6.349206349206349,89,4.761904761904756,2.7070910668794275,3.4766663867193013,1.5873015873015928,33,21,1
mmlu_formal_logic,default,1,7,gaussian_lcb_1.645,126,0.01,0.1,28.57142857142856,6.349206349206349,37,4.761904761904756,2.4333025391226406,3.226953332773444,1.5873015873015928,11,8,1
mmlu_formal_logic,default,1,8,posterior_mean,126,0.01,0.1,140.4761904761905,23.015873015873012,53,19.047619047619047,1.8441066412847802,2.5547996976568514,3.9682539682539764,26,18,1
mmlu_formal_logic,default,1,8,gaussian_lcb_1.645,126,0.01,0.1,57.93650793650792,19.047619047619047,26,19.047619047619047,1.5412035870589649,2.6018308557991205,3.9682539682539764,13,10,1
mmlu_formal_logic,default,1,9,posterior_mean,126,0.01,0.1,128.57142857142853,20.63492063492064,73,20.63492063492064,1.2285956906768176,4.390041338894966,0.7936507936508019,32,24,1
mmlu_formal_logic,default,1,9,gaussian_lcb_1.645,126,0.01,0.1,76.19047619047613,20.63492063492064,44,20.63492063492064,1.2088127432042768,4.370258391422426,0.7936507936508019,19,13,1
mmlu_formal_logic,default,1,10,posterior_mean,126,0.01,0.1,79.3650793650794,21.428571428571434,38,18.25396825396826,2.339240222838102,5.069660237208751,0.7936507936508019,18,9,1
mmlu_formal_logic,default,1,10,gaussian_lcb_1.645,126,0.01,0.1,26.190476190476193,18.25396825396826,15,18.25396825396826,0.09555536892397572,4.890307288896366,3.1746031746031744,7,3,1
mmlu_formal_logic,default,1,11,posterior_mean,126,0.01,0.1,97.61904761904758,19.841269841269842,71,17.46031746031746,1.6376921138825866,3.9074120731969137,1.5873015873015928,30,14,1
mmlu_formal_logic,default,1,11,gaussian_lcb_1.645,126,0.01,0.1,34.92063492063491,3.9682539682539653,48,3.9682539682539653,0.901430531060159,3.1717103851142685,1.5873015873015928,19,8,1
mmlu_formal_logic,default,1,12,posterior_mean,126,0.01,0.1,67.46031746031748,7.936507936507942,50,7.14285714285714,0.4695650551029766,2.298647854203419,0.7936507936508019,20,13,1
mmlu_formal_logic,default,1,12,gaussian_lcb_1.645,126,0.01,0.1,15.07936507936508,7.14285714285714,13,7.14285714285714,0.1381073691479331,2.278491643571017,0.7936507936508019,5,2,1
mmlu_formal_logic,default,1,13,posterior_mean,126,0.01,0.1,141.26984126984135,20.63492063492064,69,17.460317460317466,0.7782536883065969,3.9747860735515053,7.142857142857151,32,21,1
mmlu_formal_logic,default,1,13,gaussian_lcb_1.645,126,0.01,0.1,36.507936507936535,4.761904761904767,30,4.761904761904767,0.5389920028367997,3.961721862956432,7.142857142857151,15,9,1
mmlu_formal_logic,default,1,14,posterior_mean,126,0.01,0.1,92.8571428571428,11.111111111111105,70,11.111111111111105,1.9846402209717924,4.026109758032166,1.5873015873015928,33,18,1
mmlu_formal_logic,default,1,14,gaussian_lcb_1.645,126,0.01,0.1,40.476190476190446,11.111111111111105,31,11.111111111111105,1.0852626372908558,3.4482983865700025,1.5873015873015928,14,7,1
mmlu_formal_logic,default,1,15,posterior_mean,126,0.01,0.1,203.96825396825386,17.46031746031746,104,17.46031746031746,1.8400007465263162,7.207711616882689,3.9682539682539764,46,29,1
mmlu_formal_logic,default,1,15,gaussian_lcb_1.645,126,0.01,0.1,173.8095238095238,17.46031746031746,77,17.46031746031746,1.8064070621389792,7.174117932495353,3.9682539682539764,34,24,1
mmlu_formal_logic,default,1,16,posterior_mean,126,0.01,0.1,115.07936507936508,18.253968253968257,81,18.253968253968257,0.8418950570626038,3.8861360730849253,0.0,33,20,1
mmlu_formal_logic,default,1,16,gaussian_lcb_1.645,126,0.01,0.1,43.65079365079364,18.253968253968257,46,16.666666666666664,0.3805417914765353,3.678975019363025,0.0,18,7,1
mmlu_formal_logic,default,1,17,posterior_mean,126,0.01,0.1,76.19047619047618,18.253968253968257,71,18.253968253968257,2.2410720117951115,3.479839123578101,1.5873015873015928,30,10,1
mmlu_formal_logic,default,1,17,gaussian_lcb_1.645,126,0.01,0.1,32.53968253968256,18.253968253968257,20,18.253968253968257,0.9633922155968039,3.200638280003363,1.5873015873015928,8,4,1
mmlu_formal_logic,default,1,18,posterior_mean,126,0.01,0.1,120.63492063492063,17.46031746031746,85,13.492063492063494,1.2416599012718919,2.3151647490271894,1.5873015873015928,41,23,1
mmlu_formal_logic,default,1,18,gaussian_lcb_1.645,126,0.01,0.1,110.3174603174603,17.46031746031746,58,17.46031746031746,0.8631710571745804,1.9366759049298783,1.5873015873015928,29,20,1
mmlu_formal_logic,default,1,19,posterior_mean,126,0.01,0.1,83.33333333333327,6.349206349206349,58,6.349206349206349,3.036682437035171,11.16383453244124,3.9682539682539764,25,16,1
mmlu_formal_logic,default,1,19,gaussian_lcb_1.645,126,0.01,0.1,42.85714285714284,6.349206349206349,28,6.349206349206349,3.038735384414397,11.165887479820464,3.9682539682539764,13,7,1
mmlu_global_facts,dataset,1,0,posterior_mean,100,0.01,0.1,117.00000000000009,27.0,105,25.0,2.216296296296299,2.7434074074074117,0.0,45,33,1
mmlu_global_facts,dataset,1,0,gaussian_lcb_1.645,100,0.01,0.1,49.00000000000004,5.000000000000004,58,4.0000000000000036,2.2231111111111126,2.7528888888888923,0.0,25,18,1
mmlu_global_facts,dataset,1,1,posterior_mean,100,0.01,0.1,92.00000000000006,32.0,72,31.0,1.17511111111111,1.2654814814814812,0.0,31,17,1
mmlu_global_facts,dataset,1,1,gaussian_lcb_1.645,100,0.01,0.1,22.00000000000002,4.0000000000000036,32,3.0000000000000027,0.3386666666666675,1.2382222222222232,0.0,14,5,1
mmlu_global_facts,dataset,1,2,posterior_mean,100,0.01,0.1,42.000000000000036,4.0000000000000036,61,4.0000000000000036,0.7004444444444448,3.709037037037034,2.0000000000000018,22,13,1
mmlu_global_facts,dataset,1,2,gaussian_lcb_1.645,100,0.01,0.1,20.000000000000018,4.0000000000000036,37,3.0000000000000027,0.6631111111111114,3.672296296296292,2.0000000000000018,12,7,1
mmlu_global_facts,dataset,1,3,posterior_mean,100,0.01,0.1,80.00000000000004,18.0,71,14.999999999999996,1.9072592592592639,3.4394074074074172,0.0,30,22,1
mmlu_global_facts,dataset,1,3,gaussian_lcb_1.645,100,0.01,0.1,26.00000000000002,5.000000000000004,41,3.0000000000000027,1.8891851851851873,3.424592592592599,0.0,15,10,1
mmlu_global_facts,dataset,1,4,posterior_mean,100,0.01,0.1,81.00000000000007,5.000000000000004,87,4.0000000000000036,0.10074074074074156,1.2041481481481506,1.0000000000000009,37,23,1
mmlu_global_facts,dataset,1,4,gaussian_lcb_1.645,100,0.01,0.1,30.00000000000003,5.000000000000004,38,5.000000000000004,0.0331851851851856,1.1386666666666692,1.0000000000000009,16,6,1
mmlu_global_facts,dataset,1,5,posterior_mean,100,0.01,0.1,89.00000000000006,15.000000000000002,82,14.000000000000002,0.9389629629629654,1.7442962962962991,0.0,38,21,1
mmlu_global_facts,dataset,1,5,gaussian_lcb_1.645,100,0.01,0.1,36.00000000000002,5.999999999999995,34,5.999999999999995,0.1448888888888897,1.6746666666666694,0.0,16,10,1
mmlu_global_facts,dataset,1,6,posterior_mean,100,0.01,0.1,37.00000000000002,7.9999999999999964,59,6.999999999999995,1.0204444444444472,2.0565925925925974,2.0000000000000018,19,10,1
mmlu_global_facts,dataset,1,6,gaussian_lcb_1.645,100,0.01,0.1,15.000000000000014,3.0000000000000027,35,3.0000000000000027,0.031407407407407065,2.0314074074074115,2.0000000000000018,10,4,1
mmlu_global_facts,dataset,1,7,posterior_mean,100,0.01,0.1,146.00000000000009,17.0,74,17.0,0.1617777777777808,1.933925925925931,0.0,33,27,1
mmlu_global_facts,dataset,1,7,gaussian_lcb_1.645,100,0.01,0.1,36.00000000000003,5.000000000000004,32,5.000000000000004,0.0954074074074081,1.8681481481481512,0.0,14,9,1
mmlu_global_facts,dataset,1,8,posterior_mean,100,0.01,0.1,93.00000000000006,23.000000000000004,62,22.000000000000004,0.9235555555555536,2.39792592592593,0.0,25,17,1
mmlu_global_facts,dataset,1,8,gaussian_lcb_1.645,100,0.01,0.1,27.000000000000025,6.000000000000005,29,5.000000000000004,0.7902222222222228,2.2865185185185233,0.0,11,6,1
mmlu_global_facts,dataset,1,9,posterior_mean,100,0.01,0.1,39.000000000000036,7.000000000000006,66,7.000000000000006,1.1893333333333347,2.4385185185185234,0.0,29,5,1
mmlu_global_facts,dataset,1,9,gaussian_lcb_1.645,100,0.01,0.1,20.000000000000018,2.0000000000000018,36,2.0000000000000018,0.6530370370370365,2.4820740740740783,0.0,17,3,1
mmlu_global_facts,dataset,1,10,posterior_mean,100,0.01,0.1,67.00000000000006,6.000000000000005,68,6.000000000000005,0.2580740740740736,2.22251851851852,0.0,30,19,1
mmlu_global_facts,dataset,1,10,gaussian_lcb_1.645,100,0.01,0.1,13.00000000000001,6.000000000000005,21,6.000000000000005,0.016000000000000555,2.2091851851851882,0.0,7,2,1
mmlu_global_facts,dataset,1,11,posterior_mean,100,0.01,0.1,94.00000000000009,6.000000000000005,110,5.000000000000004,0.8844444444444458,2.9256296296296314,1.0000000000000009,43,30,1
mmlu_global_facts,dataset,1,11,gaussian_lcb_1.645,100,0.01,0.1,30.00000000000003,4.0000000000000036,45,4.0000000000000036,0.7988148148148162,2.8577777777777795,1.0000000000000009,15,10,1
mmlu_global_facts,dataset,1,12,posterior_mean,100,0.01,0.1,105.00000000000007,21.000000000000004,81,20.0,1.959703703703704,2.8186666666666698,0.0,37,23,1
mmlu_global_facts,dataset,1,12,gaussian_lcb_1.645,100,0.01,0.1,39.000000000000036,4.0000000000000036,45,4.0000000000000036,1.8485925925925921,2.8168888888888914,0.0,19,13,1
mmlu_global_facts,dataset,1,13,posterior_mean,100,0.01,0.1,79.00000000000007,8.000000000000007,81,7.000000000000006,2.396444444444448,2.5244444444444496,0.0,33,23,1
mmlu_global_facts,dataset,1,13,gaussian_lcb_1.645,100,0.01,0.1,23.00000000000002,7.000000000000006,23,4.0000000000000036,2.348740740740745,2.478518518518524,0.0,9,7,1
mmlu_global_facts,dataset,1,14,posterior_mean,100,0.01,0.1,54.00000000000003,23.0,77,20.999999999999996,1.142518518518516,3.499555555555559,1.0000000000000009,20,9,1
mmlu_global_facts,dataset,1,14,gaussian_lcb_1.645,100,0.01,0.1,15.000000000000014,2.0000000000000018,33,2.0000000000000018,0.6767407407407406,3.4912592592592646,1.0000000000000009,9,6,1
mmlu_global_facts,dataset,1,15,posterior_mean,100,0.01,0.1,66.00000000000006,5.000000000000004,97,4.0000000000000036,1.1294814814814822,2.892740740740746,1.0000000000000009,36,18,1
mmlu_global_facts,dataset,1,15,gaussian_lcb_1.645,100,0.01,0.1,30.00000000000003,4.0000000000000036,42,3.0000000000000027,1.095111111111112,2.858370370370375,1.0000000000000009,16,9,1
mmlu_global_facts,dataset,1,16,posterior_mean,100,0.01,0.1,72.00000000000006,5.000000000000004,87,5.000000000000004,1.142814814814816,2.752296296296298,2.0000000000000018,35,22,1
mmlu_global_facts,dataset,1,16,gaussian_lcb_1.645,100,0.01,0.1,31.00000000000003,4.0000000000000036,42,3.0000000000000027,0.9090370370370388,2.7205925925925953,2.0000000000000018,17,12,1
mmlu_global_facts,dataset,1,17,posterior_mean,100,0.01,0.1,46.00000000000004,6.000000000000005,66,6.000000000000005,2.0029629629629673,3.6183703703703776,1.0000000000000009,24,12,1
mmlu_global_facts,dataset,1,17,gaussian_lcb_1.645,100,0.01,0.1,15.000000000000014,3.0000000000000027,41,3.0000000000000027,0.248592592592593,3.602074074074081,1.0000000000000009,8,4,1
mmlu_global_facts,dataset,1,18,posterior_mean,100,0.01,0.1,123.00000000000009,17.000000000000004,85,17.000000000000004,0.30844444444444585,0.4337777777777793,0.0,34,29,1
mmlu_global_facts,dataset,1,18,gaussian_lcb_1.645,100,0.01,0.1,47.00000000000004,6.000000000000005,34,6.000000000000005,0.6788148148148148,0.8044444444444443,0.0,15,12,1
mmlu_global_facts,dataset,1,19,posterior_mean,100,0.01,0.1,38.00000000000002,8.999999999999996,43,7.9999999999999964,0.5214814814814825,1.9552592592592621,0.0,17,10,1
mmlu_global_facts,dataset,1,19,gaussian_lcb_1.645,100,0.01,0.1,21.000000000000007,8.999999999999996,23,7.9999999999999964,0.4971851851851855,1.936296296296299,0.0,8,5,1
mmlu_global_facts,default,1,0,posterior_mean,100,0.01,0.1,191.00000000000006,32.0,82,32.0,2.639407407407409,3.9845925925925965,4.0000000000000036,39,28,1
mmlu_global_facts,default,1,0,gaussian_lcb_1.645,100,0.01,0.1,40.00000000000002,16.000000000000004,36,9.999999999999998,2.268148148148149,3.9463703703703743,4.0000000000000036,17,11,1
mmlu_global_facts,default,1,1,posterior_mean,100,0.01,0.1,58.00000000000003,20.0,47,19.0,0.4038518518518516,3.276740740740746,3.0000000000000027,22,12,1
mmlu_global_facts,default,1,1,gaussian_lcb_1.645,100,0.01,0.1,18.000000000000014,5.000000000000004,28,5.000000000000004,0.2693333333333335,3.2201481481481538,1.0000000000000009,12,3,1
mmlu_global_facts,default,1,2,posterior_mean,100,0.01,0.1,106.00000000000006,26.0,49,24.000000000000004,0.5943703703703678,3.562962962962964,0.0,21,15,1
mmlu_global_facts,default,1,2,gaussian_lcb_1.645,100,0.01,0.1,33.00000000000002,9.999999999999998,26,9.999999999999998,0.686518518518519,3.6551111111111148,7.000000000000006,12,7,1
mmlu_global_facts,default,1,3,posterior_mean,100,0.01,0.1,51.00000000000002,16.000000000000004,34,14.000000000000002,0.8008888888888904,9.567407407407384,3.0000000000000027,17,9,1
mmlu_global_facts,default,1,3,gaussian_lcb_1.645,100,0.01,0.1,22.000000000000007,13.0,13,10.999999999999998,0.7934814814814826,9.559999999999976,3.0000000000000027,6,5,1
mmlu_global_facts,default,1,4,posterior_mean,100,0.01,0.1,40.000000000000036,7.000000000000006,34,5.000000000000004,2.1194074074074107,3.383407407407407,5.000000000000004,15,13,1
mmlu_global_facts,default,1,4,gaussian_lcb_1.645,100,0.01,0.1,23.00000000000002,5.000000000000004,18,5.000000000000004,2.1226666666666696,3.3866666666666654,5.000000000000004,9,8,1
mmlu_global_facts,default,1,5,posterior_mean,100,0.01,0.1,28.000000000000025,6.000000000000005,39,4.0000000000000036,1.4219259259259287,3.702518518518525,4.0000000000000036,13,8,1
mmlu_global_facts,default,1,5,gaussian_lcb_1.645,100,0.01,0.1,17.000000000000014,4.0000000000000036,23,3.0000000000000027,1.4106666666666685,3.6912592592592652,4.0000000000000036,9,5,1
mmlu_global_facts,default,1,6,posterior_mean,100,0.01,0.1,39.000000000000036,5.000000000000004,20,5.000000000000004,0.1019259259259269,0.1019259259259269,0.0,10,10,1
mmlu_global_facts,default,1,6,gaussian_lcb_1.645,100,0.01,0.1,17.000000000000014,5.000000000000004,8,5.000000000000004,0.08266666666666668,0.08266666666666668,0.0,4,4,1
mmlu_global_facts,default,1,7,posterior_mean,100,0.01,0.1,78.00000000000003,21.999999999999996,36,21.999999999999996,6.060740740740747,8.721185185185181,2.0000000000000018,17,13,1
mmlu_global_facts,default,1,7,gaussian_lcb_1.645,100,0.01,0.1,64.00000000000001,21.999999999999996,18,21.999999999999996,6.049185185185194,8.71437037037037,2.0000000000000018,9,8,1
mmlu_global_facts,default,1,8,posterior_mean,100,0.01,0.1,45.000000000000014,26.0,25,26.0,0.9798518518518526,2.6906666666666648,2.0000000000000018,10,8,1
mmlu_global_facts,default,1,8,gaussian_lcb_1.645,100,0.01,0.1,9.000000000000007,3.0000000000000027,9,3.0000000000000027,0.9691851851851878,2.6799999999999997,2.0000000000000018,4,4,1
mmlu_global_facts,default,1,9,posterior_mean,100,0.01,0.1,28.000000000000025,5.000000000000004,30,5.000000000000004,2.2263703703703723,4.220148148148154,4.0000000000000036,10,6,1
mmlu_global_facts,default,1,9,gaussian_lcb_1.645,100,0.01,0.1,15.000000000000014,4.0000000000000036,14,4.0000000000000036,1.9173333333333344,4.224888888888895,4.0000000000000036,5,4,1
mmlu_global_facts,default,1,10,posterior_mean,100,0.01,0.1,48.00000000000003,14.000000000000002,37,14.000000000000002,1.4850370370370385,3.1543703703703754,4.0000000000000036,18,12,1
mmlu_global_facts,default,1,10,gaussian_lcb_1.645,100,0.01,0.1,24.00000000000001,14.000000000000002,19,14.000000000000002,1.360000000000002,3.360000000000005,4.0000000000000036,8,4,1
mmlu_global_facts,default,1,11,posterior_mean,100,0.01,0.1,52.000000000000036,7.9999999999999964,47,5.999999999999995,1.953185185185186,3.5828148148148227,4.0000000000000036,22,13,1
mmlu_global_facts,default,1,11,gaussian_lcb_1.645,100,0.01,0.1,17.000000000000014,6.000000000000005,21,3.0000000000000027,1.52355555555556,3.9345185185185274,4.0000000000000036,9,5,1
mmlu_global_facts,default,1,12,posterior_mean,100,0.01,0.1,29.00000000000001,15.999999999999998,20,15.999999999999998,0.735703703703706,10.688888888888895,2.0000000000000018,10,4,1
mmlu_global_facts,default,1,12,gaussian_lcb_1.645,100,0.01,0.1,7.000000000000006,3.0000000000000027,12,2.0000000000000018,0.7285925925925943,10.681777777777784,2.0000000000000018,6,1,1
mmlu_global_facts,default,1,13,posterior_mean,100,0.01,0.1,31.0,17.0,24,17.0,0.3034074074074077,9.045037037037034,2.0000000000000018,7,4,1
mmlu_global_facts,default,1,13,gaussian_lcb_1.645,100,0.01,0.1,4.999999999999993,4.999999999999993,8,4.999999999999993,0.0014814814814815475,8.807407407407421,2.0000000000000018,1,1,1
mmlu_global_facts,default,1,14,posterior_mean,100,0.01,0.1,50.00000000000002,18.0,37,15.999999999999998,1.3262222222222237,3.854814814814821,3.0000000000000027,14,12,1
mmlu_global_facts,default,1,14,gaussian_lcb_1.645,100,0.01,0.1,17.000000000000014,5.000000000000004,22,4.0000000000000036,0.4639999999999999,3.6554074074074125,3.0000000000000027,8,5,1
mmlu_global_facts,default,1,15,posterior_mean,100,0.01,0.1,71.00000000000001,19.0,44,17.0,1.2942222222222242,3.7128888888888922,3.0000000000000027,19,12,1
mmlu_global_facts,default,1,15,gaussian_lcb_1.645,100,0.01,0.1,29.000000000000014,12.0,26,12.0,1.2459259259259274,3.664592592592598,3.0000000000000027,11,5,1
mmlu_global_facts,default,1,16,posterior_mean,100,0.01,0.1,35.00000000000002,12.0,35,12.0,0.6385185185185182,9.019259259259252,2.0000000000000018,11,7,1
mmlu_global_facts,default,1,16,gaussian_lcb_1.645,100,0.01,0.1,20.000000000000007,12.0,18,12.0,0.6325925925925926,9.013333333333327,2.0000000000000018,5,3,1
mmlu_global_facts,default,1,17,posterior_mean,100,0.01,0.1,51.00000000000002,19.999999999999996,43,17.999999999999993,0.6222222222222229,3.553481481481483,2.0000000000000018,18,10,1
mmlu_global_facts,default,1,17,gaussian_lcb_1.645,100,0.01,0.1,34.00000000000001,19.999999999999996,19,17.999999999999993,0.029629629629629773,3.554074074074076,2.0000000000000018,7,5,1
mmlu_global_facts,default,1,18,posterior_mean,100,0.01,0.1,51.00000000000002,24.999999999999993,29,24.999999999999993,6.3170370370370375,9.358814814814828,5.000000000000004,12,8,1
mmlu_global_facts,default,1,18,gaussian_lcb_1.645,100,0.01,0.1,38.00000000000001,24.999999999999993,21,24.999999999999993,5.321185185185195,9.425481481481498,5.000000000000004,9,4,1
mmlu_global_facts,default,1,19,posterior_mean,100,0.01,0.1,46.00000000000002,26.0,33,26.0,1.6799999999999984,2.6800000000000037,1.0000000000000009,10,6,1
mmlu_global_facts,default,1,19,gaussian_lcb_1.645,100,0.01,0.1,12.00000000000001,5.000000000000004,20,5.000000000000004,2.2595555555555564,3.259555555555563,4.0000000000000036,4,3,1
mmlu_high_school_biology,dataset,1,0,posterior_mean,310,0.01,0.1,72.90322580645163,8.064516129032251,116,8.064516129032251,0.015508536632365918,0.5540216595367475,0.0,42,12,1
mmlu_high_school_biology,dataset,1,0,gaussian_lcb_1.645,310,0.01,0.1,3.5483870967742304,0.967741935483879,47,0.967741935483879,0.0013874436351023474,0.5417504913862871,0.0,9,0,0
mmlu_high_school_biology,dataset,1,1,posterior_mean,310,0.01,0.1,53.225806451612975,7.096774193548383,100,7.096774193548383,0.020688326203414664,0.10788145064939941,0.0,44,2,1
mmlu_high_school_biology,dataset,1,1,gaussian_lcb_1.645,310,0.01,0.1,6.774193548387119,1.2903225806451646,26,1.2903225806451646,0.00345319304736583,0.09092380622037105,0.0,10,0,0
mmlu_high_school_biology,dataset,1,2,posterior_mean,310,0.01,0.1,89.03225806451614,6.451612903225801,113,6.451612903225801,0.027594712298146556,0.16098970979303995,0.0,50,14,1
mmlu_high_school_biology,dataset,1,2,gaussian_lcb_1.645,310,0.01,0.1,7.4193548387096575,2.580645161290318,30,2.580645161290318,0.0014799398774424965,0.13546074690715687,0.0,12,1,1
mmlu_high_school_biology,dataset,1,3,posterior_mean,310,0.01,0.1,33.22580645161297,2.2580645161290325,62,2.2580645161290325,0.008293829729833864,0.14404748140440093,0.0,28,1,1
mmlu_high_school_biology,dataset,1,3,gaussian_lcb_1.645,310,0.01,0.1,0.9677419354838679,0.6451612903225823,10,0.6451612903225823,9.249624234015408e-05,0.13686360658264896,0.0,2,0,0
mmlu_high_school_biology,dataset,1,4,posterior_mean,310,0.01,0.1,41.29032258064519,3.2258064516129004,77,3.2258064516129004,0.017389293559949077,0.017389293559949077,0.0,36,3,1
mmlu_high_school_biology,dataset,1,4,gaussian_lcb_1.645,310,0.01,0.1,5.806451612903219,1.2903225806451646,23,1.2903225806451646,0.0013566115543222632,0.0013566115543222632,0.0,9,0,0
mmlu_high_school_biology,dataset,1,5,posterior_mean,310,0.01,0.1,37.74193548387095,2.580645161290318,81,2.580645161290318,0.019732531699232964,0.02127413573823554,0.0,40,2,1
mmlu_high_school_biology,dataset,1,5,gaussian_lcb_1.645,310,0.01,0.1,6.7741935483870535,1.2903225806451646,26,1.2903225806451646,0.0019424210891432396,0.0019424210891432396,0.0,13,0,0
mmlu_high_school_biology,dataset,1,6,posterior_mean,310,0.01,0.1,36.77419354838713,2.9032258064516148,68,2.9032258064516148,0.013119050371911986,0.09924846803098501,0.0,30,3,1
mmlu_high_school_biology,dataset,1,6,gaussian_lcb_1.645,310,0.01,0.1,4.838709677419361,0.9677419354838679,38,0.9677419354838679,0.0008478822214514228,0.08716229236520474,0.0,13,0,0
mmlu_high_school_biology,dataset,1,7,posterior_mean,310,0.01,0.1,45.48387096774189,7.096774193548383,83,7.096774193548383,0.01597101784406671,0.13427371179712513,0.0,41,1,1
mmlu_high_school_biology,dataset,1,7,gaussian_lcb_1.645,310,0.01,0.1,4.193548387096769,0.9677419354838679,13,0.9677419354838679,0.002065749412263491,0.12086175665780274,0.0,6,0,0
mmlu_high_school_biology,dataset,1,8,posterior_mean,310,0.01,0.1,52.580645161290526,3.548387096774197,99,3.548387096774197,0.01893089759895189,0.3415115427602375,0.3225806451612856,41,6,1
mmlu_high_school_biology,dataset,1,8,gaussian_lcb_1.645,310,0.01,0.1,1.935483870967758,0.967741935483879,20,0.967741935483879,0.0002774887270204654,0.32285813388830603,0.3225806451612856,2,0,0
mmlu_high_school_biology,dataset,1,9,posterior_mean,310,0.01,0.1,39.354838709677594,5.161290322580648,106,5.161290322580648,0.014583574208964464,0.4794234400894091,0.3225806451612856,47,5,1
mmlu_high_school_biology,dataset,1,9,gaussian_lcb_1.645,310,0.01,0.1,3.5483870967742526,0.3225806451612967,27,0.3225806451612967,0.0012332832312020817,0.4678614097968896,0.3225806451612856,11,0,0
mmlu_high_school_biology,dataset,1,10,posterior_mean,310,0.01,0.1,38.06451612903222,6.129032258064515,47,6.129032258064515,0.007831348518133198,0.007831348518133198,0.0,19,6,1
mmlu_high_school_biology,dataset,1,10,gaussian_lcb_1.645,310,0.01,0.1,1.2903225806451535,0.9677419354838679,17,0.9677419354838679,0.00012332832312020507,0.00012332832312020507,0.0,2,0,0
mmlu_high_school_biology,dataset,1,11,posterior_mean,310,0.01,0.1,36.1290322580645,6.774193548387098,39,6.774193548387098,0.012579488958260977,0.012579488958260977,0.0,18,5,1
mmlu_high_school_biology,dataset,1,11,gaussian_lcb_1.645,310,0.01,0.1,0.9677419354838568,0.3225806451612856,9,0.3225806451612856,0.0003699849693606121,0.0003699849693606121,0.0,3,0,0
mmlu_high_school_biology,dataset,1,12,posterior_mean,310,0.01,0.1,26.45161290322585,4.516129032258065,66,4.516129032258065,0.006659729448491135,0.3411107257101002,0.0,27,4,1
mmlu_high_school_biology,dataset,1,12,gaussian_lcb_1.645,310,0.01,0.1,2.2580645161290214,0.3225806451612967,24,0.3225806451612967,0.001325779473542204,0.3372875476933738,0.0,7,0,0
mmlu_high_school_biology,dataset,1,13,posterior_mean,310,0.01,0.1,45.16129032258062,5.8064516129032295,86,5.8064516129032295,0.019886692103133288,0.09251165838054386,0.0,41,6,1
mmlu_high_school_biology,dataset,1,13,gaussian_lcb_1.645,310,0.01,0.1,9.677419354838712,1.9354838709677469,26,1.9354838709677469,0.0020349173314834455,0.07641731221335693,0.0,11,0,0
mmlu_high_school_biology,dataset,1,14,posterior_mean,310,0.01,0.1,32.258064516129046,2.2580645161290325,68,2.2580645161290325,0.011562030292519301,0.07640189617296694,0.0,31,4,1
mmlu_high_school_biology,dataset,1,14,gaussian_lcb_1.645,310,0.01,0.1,2.580645161290307,0.6451612903225823,18,0.6451612903225823,0.0006166416156010285,0.06548733957682872,0.0,6,0,0
mmlu_high_school_biology,dataset,1,15,posterior_mean,310,0.01,0.1,42.580645161290555,8.064516129032262,87,8.064516129032262,0.021644120707596318,0.3442247658688818,0.3225806451612856,37,3,1
mmlu_high_school_biology,dataset,1,15,gaussian_lcb_1.645,310,0.01,0.1,4.516129032258132,0.967741935483879,31,0.967741935483879,0.0009557945041816109,0.3235364396654672,0.3225806451612856,10,0,0
mmlu_high_school_biology,dataset,1,16,posterior_mean,310,0.01,0.1,43.54838709677421,2.580645161290318,84,2.580645161290318,0.01489189501676496,0.015030639380275192,0.0,37,4,1
mmlu_high_school_biology,dataset,1,16,gaussian_lcb_1.645,310,0.01,0.1,3.548387096774186,1.6129032258064502,11,1.6129032258064502,0.0007091378579411877,0.0007091378579411877,0.0,4,0,0
mmlu_high_school_biology,dataset,1,17,posterior_mean,310,0.01,0.1,20.322580645161324,1.9354838709677469,82,1.9354838709677469,0.007831348518133205,0.24667206228080274,0.0,24,0,0
mmlu_high_school_biology,dataset,1,17,gaussian_lcb_1.645,310,0.01,0.1,3.8709677419354716,1.2903225806451646,26,1.2903225806451646,0.0004933132924808203,0.24106062357883326,0.0,6,0,0
mmlu_high_school_biology,dataset,1,18,posterior_mean,310,0.01,0.1,30.967741935483883,6.774193548387098,63,6.774193548387098,0.009804601688056384,0.2666974987474468,0.0,24,1,1
mmlu_high_school_biology,dataset,1,18,gaussian_lcb_1.645,310,0.01,0.1,7.096774193548406,1.6129032258064613,25,1.6129032258064613,0.002528230623964232,0.2612402204493777,0.0,9,0,0
mmlu_high_school_biology,dataset,1,19,posterior_mean,310,0.01,0.1,31.93548387096776,3.548387096774197,48,3.548387096774197,0.0061972482367903476,0.0061972482367903476,0.0,21,6,1
mmlu_high_school_biology,dataset,1,19,gaussian_lcb_1.645,310,0.01,0.1,1.6129032258064502,1.2903225806451646,6,1.2903225806451646,0.00015416040390025713,0.00015416040390025713,0.0,2,0,0
mmlu_high_school_biology,default,1,0,posterior_mean,310,0.01,0.1,92.90322580645162,7.096774193548394,138,6.451612903225811,0.18434501098392872,0.7556942999190644,0.0,64,12,1
mmlu_high_school_biology,default,1,0,gaussian_lcb_1.645,310,0.01,0.1,20.645161290322566,2.580645161290318,38,2.580645161290318,0.15755193278606405,0.740278259529039,0.0,16,4,1
mmlu_high_school_biology,default,1,1,posterior_mean,310,0.01,0.1,110.32258064516131,7.096774193548383,178,6.451612903225801,0.24139977646741453,0.6080857131845688,0.0,81,7,1
mmlu_high_school_biology,default,1,1,gaussian_lcb_1.645,310,0.01,0.1,8.064516129032285,1.9354838709677358,33,1.6129032258064502,0.1795352063822408,0.5548078775966397,0.0,13,0,0
mmlu_high_school_biology,default,1,2,posterior_mean,310,0.01,0.1,117.09677419354843,8.064516129032262,211,7.41935483870968,0.2934443288241419,0.7496357960457842,0.0,92,11,1
mmlu_high_school_biology,default,1,2,gaussian_lcb_1.645,310,0.01,0.1,10.645161290322601,1.2903225806451646,33,1.2903225806451646,0.12385246849346639,0.7145797201988658,0.0,11,0,0
mmlu_high_school_biology,default,1,3,posterior_mean,310,0.01,0.1,89.67741935483875,4.8387096774193505,143,4.8387096774193505,0.041438316568389304,0.3615061471461057,0.0,70,7,1
mmlu_high_school_biology,default,1,3,gaussian_lcb_1.645,310,0.01,0.1,9.677419354838735,1.6129032258064502,31,0.967741935483879,0.016710987782788005,0.3374262920568854,0.0,15,0,0
mmlu_high_school_biology,default,1,4,posterior_mean,310,0.01,0.1,81.61290322580646,3.2258064516129004,170,3.2258064516129004,0.10698732030677946,0.22461170848267623,0.0,80,5,1
mmlu_high_school_biology,default,1,4,gaussian_lcb_1.645,310,0.01,0.1,12.580645161290349,1.2903225806451646,47,0.9677419354838679,0.03428527382741783,0.1523104790534553,0.0,22,0,0
mmlu_high_school_biology,default,1,5,posterior_mean,310,0.01,0.1,65.80645161290329,4.193548387096779,122,4.193548387096779,0.29256561452191104,0.48130419701699617,0.0,59,3,1
mmlu_high_school_biology,default,1,5,gaussian_lcb_1.645,310,0.01,0.1,22.58064516129039,1.9354838709677469,41,1.9354838709677469,0.26996569931013326,0.465055690445909,0.0,19,0,0
mmlu_high_school_biology,default,1,6,posterior_mean,310,0.01,0.1,64.19354838709675,3.8709677419354827,115,3.8709677419354827,0.10057424750452872,0.3012448452614946,0.0,54,6,1
mmlu_high_school_biology,default,1,6,gaussian_lcb_1.645,310,0.01,0.1,7.741935483870977,1.2903225806451646,15,1.2903225806451646,0.07936177592785312,0.2807415115427603,0.0,7,0,0
mmlu_high_school_biology,default,1,7,posterior_mean,310,0.01,0.1,103.54838709677452,7.741935483870977,157,7.741935483870977,0.04980922650017463,0.2763479400316008,0.0,68,8,1
mmlu_high_school_biology,default,1,7,gaussian_lcb_1.645,310,0.01,0.1,11.612903225806527,4.516129032258065,44,4.516129032258065,0.026561837592014997,0.2531622152850012,0.0,13,1,1
mmlu_high_school_biology,default,1,8,posterior_mean,310,0.01,0.1,108.3870967741937,5.8064516129032295,161,5.8064516129032295,0.24687247080587313,0.38447604732724383,0.0,73,12,1
mmlu_high_school_biology,default,1,8,gaussian_lcb_1.645,310,0.01,0.1,25.80645161290327,2.580645161290318,61,1.9354838709677469,0.22781824488380115,0.36579180637453257,0.0,26,0,0
mmlu_high_school_biology,default,1,9,posterior_mean,310,0.01,0.1,92.90322580645194,7.096774193548394,183,7.096774193548394,0.2129571819478173,0.6935830731876498,0.0,74,13,1
mmlu_high_school_biology,default,1,9,gaussian_lcb_1.645,310,0.01,0.1,25.806451612903302,2.9032258064516148,64,2.9032258064516148,0.1854857979727911,0.6678691178170867,0.0,26,5,1
mmlu_high_school_biology,default,1,10,posterior_mean,310,0.01,0.1,84.19354838709684,9.354838709677416,199,7.419354838709669,0.4602150537634416,0.6181369715188665,0.0,90,5,1
mmlu_high_school_biology,default,1,10,gaussian_lcb_1.645,310,0.01,0.1,17.419354838709754,1.9354838709677469,64,1.2903225806451646,0.45947508382472035,0.6175203299032654,0.0,27,0,0
mmlu_high_school_biology,default,1,11,posterior_mean,310,0.01,0.1,99.67741935483868,7.741935483870965,187,7.741935483870965,0.3829652753690219,0.6463945735537837,0.0,73,11,1
mmlu_high_school_biology,default,1,11,gaussian_lcb_1.645,310,0.01,0.1,27.74193548387093,4.8387096774193505,62,4.8387096774193505,0.11118048329286602,0.5597255944810585,0.0,24,2,1
mmlu_high_school_biology,default,1,12,posterior_mean,310,0.01,0.1,78.38709677419354,7.096774193548383,151,7.096774193548383,0.11105715496974601,0.3971942806490148,0.0,69,6,1
mmlu_high_school_biology,default,1,12,gaussian_lcb_1.645,310,0.01,0.1,15.48387096774192,1.6129032258064502,51,1.2903225806451646,0.08361660307549995,0.39226114772420667,0.0,21,0,0
mmlu_high_school_biology,default,1,13,posterior_mean,310,0.01,0.1,55.48387096774191,7.096774193548383,95,7.096774193548383,0.19572204879176797,0.3703087062088102,0.0,44,4,1
mmlu_high_school_biology,default,1,13,gaussian_lcb_1.645,310,0.01,0.1,12.903225806451601,2.2580645161290325,39,1.2903225806451646,0.07495278837630563,0.36478976374918076,0.0,17,0,0
mmlu_high_school_biology,default,1,14,posterior_mean,310,0.01,0.1,83.5483870967744,7.096774193548394,181,6.129032258064515,0.17481789802289383,0.4959648514279105,0.0,70,5,1
mmlu_high_school_biology,default,1,14,gaussian_lcb_1.645,310,0.01,0.1,10.000000000000053,1.9354838709677469,26,1.9354838709677469,0.004039002582186798,0.32796084325740804,0.0,10,0,0
mmlu_high_school_biology,default,1,15,posterior_mean,310,0.01,0.1,90.3225806451616,6.774193548387098,190,6.129032258064515,0.1500134890353404,0.36842794928122685,0.0,90,3,1
mmlu_high_school_biology,default,1,15,gaussian_lcb_1.645,310,0.01,0.1,14.516129032258151,1.2903225806451646,47,1.2903225806451646,0.009496280880255932,0.3339576829691289,0.0,18,0,0
mmlu_high_school_biology,default,1,16,posterior_mean,310,0.01,0.1,147.74193548387098,13.870967741935491,180,13.870967741935491,0.47768142752533993,0.7346822368674604,0.0,84,21,1
mmlu_high_school_biology,default,1,16,gaussian_lcb_1.645,310,0.01,0.1,17.09677419354839,4.838709677419361,44,3.8709677419354827,0.4221836821212469,0.6882182911319225,0.0,20,1,1
mmlu_high_school_biology,default,1,17,posterior_mean,310,0.01,0.1,102.58064516129055,4.193548387096779,202,4.193548387096779,0.47373492118549454,1.1963463984275635,0.0,89,11,1
mmlu_high_school_biology,default,1,17,gaussian_lcb_1.645,310,0.01,0.1,39.354838709677544,4.193548387096779,83,4.193548387096779,0.2091956680926507,1.0366053879061157,0.0,36,5,1
mmlu_high_school_biology,default,1,18,posterior_mean,310,0.01,0.1,97.41935483870974,5.161290322580648,209,4.516129032258065,0.20168805642270782,0.7145488881180863,0.0,90,8,1
mmlu_high_school_biology,default,1,18,gaussian_lcb_1.645,310,0.01,0.1,21.935483870967687,5.161290322580648,75,4.193548387096779,0.18058349712876193,0.7223494045554393,0.0,30,1,1
mmlu_high_school_biology,default,1,19,posterior_mean,310,0.01,0.1,88.38709677419342,8.064516129032262,141,7.41935483870968,0.7189116275484628,0.8473889081589381,0.0,64,8,1
mmlu_high_school_biology,default,1,19,gaussian_lcb_1.645,310,0.01,0.1,23.225806451612897,7.41935483870968,44,7.41935483870968,0.30582340925733176,0.43504065980652845,0.0,19,3,1
mmlu_high_school_chemistry,dataset,1,0,posterior_mean,203,0.01,0.1,149.26108374384225,15.763546798029559,144,15.763546798029559,0.08049302426744254,0.08049302426744254,1.4778325123152691,70,27,1
mmlu_high_school_chemistry,dataset,1,0,gaussian_lcb_1.645,203,0.01,0.1,27.58620689655169,2.463054187192115,45,2.463054187192115,0.016303522333759184,0.016303522333759184,0.0,19,1,1
mmlu_high_school_chemistry,dataset,1,1,posterior_mean,203,0.01,0.1,54.67980295566496,2.9556650246305383,94,2.9556650246305383,0.03562688121886351,0.06884508328367671,0.0,36,6,1
mmlu_high_school_chemistry,dataset,1,1,gaussian_lcb_1.645,203,0.01,0.1,21.674876847290612,2.9556650246305383,54,2.9556650246305383,0.014559926229707473,0.048353335256681944,0.0,19,2,1
mmlu_high_school_chemistry,dataset,1,2,posterior_mean,203,0.01,0.1,108.8669950738915,3.9408866995073843,134,3.9408866995073843,0.07693393118906913,0.07693393118906913,0.0,65,19,1
mmlu_high_school_chemistry,dataset,1,2,gaussian_lcb_1.645,203,0.01,0.1,44.33497536945807,2.463054187192115,60,2.463054187192115,0.022073567172938208,0.022073567172938208,0.0,28,8,1
mmlu_high_school_chemistry,dataset,1,3,posterior_mean,203,0.01,0.1,105.41871921182255,14.778325123152714,137,14.778325123152714,0.05773639882693774,0.05773639882693774,0.0,57,12,1
mmlu_high_school_chemistry,dataset,1,3,gaussian_lcb_1.645,203,0.01,0.1,29.06403940886696,2.463054187192115,53,2.463054187192115,0.01013802270809286,0.01013802270809286,0.0,23,1,1
mmlu_high_school_chemistry,dataset,1,4,posterior_mean,203,0.01,0.1,85.71428571428567,4.926108374384242,108,4.926108374384242,0.03943762734318211,0.04278101781074448,0.0,48,9,1
mmlu_high_school_chemistry,dataset,1,4,gaussian_lcb_1.645,203,0.01,0.1,17.73399014778323,1.9704433497536922,40,1.9704433497536922,0.008304550516203438,0.012798354908088335,0.0,16,0,0
mmlu_high_school_chemistry,dataset,1,5,posterior_mean,203,0.01,0.1,172.41379310344814,22.660098522167488,162,22.660098522167488,0.07441740072961413,0.07441740072961413,0.0,76,22,1
mmlu_high_school_chemistry,dataset,1,5,gaussian_lcb_1.645,203,0.01,0.1,29.06403940886696,2.9556650246305383,65,2.9556650246305383,0.015818191459434562,0.016159720593217814,0.0,28,1,1
mmlu_high_school_chemistry,dataset,1,6,posterior_mean,203,0.01,0.1,58.62068965517234,2.9556650246305383,104,2.9556650246305383,0.049395897875598976,0.2864350919387443,0.0,37,8,1
mmlu_high_school_chemistry,dataset,1,6,gaussian_lcb_1.645,203,0.01,0.1,20.197044334975345,2.9556650246305383,50,2.9556650246305383,0.01675290277294713,0.2575309420901407,0.0,15,2,1
mmlu_high_school_chemistry,dataset,1,7,posterior_mean,203,0.01,0.1,90.6403940886699,5.418719211822665,141,5.418719211822665,0.05007895614316493,0.11842073333495051,0.0,57,9,1
mmlu_high_school_chemistry,dataset,1,7,gaussian_lcb_1.645,203,0.01,0.1,26.600985221674843,2.9556650246305383,67,2.9556650246305383,0.01420042187835597,0.08901327739445582,0.0,21,2,1
mmlu_high_school_chemistry,dataset,1,8,posterior_mean,203,0.01,0.1,101.47783251231519,16.256157635467982,116,16.256157635467982,0.062104376695849506,0.09023559218904893,0.0,48,17,1
mmlu_high_school_chemistry,dataset,1,8,gaussian_lcb_1.645,203,0.01,0.1,43.349753694581224,2.9556650246305383,72,2.9556650246305383,0.017741539739162066,0.045657052621551085,0.0,29,8,1
mmlu_high_school_chemistry,dataset,1,9,posterior_mean,203,0.01,0.1,132.01970443349742,16.256157635467982,138,16.256157635467982,0.06704756152692139,0.4106078948953056,0.0,64,12,1
mmlu_high_school_chemistry,dataset,1,9,gaussian_lcb_1.645,203,0.01,0.1,36.94581280788173,2.9556650246305383,63,2.9556650246305383,0.02290042718104592,0.3666764631602408,0.0,29,3,1
mmlu_high_school_chemistry,dataset,1,10,posterior_mean,203,0.01,0.1,135.96059113300484,18.7192118226601,118,18.7192118226601,0.04971945179181403,0.06724528892016514,0.0,47,14,1
mmlu_high_school_chemistry,dataset,1,10,gaussian_lcb_1.645,203,0.01,0.1,13.300492610837422,2.9556650246305383,52,2.9556650246305383,0.006722731370259427,0.024895676331041974,0.0,16,2,1
mmlu_high_school_chemistry,dataset,1,11,posterior_mean,203,0.01,0.1,138.42364532019695,14.28571428571429,129,14.28571428571429,0.06742504109584115,0.06742504109584115,0.0,59,26,1
mmlu_high_school_chemistry,dataset,1,11,gaussian_lcb_1.645,203,0.01,0.1,12.807881773399,2.463054187192115,35,2.463054187192115,0.006453103106746764,0.006453103106746764,0.0,14,1,1
mmlu_high_school_chemistry,dataset,1,12,posterior_mean,203,0.01,0.1,82.26600985221665,3.9408866995073843,114,3.9408866995073843,0.048299409603979035,0.05356614835126814,0.0,53,15,1
mmlu_high_school_chemistry,dataset,1,12,gaussian_lcb_1.645,203,0.01,0.1,30.541871921182228,2.9556650246305383,58,2.9556650246305383,0.01702253103645941,0.022720675005369468,0.0,26,5,1
mmlu_high_school_chemistry,dataset,1,13,posterior_mean,203,0.01,0.1,116.74876847290628,3.9408866995073843,152,3.9408866995073843,0.05015085701343659,0.05015085701343659,0.0,66,25,1
mmlu_high_school_chemistry,dataset,1,13,gaussian_lcb_1.645,203,0.01,0.1,14.285714285714269,3.9408866995073843,36,3.9408866995073843,0.006219425278368569,0.006219425278368569,0.0,12,2,1
mmlu_high_school_chemistry,dataset,1,14,posterior_mean,203,0.01,0.1,122.66009852216735,4.4334975369458185,114,4.4334975369458185,0.07668227814312384,0.07668227814312384,0.0,56,25,1
mmlu_high_school_chemistry,dataset,1,14,gaussian_lcb_1.645,203,0.01,0.1,41.37931034482754,3.4482758620689613,52,3.4482758620689613,0.01585414189456999,0.01585414189456999,0.0,22,6,1
mmlu_high_school_chemistry,dataset,1,15,posterior_mean,203,0.01,0.1,74.38423645320191,4.4334975369458185,88,4.4334975369458185,0.050078956143165335,0.050078956143165335,0.0,42,11,1
mmlu_high_school_chemistry,dataset,1,15,gaussian_lcb_1.645,203,0.01,0.1,12.807881773399,2.9556650246305383,24,2.9556650246305383,0.00463760613242505,0.00463760613242505,0.0,11,2,1
mmlu_high_school_chemistry,dataset,1,16,posterior_mean,203,0.01,0.1,127.5862068965516,12.80788177339901,151,12.80788177339901,0.08164343819176553,0.08584963910256979,1.4778325123152691,70,16,1
mmlu_high_school_chemistry,dataset,1,16,gaussian_lcb_1.645,203,0.01,0.1,36.94581280788173,2.9556650246305383,59,2.9556650246305383,0.02676509895806602,0.029677084204007442,0.0,26,2,1
mmlu_high_school_chemistry,dataset,1,17,posterior_mean,203,0.01,0.1,165.51724137931018,14.778325123152714,186,14.778325123152714,0.08469922517824664,0.09133208046066876,0.0,82,21,1
mmlu_high_school_chemistry,dataset,1,17,gaussian_lcb_1.645,203,0.01,0.1,41.37931034482754,2.9556650246305383,66,2.9556650246305383,0.027250429832389532,0.03453039294724307,0.0,30,3,1
mmlu_high_school_chemistry,dataset,1,18,posterior_mean,203,0.01,0.1,81.28078817733983,5.418719211822665,98,5.418719211822665,0.04835333525668202,0.04835333525668202,0.0,48,11,1
mmlu_high_school_chemistry,dataset,1,18,gaussian_lcb_1.645,203,0.01,0.1,21.182266009852192,3.9408866995073843,40,3.9408866995073843,0.010892981845928951,0.010892981845928951,0.0,20,1,1
mmlu_high_school_chemistry,dataset,1,19,posterior_mean,203,0.01,0.1,73.39901477832504,2.463054187192115,114,2.463054187192115,0.049791352662083774,0.06266160844044215,0.0,52,8,1
mmlu_high_school_chemistry,dataset,1,19,gaussian_lcb_1.645,203,0.01,0.1,33.99014778325119,2.463054187192115,61,2.463054187192115,0.014991331451328511,0.031312829002654474,0.0,26,1,1
mmlu_high_school_chemistry,default,1,0,posterior_mean,203,0.01,0.1,308.8669950738915,21.67487684729064,266,21.67487684729064,0.9985592863119599,1.6015559348326474,0.0,121,36,1
mmlu_high_school_chemistry,default,1,0,gaussian_lcb_1.645,203,0.01,0.1,46.79802955665019,2.9556650246305383,89,2.9556650246305383,1.1401320998739042,1.7590907415945645,0.0,34,7,1
mmlu_high_school_chemistry,default,1,1,posterior_mean,203,0.01,0.1,186.69950738916248,13.793103448275868,234,13.300492610837445,1.0765717305550793,1.4065607746599769,0.0,98,20,1
mmlu_high_school_chemistry,default,1,1,gaussian_lcb_1.645,203,0.01,0.1,74.38423645320194,13.793103448275868,101,13.300492610837445,1.0670089148091504,1.4201500391410389,0.0,42,6,1
mmlu_high_school_chemistry,default,1,2,posterior_mean,203,0.01,0.1,128.5714285714284,4.4334975369458185,182,4.4334975369458185,0.615022069073365,0.615022069073365,0.0,81,15,1
mmlu_high_school_chemistry,default,1,2,gaussian_lcb_1.645,203,0.01,0.1,26.10837438423642,2.9556650246305383,55,2.9556650246305383,0.5412517761761845,0.5412517761761845,0.0,24,1,1
mmlu_high_school_chemistry,default,1,3,posterior_mean,203,0.01,0.1,154.18719211822656,15.270935960591137,165,15.270935960591137,0.6187788895449862,3.5507525774215023,0.0,60,21,1
mmlu_high_school_chemistry,default,1,3,gaussian_lcb_1.645,203,0.01,0.1,33.004926108374356,5.418719211822665,74,5.418719211822665,0.38783329423723467,3.3853805758001343,0.0,23,3,1
mmlu_high_school_chemistry,default,1,4,posterior_mean,203,0.01,0.1,172.41379310344814,21.182266009852214,247,18.226600985221676,1.2482350583250912,1.8076597794620604,0.49261083743842304,110,15,1
mmlu_high_school_chemistry,default,1,4,gaussian_lcb_1.645,203,0.01,0.1,94.08866995073882,20.197044334975367,132,19.21182266009852,0.7938575086528195,1.8218961517755534,0.49261083743842304,56,8,1
mmlu_high_school_chemistry,default,1,5,posterior_mean,203,0.01,0.1,205.9113300492609,16.256157635467982,219,16.256157635467982,0.16522819988082388,0.9205827925039711,0.0,99,27,1
mmlu_high_school_chemistry,default,1,5,gaussian_lcb_1.645,203,0.01,0.1,44.8275862068965,3.4482758620689613,79,3.4482758620689613,0.043068621291825517,0.8214314924014233,0.0,34,6,1
mmlu_high_school_chemistry,default,1,6,posterior_mean,203,0.01,0.1,271.9211822660097,26.60098522167488,242,23.645320197044338,0.7742285710690676,1.1707978210441248,0.0,107,30,1
mmlu_high_school_chemistry,default,1,6,gaussian_lcb_1.645,203,0.01,0.1,65.02463054187184,3.4482758620689613,92,3.4482758620689613,0.25862743036175984,0.9425844588066401,0.0,37,14,1
mmlu_high_school_chemistry,default,1,7,posterior_mean,203,0.01,0.1,235.46798029556638,19.211822660098527,232,19.211822660098527,1.4651779591477196,2.1745699204506663,0.0,95,20,1
mmlu_high_school_chemistry,default,1,7,gaussian_lcb_1.645,203,0.01,0.1,59.11330049261079,12.80788177339901,92,10.837438423645319,1.2554610957872352,2.1507707323912473,0.0,32,4,1
mmlu_high_school_chemistry,default,1,8,posterior_mean,203,0.01,0.1,257.142857142857,21.182266009852217,258,21.182266009852217,0.7694291879785305,1.194614984321117,0.0,114,29,1
mmlu_high_school_chemistry,default,1,8,gaussian_lcb_1.645,203,0.01,0.1,61.083743842364456,2.9556650246305383,101,2.463054187192115,0.5980175132544728,1.0401179893281105,0.0,45,7,1
mmlu_high_school_chemistry,default,1,9,posterior_mean,203,0.01,0.1,174.87684729064026,15.763546798029559,229,15.763546798029559,1.053743204244306,1.6148935462677552,0.0,100,24,1
mmlu_high_school_chemistry,default,1,9,gaussian_lcb_1.645,203,0.01,0.1,65.02463054187184,2.9556650246305383,95,2.9556650246305383,0.9815547304930683,1.5673670710191818,0.0,41,15,1
mmlu_high_school_chemistry,default,1,10,posterior_mean,203,0.01,0.1,175.8620689655171,24.137931034482758,175,24.137931034482758,0.5086087810735322,1.0445758432848606,0.0,82,24,1
mmlu_high_school_chemistry,default,1,10,gaussian_lcb_1.645,203,0.01,0.1,36.94581280788173,2.9556650246305383,59,2.9556650246305383,0.41470624450070614,1.1157577048523202,0.0,27,2,1
mmlu_high_school_chemistry,default,1,11,posterior_mean,203,0.01,0.1,329.55665024630537,26.108374384236456,229,23.645320197044338,1.1981201517467859,1.6490284844285177,0.0,101,25,1
mmlu_high_school_chemistry,default,1,11,gaussian_lcb_1.645,203,0.01,0.1,30.049261083743804,2.9556650246305383,67,2.463054187192115,0.4943903839776087,1.6020053152718345,0.0,26,2,1
mmlu_high_school_chemistry,default,1,12,posterior_mean,203,0.01,0.1,150.24630541871912,18.226600985221676,176,18.226600985221676,1.068428956996986,1.068428956996986,0.0,74,17,1
mmlu_high_school_chemistry,default,1,12,gaussian_lcb_1.645,203,0.01,0.1,20.68965517241377,3.4482758620689613,56,3.4482758620689613,0.805559375289288,1.169413729291424,0.0,20,2,1
mmlu_high_school_chemistry,default,1,13,posterior_mean,203,0.01,0.1,237.43842364532006,21.674876847290637,206,20.197044334975367,0.6487435772300714,1.3694239751654436,0.0,86,31,1
mmlu_high_school_chemistry,default,1,13,gaussian_lcb_1.645,203,0.01,0.1,33.49753694581277,3.9408866995073843,78,3.4482758620689613,0.34611281426297513,1.4091851564248428,0.0,29,3,1
mmlu_high_school_chemistry,default,1,14,posterior_mean,203,0.01,0.1,273.39901477832507,22.660098522167488,189,20.197044334975374,1.1734941036792588,1.6929059905108843,0.0,85,24,1
mmlu_high_school_chemistry,default,1,14,gaussian_lcb_1.645,203,0.01,0.1,65.02463054187189,18.226600985221676,68,16.256157635467982,0.4266597641831195,0.7624188531271913,0.0,28,5,1
mmlu_high_school_chemistry,default,1,15,posterior_mean,203,0.01,0.1,140.886699507389,17.24137931034483,199,16.256157635467982,0.8384719986554503,0.8384719986554503,0.0,92,16,1
mmlu_high_school_chemistry,default,1,15,gaussian_lcb_1.645,203,0.01,0.1,55.17241379310338,3.9408866995073843,96,3.4482758620689613,1.1763341880549256,1.1763341880549256,0.0,43,7,1
mmlu_high_school_chemistry,default,1,16,posterior_mean,203,0.01,0.1,384.72906403940874,33.49753694581281,290,33.49753694581281,0.9738793125917244,1.2559104762264257,0.0,120,36,1
mmlu_high_school_chemistry,default,1,16,gaussian_lcb_1.645,203,0.01,0.1,48.275862068965466,3.9408866995073955,110,3.9408866995073955,0.5623906320356103,0.9456582210106902,0.0,42,2,1
mmlu_high_school_chemistry,default,1,17,posterior_mean,203,0.01,0.1,195.566502463054,22.16748768472906,230,22.16748768472906,0.7640725731434046,0.7640725731434046,0.0,105,25,1
mmlu_high_school_chemistry,default,1,17,gaussian_lcb_1.645,203,0.01,0.1,44.33497536945807,3.4482758620689613,80,3.4482758620689613,0.7097874160894363,0.7097874160894363,0.0,34,7,1
mmlu_high_school_chemistry,default,1,18,posterior_mean,203,0.01,0.1,97.53694581280776,3.9408866995073843,195,3.4482758620689613,0.4739345863857489,1.3321253987127957,0.0,77,12,1
mmlu_high_school_chemistry,default,1,18,gaussian_lcb_1.645,203,0.01,0.1,46.79802955665019,2.463054187192115,103,2.463054187192115,0.22918402398613008,1.2492236952913038,0.0,41,5,1
mmlu_high_school_chemistry,default,1,19,posterior_mean,203,0.01,0.1,120.68965517241368,12.80788177339901,160,10.344827586206895,1.197652796090032,1.4483711307220755,0.0,69,16,1
mmlu_high_school_chemistry,default,1,19,gaussian_lcb_1.645,203,0.01,0.1,43.349753694581224,2.463054187192115,67,2.463054187192115,0.6054053276747322,1.4885637172030919,0.0,26,6,1
mmlu_high_school_computer_science,dataset,1,0,posterior_mean,100,0.01,0.1,21.000000000000018,2.0000000000000018,52,2.0000000000000018,0.011851851851851926,0.020740740740740823,0.0,16,5,1
mmlu_high_school_computer_science,dataset,1,0,gaussian_lcb_1.645,100,0.01,0.1,6.000000000000005,1.0000000000000009,24,1.0000000000000009,0.002074074074074325,0.011259259259259516,0.0,6,0,0
mmlu_high_school_computer_science,dataset,1,1,posterior_mean,100,0.01,0.1,23.00000000000002,3.0000000000000027,52,3.0000000000000027,0.021037037037037017,0.021037037037037017,0.0,17,5,1
mmlu_high_school_computer_science,dataset,1,1,gaussian_lcb_1.645,100,0.01,0.1,15.000000000000014,2.0000000000000018,34,2.0000000000000018,0.005629629629629432,0.005629629629629432,0.0,10,5,1
mmlu_high_school_computer_science,dataset,1,2,posterior_mean,100,0.01,0.1,27.000000000000025,3.0000000000000027,61,3.0000000000000027,0.014814814814814581,0.014814814814814581,1.0000000000000009,17,7,1
mmlu_high_school_computer_science,dataset,1,2,gaussian_lcb_1.645,100,0.01,0.1,11.00000000000001,2.0000000000000018,32,2.0000000000000018,0.003851851851851781,0.003851851851851781,0.0,9,2,1
mmlu_high_school_computer_science,dataset,1,3,posterior_mean,100,0.01,0.1,31.00000000000003,2.0000000000000018,75,2.0000000000000018,0.02696296296296272,0.04148148148148124,0.0,25,6,1
mmlu_high_school_computer_science,dataset,1,3,gaussian_lcb_1.645,100,0.01,0.1,7.000000000000006,2.0000000000000018,21,2.0000000000000018,0.0020740740740740745,0.017777777777777778,0.0,6,1,1
mmlu_high_school_computer_science,dataset,1,4,posterior_mean,100,0.01,0.1,31.00000000000003,2.0000000000000018,68,2.0000000000000018,0.017185185185185144,0.017185185185185144,0.0,20,11,1
mmlu_high_school_computer_science,dataset,1,4,gaussian_lcb_1.645,100,0.01,0.1,6.000000000000005,1.0000000000000009,22,1.0000000000000009,0.004148148148148188,0.004148148148148188,0.0,6,0,0
mmlu_high_school_computer_science,dataset,1,5,posterior_mean,100,0.01,0.1,35.00000000000003,3.0000000000000027,64,3.0000000000000027,0.027259259259259556,0.03348148148148178,0.0,24,9,1
mmlu_high_school_computer_science,dataset,1,5,gaussian_lcb_1.645,100,0.01,0.1,14.000000000000012,2.0000000000000018,36,2.0000000000000018,0.0059259259259259725,0.012444444444444487,0.0,11,3,1
mmlu_high_school_computer_science,dataset,1,6,posterior_mean,100,0.01,0.1,9.000000000000007,2.0000000000000018,25,2.0000000000000018,0.004740740740740769,0.004740740740740769,1.0000000000000009,8,1,1
mmlu_high_school_computer_science,dataset,1,6,gaussian_lcb_1.645,100,0.01,0.1,0.0,0.0,6,0.0,0.0,0.0,0.0,0,0,0
mmlu_high_school_computer_science,dataset,1,7,posterior_mean,100,0.01,0.1,23.00000000000002,3.0000000000000027,56,3.0000000000000027,0.01185185185185177,0.06548148148148145,0.0,18,4,1
mmlu_high_school_computer_science,dataset,1,7,gaussian_lcb_1.645,100,0.01,0.1,5.000000000000004,2.0000000000000018,20,2.0000000000000018,0.0014814814814815313,0.05540740740740749,0.0,4,1,1
mmlu_high_school_computer_science,dataset,1,8,posterior_mean,100,0.01,0.1,25.00000000000002,2.0000000000000018,66,2.0000000000000018,0.024000000000000566,0.0868148148148154,0.0,24,1,1
mmlu_high_school_computer_science,dataset,1,8,gaussian_lcb_1.645,100,0.01,0.1,12.00000000000001,1.0000000000000009,39,1.0000000000000009,0.009185185185184996,0.07259259259259246,0.0,12,0,0
mmlu_high_school_computer_science,dataset,1,9,posterior_mean,100,0.01,0.1,21.000000000000018,2.0000000000000018,58,2.0000000000000018,0.013925925925926076,0.02933333333333349,0.0,18,3,1
mmlu_high_school_computer_science,dataset,1,9,gaussian_lcb_1.645,100,0.01,0.1,4.0000000000000036,1.0000000000000009,26,1.0000000000000009,0.0014814814814814738,0.018666666666666675,0.0,4,0,0
mmlu_high_school_computer_science,dataset,1,10,posterior_mean,100,0.01,0.1,17.000000000000014,3.0000000000000027,58,3.0000000000000027,0.018666666666666366,0.035851851851851566,0.0,10,5,1
mmlu_high_school_computer_science,dataset,1,10,gaussian_lcb_1.645,100,0.01,0.1,8.000000000000007,2.0000000000000018,26,2.0000000000000018,0.004148148148147957,0.0254814814814813,0.0,5,3,1
mmlu_high_school_computer_science,dataset,1,11,posterior_mean,100,0.01,0.1,30.00000000000003,4.0000000000000036,69,4.0000000000000036,0.020148148148148262,0.0251851851851853,0.0,19,9,1
mmlu_high_school_computer_science,dataset,1,11,gaussian_lcb_1.645,100,0.01,0.1,7.000000000000006,2.0000000000000018,25,2.0000000000000018,0.0035555555555555484,0.010962962962962956,0.0,5,2,1
mmlu_high_school_computer_science,dataset,1,12,posterior_mean,100,0.01,0.1,41.000000000000036,2.0000000000000018,76,2.0000000000000018,0.0266666666666667,0.0266666666666667,0.0,32,9,1
mmlu_high_school_computer_science,dataset,1,12,gaussian_lcb_1.645,100,0.01,0.1,8.000000000000007,2.0000000000000018,16,2.0000000000000018,0.005333333333333313,0.005333333333333313,0.0,6,2,1
mmlu_high_school_computer_science,dataset,1,13,posterior_mean,100,0.01,0.1,16.000000000000014,2.0000000000000018,58,2.0000000000000018,0.007703703703703465,0.007703703703703465,0.0,13,3,1
mmlu_high_school_computer_science,dataset,1,13,gaussian_lcb_1.645,100,0.01,0.1,2.0000000000000018,1.0000000000000009,14,1.0000000000000009,0.000592592592592601,0.000592592592592601,0.0,2,0,0
mmlu_high_school_computer_science,dataset,1,14,posterior_mean,100,0.01,0.1,30.00000000000003,3.0000000000000027,64,3.0000000000000027,0.021629629629629502,0.021629629629629502,0.0,21,5,1
mmlu_high_school_computer_science,dataset,1,14,gaussian_lcb_1.645,100,0.01,0.1,5.000000000000004,1.0000000000000009,14,1.0000000000000009,0.0026666666666666566,0.0026666666666666566,0.0,5,0,0
mmlu_high_school_computer_science,dataset,1,15,posterior_mean,100,0.01,0.1,31.00000000000003,5.000000000000004,66,5.000000000000004,0.024000000000000122,0.024000000000000122,0.0,17,5,1
mmlu_high_school_computer_science,dataset,1,15,gaussian_lcb_1.645,100,0.01,0.1,6.000000000000005,2.0000000000000018,26,2.0000000000000018,0.003555555555555471,0.003555555555555471,0.0,5,1,1
mmlu_high_school_computer_science,dataset,1,16,posterior_mean,100,0.01,0.1,29.000000000000025,3.0000000000000027,71,3.0000000000000027,0.01896296296296304,0.03644444444444453,0.0,20,7,1
mmlu_high_school_computer_science,dataset,1,16,gaussian_lcb_1.645,100,0.01,0.1,7.000000000000006,2.0000000000000018,37,2.0000000000000018,0.0026666666666666375,0.02133333333333331,0.0,5,2,1
mmlu_high_school_computer_science,dataset,1,17,posterior_mean,100,0.01,0.1,17.000000000000014,2.0000000000000018,38,2.0000000000000018,0.013333333333333629,0.013333333333333629,0.0,15,2,1
mmlu_high_school_computer_science,dataset,1,17,gaussian_lcb_1.645,100,0.01,0.1,7.000000000000006,1.0000000000000009,18,1.0000000000000009,0.0038518518518517045,0.0038518518518517045,0.0,7,0,0
mmlu_high_school_computer_science,dataset,1,18,posterior_mean,100,0.01,0.1,23.00000000000002,2.0000000000000018,54,2.0000000000000018,0.017185185185185158,0.017185185185185158,0.0,18,5,1
mmlu_high_school_computer_science,dataset,1,18,gaussian_lcb_1.645,100,0.01,0.1,7.000000000000006,2.0000000000000018,16,2.0000000000000018,0.004444444444444383,0.004444444444444383,0.0,5,2,1
mmlu_high_school_computer_science,dataset,1,19,posterior_mean,100,0.01,0.1,20.000000000000018,2.0000000000000018,48,2.0000000000000018,0.006814814814814632,0.033481481481481314,0.0,13,7,1
mmlu_high_school_computer_science,dataset,1,19,gaussian_lcb_1.645,100,0.01,0.1,1.0000000000000009,1.0000000000000009,8,1.0000000000000009,0.0005925925925926203,0.02755555555555561,0.0,1,0,0
mmlu_high_school_computer_science,default,1,0,posterior_mean,100,0.01,0.1,13.00000000000001,2.0000000000000018,47,1.0000000000000009,0.6995555555555562,1.220444444444444,0.0,13,0,0
mmlu_high_school_computer_science,default,1,0,gaussian_lcb_1.645,100,0.01,0.1,6.000000000000005,2.0000000000000018,20,1.0000000000000009,0.12355555555555602,1.2201481481481482,0.0,6,0,0
mmlu_high_school_computer_science,default,1,1,posterior_mean,100,0.01,0.1,25.00000000000002,2.0000000000000018,51,2.0000000000000018,0.6423703703703705,0.7048888888888888,0.0,20,5,1
mmlu_high_school_computer_science,default,1,1,gaussian_lcb_1.645,100,0.01,0.1,14.000000000000012,2.0000000000000018,24,2.0000000000000018,0.14725925925925917,0.6595555555555556,0.0,10,4,1
mmlu_high_school_computer_science,default,1,2,posterior_mean,100,0.01,0.1,26.00000000000002,3.0000000000000027,55,2.0000000000000018,1.2557037037037035,1.2557037037037035,0.0,20,6,1
mmlu_high_school_computer_science,default,1,2,gaussian_lcb_1.645,100,0.01,0.1,13.00000000000001,2.0000000000000018,27,2.0000000000000018,1.2583703703703697,1.2583703703703697,0.0,10,3,1
mmlu_high_school_computer_science,default,1,3,posterior_mean,100,0.01,0.1,17.000000000000014,2.0000000000000018,39,2.0000000000000018,0.051555555555555875,0.051555555555555875,0.0,12,5,1
mmlu_high_school_computer_science,default,1,3,gaussian_lcb_1.645,100,0.01,0.1,7.000000000000006,2.0000000000000018,19,2.0000000000000018,0.04474074074074091,0.04474074074074091,0.0,4,3,1
mmlu_high_school_computer_science,default,1,4,posterior_mean,100,0.01,0.1,30.00000000000003,2.0000000000000018,83,2.0000000000000018,0.8509629629629639,0.8980740740740752,0.0,28,2,1
mmlu_high_school_computer_science,default,1,4,gaussian_lcb_1.645,100,0.01,0.1,12.00000000000001,2.0000000000000018,38,2.0000000000000018,0.3555555555555555,0.8962962962962976,0.0,11,1,1
mmlu_high_school_computer_science,default,1,5,posterior_mean,100,0.01,0.1,11.00000000000001,2.0000000000000018,44,2.0000000000000018,0.4548148148148148,0.538074074074074,0.0,10,1,1
mmlu_high_school_computer_science,default,1,5,gaussian_lcb_1.645,100,0.01,0.1,2.0000000000000018,1.0000000000000009,17,1.0000000000000009,0.44977777777777783,0.5336296296296296,0.0,2,0,0
mmlu_high_school_computer_science,default,1,6,posterior_mean,100,0.01,0.1,22.00000000000002,2.0000000000000018,35,2.0000000000000018,1.2767407407407414,1.2767407407407414,1.0000000000000009,15,7,1
mmlu_high_school_computer_science,default,1,6,gaussian_lcb_1.645,100,0.01,0.1,9.000000000000007,2.0000000000000018,16,2.0000000000000018,1.2625185185185188,1.2625185185185188,1.0000000000000009,5,4,1
mmlu_high_school_computer_science,default,1,7,posterior_mean,100,0.01,0.1,11.00000000000001,2.0000000000000018,50,1.0000000000000009,0.4743703703703706,0.9955555555555579,0.0,11,0,0
mmlu_high_school_computer_science,default,1,7,gaussian_lcb_1.645,100,0.01,0.1,2.0000000000000018,1.0000000000000009,10,1.0000000000000009,0.3265185185185187,0.9958518518518541,0.0,2,0,0
mmlu_high_school_computer_science,default,1,8,posterior_mean,100,0.01,0.1,25.00000000000002,4.0000000000000036,60,3.0000000000000027,0.47437037037037083,0.4918518518518524,0.0,21,2,1
mmlu_high_school_computer_science,default,1,8,gaussian_lcb_1.645,100,0.01,0.1,10.000000000000009,3.0000000000000027,21,3.0000000000000027,0.4488888888888891,0.4666666666666669,0.0,8,1,1
mmlu_high_school_computer_science,default,1,9,posterior_mean,100,0.01,0.1,22.00000000000002,3.0000000000000027,50,3.0000000000000027,0.009481481481481618,0.5155555555555557,0.0,17,4,1
mmlu_high_school_computer_science,default,1,9,gaussian_lcb_1.645,100,0.01,0.1,4.0000000000000036,1.0000000000000009,23,1.0000000000000009,0.06251851851851851,0.5685925925925924,0.0,4,0,0
mmlu_high_school_computer_science,default,1,10,posterior_mean,100,0.01,0.1,22.00000000000002,3.0000000000000027,46,3.0000000000000027,0.01451851851851883,0.01451851851851883,0.0,13,7,1
mmlu_high_school_computer_science,default,1,10,gaussian_lcb_1.645,100,0.01,0.1,8.000000000000007,3.0000000000000027,20,3.0000000000000027,0.004148148148148053,0.004148148148148053,0.0,5,2,1
mmlu_high_school_computer_science,default,1,11,posterior_mean,100,0.01,0.1,18.000000000000014,2.0000000000000018,43,2.0000000000000018,1.0311111111111113,1.552000000000002,1.0000000000000009,15,3,1
mmlu_high_school_computer_science,default,1,11,gaussian_lcb_1.645,100,0.01,0.1,6.000000000000005,2.0000000000000018,13,2.0000000000000018,0.9582222222222224,1.5481481481481503,1.0000000000000009,4,2,1
mmlu_high_school_computer_science,default,1,12,posterior_mean,100,0.01,0.1,10.000000000000009,2.0000000000000018,30,1.0000000000000009,0.362666666666667,0.4254814814814819,0.0,10,0,0
mmlu_high_school_computer_science,default,1,12,gaussian_lcb_1.645,100,0.01,0.1,3.0000000000000027,1.0000000000000009,8,1.0000000000000009,0.362666666666667,0.4260740740740743,0.0,3,0,0
mmlu_high_school_computer_science,default,1,13,posterior_mean,100,0.01,0.1,16.000000000000014,2.0000000000000018,40,1.0000000000000009,0.5134814814814815,0.5134814814814815,0.0,16,0,0
mmlu_high_school_computer_science,default,1,13,gaussian_lcb_1.645,100,0.01,0.1,5.000000000000004,1.0000000000000009,17,1.0000000000000009,0.5084444444444444,0.5084444444444444,0.0,5,0,0
mmlu_high_school_computer_science,default,1,14,posterior_mean,100,0.01,0.1,20.000000000000018,3.0000000000000027,58,2.0000000000000018,0.871703703703705,0.871703703703705,1.0000000000000009,18,2,1
mmlu_high_school_computer_science,default,1,14,gaussian_lcb_1.645,100,0.01,0.1,5.000000000000004,1.0000000000000009,13,1.0000000000000009,0.8702222222222238,0.8702222222222238,1.0000000000000009,5,0,0
mmlu_high_school_computer_science,default,1,15,posterior_mean,100,0.01,0.1,30.00000000000003,4.0000000000000036,59,2.0000000000000018,1.0989629629629631,1.0989629629629631,1.0000000000000009,23,7,1
mmlu_high_school_computer_science,default,1,15,gaussian_lcb_1.645,100,0.01,0.1,12.00000000000001,2.0000000000000018,28,2.0000000000000018,1.0921481481481485,1.0921481481481485,1.0000000000000009,11,1,1
mmlu_high_school_computer_science,default,1,16,posterior_mean,100,0.01,0.1,28.000000000000025,3.0000000000000027,64,3.0000000000000027,0.4808888888888893,0.4814814814814819,0.0,23,3,1
mmlu_high_school_computer_science,default,1,16,gaussian_lcb_1.645,100,0.01,0.1,18.000000000000014,3.0000000000000027,34,3.0000000000000027,0.4746666666666669,0.4746666666666669,0.0,14,2,1
mmlu_high_school_computer_science,default,1,17,posterior_mean,100,0.01,0.1,21.000000000000018,3.0000000000000027,61,3.0000000000000027,1.192888888888889,1.1970370370370371,0.0,17,3,1
mmlu_high_school_computer_science,default,1,17,gaussian_lcb_1.645,100,0.01,0.1,4.0000000000000036,2.0000000000000018,23,1.0000000000000009,1.1845925925925924,1.1893333333333331,0.0,4,0,0
mmlu_high_school_computer_science,default,1,18,posterior_mean,100,0.01,0.1,9.000000000000007,2.0000000000000018,41,2.0000000000000018,0.12088888888888916,0.6183703703703708,0.0,8,1,1
mmlu_high_school_computer_science,default,1,18,gaussian_lcb_1.645,100,0.01,0.1,5.000000000000004,1.0000000000000009,19,1.0000000000000009,0.18370370370370387,0.6817777777777784,0.0,5,0,0
mmlu_high_school_computer_science,default,1,19,posterior_mean,100,0.01,0.1,25.00000000000002,2.0000000000000018,69,2.0000000000000018,0.14577777777777837,0.21807407407407464,0.0,22,3,1
mmlu_high_school_computer_science,default,1,19,gaussian_lcb_1.645,100,0.01,0.1,7.000000000000006,1.0000000000000009,24,1.0000000000000009,0.13718518518518547,0.21007407407407439,0.0,7,0,0
mmlu_high_school_european_history,dataset,1,0,posterior_mean,165,0.01,0.1,58.181818181818215,9.090909090909083,133,8.484848484848484,0.5277828792980264,0.5430466278951082,0.0,38,5,1
mmlu_high_school_european_history,dataset,1,0,gaussian_lcb_1.645,165,0.01,0.1,10.303030303030269,1.2121212121212088,53,1.2121212121212088,0.5108050198959238,0.5263952657891998,0.0,16,0,0
mmlu_high_school_european_history,dataset,1,1,posterior_mean,165,0.01,0.1,69.090909090909,12.121212121212121,108,11.515151515151523,0.4530694146855711,0.487079549705807,0.0,47,4,1
mmlu_high_school_european_history,dataset,1,1,gaussian_lcb_1.645,165,0.01,0.1,13.939393939393874,1.8181818181818188,46,1.21212121212122,0.20427847498554333,0.4666190524776337,0.0,20,0,0
mmlu_high_school_european_history,dataset,1,2,posterior_mean,165,0.01,0.1,55.15151515151513,9.090909090909083,113,7.2727272727272645,1.0413087099955747,1.0413087099955747,0.0,46,4,1
mmlu_high_school_european_history,dataset,1,2,gaussian_lcb_1.645,165,0.01,0.1,12.121212121212121,1.8181818181818188,41,1.21212121212122,1.032819780294524,1.032819780294524,0.0,15,0,0
mmlu_high_school_european_history,dataset,1,3,posterior_mean,165,0.01,0.1,90.90909090909099,13.939393939393941,121,13.939393939393941,0.2598918477706352,0.6501105329388118,0.0,37,7,1
mmlu_high_school_european_history,dataset,1,3,gaussian_lcb_1.645,165,0.01,0.1,11.515151515151567,1.8181818181818188,51,1.8181818181818188,0.05964017277148641,0.6162636465666718,0.0,13,0,0
mmlu_high_school_european_history,dataset,1,4,posterior_mean,165,0.01,0.1,96.9696969696971,10.303030303030303,143,10.303030303030303,0.044294799850355455,0.5410604360099258,0.0,37,14,1
mmlu_high_school_european_history,dataset,1,4,gaussian_lcb_1.645,165,0.01,0.1,16.363636363636424,2.4242424242424288,83,2.4242424242424288,0.008053599972792097,0.5049280685644272,0.0,16,2,1
mmlu_high_school_european_history,dataset,1,5,posterior_mean,165,0.01,0.1,106.06060606060588,9.696969696969704,114,9.090909090909093,0.2952623881916837,0.5486514981464475,0.0,45,16,1
mmlu_high_school_european_history,dataset,1,5,gaussian_lcb_1.645,165,0.01,0.1,9.090909090909049,2.4242424242424176,28,2.4242424242424176,0.2565180423766302,0.510342482059653,0.0,10,1,1
mmlu_high_school_european_history,dataset,1,6,posterior_mean,165,0.01,0.1,67.87878787878775,16.96969696969697,91,16.36363636363637,0.291017923341153,0.3154780124477066,0.0,35,9,1
mmlu_high_school_european_history,dataset,1,6,gaussian_lcb_1.645,165,0.01,0.1,15.151515151515127,2.4242424242424176,36,2.4242424242424176,0.26021834506682706,0.2882699044315176,0.0,12,1,1
mmlu_high_school_european_history,dataset,1,7,posterior_mean,165,0.01,0.1,75.15151515151496,7.878787878787874,107,7.878787878787874,0.9838451858653859,1.0359759208244035,0.0,47,10,1
mmlu_high_school_european_history,dataset,1,7,gaussian_lcb_1.645,165,0.01,0.1,15.75757575757567,1.2121212121212088,43,1.2121212121212088,0.00631228105975614,1.0089854776723448,0.0,17,0,0
mmlu_high_school_european_history,dataset,1,8,posterior_mean,165,0.01,0.1,55.15151515151515,5.454545454545457,121,4.848484848484846,0.7034928408665789,1.0583409856137092,0.0,50,1,1
mmlu_high_school_european_history,dataset,1,8,gaussian_lcb_1.645,165,0.01,0.1,9.696969696969738,1.21212121212122,29,1.21212121212122,0.006747610788014797,0.956256164336969,0.0,12,0,0
mmlu_high_school_european_history,dataset,1,9,posterior_mean,165,0.01,0.1,64.24242424242425,13.33333333333333,108,12.727272727272732,0.48223650647892563,0.5063428901812688,0.0,43,5,1
mmlu_high_school_european_history,dataset,1,9,gaussian_lcb_1.645,165,0.01,0.1,6.666666666666687,1.21212121212122,31,1.21212121212122,0.00489745944291399,0.480549603781922,0.0,9,0,0
mmlu_high_school_european_history,dataset,1,10,posterior_mean,165,0.01,0.1,100.00000000000011,9.696969696969692,139,8.484848484848484,0.8361595755535112,0.8603747916879189,0.0,54,8,1
mmlu_high_school_european_history,dataset,1,10,gaussian_lcb_1.645,165,0.01,0.1,20.606060606060637,7.272727272727275,67,7.272727272727275,0.0624698160051696,0.836649321497802,0.0,17,1,1
mmlu_high_school_european_history,dataset,1,11,posterior_mean,165,0.01,0.1,101.21212121212105,16.96969696969697,116,16.96969696969697,0.08891609699690467,0.10790735639220436,0.0,50,10,1
mmlu_high_school_european_history,dataset,1,11,gaussian_lcb_1.645,165,0.01,0.1,23.030303030302967,7.878787878787874,46,7.878787878787874,0.08162432404856605,0.12219161310070353,0.0,18,1,1
mmlu_high_school_european_history,dataset,1,12,posterior_mean,165,0.01,0.1,85.45454545454541,9.696969696969704,115,9.090909090909093,0.46493214978063624,0.7909397000306063,0.0,35,14,1
mmlu_high_school_european_history,dataset,1,12,gaussian_lcb_1.645,165,0.01,0.1,6.060606060606066,2.4242424242424176,32,2.4242424242424176,0.2041696425534796,0.7690643811855896,0.0,6,1,1
mmlu_high_school_european_history,dataset,1,13,posterior_mean,165,0.01,0.1,140.60606060606048,9.696969696969692,161,7.272727272727275,1.2267591742339181,1.2783457470326123,0.0,76,18,1
mmlu_high_school_european_history,dataset,1,13,gaussian_lcb_1.645,165,0.01,0.1,32.727272727272705,7.878787878787885,57,6.060606060606066,0.8426895214774007,1.2449341903887319,0.0,26,1,1
mmlu_high_school_european_history,dataset,1,14,posterior_mean,165,0.01,0.1,105.45454545454515,8.484848484848484,155,8.484848484848484,0.060401999795936884,0.060401999795936884,0.0,61,9,1
mmlu_high_school_european_history,dataset,1,14,gaussian_lcb_1.645,165,0.01,0.1,13.939393939393852,1.8181818181818188,59,1.8181818181818188,0.020133999931979618,0.020133999931979618,0.0,16,0,0
mmlu_high_school_european_history,dataset,1,15,posterior_mean,165,0.01,0.1,66.6666666666664,7.878787878787874,130,7.878787878787874,0.1464068292351103,0.1464068292351103,0.0,55,4,1
mmlu_high_school_european_history,dataset,1,15,gaussian_lcb_1.645,165,0.01,0.1,24.84848484848472,2.4242424242424176,61,2.4242424242424176,0.10962146719722386,0.10962146719722386,0.0,25,1,1
mmlu_high_school_european_history,dataset,1,16,posterior_mean,165,0.01,0.1,83.63636363636343,7.878787878787874,117,7.878787878787874,0.33977485290616094,0.3619222528313385,0.0,52,6,1
mmlu_high_school_european_history,dataset,1,16,gaussian_lcb_1.645,165,0.01,0.1,15.757575757575692,2.4242424242424176,43,1.8181818181818188,0.3053838043737004,0.32685100159847313,0.0,16,0,0
mmlu_high_school_european_history,dataset,1,17,posterior_mean,165,0.01,0.1,64.24242424242415,11.515151515151512,93,11.515151515151512,0.525987144168966,0.79200081624324,0.0,43,3,1
mmlu_high_school_european_history,dataset,1,17,gaussian_lcb_1.645,165,0.01,0.1,15.75757575757567,1.2121212121212088,41,1.2121212121212088,0.020133999931979545,0.28669183416657834,0.0,19,0,0
mmlu_high_school_european_history,dataset,1,18,posterior_mean,165,0.01,0.1,57.57575757575732,5.454545454545445,130,5.454545454545445,0.05885113763901574,0.05885113763901574,1.8181818181818188,47,3,1
mmlu_high_school_european_history,dataset,1,18,gaussian_lcb_1.645,165,0.01,0.1,21.212121212121104,1.8181818181818188,51,1.8181818181818188,0.023943135054246206,0.023943135054246206,0.0,22,0,0
mmlu_high_school_european_history,dataset,1,19,posterior_mean,165,0.01,0.1,81.21212121212105,7.878787878787874,166,7.272727272727275,0.48422269836410964,0.4933918307655652,0.0,58,4,1
mmlu_high_school_european_history,dataset,1,19,gaussian_lcb_1.645,165,0.01,0.1,13.939393939393895,1.8181818181818188,56,1.21212121212122,0.1628405264768883,0.467707376798281,0.0,17,0,0
mmlu_high_school_european_history,default,1,0,posterior_mean,165,0.01,0.1,53.93939393939412,8.484848484848484,120,8.484848484848484,0.770261537938307,1.3770567629153476,0.6060606060605989,42,1,1
mmlu_high_school_european_history,default,1,0,gaussian_lcb_1.645,165,0.01,0.1,18.181818181818244,1.8181818181818188,61,1.21212121212122,0.4694486957113206,1.2181614121008029,0.6060606060605989,19,0,0
mmlu_high_school_european_history,default,1,1,posterior_mean,165,0.01,0.1,36.969696969697,6.666666666666665,69,4.848484848484846,0.8552596673808806,1.6372206917661491,1.8181818181818188,27,3,1
mmlu_high_school_european_history,default,1,1,gaussian_lcb_1.645,165,0.01,0.1,12.121212121212132,3.0303030303030276,23,3.0303030303030276,0.8612454511444416,1.643641805257969,1.8181818181818188,9,2,1
mmlu_high_school_european_history,default,1,2,posterior_mean,165,0.01,0.1,141.81818181818184,15.75757575757576,119,12.72727272727272,0.5923205115124303,1.5201986191885066,0.6060606060605989,44,14,1
mmlu_high_school_european_history,default,1,2,gaussian_lcb_1.645,165,0.01,0.1,19.999999999999986,7.2727272727272645,25,7.2727272727272645,0.4816379281025736,1.4835220895826837,0.6060606060605989,7,2,1
mmlu_high_school_european_history,default,1,3,posterior_mean,165,0.01,0.1,78.78787878787871,7.878787878787885,106,7.878787878787874,0.18120599938781756,0.4539672822501073,1.2121212121212088,48,7,1
mmlu_high_school_european_history,default,1,3,gaussian_lcb_1.645,165,0.01,0.1,40.60606060606061,7.878787878787885,45,7.272727272727275,0.15138591300207457,0.4249090228888175,1.2121212121212088,21,4,1
mmlu_high_school_european_history,default,1,4,posterior_mean,165,0.01,0.1,93.93939393939405,11.515151515151523,124,11.515151515151523,0.3469033772064077,0.8741148862360935,0.6060606060605989,42,7,1
mmlu_high_school_european_history,default,1,4,gaussian_lcb_1.645,165,0.01,0.1,13.939393939393973,1.8181818181818188,31,1.8181818181818188,0.6578920518314468,1.2639526578920457,0.6060606060605989,10,0,0
mmlu_high_school_european_history,default,1,5,posterior_mean,165,0.01,0.1,58.787878787878675,9.090909090909083,107,8.484848484848484,0.36872427983538636,0.9302724211815061,0.0,38,5,1
mmlu_high_school_european_history,default,1,5,gaussian_lcb_1.645,165,0.01,0.1,18.78787878787872,6.060606060606055,41,6.060606060606055,0.3515287555691549,0.9134033942114691,0.0,12,2,1
mmlu_high_school_european_history,default,1,6,posterior_mean,165,0.01,0.1,133.3333333333334,15.151515151515149,135,15.151515151515149,0.6793320409482018,0.6793320409482018,1.2121212121212088,57,9,1
mmlu_high_school_european_history,default,1,6,gaussian_lcb_1.645,165,0.01,0.1,21.21212121212125,2.4242424242424176,55,1.8181818181818188,0.5441621603237754,0.5441621603237754,1.2121212121212088,20,0,0
mmlu_high_school_european_history,default,1,7,posterior_mean,165,0.01,0.1,78.78787878787878,9.090909090909083,88,9.090909090909083,0.2692514369282037,1.1181988232493247,0.0,35,10,1
mmlu_high_school_european_history,default,1,7,gaussian_lcb_1.645,165,0.01,0.1,2.4242424242424288,1.2121212121212088,10,1.2121212121212088,0.0014148216168417133,1.1022004557358058,0.0,3,0,0
mmlu_high_school_european_history,default,1,8,posterior_mean,165,0.01,0.1,117.57575757575776,13.939393939393941,125,13.333333333333341,0.8424174403972381,0.8424174403972381,0.6060606060605989,57,10,1
mmlu_high_school_european_history,default,1,8,gaussian_lcb_1.645,165,0.01,0.1,18.78787878787882,10.303030303030303,25,8.484848484848484,1.0437574397170353,1.0437574397170353,0.6060606060605989,10,1,1
mmlu_high_school_european_history,default,1,9,posterior_mean,165,0.01,0.1,75.75757575757575,9.696969696969692,57,9.090909090909083,0.1582423562221555,1.1961500527157034,0.0,22,10,1
mmlu_high_school_european_history,default,1,9,gaussian_lcb_1.645,165,0.01,0.1,23.636363636363622,9.696969696969692,17,9.090909090909083,0.1393055130428877,1.1794986906097962,0.0,6,3,1
mmlu_high_school_european_history,default,1,10,posterior_mean,165,0.01,0.1,131.51515151515142,13.33333333333333,94,13.33333333333333,1.4587899193959795,1.9125667448899755,0.0,41,18,1
mmlu_high_school_european_history,default,1,10,gaussian_lcb_1.645,165,0.01,0.1,12.72727272727272,6.060606060606055,16,6.060606060606055,1.2509199741522974,1.8189708533142865,0.0,3,2,1
mmlu_high_school_european_history,default,1,11,posterior_mean,165,0.01,0.1,58.78787878787871,6.666666666666665,99,6.666666666666665,0.42401115532428685,0.42401115532428685,0.0,38,3,1
mmlu_high_school_european_history,default,1,11,gaussian_lcb_1.645,165,0.01,0.1,15.757575757575726,1.8181818181818188,38,1.8181818181818188,0.1894772642247373,0.1894772642247373,0.0,16,0,0
mmlu_high_school_european_history,default,1,12,posterior_mean,165,0.01,0.1,52.121212121212224,6.060606060606066,98,4.848484848484846,0.3387953610175838,1.3545556575859519,0.6060606060605989,31,7,1
mmlu_high_school_european_history,default,1,12,gaussian_lcb_1.645,165,0.01,0.1,10.909090909090956,1.8181818181818188,33,1.8181818181818188,0.03460871339659243,1.0582049450736264,0.6060606060605989,9,0,0
mmlu_high_school_european_history,default,1,13,posterior_mean,165,0.01,0.1,49.09090909090913,7.2727272727272645,60,6.060606060606066,0.31392715029078705,0.7027038057341052,0.6060606060605989,22,6,1
mmlu_high_school_european_history,default,1,13,gaussian_lcb_1.645,165,0.01,0.1,4.2424242424242475,1.21212121212122,13,1.21212121212122,0.18202224262830288,0.704553957079204,0.6060606060605989,5,0,0
mmlu_high_school_european_history,default,1,14,posterior_mean,165,0.01,0.1,39.393939393939334,9.090909090909083,101,9.090909090909083,0.2875352855150799,0.2875352855150799,0.0,39,1,1
mmlu_high_school_european_history,default,1,14,gaussian_lcb_1.645,165,0.01,0.1,9.696969696969637,1.8181818181818188,32,1.21212121212122,0.30146583681936817,0.30146583681936817,0.0,13,0,0
mmlu_high_school_european_history,default,1,15,posterior_mean,165,0.01,0.1,83.03030303030312,9.090909090909093,109,9.090909090909093,0.35555555555555574,1.1714450906370044,0.0,40,8,1
mmlu_high_school_european_history,default,1,15,gaussian_lcb_1.645,165,0.01,0.1,22.424242424242415,6.666666666666665,31,6.666666666666665,0.3469577934224397,1.162956160935953,0.0,13,3,1
mmlu_high_school_european_history,default,1,16,posterior_mean,165,0.01,0.1,56.96969696969699,6.666666666666665,117,6.666666666666665,1.537203686698628,3.586137468965739,0.6060606060605989,38,4,1
mmlu_high_school_european_history,default,1,16,gaussian_lcb_1.645,165,0.01,0.1,15.151515151515182,6.060606060606066,57,6.060606060606066,0.24558038295411694,0.6131347141448086,0.6060606060605989,16,1,1
mmlu_high_school_european_history,default,1,17,posterior_mean,165,0.01,0.1,133.9393939393939,9.090909090909083,135,7.878787878787885,1.6015780702649338,2.1592898683807746,0.0,54,12,1
mmlu_high_school_european_history,default,1,17,gaussian_lcb_1.645,165,0.01,0.1,49.090909090909086,8.484848484848484,59,7.878787878787874,1.4645580382954095,2.1418766792504154,0.0,23,4,1
mmlu_high_school_european_history,default,1,18,posterior_mean,165,0.01,0.1,75.75757575757575,7.878787878787874,103,7.272727272727275,0.39272183110566383,0.8182022242628245,0.6060606060605989,40,7,1
mmlu_high_school_european_history,default,1,18,gaussian_lcb_1.645,165,0.01,0.1,9.69696969696966,1.8181818181818188,28,1.21212121212122,0.3886950311192692,0.8147195864367536,0.6060606060605989,12,0,0
mmlu_high_school_european_history,default,1,19,posterior_mean,165,0.01,0.1,61.21212121212118,8.484848484848484,127,7.272727272727275,0.5696289494269273,0.9381899806142207,2.4242424242424176,44,4,1
mmlu_high_school_european_history,default,1,19,gaussian_lcb_1.645,165,0.01,0.1,13.333333333333286,2.4242424242424176,32,1.8181818181818188,0.5421487603305765,0.9120157807026467,1.8181818181818188,12,0,0
mmlu_high_school_geography,dataset,1,0,posterior_mean,198,0.01,0.1,44.94949494949524,1.0101010101010166,169,1.0101010101010166,0.021728697374039905,0.055058629693871416,0.0,66,0,0
mmlu_high_school_geography,dataset,1,0,gaussian_lcb_1.645,198,0.01,0.1,7.575757575757624,1.0101010101010166,49,1.0101010101010166,0.003287646385289579,0.03699546909423484,0.0,12,0,0
mmlu_high_school_geography,dataset,1,1,posterior_mean,198,0.01,0.1,28.787878787878963,2.020202020202022,114,2.020202020202022,0.015795818264954433,0.08944665510322157,0.0,38,1,1
mmlu_high_school_geography,dataset,1,1,gaussian_lcb_1.645,198,0.01,0.1,5.555555555555591,1.0101010101010166,42,1.0101010101010166,0.0024184984903279118,0.0764472257177088,0.0,9,0,0
mmlu_high_school_geography,dataset,1,2,posterior_mean,198,0.01,0.1,16.666666666666774,1.0101010101010166,81,1.0101010101010166,0.01753411405487718,0.043306238592433974,0.0,26,0,0
mmlu_high_school_geography,dataset,1,2,gaussian_lcb_1.645,198,0.01,0.1,11.111111111111182,1.0101010101010166,47,1.0101010101010166,0.0058950900701742505,0.03242299538595852,0.0,17,0,0
mmlu_high_school_geography,dataset,1,3,posterior_mean,198,0.01,0.1,30.303030303030475,1.5151515151515138,131,1.5151515151515138,0.013830788241562607,0.04568694804385055,0.0,48,0,0
mmlu_high_school_geography,dataset,1,3,gaussian_lcb_1.645,198,0.01,0.1,10.101010101010166,1.0101010101010166,49,1.0101010101010166,0.002871966957264278,0.03480370483737497,0.0,14,0,0
mmlu_high_school_geography,dataset,1,4,posterior_mean,198,0.01,0.1,34.848484848484915,7.070707070707072,159,7.070707070707072,0.026376749160138983,0.3201487376571575,0.0,36,1,1
mmlu_high_school_geography,dataset,1,4,gaussian_lcb_1.645,198,0.01,0.1,9.090909090909138,1.5151515151515138,59,1.5151515151515138,0.0048369969806558435,0.29921361010025643,0.0,12,0,0
mmlu_high_school_geography,dataset,1,5,posterior_mean,198,0.01,0.1,36.363636363636545,1.5151515151515138,148,1.5151515151515138,0.015191193642372284,0.07542692166710183,0.0,55,0,0
mmlu_high_school_geography,dataset,1,5,gaussian_lcb_1.645,198,0.01,0.1,7.575757575757624,1.0101010101010166,54,1.0101010101010166,0.0027963888794415664,0.06492156884973978,0.0,14,0,0
mmlu_high_school_geography,dataset,1,6,posterior_mean,198,0.01,0.1,25.7575757575759,2.020202020202022,122,2.020202020202022,0.008691478949616185,0.030609121518212865,0.0,38,1,1
mmlu_high_school_geography,dataset,1,6,gaussian_lcb_1.645,198,0.01,0.1,5.050505050505083,0.5050505050505083,40,0.5050505050505083,0.0018894519455687473,0.024184984903279166,0.0,10,0,0
mmlu_high_school_geography,dataset,1,7,posterior_mean,198,0.01,0.1,20.20202020202031,1.5151515151515138,93,1.5151515151515138,0.00797348721029992,0.0541139037210871,0.0,28,0,0
mmlu_high_school_geography,dataset,1,7,gaussian_lcb_1.645,198,0.01,0.1,2.020202020202033,0.5050505050505083,37,0.5050505050505083,0.0007935698171388195,0.047614189028330714,0.0,4,0,0
mmlu_high_school_geography,dataset,1,8,posterior_mean,198,0.01,0.1,28.282828282828397,1.5151515151515138,123,1.5151515151515138,0.012243648607285232,0.07179917393161003,0.0,43,0,0
mmlu_high_school_geography,dataset,1,8,gaussian_lcb_1.645,198,0.01,0.1,4.040404040404066,0.5050505050505083,37,0.5050505050505083,0.00151156155645485,0.06136939919207066,0.0,8,0,0
mmlu_high_school_geography,dataset,1,9,posterior_mean,198,0.01,0.1,30.303030303030475,1.5151515151515138,101,1.5151515151515138,0.020557237167787182,0.023466993163962956,0.0,47,0,0
mmlu_high_school_geography,dataset,1,9,gaussian_lcb_1.645,198,0.01,0.1,8.080808080808133,1.0101010101010166,29,1.0101010101010166,0.0023429204125050155,0.005781722953440007,0.0,12,0,0
mmlu_high_school_geography,dataset,1,10,posterior_mean,198,0.01,0.1,25.757575757575868,6.565656565656564,75,6.565656565656564,0.010732087050830135,0.03684431293858929,0.0,26,2,1
mmlu_high_school_geography,dataset,1,10,gaussian_lcb_1.645,198,0.01,0.1,3.535353535353558,0.5050505050505083,31,0.5050505050505083,0.0013604054008095148,0.02868188053373262,0.0,7,0,0
mmlu_high_school_geography,dataset,1,11,posterior_mean,198,0.01,0.1,19.191919191919315,1.0101010101010166,110,1.0101010101010166,0.011185555517766625,0.05694808163944006,0.0,31,0,0
mmlu_high_school_geography,dataset,1,11,gaussian_lcb_1.645,198,0.01,0.1,6.0606060606061,1.0101010101010166,44,1.0101010101010166,0.0021161861790367845,0.04901238346805143,0.0,11,0,0
mmlu_high_school_geography,dataset,1,12,posterior_mean,198,0.01,0.1,29.292929292929415,1.0101010101010166,136,1.0101010101010166,0.01768527021052266,0.2890483586330968,0.0,48,0,0
mmlu_high_school_geography,dataset,1,12,gaussian_lcb_1.645,198,0.01,0.1,8.080808080808133,0.5050505050505083,40,0.5050505050505083,0.0034765915798463864,0.27740933464839396,0.0,16,0,0
mmlu_high_school_geography,dataset,1,13,posterior_mean,198,0.01,0.1,36.868686868687085,1.5151515151515138,127,1.5151515151515138,0.021993220646419644,0.02769936552203705,0.0,56,0,0
mmlu_high_school_geography,dataset,1,13,gaussian_lcb_1.645,198,0.01,0.1,16.161616161616266,1.0101010101010166,59,1.0101010101010166,0.005819511992351793,0.011979125334905688,0.0,26,0,0
mmlu_high_school_geography,dataset,1,14,posterior_mean,198,0.01,0.1,36.868686868687085,1.5151515151515138,145,1.5151515151515138,0.017458535977054497,0.057439339145287774,0.0,54,0,0
mmlu_high_school_geography,dataset,1,14,gaussian_lcb_1.645,198,0.01,0.1,3.535353535353558,0.5050505050505083,33,0.5050505050505083,0.0014359834786321194,0.04330623859243408,0.0,7,0,0
mmlu_high_school_geography,dataset,1,15,posterior_mean,198,0.01,0.1,39.89898989899008,1.5151515151515138,135,1.5151515151515138,0.020557237167787058,0.058648588390451645,0.0,51,0,0
mmlu_high_school_geography,dataset,1,15,gaussian_lcb_1.645,198,0.01,0.1,10.101010101010155,1.5151515151515138,47,1.5151515151515138,0.00370332581331448,0.044666643993243466,0.0,15,0,0
mmlu_high_school_geography,dataset,1,16,posterior_mean,198,0.01,0.1,14.646464646464741,1.0101010101010166,66,1.0101010101010166,0.004912575058478604,0.02660348339360705,0.0,22,0,0
mmlu_high_school_geography,dataset,1,16,gaussian_lcb_1.645,198,0.01,0.1,1.0101010101010166,0.5050505050505083,12,0.5050505050505083,0.0008313588560502239,0.02463845337021559,0.0,2,0,0
mmlu_high_school_geography,dataset,1,17,posterior_mean,198,0.01,0.1,39.39393939393959,1.5151515151515138,140,1.5151515151515138,0.022900157580292402,0.06647091944510616,0.0,60,0,0
mmlu_high_school_geography,dataset,1,17,gaussian_lcb_1.645,198,0.01,0.1,6.565656565656597,1.5151515151515138,30,1.5151515151515138,0.0024940765681504416,0.04802986845635564,0.0,9,0,0
mmlu_high_school_geography,dataset,1,18,posterior_mean,198,0.01,0.1,27.272727272727415,1.5151515151515138,140,1.5151515151515138,0.01836547291092757,0.03933838950673992,0.0,36,0,0
mmlu_high_school_geography,dataset,1,18,gaussian_lcb_1.645,198,0.01,0.1,6.060606060606089,1.5151515151515138,58,1.5151515151515138,0.0017382957899232613,0.023693727397431325,0.0,10,0,0
mmlu_high_school_geography,dataset,1,19,posterior_mean,198,0.01,0.1,36.86868686868701,5.555555555555558,106,5.555555555555558,0.020632815245609382,0.04939027385716469,0.0,46,1,1
mmlu_high_school_geography,dataset,1,19,gaussian_lcb_1.645,198,0.01,0.1,9.595959595959624,1.5151515151515138,40,1.5151515151515138,0.004307950435896434,0.03450139252608393,0.0,15,0,0
mmlu_high_school_geography,default,1,0,posterior_mean,198,0.01,0.1,36.363636363636495,2.020202020202022,161,1.5151515151515138,0.18493955643226176,0.35124911668121644,0.0,54,0,0
mmlu_high_school_geography,default,1,0,gaussian_lcb_1.645,198,0.01,0.1,14.646464646464718,1.0101010101010166,68,1.0101010101010166,0.05086404637470875,0.25088142933260954,0.0,24,0,0
mmlu_high_school_geography,default,1,1,posterior_mean,198,0.01,0.1,40.90909090909102,2.020202020202022,127,2.020202020202022,0.06431694422715813,0.31293103122508537,0.0,48,1,1
mmlu_high_school_geography,default,1,1,gaussian_lcb_1.645,198,0.01,0.1,9.090909090909138,1.5151515151515138,46,1.5151515151515138,0.049428062896076895,0.2984956183609406,0.0,15,0,0
mmlu_high_school_geography,default,1,2,posterior_mean,198,0.01,0.1,69.1919191919193,13.131313131313128,118,13.131313131313128,0.9123785554761968,1.1324241290571249,0.0,48,6,1
mmlu_high_school_geography,default,1,2,gaussian_lcb_1.645,198,0.01,0.1,23.23232323232327,4.545454545454541,44,4.545454545454541,0.8609098844789067,1.0812577703711257,0.0,16,3,1
mmlu_high_school_geography,default,1,3,posterior_mean,198,0.01,0.1,52.525252525252654,5.555555555555558,167,5.555555555555558,0.297890993738358,0.297890993738358,0.0,64,2,1
mmlu_high_school_geography,default,1,3,gaussian_lcb_1.645,198,0.01,0.1,13.63636363636368,1.5151515151515138,55,1.5151515151515138,0.2851938766641367,0.2851938766641367,0.0,21,0,0
mmlu_high_school_geography,default,1,4,posterior_mean,198,0.01,0.1,47.97979797979816,8.080808080808088,150,6.565656565656575,0.6149032411658665,0.6429049189991941,0.0,50,2,1
mmlu_high_school_geography,default,1,4,gaussian_lcb_1.645,198,0.01,0.1,13.131313131313183,2.020202020202022,49,1.5151515151515138,0.3762276714016318,0.6254463830221396,0.0,17,0,0
mmlu_high_school_geography,default,1,5,posterior_mean,198,0.01,0.1,31.818181818181902,1.5151515151515138,103,1.5151515151515138,0.0875949921965637,0.49428062896076624,0.0,44,0,0
mmlu_high_school_geography,default,1,5,gaussian_lcb_1.645,198,0.01,0.1,7.070707070707083,1.5151515151515138,33,1.5151515151515138,0.07572923397839272,0.48286833920953176,0.0,8,0,0
mmlu_high_school_geography,default,1,6,posterior_mean,198,0.01,0.1,43.93939393939412,6.565656565656564,124,6.565656565656564,0.1581093388051868,0.32525025791019196,0.0,50,1,1
mmlu_high_school_geography,default,1,6,gaussian_lcb_1.645,198,0.01,0.1,10.606060606060662,1.0101010101010166,37,1.0101010101010166,0.0874438360409187,0.3098323300343521,0.0,15,0,0
mmlu_high_school_geography,default,1,7,posterior_mean,198,0.01,0.1,31.818181818181934,1.5151515151515138,105,1.5151515151515138,0.05301802159265704,0.21003147826941448,0.0,39,0,0
mmlu_high_school_geography,default,1,7,gaussian_lcb_1.645,198,0.01,0.1,7.575757575757624,1.0101010101010166,39,1.0101010101010166,0.00910715837764104,0.20330502934319009,0.0,11,0,0
mmlu_high_school_geography,default,1,8,posterior_mean,198,0.01,0.1,22.222222222222342,1.5151515151515138,106,1.0101010101010166,0.33477309571585895,0.3499265003193198,0.0,37,0,0
mmlu_high_school_geography,default,1,8,gaussian_lcb_1.645,198,0.01,0.1,6.0606060606061,1.0101010101010166,39,1.0101010101010166,0.07281947798221687,0.3367003367003386,0.0,10,0,0
mmlu_high_school_geography,default,1,9,posterior_mean,198,0.01,0.1,36.36363636363659,1.5151515151515138,139,1.0101010101010166,0.3063179494155942,0.30665805076579655,0.0,52,0,0
mmlu_high_school_geography,default,1,9,gaussian_lcb_1.645,198,0.01,0.1,11.111111111111182,1.0101010101010166,48,1.0101010101010166,0.03982964701258775,0.29456555831415726,0.0,17,0,0
mmlu_high_school_geography,default,1,10,posterior_mean,198,0.01,0.1,40.90909090909105,6.060606060606055,123,5.05050505050505,0.4020753740170119,0.6355738454503886,0.0,45,2,1
mmlu_high_school_geography,default,1,10,gaussian_lcb_1.645,198,0.01,0.1,8.585858585858608,1.5151515151515138,39,1.0101010101010166,0.3836343230282614,0.6256731172556087,0.0,12,0,0
mmlu_high_school_geography,default,1,11,posterior_mean,198,0.01,0.1,30.303030303030475,1.5151515151515138,147,1.5151515151515138,0.3437290979378532,0.5237560793116371,0.0,40,0,0
mmlu_high_school_geography,default,1,11,gaussian_lcb_1.645,198,0.01,0.1,12.121212121212189,1.5151515151515138,63,1.5151515151515138,0.1620393988519699,0.508791619902734,0.0,16,0,0
mmlu_high_school_geography,default,1,12,posterior_mean,198,0.01,0.1,48.4848484848487,1.5151515151515138,164,1.5151515151515138,0.21309239042123596,0.22008336261984007,0.0,68,0,0
mmlu_high_school_geography,default,1,12,gaussian_lcb_1.645,198,0.01,0.1,19.69696969696978,1.5151515151515138,72,1.5151515151515138,0.13018323904968235,0.13762767971522294,0.0,29,0,0
mmlu_high_school_geography,default,1,13,posterior_mean,198,0.01,0.1,46.464646464646584,5.05050505050505,136,5.05050505050505,0.17836426366168295,0.3678007157243992,0.0,52,2,1
mmlu_high_school_geography,default,1,13,gaussian_lcb_1.645,198,0.01,0.1,12.626262626262697,1.0101010101010166,48,1.0101010101010166,0.12115165874986356,0.36251025027680694,0.0,19,0,0
mmlu_high_school_geography,default,1,14,posterior_mean,198,0.01,0.1,35.85858585858603,1.5151515151515138,127,1.5151515151515138,0.11147766478855213,0.32645950715535654,0.0,47,0,0
mmlu_high_school_geography,default,1,14,gaussian_lcb_1.645,198,0.01,0.1,9.595959595959636,1.0101010101010166,47,1.0101010101010166,0.0848741813949452,0.31655877896057694,0.0,15,0,0
mmlu_high_school_geography,default,1,15,posterior_mean,198,0.01,0.1,41.41414141414155,10.606060606060607,153,10.1010101010101,0.35601053558405005,0.3711639401875107,0.0,43,1,1
mmlu_high_school_geography,default,1,15,gaussian_lcb_1.645,198,0.01,0.1,10.606060606060662,1.5151515151515138,66,1.5151515151515138,0.07803436535198668,0.3520426864983562,0.0,17,0,0
mmlu_high_school_geography,default,1,16,posterior_mean,198,0.01,0.1,28.787878787878828,1.5151515151515138,145,1.0101010101010166,0.08408061157780626,0.3564262150120759,0.0,41,0,0
mmlu_high_school_geography,default,1,16,gaussian_lcb_1.645,198,0.01,0.1,6.565656565656564,1.5151515151515138,54,1.0101010101010055,0.025129710876063364,0.3161430995325517,0.0,9,0,0
mmlu_high_school_geography,default,1,17,posterior_mean,198,0.01,0.1,39.39393939393958,1.5151515151515138,133,1.5151515151515138,0.11695707543070163,0.11695707543070163,0.0,53,0,0
mmlu_high_school_geography,default,1,17,gaussian_lcb_1.645,198,0.01,0.1,10.101010101010143,1.5151515151515138,48,1.0101010101010166,0.05581441047209873,0.25537832496306295,0.0,13,0,0
mmlu_high_school_geography,default,1,18,posterior_mean,198,0.01,0.1,35.35353535353543,6.565656565656564,143,6.565656565656564,0.16612061505439793,0.4617064774191625,0.0,51,1,1
mmlu_high_school_geography,default,1,18,gaussian_lcb_1.645,198,0.01,0.1,7.57575757575758,1.0101010101010055,48,1.0101010101010055,0.4652964361157391,0.7859364312787429,0.0,13,0,0
mmlu_high_school_geography,default,1,19,posterior_mean,198,0.01,0.1,34.84848484848503,1.5151515151515138,122,1.5151515151515138,0.14424076152471318,0.14424076152471318,0.0,46,0,0
mmlu_high_school_geography,default,1,19,gaussian_lcb_1.645,198,0.01,0.1,9.09090909090915,1.0101010101010166,47,1.0101010101010166,0.11990462046578856,0.11990462046578856,0.0,13,0,0
mmlu_high_school_government_and_politics,dataset,1,0,posterior_mean,193,0.01,0.1,1.5544041450777257,0.5181347150259086,12,0.5181347150259086,0.0011136267143139695,0.06928349058339107,0.0,3,0,0
mmlu_high_school_government_and_politics,dataset,1,0,gaussian_lcb_1.645,193,0.01,0.1,0.5181347150259086,0.5181347150259086,8,0.5181347150259086,0.00015908953061628134,0.08240837685923447,0.0,1,0,0
mmlu_high_school_government_and_politics,dataset,1,1,posterior_mean,193,0.01,0.1,5.699481865284972,1.5544041450777146,23,1.5544041450777146,0.003977238265407081,0.23429910621513053,0.0,7,0,0
mmlu_high_school_government_and_politics,dataset,1,1,gaussian_lcb_1.645,193,0.01,0.1,0.0,0.0,3,0.0,0.0,0.24034450837854932,0.0,0,0,0
mmlu_high_school_government_and_politics,dataset,1,2,posterior_mean,193,0.01,0.1,10.362694300518138,7.253886010362698,28,7.253886010362698,0.003977238265407081,0.20645843835728123,0.0,7,1,1
mmlu_high_school_government_and_politics,dataset,1,2,gaussian_lcb_1.645,193,0.01,0.1,1.5544041450777257,0.5181347150259086,20,0.5181347150259086,0.00039772382654070334,0.22236739141890954,0.0,3,0,0
mmlu_high_school_government_and_politics,dataset,1,3,posterior_mean,193,0.01,0.1,2.0725388601036343,0.5181347150259086,18,0.5181347150259086,0.0005568133571569847,0.07017836919310765,0.0,4,0,0
mmlu_high_school_government_and_politics,dataset,1,3,gaussian_lcb_1.645,193,0.01,0.1,0.0,0.0,6,0.0,0.0,0.07574650276467747,0.0,0,0,0
mmlu_high_school_government_and_politics,dataset,1,4,posterior_mean,193,0.01,0.1,13.989637305699521,2.072538860103623,47,2.072538860103623,0.013522610102384125,0.3659655789914319,0.0,16,1,1
mmlu_high_school_government_and_politics,dataset,1,4,gaussian_lcb_1.645,193,0.01,0.1,13.471502590673602,7.253886010362698,26,7.253886010362698,0.0029431563164012014,0.36190879596071657,0.0,8,1,1
mmlu_high_school_government_and_politics,dataset,1,5,posterior_mean,193,0.01,0.1,8.808290155440424,6.217616580310881,20,6.217616580310881,0.005488588806261713,0.060811973078073914,0.0,6,1,1
mmlu_high_school_government_and_politics,dataset,1,5,gaussian_lcb_1.645,193,0.01,0.1,2.590673575129532,0.5181347150259086,16,0.5181347150259086,0.0005568133571569814,0.0683687257823475,0.0,5,0,0
mmlu_high_school_government_and_politics,dataset,1,6,posterior_mean,193,0.01,0.1,1.0362694300518172,0.5181347150259086,12,0.5181347150259086,0.00039772382654070334,0.05621826288152876,0.0,2,0,0
mmlu_high_school_government_and_politics,dataset,1,6,gaussian_lcb_1.645,193,0.01,0.1,10.880829015544046,10.880829015544046,8,10.880829015544046,0.0016704400714709492,0.06809031910376896,0.0,1,1,1
mmlu_high_school_government_and_politics,dataset,1,7,posterior_mean,193,0.01,0.1,2.590673575129543,1.0362694300518172,20,1.0362694300518172,0.0015113505408546725,0.21286179196458643,0.0,3,0,0
mmlu_high_school_government_and_politics,dataset,1,7,gaussian_lcb_1.645,193,0.01,0.1,7.253886010362686,6.735751295336789,14,6.735751295336789,0.0011136267143139643,0.2247139619954995,0.0,2,1,1
mmlu_high_school_government_and_politics,dataset,1,8,posterior_mean,193,0.01,0.1,2.072538860103623,1.036269430051806,14,1.036269430051806,0.0006363581224651402,0.23529341578148244,0.0,3,0,0
mmlu_high_school_government_and_politics,dataset,1,8,gaussian_lcb_1.645,193,0.01,0.1,1.036269430051806,1.036269430051806,10,1.036269430051806,0.00015908953061627963,0.24292971325106408,0.0,1,0,0
mmlu_high_school_government_and_politics,dataset,1,9,posterior_mean,193,0.01,0.1,1.5544041450777257,0.5181347150259086,15,0.5181347150259086,0.0011136267143139695,0.10312978822200526,0.0,3,0,0
mmlu_high_school_government_and_politics,dataset,1,9,gaussian_lcb_1.645,193,0.01,0.1,1.0362694300518172,0.5181347150259086,9,0.5181347150259086,0.00031817906123256267,0.11180016764059271,0.0,2,0,0
mmlu_high_school_government_and_politics,dataset,1,10,posterior_mean,193,0.01,0.1,9.84455958549223,7.253886010362698,26,7.253886010362698,0.002386342959244221,0.22300374954137445,0.0,6,1,1
mmlu_high_school_government_and_politics,dataset,1,10,gaussian_lcb_1.645,193,0.01,0.1,0.5181347150259086,0.5181347150259086,10,0.5181347150259086,0.00015908953061628134,0.22019979656426245,0.0,1,0,0
mmlu_high_school_government_and_politics,dataset,1,11,posterior_mean,193,0.01,0.1,8.290155440414493,2.072538860103623,24,2.072538860103623,0.004693141153180326,0.25058589691197247,0.0,5,3,1
mmlu_high_school_government_and_politics,dataset,1,11,gaussian_lcb_1.645,193,0.01,0.1,0.5181347150258975,0.5181347150258975,12,0.5181347150258975,7.954476530813897e-05,0.2528131503406005,0.0,1,0,0
mmlu_high_school_government_and_politics,dataset,1,12,posterior_mean,193,0.01,0.1,1.0362694300518172,0.5181347150259086,20,0.5181347150259086,0.0006363581224651354,0.11124335428343571,0.0,2,0,0
mmlu_high_school_government_and_politics,dataset,1,12,gaussian_lcb_1.645,193,0.01,0.1,1.0362694300518172,0.5181347150259086,12,0.5181347150259086,0.00015908953061628134,0.11824329363055223,0.0,2,0,0
mmlu_high_school_government_and_politics,dataset,1,13,posterior_mean,193,0.01,0.1,8.808290155440368,2.072538860103623,33,2.072538860103623,0.0020681638980116785,0.23529341578148236,0.0,8,1,1
mmlu_high_school_government_and_politics,dataset,1,13,gaussian_lcb_1.645,193,0.01,0.1,2.5906735751295207,2.072538860103623,15,2.072538860103623,0.0019090743673954007,0.24992965259818037,0.0,2,1,1
mmlu_high_school_government_and_politics,dataset,1,14,posterior_mean,193,0.01,0.1,1.5544041450777035,0.5181347150259086,17,0.5181347150259086,0.0015908953061627997,0.05140580458038629,0.0,3,0,0
mmlu_high_school_government_and_politics,dataset,1,14,gaussian_lcb_1.645,193,0.01,0.1,1.0362694300518172,0.5181347150259086,9,0.5181347150259086,0.00039772382654070334,0.06079208688674688,0.0,2,0,0
mmlu_high_school_government_and_politics,dataset,1,15,posterior_mean,193,0.01,0.1,8.290155440414516,1.5544041450777257,32,1.5544041450777257,0.0027840667857848955,0.26321362840463985,0.0,10,0,0
mmlu_high_school_government_and_politics,dataset,1,15,gaussian_lcb_1.645,193,0.01,0.1,0.5181347150259086,0.5181347150259086,10,0.5181347150259086,0.00015908953061628134,0.27013402298644823,0.0,1,0,0
mmlu_high_school_government_and_politics,dataset,1,16,posterior_mean,193,0.01,0.1,2.072538860103612,0.5181347150259086,14,0.5181347150259086,0.0012727162449303253,0.13512667006720525,0.0,4,0,0
mmlu_high_school_government_and_politics,dataset,1,16,gaussian_lcb_1.645,193,0.01,0.1,0.5181347150259086,0.5181347150259086,7,0.5181347150259086,7.954476530818062e-05,0.14188797511839732,0.0,1,0,0
mmlu_high_school_government_and_politics,dataset,1,17,posterior_mean,193,0.01,0.1,0.0,0.0,15,0.0,0.0,0.14111241365664282,0.0,0,0,0
mmlu_high_school_government_and_politics,dataset,1,17,gaussian_lcb_1.645,193,0.01,0.1,0.0,0.0,5,0.0,0.0,0.14970324830992213,0.0,0,0,0
mmlu_high_school_government_and_politics,dataset,1,18,posterior_mean,193,0.01,0.1,1.0362694300518172,0.5181347150259086,16,0.5181347150259086,0.0021477086633198183,0.20077098763774895,0.0,2,0,0
mmlu_high_school_government_and_politics,dataset,1,18,gaussian_lcb_1.645,193,0.01,0.1,0.0,0.0,6,0.0,0.0,0.21142998618903994,0.0,0,0,0
mmlu_high_school_government_and_politics,dataset,1,19,posterior_mean,193,0.01,0.1,1.0362694300518172,0.5181347150259086,14,0.5181347150259086,0.00047726859184884406,0.267767566218531,0.0,2,0,0
mmlu_high_school_government_and_politics,dataset,1,19,gaussian_lcb_1.645,193,0.01,0.1,0.0,0.0,6,0.0,0.0,0.2748470503309557,0.0,0,0,0
mmlu_high_school_government_and_politics,default,1,0,posterior_mean,193,0.01,0.1,2.072538860103623,1.036269430051806,19,1.036269430051806,0.0013522610102383848,0.013860675354943676,0.0,3,0,0
mmlu_high_school_government_and_politics,default,1,0,gaussian_lcb_1.645,193,0.01,0.1,1.036269430051806,1.036269430051806,12,1.036269430051806,0.00015908953061627963,0.013025455319208214,0.0,1,0,0
mmlu_high_school_government_and_politics,default,1,1,posterior_mean,193,0.01,0.1,2.072538860103623,1.036269430051806,17,1.036269430051806,0.0007159028877732628,0.02304809574803396,0.0,3,0,0
mmlu_high_school_government_and_politics,default,1,1,gaussian_lcb_1.645,193,0.01,0.1,0.0,0.0,9,0.0,0.0,0.02360490910519095,0.0,0,0,0
mmlu_high_school_government_and_politics,default,1,2,posterior_mean,193,0.01,0.1,7.253886010362676,1.036269430051806,27,1.036269430051806,0.005170409745029179,0.014894757303949504,0.0,10,0,0
mmlu_high_school_government_and_politics,default,1,2,gaussian_lcb_1.645,193,0.01,0.1,1.036269430051806,1.036269430051806,5,1.036269430051806,0.00015908953061627963,0.01020161615076918,0.0,1,0,0
mmlu_high_school_government_and_politics,default,1,3,posterior_mean,193,0.01,0.1,2.072538860103623,0.5181347150259086,17,0.5181347150259086,0.012727162449302432,0.03352811857738141,0.0,4,0,0
mmlu_high_school_government_and_politics,default,1,3,gaussian_lcb_1.645,193,0.01,0.1,1.5544041450777146,0.5181347150259086,13,0.5181347150259086,0.010738543316598919,0.032494036628375585,0.0,3,0,0
mmlu_high_school_government_and_politics,default,1,4,posterior_mean,193,0.01,0.1,2.0725388601036343,0.5181347150259086,14,0.5181347150259086,0.0023067981939361194,0.009187420393090376,0.0,4,0,0
mmlu_high_school_government_and_politics,default,1,4,gaussian_lcb_1.645,193,0.01,0.1,1.5544041450777257,0.5181347150259086,12,0.5181347150259086,0.000477268591848864,0.00855106227062524,0.0,3,0,0
mmlu_high_school_government_and_politics,default,1,5,posterior_mean,193,0.01,0.1,4.145077720207258,1.5544041450777146,23,1.5544041450777146,0.005806767867494265,0.011414673821718204,0.0,6,0,0
mmlu_high_school_government_and_politics,default,1,5,gaussian_lcb_1.645,193,0.01,0.1,2.590673575129532,1.5544041450777146,17,1.5544041450777146,0.0010340819490058236,0.009028330862473975,0.0,3,0,0
mmlu_high_school_government_and_politics,default,1,6,posterior_mean,193,0.01,0.1,2.590673575129543,0.5181347150259086,20,0.5181347150259086,0.0008749924183895473,0.033150280942167834,0.0,5,0,0
mmlu_high_school_government_and_politics,default,1,6,gaussian_lcb_1.645,193,0.01,0.1,0.5181347150259086,0.5181347150259086,14,0.5181347150259086,0.00015908953061628134,0.035616168666720203,0.0,1,0,0
mmlu_high_school_government_and_politics,default,1,7,posterior_mean,193,0.01,0.1,8.290155440414493,1.036269430051806,31,1.036269430051806,0.0042954173266395715,0.01632656307949602,0.0,12,0,0
mmlu_high_school_government_and_politics,default,1,7,gaussian_lcb_1.645,193,0.01,0.1,0.0,0.0,5,0.0,0.0,0.012985682936554149,0.0,0,0,0
mmlu_high_school_government_and_politics,default,1,8,posterior_mean,193,0.01,0.1,3.626943005181338,1.5544041450777146,30,1.5544041450777146,0.004772685918488442,0.041641684638812036,0.0,5,0,0
mmlu_high_school_government_and_politics,default,1,8,gaussian_lcb_1.645,193,0.01,0.1,2.5906735751295207,1.5544041450777146,14,1.5544041450777146,0.0007954476530814017,0.040289423628573656,0.0,3,0,0
mmlu_high_school_government_and_politics,default,1,9,posterior_mean,193,0.01,0.1,2.072538860103612,1.036269430051806,18,1.036269430051806,0.0038976935000988797,0.016604969758074514,0.0,3,0,0
mmlu_high_school_government_and_politics,default,1,9,gaussian_lcb_1.645,193,0.01,0.1,0.0,0.0,4,0.0,0.0,0.017479962176464053,0.0,0,0,0
mmlu_high_school_government_and_politics,default,1,10,posterior_mean,193,0.01,0.1,6.217616580310848,1.036269430051806,33,1.036269430051806,0.0037386039694825893,0.033945728595249275,0.0,8,0,0
mmlu_high_school_government_and_politics,default,1,10,gaussian_lcb_1.645,193,0.01,0.1,0.0,0.0,7,0.0,0.0,0.0317980199319295,0.0,0,0,0
mmlu_high_school_government_and_politics,default,1,11,posterior_mean,193,0.01,0.1,5.181347150259041,1.036269430051806,30,1.036269430051806,0.0025454324898605426,0.015471456852433549,0.0,9,0,0
mmlu_high_school_government_and_politics,default,1,11,gaussian_lcb_1.645,193,0.01,0.1,0.5181347150258975,0.5181347150258975,10,0.5181347150258975,7.954476530813897e-05,0.015391912087125379,0.0,1,0,0
mmlu_high_school_government_and_politics,default,1,12,posterior_mean,193,0.01,0.1,6.2176165803108585,1.036269430051806,29,1.036269430051806,0.007318118408348912,0.017837913620350657,0.0,9,0,0
mmlu_high_school_government_and_politics,default,1,12,gaussian_lcb_1.645,193,0.01,0.1,2.5906735751295096,1.036269430051806,13,1.036269430051806,0.0011136267143139558,0.012906138171245973,0.0,3,0,0
mmlu_high_school_government_and_politics,default,1,13,posterior_mean,193,0.01,0.1,7.253886010362686,1.036269430051806,27,1.036269430051806,0.00859083465327923,0.034482655761079214,0.0,11,0,0
mmlu_high_school_government_and_politics,default,1,13,gaussian_lcb_1.645,193,0.01,0.1,1.5544041450777146,1.036269430051806,5,1.036269430051806,0.0037386039694826596,0.031857678505910605,0.0,2,0,0
mmlu_high_school_government_and_politics,default,1,14,posterior_mean,193,0.01,0.1,4.6632124352331665,1.036269430051806,25,1.036269430051806,0.0029431563164012404,0.010301047107404352,0.0,8,0,0
mmlu_high_school_government_and_politics,default,1,14,gaussian_lcb_1.645,193,0.01,0.1,0.5181347150259086,0.5181347150259086,7,0.5181347150259086,0.00015908953061628134,0.009187420393090368,0.0,1,0,0
mmlu_high_school_government_and_politics,default,1,15,posterior_mean,193,0.01,0.1,7.2538860103626535,1.036269430051806,29,1.036269430051806,0.007079484112424494,0.04291440088374213,0.0,10,0,0
mmlu_high_school_government_and_politics,default,1,15,gaussian_lcb_1.645,193,0.01,0.1,1.5544041450777146,0.5181347150259086,11,0.5181347150259086,0.0005568133571570112,0.038618983557102575,0.0,3,0,0
mmlu_high_school_government_and_politics,default,1,16,posterior_mean,193,0.01,0.1,1.036269430051806,0.5181347150259086,12,0.5181347150259086,0.00031817906123255926,0.015312367321817257,0.0,2,0,0
mmlu_high_school_government_and_politics,default,1,16,gaussian_lcb_1.645,193,0.01,0.1,0.0,0.0,4,0.0,0.0,0.016425994036131233,0.0,0,0,0
mmlu_high_school_government_and_politics,default,1,17,posterior_mean,193,0.01,0.1,2.072538860103623,1.036269430051806,15,1.036269430051806,0.000318179061232561,0.008212997018065634,0.0,3,0,0
mmlu_high_school_government_and_politics,default,1,17,gaussian_lcb_1.645,193,0.01,0.1,0.0,0.0,5,0.0,0.0,0.009167534201763342,0.0,0,0,0
mmlu_high_school_government_and_politics,default,1,18,posterior_mean,193,0.01,0.1,4.663212435233133,1.036269430051806,23,1.036269430051806,0.002068163898011665,0.029610538885955752,0.0,6,0,0
mmlu_high_school_government_and_politics,default,1,18,gaussian_lcb_1.645,193,0.01,0.1,0.5181347150258975,0.5181347150258975,3,0.5181347150258975,7.954476530813897e-05,0.0279400988144848,0.0,1,0,0
mmlu_high_school_government_and_politics,default,1,19,posterior_mean,193,0.01,0.1,8.808290155440368,1.036269430051806,24,1.036269430051806,0.005727223102186117,0.02541455251595113,0.0,10,0,0
mmlu_high_school_government_and_politics,default,1,19,gaussian_lcb_1.645,193,0.01,0.1,1.036269430051806,1.036269430051806,4,1.036269430051806,0.00015908953061627963,0.020641866597462692,0.0,1,0,0
mmlu_high_school_macroeconomics,dataset,1,0,posterior_mean,390,0.01,0.1,118.7179487179487,2.3076923076923106,327,2.3076923076923106,0.11376531034650655,0.48491489517130426,0.0,139,6,1
mmlu_high_school_macroeconomics,dataset,1,0,gaussian_lcb_1.645,390,0.01,0.1,26.410256410256416,1.7948717948717885,119,1.7948717948717885,0.08446684686001016,0.45563591204616855,0.0,49,0,0
mmlu_high_school_macroeconomics,dataset,1,1,posterior_mean,390,0.01,0.1,142.5641025641023,13.33333333333333,231,13.33333333333333,0.07716171134974543,0.07716171134974543,0.0,106,18,1
mmlu_high_school_macroeconomics,dataset,1,1,gaussian_lcb_1.645,390,0.01,0.1,28.461538461538428,2.3076923076923106,51,2.3076923076923106,0.00792850707380632,0.00792850707380632,0.0,24,6,1
mmlu_high_school_macroeconomics,dataset,1,2,posterior_mean,390,0.01,0.1,162.05128205128187,2.3076923076923106,300,2.3076923076923106,0.17955049066160225,0.17955049066160225,0.0,143,24,1
mmlu_high_school_macroeconomics,dataset,1,2,gaussian_lcb_1.645,390,0.01,0.1,45.8974358974359,2.3076923076923106,108,2.3076923076923106,0.15898896924537945,0.15898896924537945,0.0,46,9,1
mmlu_high_school_macroeconomics,dataset,1,3,posterior_mean,390,0.01,0.1,136.923076923077,2.564102564102566,425,2.564102564102566,0.18112839993181878,0.5204081135705054,0.0,173,13,1
mmlu_high_school_macroeconomics,dataset,1,3,gaussian_lcb_1.645,390,0.01,0.1,37.948717948718006,1.538461538461544,148,1.538461538461533,0.04100616066427992,0.47873962061996056,0.0,62,0,0
mmlu_high_school_macroeconomics,dataset,1,4,posterior_mean,390,0.01,0.1,97.17948717948696,2.564102564102566,214,2.564102564102566,0.08053181386514789,0.15973896315776698,0.0,94,11,1
mmlu_high_school_macroeconomics,dataset,1,4,gaussian_lcb_1.645,390,0.01,0.1,17.948717948717896,2.3076923076923106,63,2.3076923076923106,0.011512893564175767,0.09290184332919364,0.0,24,1,1
mmlu_high_school_macroeconomics,dataset,1,5,posterior_mean,390,0.01,0.1,116.66666666666647,2.8205128205128216,283,2.8205128205128216,0.1330216475515617,0.28556261718654796,0.0,135,8,1
mmlu_high_school_macroeconomics,dataset,1,5,gaussian_lcb_1.645,390,0.01,0.1,31.282051282051192,2.051282051282055,100,2.051282051282055,0.1176906031606881,0.3419582633257834,0.0,44,2,1
mmlu_high_school_macroeconomics,dataset,1,6,posterior_mean,390,0.01,0.1,96.66666666666659,2.3076923076923106,233,2.051282051282055,0.0971290817444652,0.43450946015048364,0.0,109,2,1
mmlu_high_school_macroeconomics,dataset,1,6,gaussian_lcb_1.645,390,0.01,0.1,11.282051282051242,1.2820512820512775,51,1.2820512820512775,0.004655806365208083,0.4100226459200804,0.0,23,0,0
mmlu_high_school_macroeconomics,dataset,1,7,posterior_mean,390,0.01,0.1,138.7179487179487,2.564102564102566,271,2.564102564102566,0.23109552682202247,0.3562665887452207,0.0,129,13,1
mmlu_high_school_macroeconomics,dataset,1,7,gaussian_lcb_1.645,390,0.01,0.1,21.79487179487176,1.538461538461544,67,1.2820512820512886,0.11415491757372057,0.33183821559889826,0.0,26,0,0
mmlu_high_school_macroeconomics,dataset,1,8,posterior_mean,390,0.01,0.1,97.69230769230768,2.564102564102566,298,2.051282051282055,0.11810943092994339,0.3693476513989322,0.0,125,1,1
mmlu_high_school_macroeconomics,dataset,1,8,gaussian_lcb_1.645,390,0.01,0.1,29.48717948717946,1.7948717948717996,122,1.538461538461544,0.10155112377334553,0.3536075194194838,0.0,56,0,0
mmlu_high_school_macroeconomics,dataset,1,9,posterior_mean,390,0.01,0.1,137.17948717948693,2.564102564102566,279,2.564102564102566,0.10092775220980275,0.2882703874156857,0.0,128,6,1
mmlu_high_school_macroeconomics,dataset,1,9,gaussian_lcb_1.645,390,0.01,0.1,35.641025641025536,2.3076923076923106,84,2.3076923076923106,0.009691479776949976,0.198008133050868,0.0,33,1,1
mmlu_high_school_macroeconomics,dataset,1,10,posterior_mean,390,0.01,0.1,117.94871794871797,2.564102564102566,288,2.564102564102566,0.18345630311442346,0.3702632283828871,0.0,125,14,1
mmlu_high_school_macroeconomics,dataset,1,10,gaussian_lcb_1.645,390,0.01,0.1,36.41025641025646,1.538461538461544,125,1.538461538461544,0.07610977183626763,0.35603282440889245,0.0,55,0,0
mmlu_high_school_macroeconomics,dataset,1,11,posterior_mean,390,0.01,0.1,152.8205128205126,3.076923076923077,310,3.076923076923077,0.16398568193439972,0.28023473835439583,0.0,134,13,1
mmlu_high_school_macroeconomics,dataset,1,11,gaussian_lcb_1.645,390,0.01,0.1,29.48717948717945,1.7948717948717996,94,1.7948717948717885,0.09675895487861269,0.28736455061241284,0.0,35,0,0
mmlu_high_school_macroeconomics,dataset,1,12,posterior_mean,390,0.01,0.1,178.97435897435878,2.564102564102566,374,2.564102564102566,0.2075048092142103,0.34415954415954353,0.0,168,16,1
mmlu_high_school_macroeconomics,dataset,1,12,gaussian_lcb_1.645,390,0.01,0.1,27.692307692307693,2.564102564102566,89,1.538461538461544,0.16316750675724964,0.3009715830228644,0.0,36,0,0
mmlu_high_school_macroeconomics,dataset,1,13,posterior_mean,390,0.01,0.1,186.66666666666634,3.076923076923077,305,3.076923076923077,0.10080112986095834,0.10080112986095834,0.0,151,26,1
mmlu_high_school_macroeconomics,dataset,1,13,gaussian_lcb_1.645,390,0.01,0.1,43.58974358974357,2.051282051282055,104,2.051282051282055,0.17806024301750836,0.17806024301750836,0.0,51,5,1
mmlu_high_school_macroeconomics,dataset,1,14,posterior_mean,390,0.01,0.1,134.87179487179475,2.8205128205128216,260,2.8205128205128216,0.1645311320524998,0.28917622421895894,0.0,115,13,1
mmlu_high_school_macroeconomics,dataset,1,14,gaussian_lcb_1.645,390,0.01,0.1,16.66666666666663,2.051282051282055,61,2.051282051282055,0.009564857428105127,0.19549516643533657,0.0,19,1,1
mmlu_high_school_macroeconomics,dataset,1,15,posterior_mean,390,0.01,0.1,134.35897435897417,2.564102564102566,354,2.3076923076923106,0.23121240899018644,0.4181069958847732,0.0,164,13,1
mmlu_high_school_macroeconomics,dataset,1,15,gaussian_lcb_1.645,390,0.01,0.1,41.28205128205123,2.051282051282055,139,2.051282051282055,0.03470426376409268,0.32643241532130357,0.0,58,1,1
mmlu_high_school_macroeconomics,dataset,1,16,posterior_mean,390,0.01,0.1,158.97435897435895,15.384615384615385,312,15.384615384615385,0.2561667518932477,0.3142474492901841,0.0,131,21,1
mmlu_high_school_macroeconomics,dataset,1,16,gaussian_lcb_1.645,390,0.01,0.1,35.38461538461545,3.076923076923077,71,3.076923076923077,0.20228407236954263,0.32868239705846525,0.0,28,4,1
mmlu_high_school_macroeconomics,dataset,1,17,posterior_mean,390,0.01,0.1,129.74358974358964,3.076923076923077,368,2.564102564102566,0.24776097596610316,0.4392821486838564,0.0,141,17,1
mmlu_high_school_macroeconomics,dataset,1,17,gaussian_lcb_1.645,390,0.01,0.1,28.461538461538428,1.538461538461544,130,1.538461538461544,0.03218155696788169,0.37876640611683215,0.0,44,0,0
mmlu_high_school_macroeconomics,dataset,1,18,posterior_mean,390,0.01,0.1,141.79487179487177,2.3076923076923106,361,2.051282051282055,0.14561570117125644,0.40755838020795154,0.0,160,11,1
mmlu_high_school_macroeconomics,dataset,1,18,gaussian_lcb_1.645,390,0.01,0.1,43.07692307692306,2.051282051282055,140,2.051282051282055,0.10560303893637185,0.3985974139820279,0.0,59,4,1
mmlu_high_school_macroeconomics,dataset,1,19,posterior_mean,390,0.01,0.1,169.99999999999994,2.564102564102566,359,2.564102564102566,0.08643436335743925,0.3139552438697719,0.0,173,11,1
mmlu_high_school_macroeconomics,dataset,1,19,gaussian_lcb_1.645,390,0.01,0.1,35.641025641025706,1.538461538461544,112,1.538461538461544,0.11448608371685323,0.34588355613996585,0.0,48,0,0
mmlu_high_school_macroeconomics,default,1,0,posterior_mean,390,0.01,0.1,172.5641025641023,12.564102564102564,392,11.794871794871797,0.31827988409184843,0.34439330849587113,0.0,187,6,1
mmlu_high_school_macroeconomics,default,1,0,gaussian_lcb_1.645,390,0.01,0.1,47.69230769230761,2.564102564102566,117,2.3076923076923106,0.25545571870358086,0.28160810383032486,0.0,58,7,1
mmlu_high_school_macroeconomics,default,1,1,posterior_mean,390,0.01,0.1,198.46153846153828,2.564102564102566,420,2.564102564102566,0.19342050795042154,0.3286239559743819,0.0,188,28,1
mmlu_high_school_macroeconomics,default,1,1,gaussian_lcb_1.645,390,0.01,0.1,51.025641025640944,2.3076923076923106,170,2.3076923076923106,0.09585311807534017,0.2682056152141614,0.0,69,3,1
mmlu_high_school_macroeconomics,default,1,2,posterior_mean,390,0.01,0.1,214.8717948717946,2.564102564102566,380,2.564102564102566,0.27129325248983266,0.4109966639881156,0.0,184,22,1
mmlu_high_school_macroeconomics,default,1,2,gaussian_lcb_1.645,390,0.01,0.1,56.15384615384602,2.564102564102566,110,2.564102564102566,0.10445369761608983,0.306241020770934,0.0,52,5,1
mmlu_high_school_macroeconomics,default,1,3,posterior_mean,390,0.01,0.1,162.5641025641023,2.3076923076923106,347,2.3076923076923106,0.09283366206443043,0.19046923320427472,0.0,171,9,1
mmlu_high_school_macroeconomics,default,1,3,gaussian_lcb_1.645,390,0.01,0.1,37.435897435897346,2.3076923076923106,111,2.3076923076923106,0.05775927143448535,0.1576935252148926,0.0,47,3,1
mmlu_high_school_macroeconomics,default,1,4,posterior_mean,390,0.01,0.1,156.1538461538462,12.051282051282053,313,9.743589743589743,0.29702680984732294,0.41241873036744814,0.0,146,12,1
mmlu_high_school_macroeconomics,default,1,4,gaussian_lcb_1.645,390,0.01,0.1,43.07692307692302,2.564102564102566,97,2.564102564102566,0.15540458275501043,0.3383251759320131,0.0,48,2,1
mmlu_high_school_macroeconomics,default,1,5,posterior_mean,390,0.01,0.1,161.28205128205124,3.076923076923077,363,2.8205128205128216,0.21960211361920734,0.34515304258893914,0.0,143,26,1
mmlu_high_school_macroeconomics,default,1,5,gaussian_lcb_1.645,390,0.01,0.1,35.384615384615316,2.8205128205128216,136,2.8205128205128216,0.08740838142547554,0.2961794141281314,0.0,43,3,1
mmlu_high_school_macroeconomics,default,1,6,posterior_mean,390,0.01,0.1,162.05128205128193,2.3076923076923106,414,2.3076923076923106,0.11555750359169105,0.3927630457544973,0.0,193,4,1
mmlu_high_school_macroeconomics,default,1,6,gaussian_lcb_1.645,390,0.01,0.1,43.333333333333236,1.7948717948717996,131,1.7948717948717996,0.009584337789465953,0.31281564273017143,0.0,52,0,0
mmlu_high_school_macroeconomics,default,1,7,posterior_mean,390,0.01,0.1,131.025641025641,2.564102564102566,303,2.3076923076923106,0.28115031533834933,0.4217400832785445,0.0,143,12,1
mmlu_high_school_macroeconomics,default,1,7,gaussian_lcb_1.645,390,0.01,0.1,50.00000000000002,2.051282051282055,109,2.051282051282055,0.17136873889010684,0.4186719263642339,0.0,52,4,1
mmlu_high_school_macroeconomics,default,1,8,posterior_mean,390,0.01,0.1,148.4615384615382,2.564102564102566,316,2.3076923076923106,0.09983685197360341,0.17138821925146616,0.0,153,17,1
mmlu_high_school_macroeconomics,default,1,8,gaussian_lcb_1.645,390,0.01,0.1,21.794871794871717,1.7948717948717885,82,1.2820512820512775,0.06338909586772805,0.14565466189397758,0.0,38,0,0
mmlu_high_school_macroeconomics,default,1,9,posterior_mean,390,0.01,0.1,91.28205128205128,2.051282051282055,297,2.051282051282055,0.10197969172328113,0.35711398446441045,0.0,132,2,1
mmlu_high_school_macroeconomics,default,1,9,gaussian_lcb_1.645,390,0.01,0.1,62.30769230769238,2.051282051282055,138,2.051282051282055,0.10616796941583267,0.3626853678135721,0.0,66,6,1
mmlu_high_school_macroeconomics,default,1,10,posterior_mean,390,0.01,0.1,216.92307692307645,13.846153846153841,378,13.846153846153841,0.17683298025178246,0.32337399858767263,0.0,178,21,1
mmlu_high_school_macroeconomics,default,1,10,gaussian_lcb_1.645,390,0.01,0.1,44.358974358974244,2.3076923076923106,115,2.3076923076923106,0.04800935057345322,0.2667251077507492,0.0,48,4,1
mmlu_high_school_macroeconomics,default,1,11,posterior_mean,390,0.01,0.1,161.28205128205101,2.8205128205128216,459,2.8205128205128216,0.2894197287359673,0.5493461903718296,0.0,188,16,1
mmlu_high_school_macroeconomics,default,1,11,gaussian_lcb_1.645,390,0.01,0.1,46.666666666666565,2.051282051282055,168,2.051282051282055,0.1282586991988701,0.47786300435872964,0.0,74,3,1
mmlu_high_school_macroeconomics,default,1,12,posterior_mean,390,0.01,0.1,160.25641025641008,2.564102564102566,300,2.564102564102566,0.13166776243699266,0.19621593980568255,0.0,138,19,1
mmlu_high_school_macroeconomics,default,1,12,gaussian_lcb_1.645,390,0.01,0.1,35.89743589743579,2.564102564102566,66,2.564102564102566,0.020882947378674407,0.08560644799961072,0.0,31,2,1
mmlu_high_school_macroeconomics,default,1,13,posterior_mean,390,0.01,0.1,151.79487179487157,2.564102564102566,288,2.564102564102566,0.08816811551854244,0.17598558453259228,0.0,123,26,1
mmlu_high_school_macroeconomics,default,1,13,gaussian_lcb_1.645,390,0.01,0.1,38.717948717948595,2.051282051282055,105,2.051282051282055,0.05277229892614493,0.1409988555287696,0.0,45,1,1
mmlu_high_school_macroeconomics,default,1,14,posterior_mean,390,0.01,0.1,141.0256410256408,2.564102564102566,361,2.564102564102566,0.09111939026468965,0.2554459785229013,0.0,169,9,1
mmlu_high_school_macroeconomics,default,1,14,gaussian_lcb_1.645,390,0.01,0.1,34.615384615384556,1.538461538461544,120,1.538461538461544,0.048895707015364685,0.21429371514841497,0.0,49,0,0
mmlu_high_school_macroeconomics,default,1,15,posterior_mean,390,0.01,0.1,157.94871794871793,2.8205128205128216,366,2.564102564102566,0.1379209584337792,0.29959821754693516,0.0,162,19,1
mmlu_high_school_macroeconomics,default,1,15,gaussian_lcb_1.645,390,0.01,0.1,36.666666666666615,2.051282051282055,135,2.051282051282055,0.05703849806413913,0.24848174933644948,0.0,46,2,1
mmlu_high_school_macroeconomics,default,1,16,posterior_mean,390,0.01,0.1,130.25641025640996,2.564102564102566,383,2.564102564102566,0.11254778776146245,0.3315167896364463,0.0,158,11,1
mmlu_high_school_macroeconomics,default,1,16,gaussian_lcb_1.645,390,0.01,0.1,36.923076923076806,2.051282051282055,132,2.051282051282055,0.06613582681958781,0.3007475588672164,0.0,56,1,1
mmlu_high_school_macroeconomics,default,1,17,posterior_mean,390,0.01,0.1,180.5128205128206,2.8205128205128216,344,2.8205128205128216,0.2711666301409879,0.37293203788930157,0.0,160,29,1
mmlu_high_school_macroeconomics,default,1,17,gaussian_lcb_1.645,390,0.01,0.1,56.66666666666664,2.051282051282055,151,2.051282051282055,0.13864173180412498,0.30718581829692926,0.0,64,7,1
mmlu_high_school_macroeconomics,default,1,18,posterior_mean,390,0.01,0.1,168.71794871794856,2.8205128205128216,409,2.564102564102566,0.2847931429128004,0.454661893978132,0.0,183,12,1
mmlu_high_school_macroeconomics,default,1,18,gaussian_lcb_1.645,390,0.01,0.1,47.94871794871789,2.051282051282055,151,2.051282051282055,0.12567755131857675,0.39288966810334225,0.0,61,6,1
mmlu_high_school_macroeconomics,default,1,19,posterior_mean,390,0.01,0.1,134.8717948717945,2.564102564102566,311,2.564102564102566,0.2950885138919315,0.34802639588964235,0.0,146,8,1
mmlu_high_school_macroeconomics,default,1,19,gaussian_lcb_1.645,390,0.01,0.1,41.025641025640894,2.051282051282055,110,2.051282051282055,0.10177514792899378,0.2855431368251872,0.0,53,1,1
mmlu_high_school_mathematics,dataset,1,0,posterior_mean,270,0.01,0.1,186.2962962962964,24.444444444444446,153,22.962962962962962,0.8064217852969598,1.2359294822943687,0.0,74,45,1
mmlu_high_school_mathematics,dataset,1,0,gaussian_lcb_1.645,270,0.01,0.1,26.66666666666667,4.444444444444451,34,3.703703703703709,0.7654117766600634,1.1954072041863553,0.0,17,7,1
mmlu_high_school_mathematics,dataset,1,1,posterior_mean,270,0.01,0.1,242.5925925925927,16.666666666666668,246,14.81481481481482,1.263872377178274,1.489305492048977,0.0,108,52,1
mmlu_high_school_mathematics,dataset,1,1,gaussian_lcb_1.645,270,0.01,0.1,70.37037037037047,4.444444444444439,103,3.3333333333333326,1.0959711426103733,1.453619875019055,0.0,46,16,1
mmlu_high_school_mathematics,dataset,1,2,posterior_mean,270,0.01,0.1,238.14814814814804,16.666666666666668,226,16.666666666666668,1.0172636285119094,1.839028603363312,0.37037037037037646,104,48,1
mmlu_high_school_mathematics,dataset,1,2,gaussian_lcb_1.645,270,0.01,0.1,81.11111111111101,3.703703703703698,133,3.3333333333333326,0.9363003607173669,1.7580653355687699,0.37037037037037646,53,14,1
mmlu_high_school_mathematics,dataset,1,3,posterior_mean,270,0.01,0.1,198.88888888888886,21.111111111111114,197,21.111111111111114,0.5283950617283945,0.8564141645074436,0.0,98,37,1
mmlu_high_school_mathematics,dataset,1,3,gaussian_lcb_1.645,270,0.01,0.1,42.22222222222216,4.444444444444439,52,4.444444444444439,0.3800233704211744,0.5682467103591948,0.0,26,6,1
mmlu_high_school_mathematics,dataset,1,4,posterior_mean,270,0.01,0.1,214.4444444444448,19.62962962962963,318,17.407407407407405,0.6071838642483375,2.283208860437948,0.37037037037037646,129,24,1
mmlu_high_school_mathematics,dataset,1,4,gaussian_lcb_1.645,270,0.01,0.1,57.77777777777791,2.592592592592602,121,2.2222222222222254,0.31991058273637357,2.215414316923239,0.37037037037037646,51,5,1
mmlu_high_school_mathematics,dataset,1,5,posterior_mean,270,0.01,0.1,239.2592592592594,6.666666666666665,196,4.814814814814817,0.6434385002286214,0.9303866280546645,0.0,97,60,1
mmlu_high_school_mathematics,dataset,1,5,gaussian_lcb_1.645,270,0.01,0.1,47.037037037037045,4.074074074074074,50,4.074074074074074,0.16436518823350058,0.8803942488441798,0.0,24,13,1
mmlu_high_school_mathematics,dataset,1,6,posterior_mean,270,0.01,0.1,280.3703703703702,16.666666666666668,226,16.666666666666668,0.2489051465731822,0.772402580907383,0.0,110,53,1
mmlu_high_school_mathematics,dataset,1,6,gaussian_lcb_1.645,270,0.01,0.1,48.14814814814812,4.074074074074074,59,4.074074074074074,0.022476248539349805,0.6906670731087768,0.0,24,10,1
mmlu_high_school_mathematics,dataset,1,7,posterior_mean,270,0.01,0.1,219.25925925925944,24.444444444444446,273,22.592592592592588,0.5205100848447901,1.8310216938474857,0.0,121,28,1
mmlu_high_school_mathematics,dataset,1,7,gaussian_lcb_1.645,270,0.01,0.1,71.48148148148161,3.703703703703709,137,3.703703703703709,0.4478585581466267,1.8259005232942196,0.0,63,6,1
mmlu_high_school_mathematics,dataset,1,8,posterior_mean,270,0.01,0.1,190.37037037037038,5.5555555555555465,237,4.444444444444451,0.8254229538180144,1.2985215668343255,0.0,104,37,1
mmlu_high_school_mathematics,dataset,1,8,gaussian_lcb_1.645,270,0.01,0.1,52.96296296296291,4.444444444444439,84,3.703703703703698,0.7182644922013899,1.24531829497536,0.0,35,12,1
mmlu_high_school_mathematics,dataset,1,9,posterior_mean,270,0.01,0.1,269.2592592592589,5.925925925925924,206,5.925925925925924,0.14737590814408236,0.3824823451709616,0.0,97,68,1
mmlu_high_school_mathematics,dataset,1,9,gaussian_lcb_1.645,270,0.01,0.1,80.37037037037025,5.5555555555555465,71,5.5555555555555465,0.025118122237463132,0.2605497129502649,0.0,32,23,1
mmlu_high_school_mathematics,dataset,1,10,posterior_mean,270,0.01,0.1,292.5925925925925,20.740740740740737,220,20.740740740740737,0.4743179393385158,1.1283239343596059,0.37037037037037646,98,50,1
mmlu_high_school_mathematics,dataset,1,10,gaussian_lcb_1.645,270,0.01,0.1,41.851851851851805,3.703703703703698,56,3.703703703703698,0.32251181222374603,0.9766803840877952,0.37037037037037646,25,9,1
mmlu_high_school_mathematics,dataset,1,11,posterior_mean,270,0.01,0.1,222.59259259259272,21.851851851851855,150,21.851851851851855,0.12079459431997001,0.33834273230706513,0.0,73,49,1
mmlu_high_school_mathematics,dataset,1,11,gaussian_lcb_1.645,270,0.01,0.1,44.81481481481482,3.703703703703709,45,3.703703703703709,0.05137428237565404,0.2695320835238526,0.0,22,8,1
mmlu_high_school_mathematics,dataset,1,12,posterior_mean,270,0.01,0.1,378.5185185185182,28.888888888888893,266,28.888888888888893,0.36392826296804276,1.113285576385718,0.0,126,68,1
mmlu_high_school_mathematics,dataset,1,12,gaussian_lcb_1.645,270,0.01,0.1,70.74074074074068,20.740740740740744,72,20.0,0.15107453132144588,1.016958796931367,0.0,32,7,1
mmlu_high_school_mathematics,dataset,1,13,posterior_mean,270,0.01,0.1,198.51851851851856,17.037037037037038,280,17.037037037037038,0.379210486206371,1.4228522074886998,0.0,121,26,1
mmlu_high_school_mathematics,dataset,1,13,gaussian_lcb_1.645,270,0.01,0.1,86.29629629629642,2.962962962962956,161,2.962962962962956,0.41038459584413,1.4558959508205078,0.0,68,8,1
mmlu_high_school_mathematics,dataset,1,14,posterior_mean,270,0.01,0.1,189.25925925925912,18.14814814814814,227,16.29629629629629,0.6397805212620005,0.9850530915002815,0.0,102,31,1
mmlu_high_school_mathematics,dataset,1,14,gaussian_lcb_1.645,270,0.01,0.1,33.70370370370364,2.962962962962956,89,2.962962962962956,0.14587207234669525,1.012975664278823,0.0,36,2,1
mmlu_high_school_mathematics,dataset,1,15,posterior_mean,270,0.01,0.1,168.14814814814824,18.148148148148152,180,14.81481481481482,0.7850022862368538,1.3516232281664389,0.0,88,29,1
mmlu_high_school_mathematics,dataset,1,15,gaussian_lcb_1.645,270,0.01,0.1,46.66666666666668,5.555555555555558,73,3.703703703703709,0.6765635319819137,1.301874714220395,0.0,35,11,1
mmlu_high_school_mathematics,dataset,1,16,posterior_mean,270,0.01,0.1,177.03703703703698,19.25925925925926,203,17.777777777777775,0.5447340344459692,2.390997307321044,1.4814814814814836,84,17,1
mmlu_high_school_mathematics,dataset,1,16,gaussian_lcb_1.645,270,0.01,0.1,36.29629629629627,3.703703703703698,93,2.2222222222222254,0.49925316262764824,2.3455164355027214,1.4814814814814836,29,5,1
mmlu_high_school_mathematics,dataset,1,17,posterior_mean,270,0.01,0.1,366.2962962962962,21.111111111111114,252,21.111111111111114,0.5101254890006615,1.199715490524824,0.0,120,76,1
mmlu_high_school_mathematics,dataset,1,17,gaussian_lcb_1.645,270,0.01,0.1,109.62962962962965,3.3333333333333326,100,3.3333333333333326,0.20549712950261664,0.9429253670680321,0.0,47,31,1
mmlu_high_school_mathematics,dataset,1,18,posterior_mean,270,0.01,0.1,225.1851851851851,21.111111111111107,251,19.25925925925926,0.5816592999034726,1.5283239343596087,0.0,110,36,1
mmlu_high_school_mathematics,dataset,1,18,gaussian_lcb_1.645,270,0.01,0.1,76.66666666666664,4.074074074074074,100,4.074074074074074,0.19135294416501505,1.344896611288935,0.0,45,14,1
mmlu_high_school_mathematics,dataset,1,19,posterior_mean,270,0.01,0.1,194.8148148148148,15.185185185185185,339,15.185185185185185,0.5264644617182345,1.7579027587258145,0.37037037037037646,142,20,1
mmlu_high_school_mathematics,dataset,1,19,gaussian_lcb_1.645,270,0.01,0.1,56.666666666666686,2.9629629629629672,132,2.9629629629629672,0.2751613067113755,1.610242341106548,0.37037037037037646,48,5,1
mmlu_high_school_mathematics,default,1,0,posterior_mean,270,0.01,0.1,271.8518518518519,19.259259259259267,234,19.259259259259267,0.8190824569425417,2.6071228979322307,0.0,112,50,1
mmlu_high_school_mathematics,default,1,0,gaussian_lcb_1.645,270,0.01,0.1,82.22222222222221,19.259259259259267,79,19.259259259259267,0.5819641314840238,2.47429761723315,0.0,39,8,1
mmlu_high_school_mathematics,default,1,1,posterior_mean,270,0.01,0.1,333.7037037037037,22.222222222222225,232,18.51851851851852,0.3697607072092698,0.8928923436468048,0.0,114,74,1
mmlu_high_school_mathematics,default,1,1,gaussian_lcb_1.645,270,0.01,0.1,63.70370370370374,4.814814814814817,66,4.814814814814817,0.16958796931362116,0.7938424020728551,0.0,31,16,1
mmlu_high_school_mathematics,default,1,2,posterior_mean,270,0.01,0.1,168.5185185185187,15.555555555555555,165,14.444444444444438,0.5252654575013961,1.5212924859015418,0.0,79,33,1
mmlu_high_school_mathematics,default,1,2,gaussian_lcb_1.645,270,0.01,0.1,50.74074074074074,15.555555555555555,52,14.444444444444438,0.4753543667123916,1.5882335009907067,0.0,25,7,1
mmlu_high_school_mathematics,default,1,3,posterior_mean,270,0.01,0.1,380.7407407407408,24.074074074074076,285,20.370370370370367,1.7495300513133225,3.3955799420820196,0.0,128,58,1
mmlu_high_school_mathematics,default,1,3,gaussian_lcb_1.645,270,0.01,0.1,103.33333333333339,18.148148148148145,83,18.148148148148145,1.0595945739978665,2.3184270690443665,0.0,34,10,1
mmlu_high_school_mathematics,default,1,4,posterior_mean,270,0.01,0.1,298.88888888888914,15.55555555555556,235,15.55555555555556,0.9623329776964842,2.660549712950256,5.555555555555558,116,66,1
mmlu_high_school_mathematics,default,1,4,gaussian_lcb_1.645,270,0.01,0.1,101.48148148148152,15.55555555555556,82,15.55555555555556,0.8370268759843502,2.5584514555707947,5.555555555555558,40,16,1
mmlu_high_school_mathematics,default,1,5,posterior_mean,270,0.01,0.1,268.51851851851836,15.925925925925927,258,14.81481481481482,0.7452116039221678,1.734755880709246,0.0,125,59,1
mmlu_high_school_mathematics,default,1,5,gaussian_lcb_1.645,270,0.01,0.1,57.03703703703695,3.703703703703698,71,3.703703703703698,0.3054615658182199,1.5370624396687542,0.0,33,13,1
mmlu_high_school_mathematics,default,1,6,posterior_mean,270,0.01,0.1,262.59259259259267,18.88888888888889,264,18.888888888888882,2.049403038154754,2.732774475435656,0.0,123,51,1
mmlu_high_school_mathematics,default,1,6,gaussian_lcb_1.645,270,0.01,0.1,101.85185185185193,5.925925925925924,141,4.074074074074074,1.5618757303256663,2.407824010567503,0.0,65,20,1
mmlu_high_school_mathematics,default,1,7,posterior_mean,270,0.01,0.1,355.9259259259262,21.851851851851855,270,21.851851851851855,1.131006452268455,2.020444038002343,0.0,131,56,1
mmlu_high_school_mathematics,default,1,7,gaussian_lcb_1.645,270,0.01,0.1,182.59259259259278,21.851851851851855,133,21.851851851851855,1.060326169791191,2.0741350403901917,0.0,65,20,1
mmlu_high_school_mathematics,default,1,8,posterior_mean,270,0.01,0.1,384.8148148148147,25.555555555555554,262,22.5925925925926,2.156480211349904,3.069938525631259,0.0,120,68,1
mmlu_high_school_mathematics,default,1,8,gaussian_lcb_1.645,270,0.01,0.1,193.33333333333326,25.555555555555554,117,22.5925925925926,1.768653152466599,2.6822333993801823,0.0,54,29,1
mmlu_high_school_mathematics,default,1,9,posterior_mean,270,0.01,0.1,168.14814814814835,21.851851851851855,282,18.88888888888889,1.4973530457755455,2.0195295432606852,0.0,131,30,1
mmlu_high_school_mathematics,default,1,9,gaussian_lcb_1.645,270,0.01,0.1,68.51851851851856,3.703703703703709,136,3.3333333333333326,0.758116140832193,1.9366966417720906,0.0,67,12,1
mmlu_high_school_mathematics,default,1,10,posterior_mean,270,0.01,0.1,210.7407407407409,17.407407407407412,306,15.185185185185185,1.6251994106589447,2.251790885535743,0.0,141,32,1
mmlu_high_school_mathematics,default,1,10,gaussian_lcb_1.645,270,0.01,0.1,51.85185185185196,4.444444444444451,92,4.444444444444451,1.5429761723314563,2.348036376568615,0.0,44,5,1
mmlu_high_school_mathematics,default,1,11,posterior_mean,270,0.01,0.1,320.3703703703701,19.999999999999996,245,19.999999999999996,0.6027536452776487,1.5160697048214247,0.37037037037037646,119,71,1
mmlu_high_school_mathematics,default,1,11,gaussian_lcb_1.645,270,0.01,0.1,74.4444444444444,5.5555555555555465,65,5.5555555555555465,0.29231316364375204,1.2328608443834845,0.37037037037037646,31,17,1
mmlu_high_school_mathematics,default,1,12,posterior_mean,270,0.01,0.1,377.40740740740773,29.259259259259263,285,29.259259259259263,1.1738860945994012,1.4167149316669232,0.0,135,76,1
mmlu_high_school_mathematics,default,1,12,gaussian_lcb_1.645,270,0.01,0.1,91.85185185185198,5.925925925925924,108,4.074074074074074,1.0306558959508214,1.274053751968706,0.0,51,21,1
mmlu_high_school_mathematics,default,1,13,posterior_mean,270,0.01,0.1,338.14814814814815,20.740740740740744,277,20.740740740740744,0.7711832545851738,2.650652847635018,0.0,128,50,1
mmlu_high_school_mathematics,default,1,13,gaussian_lcb_1.645,270,0.01,0.1,109.99999999999997,19.62962962962963,100,19.62962962962963,0.322064725905603,2.3419600670629466,0.0,45,14,1
mmlu_high_school_mathematics,default,1,14,posterior_mean,270,0.01,0.1,205.18518518518545,20.0,278,20.0,1.2666768277193499,2.0671645582482365,0.0,129,43,1
mmlu_high_school_mathematics,default,1,14,gaussian_lcb_1.645,270,0.01,0.1,54.074074074074154,4.074074074074074,107,3.3333333333333326,0.46769293298785886,1.9666514250876443,0.0,48,5,1
mmlu_high_school_mathematics,default,1,15,posterior_mean,270,0.01,0.1,269.62962962962956,17.037037037037035,303,14.444444444444443,1.194370776812484,2.408535284255465,0.37037037037037646,136,52,1
mmlu_high_school_mathematics,default,1,15,gaussian_lcb_1.645,270,0.01,0.1,106.2962962962964,4.074074074074074,134,4.074074074074074,0.6285220748869585,2.454219377127479,0.37037037037037646,62,19,1
mmlu_high_school_mathematics,default,1,16,posterior_mean,270,0.01,0.1,204.81481481481504,17.407407407407405,184,17.407407407407405,1.084672052024593,2.800670629477218,0.0,88,43,1
mmlu_high_school_mathematics,default,1,16,gaussian_lcb_1.645,270,0.01,0.1,44.81481481481485,17.037037037037038,43,17.037037037037038,0.4963877457704631,2.6855255804501375,0.0,19,7,1
mmlu_high_school_mathematics,default,1,17,posterior_mean,270,0.01,0.1,305.18518518518505,23.703703703703706,312,23.703703703703706,0.44521668444851115,2.9413605649545382,2.2222222222222254,148,39,1
mmlu_high_school_mathematics,default,1,17,gaussian_lcb_1.645,270,0.01,0.1,98.51851851851843,17.777777777777775,132,17.777777777777775,0.4009144947416538,2.9004318447391193,0.37037037037037646,62,15,1
mmlu_high_school_mathematics,default,1,18,posterior_mean,270,0.01,0.1,255.55555555555597,20.370370370370377,333,17.777777777777775,2.158776609256722,2.9510542092160796,0.37037037037037646,154,34,1
mmlu_high_school_mathematics,default,1,18,gaussian_lcb_1.645,270,0.01,0.1,111.11111111111126,16.29629629629629,132,14.814814814814808,2.0350149875527137,2.827292587512069,0.37037037037037646,61,13,1
mmlu_high_school_mathematics,default,1,19,posterior_mean,270,0.01,0.1,297.40740740740756,20.0,218,16.29629629629629,1.2863892699283666,1.5954884926078388,0.0,109,65,1
mmlu_high_school_mathematics,default,1,19,gaussian_lcb_1.645,270,0.01,0.1,109.62962962962975,15.55555555555555,72,15.55555555555555,0.8712086572168883,2.790265711527721,0.0,34,20,1
mmlu_high_school_microeconomics,dataset,1,0,posterior_mean,238,0.01,0.1,43.27731092436961,2.1008403361344574,168,2.1008403361344574,0.02343421028542116,0.4816828692261209,0.0,56,1,1
mmlu_high_school_microeconomics,dataset,1,0,gaussian_lcb_1.645,238,0.01,0.1,9.663865546218453,1.680672268907557,74,1.680672268907557,0.004550839943820713,0.46285180738962184,0.0,18,0,0
mmlu_high_school_microeconomics,dataset,1,1,posterior_mean,238,0.01,0.1,42.43697478991583,2.5210084033613467,96,2.5210084033613467,0.016581796117139745,0.07555963561895336,0.0,47,8,1
mmlu_high_school_microeconomics,dataset,1,1,gaussian_lcb_1.645,238,0.01,0.1,5.46218487394956,2.1008403361344463,16,2.1008403361344463,0.0015169466479402136,0.06248250934360655,0.0,7,1,1
mmlu_high_school_microeconomics,dataset,1,2,posterior_mean,238,0.01,0.1,35.71428571428559,1.680672268907557,73,1.680672268907557,0.013809445346766258,0.04673764930808923,0.0,33,0,0
mmlu_high_school_microeconomics,dataset,1,2,gaussian_lcb_1.645,238,0.01,0.1,3.7815126050420034,1.680672268907557,11,1.680672268907557,0.00156925515304157,0.03920522457348936,0.0,4,0,0
mmlu_high_school_microeconomics,dataset,1,3,posterior_mean,238,0.01,0.1,48.73949579831922,2.5210084033613467,122,2.5210084033613467,0.02374806131602969,0.4531224254407619,0.0,55,5,1
mmlu_high_school_microeconomics,dataset,1,3,gaussian_lcb_1.645,238,0.01,0.1,15.546218487394958,1.6806722689075682,48,1.6806722689075682,0.005701627056051249,0.4365406293236224,0.0,19,0,0
mmlu_high_school_microeconomics,dataset,1,4,posterior_mean,238,0.01,0.1,66.80672268907547,2.1008403361344463,134,2.1008403361344463,0.030914326514919606,0.12561887500098032,0.0,59,1,1
mmlu_high_school_microeconomics,dataset,1,4,gaussian_lcb_1.645,238,0.01,0.1,14.705882352941124,1.680672268907557,46,1.680672268907557,0.005963169581558099,0.10124311162373406,0.0,21,0,0
mmlu_high_school_microeconomics,dataset,1,5,posterior_mean,238,0.01,0.1,66.3865546218485,1.680672268907557,132,1.680672268907557,0.02662502909660596,0.41906958861975935,0.0,63,0,0
mmlu_high_school_microeconomics,dataset,1,5,gaussian_lcb_1.645,238,0.01,0.1,13.445378151260456,1.680672268907557,33,1.680672268907557,0.006381637622369219,0.4012062341276358,0.0,14,0,0
mmlu_high_school_microeconomics,dataset,1,6,posterior_mean,238,0.01,0.1,42.01680672268898,2.5210084033613467,101,2.5210084033613467,0.02536962497417282,0.1334389965136379,0.0,44,5,1
mmlu_high_school_microeconomics,dataset,1,6,gaussian_lcb_1.645,238,0.01,0.1,16.806722689075592,1.680672268907557,42,1.680672268907557,0.006015478086659583,0.11536640800110862,0.0,18,0,0
mmlu_high_school_microeconomics,dataset,1,7,posterior_mean,238,0.01,0.1,49.57983193277297,2.1008403361344574,120,2.1008403361344574,0.03211742213225141,0.09826152683295504,0.0,52,5,1
mmlu_high_school_microeconomics,dataset,1,7,gaussian_lcb_1.645,238,0.01,0.1,11.34453781512601,2.1008403361344463,34,2.1008403361344463,0.007427807724397044,0.0766058057209811,0.0,13,1,1
mmlu_high_school_microeconomics,dataset,1,8,posterior_mean,238,0.01,0.1,46.63865546218473,2.1008403361344574,140,2.1008403361344574,0.02892660332106675,0.6408576502496413,0.0,63,1,1
mmlu_high_school_microeconomics,dataset,1,8,gaussian_lcb_1.645,238,0.01,0.1,16.38655462184868,1.2605042016806678,62,1.2605042016806678,0.005440084530544086,0.6181557590356388,0.0,25,0,0
mmlu_high_school_microeconomics,dataset,1,9,posterior_mean,238,0.01,0.1,61.34453781512589,2.1008403361344463,152,2.1008403361344463,0.03248358166796115,0.16532103037293297,0.0,63,4,1
mmlu_high_school_microeconomics,dataset,1,9,gaussian_lcb_1.645,238,0.01,0.1,13.025210084033578,1.260504201680679,50,1.260504201680679,0.0077416587550051055,0.14324684122014766,0.0,19,0,0
mmlu_high_school_microeconomics,dataset,1,10,posterior_mean,238,0.01,0.1,42.857142857142726,2.5210084033613467,110,1.6806722689075682,0.2638179454788442,0.31487104645779784,0.0,48,0,0
mmlu_high_school_microeconomics,dataset,1,10,gaussian_lcb_1.645,238,0.01,0.1,5.042016806722671,0.8403361344537785,28,0.8403361344537785,0.0018307976785485237,0.302473930748769,0.0,10,0,0
mmlu_high_school_microeconomics,dataset,1,11,posterior_mean,238,0.01,0.1,61.34453781512583,1.680672268907557,179,1.680672268907557,0.0273050396629238,0.5562486432481454,0.0,79,0,0
mmlu_high_school_microeconomics,dataset,1,11,gaussian_lcb_1.645,238,0.01,0.1,11.34453781512601,0.8403361344537785,73,0.8403361344537785,0.005910861076456765,0.535796017753503,0.0,22,0,0
mmlu_high_school_microeconomics,dataset,1,12,posterior_mean,238,0.01,0.1,54.20168067226876,2.1008403361344574,187,2.1008403361344574,0.026154252550693577,0.6754074178691097,0.42016806722688926,67,1,1
mmlu_high_school_microeconomics,dataset,1,12,gaussian_lcb_1.645,238,0.01,0.1,11.7647058823529,1.2605042016806678,59,1.2605042016806678,0.004393914428516537,0.6555301859305822,0.42016806722688926,19,0,0
mmlu_high_school_microeconomics,dataset,1,13,posterior_mean,238,0.01,0.1,39.075630252100716,2.5210084033613467,102,2.5210084033613467,0.015117157974300832,0.11432023789908091,0.0,36,2,1
mmlu_high_school_microeconomics,dataset,1,13,gaussian_lcb_1.645,238,0.01,0.1,5.042016806722671,0.8403361344537785,46,0.8403361344537785,0.0021446487091568425,0.10647396213387282,0.0,11,0,0
mmlu_high_school_microeconomics,dataset,1,14,posterior_mean,238,0.01,0.1,58.82352941176452,2.1008403361344574,120,2.1008403361344574,0.028874294815965724,0.3442161178196758,0.0,56,2,1
mmlu_high_school_microeconomics,dataset,1,14,gaussian_lcb_1.645,238,0.01,0.1,12.1848739495798,2.1008403361344574,36,2.1008403361344574,0.0027200422652719834,0.3190557268659087,0.0,15,1,1
mmlu_high_school_microeconomics,dataset,1,15,posterior_mean,238,0.01,0.1,49.99999999999986,2.1008403361344463,108,2.1008403361344463,0.03787135769340419,0.08827060235859037,0.0,46,3,1
mmlu_high_school_microeconomics,dataset,1,15,gaussian_lcb_1.645,238,0.01,0.1,17.64705882352935,1.680672268907557,44,1.680672268907557,0.009101679887641441,0.06331944542522887,0.0,19,0,0
mmlu_high_school_microeconomics,dataset,1,16,posterior_mean,238,0.01,0.1,65.5462184873948,2.5210084033613467,138,2.5210084033613467,0.03128048605062915,0.24765461740251601,0.0,64,2,1
mmlu_high_school_microeconomics,dataset,1,16,gaussian_lcb_1.645,238,0.01,0.1,10.92436974789912,1.680672268907557,28,1.680672268907557,0.0028769677805763074,0.2212388223263158,0.0,12,0,0
mmlu_high_school_microeconomics,dataset,1,17,posterior_mean,238,0.01,0.1,59.24369747899141,2.1008403361344463,141,2.1008403361344463,0.04731304286420473,0.12310806675611422,0.0,60,4,1
mmlu_high_school_microeconomics,dataset,1,17,gaussian_lcb_1.645,238,0.01,0.1,6.722689075630228,2.1008403361344463,24,2.1008403361344463,0.0015692551530416263,0.10681396741703188,0.0,9,1,1
mmlu_high_school_microeconomics,dataset,1,18,posterior_mean,238,0.01,0.1,82.35294117647041,2.941176470588236,194,2.941176470588236,0.045456090933105056,0.14437147407982742,0.0,77,8,1
mmlu_high_school_microeconomics,dataset,1,18,gaussian_lcb_1.645,238,0.01,0.1,10.504201680672232,0.8403361344537785,50,0.8403361344537785,0.003347744326488737,0.10660473339662618,0.0,16,0,0
mmlu_high_school_microeconomics,dataset,1,19,posterior_mean,238,0.01,0.1,59.24369747899143,2.5210084033613467,105,2.5210084033613467,0.023957295336434797,0.09977847348089489,0.0,50,12,1
mmlu_high_school_microeconomics,dataset,1,19,gaussian_lcb_1.645,238,0.01,0.1,9.663865546218453,2.1008403361344463,23,2.1008403361344463,0.004236988913212418,0.08230743277703216,0.0,10,1,1
mmlu_high_school_microeconomics,default,1,0,posterior_mean,238,0.01,0.1,49.57983193277299,2.5210084033613467,153,2.5210084033613467,0.02455884314510033,0.4186511205789487,0.0,55,3,1
mmlu_high_school_microeconomics,default,1,0,gaussian_lcb_1.645,238,0.01,0.1,21.008403361344484,1.6806722689075682,83,1.6806722689075682,0.007715504502454587,0.40222624997711415,0.0,30,0,0
mmlu_high_school_microeconomics,default,1,1,posterior_mean,238,0.01,0.1,77.73109243697466,14.70588235294118,203,14.70588235294118,0.03946676709899664,0.49559693158309,0.0,79,1,1
mmlu_high_school_microeconomics,default,1,1,gaussian_lcb_1.645,238,0.01,0.1,10.084033613445353,1.6806722689075682,41,1.6806722689075682,0.016137173823777853,0.4725811893384796,0.0,17,0,0
mmlu_high_school_microeconomics,default,1,2,posterior_mean,238,0.01,0.1,79.41176470588208,2.1008403361344574,172,2.1008403361344463,0.16414408900815117,0.4541162870376881,0.0,76,10,1
mmlu_high_school_microeconomics,default,1,2,gaussian_lcb_1.645,238,0.01,0.1,21.428571428571363,2.1008403361344574,67,2.1008403361344463,0.13223590089630588,0.49298150632802024,0.0,27,1,1
mmlu_high_school_microeconomics,default,1,3,posterior_mean,238,0.01,0.1,36.55462184873943,2.5210084033613467,165,1.6806722689075682,0.16989802456930442,0.6317559703619982,0.0,48,0,0
mmlu_high_school_microeconomics,default,1,3,gaussian_lcb_1.645,238,0.01,0.1,7.563025210084007,1.2605042016806678,79,1.2605042016806678,0.021969572142582484,0.620248099239693,0.0,14,0,0
mmlu_high_school_microeconomics,default,1,4,posterior_mean,238,0.01,0.1,61.34453781512592,10.084033613445376,170,10.084033613445376,0.12438962513109793,0.616377269862193,0.0,57,4,1
mmlu_high_school_microeconomics,default,1,4,gaussian_lcb_1.645,238,0.01,0.1,13.025210084033578,2.1008403361344574,72,2.1008403361344574,0.004864690974428951,0.5972323569950847,0.0,15,1,1
mmlu_high_school_microeconomics,default,1,5,posterior_mean,238,0.01,0.1,85.71428571428545,2.1008403361344574,217,2.1008403361344574,0.24804693119077662,0.8356022147421087,0.42016806722688926,97,3,1
mmlu_high_school_microeconomics,default,1,5,gaussian_lcb_1.645,238,0.01,0.1,28.99159663865536,1.680672268907557,79,1.680672268907557,0.219591104415622,0.8073033134822583,0.42016806722688926,35,0,0
mmlu_high_school_microeconomics,default,1,6,posterior_mean,238,0.01,0.1,66.38655462184853,2.941176470588236,128,2.941176470588236,0.08983985751163209,0.2472099951091541,0.0,60,7,1
mmlu_high_school_microeconomics,default,1,6,gaussian_lcb_1.645,238,0.01,0.1,11.7647058823529,2.1008403361344463,39,2.1008403361344463,0.05937015329007409,0.2219449871451842,0.0,17,1,1
mmlu_high_school_microeconomics,default,1,7,posterior_mean,238,0.01,0.1,125.21008403361331,9.663865546218497,191,9.663865546218497,0.10838322257007385,0.5355606294805492,0.0,88,12,1
mmlu_high_school_microeconomics,default,1,7,gaussian_lcb_1.645,238,0.01,0.1,17.226890756302527,1.6806722689075682,44,1.6806722689075682,0.04885614376469547,0.4974800377667395,0.0,19,0,0
mmlu_high_school_microeconomics,default,1,8,posterior_mean,238,0.01,0.1,89.49579831932756,10.504201680672265,169,10.504201680672265,0.3104509777767307,0.3104509777767307,0.0,64,9,1
mmlu_high_school_microeconomics,default,1,8,gaussian_lcb_1.645,238,0.01,0.1,12.184873949579822,2.5210084033613467,51,1.6806722689075682,0.2879060120780326,0.2879060120780326,0.0,15,0,0
mmlu_high_school_microeconomics,default,1,9,posterior_mean,238,0.01,0.1,82.77310924369729,2.5210084033613467,160,2.5210084033613467,0.04189911258621092,0.4830428903587547,0.0,69,10,1
mmlu_high_school_microeconomics,default,1,9,gaussian_lcb_1.645,238,0.01,0.1,25.630252100840334,2.5210084033613467,45,2.5210084033613467,0.05241312211158952,0.4939230594198427,0.0,19,7,1
mmlu_high_school_microeconomics,default,1,10,posterior_mean,238,0.01,0.1,60.50420168067215,2.941176470588236,190,2.941176470588236,0.049274611805506456,0.8119849246888262,0.0,70,2,1
mmlu_high_school_microeconomics,default,1,10,gaussian_lcb_1.645,238,0.01,0.1,13.445378151260467,1.6806722689075682,81,1.260504201680679,0.011717105142710762,0.801052447122636,0.0,19,0,0
mmlu_high_school_microeconomics,default,1,11,posterior_mean,238,0.01,0.1,92.43697478991581,2.5210084033613467,205,2.5210084033613467,0.32410349760819296,0.7156588125446255,0.0,92,8,1
mmlu_high_school_microeconomics,default,1,11,gaussian_lcb_1.645,238,0.01,0.1,15.966386554621836,2.5210084033613467,44,2.5210084033613467,0.30610937185331605,0.6989723994172834,0.0,15,2,1
mmlu_high_school_microeconomics,default,1,12,posterior_mean,238,0.01,0.1,68.90756302520984,1.680672268907557,159,1.680672268907557,0.09844460660081011,0.6124018234744862,0.0,72,0,0
mmlu_high_school_microeconomics,default,1,12,gaussian_lcb_1.645,238,0.01,0.1,20.168067226890685,1.680672268907557,43,1.680672268907557,0.016477179106936943,0.544243841327377,0.0,18,0,0
mmlu_high_school_microeconomics,default,1,13,posterior_mean,238,0.01,0.1,71.84873949579813,2.5210084033613467,166,2.5210084033613467,0.1136663815853134,0.6566809730428091,0.0,73,4,1
mmlu_high_school_microeconomics,default,1,13,gaussian_lcb_1.645,238,0.01,0.1,21.008403361344474,2.1008403361344463,56,2.1008403361344463,0.08081664038164264,0.627178976165627,0.0,24,1,1
mmlu_high_school_microeconomics,default,1,14,posterior_mean,238,0.01,0.1,78.57142857142834,2.1008403361344574,175,2.1008403361344574,0.170185721347362,0.7730673968933949,0.0,76,4,1
mmlu_high_school_microeconomics,default,1,14,gaussian_lcb_1.645,238,0.01,0.1,22.68907563025202,2.1008403361344463,54,2.1008403361344463,0.07759966731790731,0.74497772965395,0.0,25,1,1
mmlu_high_school_microeconomics,default,1,15,posterior_mean,238,0.01,0.1,54.621848739495626,2.941176470588236,161,2.941176470588236,0.3443991975875308,0.6307359545125227,0.0,62,3,1
mmlu_high_school_microeconomics,default,1,15,gaussian_lcb_1.645,238,0.01,0.1,12.184873949579789,2.1008403361344463,44,2.1008403361344463,0.33017128419995334,0.6168218921555536,0.0,16,1,1
mmlu_high_school_microeconomics,default,1,16,posterior_mean,238,0.01,0.1,84.03361344537798,2.1008403361344574,209,2.1008403361344574,0.10587241432520658,0.9112926216238142,0.42016806722688926,92,3,1
mmlu_high_school_microeconomics,default,1,16,gaussian_lcb_1.645,238,0.01,0.1,29.411764705882305,2.1008403361344574,86,2.1008403361344574,0.017627966219167377,0.8232050990330807,0.42016806722688926,34,2,1
mmlu_high_school_microeconomics,default,1,17,posterior_mean,238,0.01,0.1,55.04201680672261,2.941176470588236,120,2.941176470588236,0.051890037060575475,0.4456423092112651,0.0,48,12,1
mmlu_high_school_microeconomics,default,1,17,gaussian_lcb_1.645,238,0.01,0.1,5.88235294117645,1.2605042016806678,32,0.8403361344537785,0.028351209764951667,0.423254269027872,0.0,9,0,0
mmlu_high_school_microeconomics,default,1,18,posterior_mean,238,0.01,0.1,45.37815126050404,2.1008403361344463,130,2.1008403361344463,0.2964846069146599,0.6566025102851566,0.0,56,3,1
mmlu_high_school_microeconomics,default,1,18,gaussian_lcb_1.645,238,0.01,0.1,14.705882352941124,1.2605042016806678,63,1.2605042016806678,0.11089403081493994,0.6843783264939931,0.0,22,0,0
mmlu_high_school_microeconomics,default,1,19,posterior_mean,238,0.01,0.1,46.21848739495782,2.1008403361344463,95,2.1008403361344463,0.0813920339377578,0.3197880459373281,0.0,43,3,1
mmlu_high_school_microeconomics,default,1,19,gaussian_lcb_1.645,238,0.01,0.1,6.302521008403339,1.2605042016806678,23,1.2605042016806678,0.05837629169314765,0.30890787687623983,0.0,7,0,0
mmlu_high_school_physics,dataset,1,0,posterior_mean,151,0.01,0.1,117.88079470198679,23.84105960264901,115,23.84105960264901,0.11214582856177552,1.0371215037676997,0.0,52,10,1
mmlu_high_school_physics,dataset,1,0,gaussian_lcb_1.645,151,0.01,0.1,37.0860927152318,1.9867549668874163,53,1.9867549668874163,0.06419471530650915,0.9907297763093526,0.0,25,0,0
mmlu_high_school_physics,dataset,1,1,posterior_mean,151,0.01,0.1,91.3907284768213,3.9735099337748325,133,2.6490066225165587,0.37997033918265427,1.8929968958476413,0.6622516556291314,63,5,1
mmlu_high_school_physics,dataset,1,1,gaussian_lcb_1.645,151,0.01,0.1,37.08609271523184,3.31125827814569,61,1.9867549668874163,0.40297127968721275,1.9341906706495917,0.6622516556291314,28,0,0
mmlu_high_school_physics,dataset,1,2,posterior_mean,151,0.01,0.1,150.33112582781422,3.9735099337748325,186,3.9735099337748325,0.38321905959290203,1.0173043092651837,0.0,86,29,1
mmlu_high_school_physics,dataset,1,2,gaussian_lcb_1.645,151,0.01,0.1,80.13245033112564,3.31125827814569,105,3.31125827814569,0.28536760083622065,0.9223117244695211,0.0,50,12,1
mmlu_high_school_physics,dataset,1,3,posterior_mean,151,0.01,0.1,135.76158940397366,3.9735099337748325,184,3.9735099337748325,1.1649586519109771,2.0272340231991053,0.6622516556291314,91,11,1
mmlu_high_school_physics,dataset,1,3,gaussian_lcb_1.645,151,0.01,0.1,74.17218543046363,3.9735099337748325,99,3.9735099337748325,1.1340308336054108,1.9987752324053278,0.6622516556291314,47,5,1
mmlu_high_school_physics,dataset,1,4,posterior_mean,151,0.01,0.1,141.05960264900634,3.9735099337748325,116,3.9735099337748325,0.0788789315608311,0.0788789315608311,0.0,58,32,1
mmlu_high_school_physics,dataset,1,4,gaussian_lcb_1.645,151,0.01,0.1,45.033112582781364,3.9735099337748325,38,3.9735099337748325,0.020401964176359953,0.020401964176359953,0.0,19,10,1
mmlu_high_school_physics,dataset,1,5,posterior_mean,151,0.01,0.1,96.68874172185409,4.635761589403964,95,4.635761589403964,0.05613788868909168,0.05613788868909168,0.0,40,23,1
mmlu_high_school_physics,dataset,1,5,gaussian_lcb_1.645,151,0.01,0.1,23.17880794701983,3.31125827814569,29,3.31125827814569,0.011565444660484588,0.011565444660484588,0.0,10,4,1
mmlu_high_school_physics,dataset,1,6,posterior_mean,151,0.01,0.1,80.13245033112575,14.569536423841056,111,14.569536423841056,0.14456805825605493,1.0235743396569663,0.0,51,4,1
mmlu_high_school_physics,dataset,1,6,gaussian_lcb_1.645,151,0.01,0.1,31.12582781456955,2.6490066225165587,53,2.6490066225165476,0.05051760237936337,0.9971947299257484,0.0,25,3,1
mmlu_high_school_physics,dataset,1,7,posterior_mean,151,0.01,0.1,132.45033112582774,30.46357615894039,190,30.46357615894039,0.2577534773491068,1.4840154834014687,0.0,83,7,1
mmlu_high_school_physics,dataset,1,7,gaussian_lcb_1.645,151,0.01,0.1,45.69536423841062,3.31125827814569,96,3.31125827814569,0.22903478892251428,1.4572785144251281,0.0,39,2,1
mmlu_high_school_physics,dataset,1,8,posterior_mean,151,0.01,0.1,86.75496688741698,23.178807947019862,180,23.178807947019862,0.38549316388007737,1.7540816111054225,0.0,59,2,1
mmlu_high_school_physics,dataset,1,8,gaussian_lcb_1.645,151,0.01,0.1,21.19205298013236,1.9867549668874163,84,1.9867549668874163,0.10187987206538861,1.730820772968043,0.0,20,0,0
mmlu_high_school_physics,dataset,1,9,posterior_mean,151,0.01,0.1,168.2119205298011,18.543046357615893,190,18.543046357615893,0.4691152272398706,1.19000628627399,0.0,76,16,1
mmlu_high_school_physics,dataset,1,9,gaussian_lcb_1.645,151,0.01,0.1,45.69536423841045,2.6490066225165476,89,2.6490066225165476,0.4258422713753617,1.339414937941316,0.0,35,6,1
mmlu_high_school_physics,dataset,1,10,posterior_mean,151,0.01,0.1,94.70198675496691,15.2317880794702,175,15.2317880794702,0.047691215622447,1.5984029290463178,1.3245033112582738,56,6,1
mmlu_high_school_physics,dataset,1,10,gaussian_lcb_1.645,151,0.01,0.1,30.46357615894043,1.9867549668874163,121,1.9867549668874163,0.015204011519962238,1.567085264291523,1.3245033112582738,33,0,0
mmlu_high_school_physics,dataset,1,11,posterior_mean,151,0.01,0.1,101.32450331125816,2.6490066225165476,206,2.6490066225165476,0.08719565581106867,1.1874397971498962,0.0,75,5,1
mmlu_high_school_physics,dataset,1,11,gaussian_lcb_1.645,151,0.01,0.1,43.046357615894,2.6490066225165476,100,2.6490066225165476,0.042753160598869425,1.1440368924689763,0.0,33,1,1
mmlu_high_school_physics,dataset,1,12,posterior_mean,151,0.01,0.1,64.23841059602643,3.9735099337748325,156,3.31125827814569,0.6909703440557365,1.8148001955729636,0.0,60,2,1
mmlu_high_school_physics,dataset,1,12,gaussian_lcb_1.645,151,0.01,0.1,31.12582781456953,1.9867549668874163,90,1.324503311258285,0.29193001606492186,1.8027149556468396,0.0,37,0,0
mmlu_high_school_physics,dataset,1,13,posterior_mean,151,0.01,0.1,103.31125827814552,22.516556291390728,150,22.516556291390728,0.3075563612382139,1.3683610367966255,0.0,63,11,1
mmlu_high_school_physics,dataset,1,13,gaussian_lcb_1.645,151,0.01,0.1,45.03311258278136,2.6490066225165476,87,2.6490066225165476,0.04116128759784874,1.3367509872049106,0.0,36,5,1
mmlu_high_school_physics,dataset,1,14,posterior_mean,151,0.01,0.1,109.93377483443689,3.31125827814569,97,3.31125827814569,0.06211553424395043,0.9227665453269567,0.0,46,23,1
mmlu_high_school_physics,dataset,1,14,gaussian_lcb_1.645,151,0.01,0.1,32.45033112582776,3.31125827814569,33,3.31125827814569,0.013254779273812701,0.8754651761537382,0.0,15,5,1
mmlu_high_school_physics,dataset,1,15,posterior_mean,151,0.01,0.1,93.37748344370844,16.55629139072848,181,15.231788079470205,0.35485773041143315,1.6128272476678183,0.0,68,5,1
mmlu_high_school_physics,dataset,1,15,gaussian_lcb_1.645,151,0.01,0.1,37.74834437086086,3.31125827814569,78,2.6490066225165476,0.3340659197858443,1.593075027573509,0.0,32,3,1
mmlu_high_school_physics,dataset,1,16,posterior_mean,151,0.01,0.1,103.31125827814577,2.6490066225165587,194,2.6490066225165587,0.16851112767958681,1.3403570668602873,0.6622516556291314,86,4,1
mmlu_high_school_physics,dataset,1,16,gaussian_lcb_1.645,151,0.01,0.1,38.410596026490126,2.6490066225165587,78,2.6490066225165587,0.01994714331892514,1.3003328314060254,0.6622516556291314,32,1,1
mmlu_high_school_physics,dataset,1,17,posterior_mean,151,0.01,0.1,151.65562913907266,22.51655629139072,161,21.19205298013245,0.4084291299764266,1.0429367133020433,0.0,74,14,1
mmlu_high_school_physics,dataset,1,17,gaussian_lcb_1.645,151,0.01,0.1,37.086092715231764,3.9735099337748325,75,1.9867549668874163,0.3285106078843187,0.9682161438663328,0.0,33,0,0
mmlu_high_school_physics,dataset,1,18,posterior_mean,151,0.01,0.1,109.27152317880785,17.88079470198675,131,17.88079470198675,0.11848083336175937,0.8796235382788585,0.0,61,10,1
mmlu_high_school_physics,dataset,1,18,gaussian_lcb_1.645,151,0.01,0.1,35.76158940397348,3.31125827814569,58,3.31125827814569,0.05155719291064251,0.8365779928430677,0.0,25,3,1
mmlu_high_school_physics,dataset,1,19,posterior_mean,151,0.01,0.1,86.0927152317879,3.9735099337748325,119,3.9735099337748325,0.3444943123027418,0.9393350194192236,0.0,49,13,1
mmlu_high_school_physics,dataset,1,19,gaussian_lcb_1.645,151,0.01,0.1,42.384105960264804,3.31125827814569,58,3.31125827814569,0.23208858610814626,0.8968417564531737,0.0,26,4,1
mmlu_high_school_physics,default,1,0,posterior_mean,151,0.01,0.1,216.55629139072818,24.503311258278142,188,24.503311258278142,2.300223999272286,2.8924657300605707,0.0,72,20,1
mmlu_high_school_physics,default,1,0,gaussian_lcb_1.645,151,0.01,0.1,112.58278145695351,24.503311258278142,94,24.503311258278142,1.5653634424740968,2.7972132476320857,0.0,33,11,1
mmlu_high_school_physics,default,1,1,posterior_mean,151,0.01,0.1,51.65562913907278,3.9735099337748325,105,3.31125827814569,1.0089226106067464,1.5821918141991773,1.3245033112582738,43,3,1
mmlu_high_school_physics,default,1,1,gaussian_lcb_1.645,151,0.01,0.1,16.55629139072847,3.31125827814569,48,1.9867549668874163,0.9822831032427084,1.5563319997335991,1.3245033112582738,18,0,0
mmlu_high_school_physics,default,1,2,posterior_mean,151,0.01,0.1,74.83443708609249,3.31125827814569,164,3.31125827814569,0.7396686630053577,2.237848567395508,0.0,62,4,1
mmlu_high_school_physics,default,1,2,gaussian_lcb_1.645,151,0.01,0.1,31.12582781456945,3.31125827814569,78,3.31125827814569,0.4361082278717467,2.2573408898569993,0.0,23,4,1
mmlu_high_school_physics,default,1,3,posterior_mean,151,0.01,0.1,95.36423841059587,3.31125827814569,138,3.31125827814569,0.6824911837849859,1.582029378178665,1.3245033112582738,59,13,1
mmlu_high_school_physics,default,1,3,gaussian_lcb_1.645,151,0.01,0.1,46.35761589403968,3.31125827814569,61,3.31125827814569,0.5748935637975598,1.4745617070076487,1.3245033112582738,29,6,1
mmlu_high_school_physics,default,1,4,posterior_mean,151,0.01,0.1,89.40397350993359,15.894039735099335,172,15.231788079470194,1.5921328986545396,2.2824534986282234,2.6490066225165476,63,8,1
mmlu_high_school_physics,default,1,4,gaussian_lcb_1.645,151,0.01,0.1,31.788079470198593,3.31125827814569,85,2.6490066225165476,0.7800827449088497,2.2495764480765095,2.6490066225165476,30,1,1
mmlu_high_school_physics,default,1,5,posterior_mean,151,0.01,0.1,115.23178807947004,30.4635761589404,141,27.81456953642384,0.8716966604778553,2.322867580531715,1.3245033112582738,47,6,1
mmlu_high_school_physics,default,1,5,gaussian_lcb_1.645,151,0.01,0.1,64.90066225165555,19.867549668874172,71,19.867549668874172,0.8687078377004267,2.319878757754286,1.3245033112582738,25,5,1
mmlu_high_school_physics,default,1,6,posterior_mean,151,0.01,0.1,106.62251655629129,3.9735099337748325,158,3.311258278145701,0.8592215741024992,2.1584823277731404,0.0,63,15,1
mmlu_high_school_physics,default,1,6,gaussian_lcb_1.645,151,0.01,0.1,50.331125827814525,3.31125827814569,68,3.31125827814569,0.6298619131389628,1.9299023597080633,0.0,30,6,1
mmlu_high_school_physics,default,1,7,posterior_mean,151,0.01,0.1,100.6622516556292,23.17880794701987,113,21.192052980132452,1.108138531935733,1.8317585161144627,0.6622516556291314,53,7,1
mmlu_high_school_physics,default,1,7,gaussian_lcb_1.645,151,0.01,0.1,22.516556291390742,3.31125827814569,37,2.6490066225165476,0.647145105721485,1.787705867351494,0.6622516556291314,17,1,1
mmlu_high_school_physics,default,1,8,posterior_mean,151,0.01,0.1,226.49006622516526,23.84105960264901,164,23.84105960264901,0.6559816252373565,1.4334653938180038,0.0,77,37,1
mmlu_high_school_physics,default,1,8,gaussian_lcb_1.645,151,0.01,0.1,94.03973509933763,25.82781456953643,67,25.82781456953643,0.4813304159824041,0.7375569947386929,0.0,31,14,1
mmlu_high_school_physics,default,1,9,posterior_mean,151,0.01,0.1,82.11920529801304,3.9735099337748325,141,3.31125827814569,0.9418690213392206,1.868014235892834,0.0,55,9,1
mmlu_high_school_physics,default,1,9,gaussian_lcb_1.645,151,0.01,0.1,32.450331125827745,2.6490066225165476,46,2.6490066225165476,0.10538849010845876,1.71103606566963,0.0,18,3,1
mmlu_high_school_physics,default,1,10,posterior_mean,151,0.01,0.1,39.07284768211898,1.9867549668874163,157,1.3245033112582738,0.5854194179267629,2.4201667568186513,2.6490066225165476,47,0,0
mmlu_high_school_physics,default,1,10,gaussian_lcb_1.645,151,0.01,0.1,23.84105960264892,1.9867549668874163,78,1.9867549668874163,0.5819107998836952,2.446416417733458,2.6490066225165476,24,0,0
mmlu_high_school_physics,default,1,11,posterior_mean,151,0.01,0.1,72.84768211920516,16.55629139072848,140,15.231788079470205,0.34735318626375933,1.6718564975220316,1.3245033112582738,47,2,1
mmlu_high_school_physics,default,1,11,gaussian_lcb_1.645,151,0.01,0.1,31.125827814569472,3.31125827814569,72,3.31125827814569,0.40063220099183333,1.7251355122501055,2.6490066225165476,25,1,1
mmlu_high_school_physics,default,1,12,posterior_mean,151,0.01,0.1,130.4635761589403,18.543046357615893,188,18.543046357615893,0.35930847737347527,1.9379266991213766,1.3245033112582738,75,5,1
mmlu_high_school_physics,default,1,12,gaussian_lcb_1.645,151,0.01,0.1,31.125827814569483,1.9867549668874163,88,1.9867549668874163,0.380750032081114,1.9596281514618354,1.3245033112582738,33,0,0
mmlu_high_school_physics,default,1,13,posterior_mean,151,0.01,0.1,156.29139072847664,21.19205298013245,185,21.19205298013245,3.4014102695300883,4.07834614141355,2.6490066225165476,69,9,1
mmlu_high_school_physics,default,1,13,gaussian_lcb_1.645,151,0.01,0.1,51.65562913907274,15.894039735099335,74,15.894039735099335,3.4327279342848813,4.1418911126380085,2.6490066225165476,26,5,1
mmlu_high_school_physics,default,1,14,posterior_mean,151,0.01,0.1,98.67549668874167,33.11258278145695,156,31.788079470198678,1.0034647603175266,1.6536636632246404,1.3245033112582738,58,5,1
mmlu_high_school_physics,default,1,14,gaussian_lcb_1.645,151,0.01,0.1,25.82781456953639,2.6490066225165587,62,2.6490066225165587,0.5177160845771871,1.6404088839508282,1.3245033112582738,24,1,1
mmlu_high_school_physics,default,1,15,posterior_mean,151,0.01,0.1,127.15231788079447,27.81456953642384,152,27.81456953642384,0.9972272171298514,1.6741955762174112,0.0,64,12,1
mmlu_high_school_physics,default,1,15,gaussian_lcb_1.645,151,0.01,0.1,68.21192052980115,3.31125827814569,98,3.31125827814569,0.941609123706399,1.6185774827939587,0.0,40,8,1
mmlu_high_school_physics,default,1,16,posterior_mean,151,0.01,0.1,52.980132450330984,3.9735099337748325,166,2.6490066225165476,1.138286657342842,2.3492796774670297,0.6622516556291314,48,2,1
mmlu_high_school_physics,default,1,16,gaussian_lcb_1.645,151,0.01,0.1,23.178807947019774,2.6490066225165476,71,2.6490066225165476,0.8651342452491544,2.2970402532702345,0.6622516556291314,21,2,1
mmlu_high_school_physics,default,1,17,posterior_mean,151,0.01,0.1,72.84768211920526,16.55629139072847,135,16.55629139072847,0.761954885019659,1.9150232202291273,1.9867549668874163,52,4,1
mmlu_high_school_physics,default,1,17,gaussian_lcb_1.645,151,0.01,0.1,38.410596026490055,16.55629139072847,50,16.55629139072847,0.23754643639736178,1.889358328988165,1.3245033112582738,18,3,1
mmlu_high_school_physics,default,1,18,posterior_mean,151,0.01,0.1,147.6821192052979,19.205298013245027,160,17.88079470198675,1.0568737238620103,1.6012942902114362,1.3245033112582738,69,11,1
mmlu_high_school_physics,default,1,18,gaussian_lcb_1.645,151,0.01,0.1,54.96688741721849,15.894039735099335,66,15.231788079470194,1.054794542799453,1.5992151091488784,1.3245033112582738,31,5,1
mmlu_high_school_physics,default,1,19,posterior_mean,151,0.01,0.1,64.90066225165543,3.311258278145701,170,2.6490066225165587,0.4600188100911765,2.2554241448149526,0.6622516556291314,60,1,1
mmlu_high_school_physics,default,1,19,gaussian_lcb_1.645,151,0.01,0.1,26.490066225165478,2.6490066225165587,75,1.9867549668874163,0.28965591177774885,2.237751105783201,0.6622516556291314,23,0,0
mmlu_high_school_psychology,dataset,1,0,posterior_mean,545,0.01,0.1,54.495412844036565,0.917431192660545,293,0.917431192660545,0.019531963577077552,0.05182504278539878,0.0,124,0,0
mmlu_high_school_psychology,dataset,1,0,gaussian_lcb_1.645,545,0.01,0.1,8.440366972476998,0.5504587155963248,71,0.5504587155963248,0.0017257557195272798,0.03430812345886754,0.0,25,0,0
mmlu_high_school_psychology,dataset,1,1,posterior_mean,545,0.01,0.1,37.79816513761456,0.917431192660545,257,0.917431192660545,0.011621418573695377,0.039530280217090395,0.0,115,0,0
mmlu_high_school_psychology,dataset,1,1,gaussian_lcb_1.645,545,0.01,0.1,4.954128440367034,0.5504587155963248,52,0.5504587155963248,0.0014464426550951709,0.03118081468388608,0.0,19,0,0
mmlu_high_school_psychology,dataset,1,2,posterior_mean,545,0.01,0.1,46.42201834862361,0.917431192660545,246,0.917431192660545,0.015362218543768803,0.020187850505163602,0.0,111,0,0
mmlu_high_school_psychology,dataset,1,2,gaussian_lcb_1.645,545,0.01,0.1,8.44036697247702,0.917431192660545,64,0.917431192660545,0.0021746517159360913,0.007439204207152844,0.0,21,0,0
mmlu_high_school_psychology,dataset,1,3,posterior_mean,545,0.01,0.1,50.82568807339418,0.7339449541284404,296,0.7339449541284404,0.020509559302589943,0.03903400075439398,0.0,121,0,0
mmlu_high_school_psychology,dataset,1,3,gaussian_lcb_1.645,545,0.01,0.1,10.091743119266017,0.5504587155963248,100,0.5504587155963248,0.0014963199880295016,0.021147989164149058,0.0,30,0,0
mmlu_high_school_psychology,dataset,1,4,posterior_mean,545,0.01,0.1,43.30275229357755,0.917431192660545,241,0.917431192660545,0.014683886815861864,0.01469136841580201,0.0,110,0,0
mmlu_high_school_psychology,dataset,1,4,gaussian_lcb_1.645,545,0.01,0.1,6.972477064220106,0.5504587155963248,43,0.5504587155963248,0.0020250197171331713,0.0020424767836601794,0.0,21,0,0
mmlu_high_school_psychology,dataset,1,5,posterior_mean,545,0.01,0.1,31.55963302752266,0.917431192660545,156,0.917431192660545,0.012010461770582856,0.012397011100823785,0.0,69,0,0
mmlu_high_school_psychology,dataset,1,5,gaussian_lcb_1.645,545,0.01,0.1,3.853211009174262,0.5504587155963248,34,0.5504587155963248,0.00036909226371392397,0.0009551509256921044,0.0,12,0,0
mmlu_high_school_psychology,dataset,1,6,posterior_mean,545,0.01,0.1,46.42201834862368,0.917431192660545,217,0.917431192660545,0.01250923509992571,0.0222403027554102,0.0,95,0,0
mmlu_high_school_psychology,dataset,1,6,gaussian_lcb_1.645,545,0.01,0.1,6.605504587155975,0.7339449541284404,55,0.7339449541284404,0.000987571192099382,0.010838344446626236,0.0,17,0,0
mmlu_high_school_psychology,dataset,1,7,posterior_mean,545,0.01,0.1,42.752293577981334,0.917431192660545,266,0.917431192660545,0.014504328417298802,0.031342916015923365,0.0,106,0,0
mmlu_high_school_psychology,dataset,1,7,gaussian_lcb_1.645,545,0.01,0.1,8.073394495412733,0.5504587155963248,82,0.5504587155963248,0.002892885310190255,0.021277670229778587,0.0,29,0,0
mmlu_high_school_psychology,dataset,1,8,posterior_mean,545,0.01,0.1,61.83486238532072,0.917431192660545,322,0.917431192660545,0.026145697924167252,0.03252999653975933,0.0,143,0,0
mmlu_high_school_psychology,dataset,1,8,gaussian_lcb_1.645,545,0.01,0.1,9.54128440366967,0.5504587155963248,88,0.5504587155963248,0.0025138175798893837,0.009626325256322442,0.0,30,0,0
mmlu_high_school_psychology,dataset,1,9,posterior_mean,545,0.01,0.1,53.02752293577952,0.7339449541284404,281,0.7339449541284404,0.01814537372150344,0.028165729908006955,0.0,129,0,0
mmlu_high_school_psychology,dataset,1,9,gaussian_lcb_1.645,545,0.01,0.1,3.8532110091743066,0.5504587155963248,41,0.5504587155963248,0.0006883071944935932,0.0115665535074673,0.0,13,0,0
mmlu_high_school_psychology,dataset,1,10,posterior_mean,545,0.01,0.1,31.192660550458463,1.1009174311926606,222,1.1009174311926606,0.009486668724106551,0.026512296321234842,0.0,78,0,0
mmlu_high_school_psychology,dataset,1,10,gaussian_lcb_1.645,545,0.01,0.1,4.587155963302713,0.7339449541284404,42,0.7339449541284404,0.0014963199880294465,0.019689077175820708,0.0,14,0,0
mmlu_high_school_psychology,dataset,1,11,posterior_mean,545,0.01,0.1,27.33944954128433,0.7339449541284404,197,0.7339449541284404,0.011162547110699422,0.0943454691119007,0.0,74,0,0
mmlu_high_school_psychology,dataset,1,11,gaussian_lcb_1.645,545,0.01,0.1,6.972477064220217,0.3669724770642202,75,0.3669724770642202,0.001546197320963695,0.08492862865390227,0.0,23,0,0
mmlu_high_school_psychology,dataset,1,12,posterior_mean,545,0.01,0.1,30.64220183486228,0.7339449541284404,199,0.7339449541284404,0.013466879892264699,0.026562173654168755,0.0,82,0,0
mmlu_high_school_psychology,dataset,1,12,gaussian_lcb_1.645,545,0.01,0.1,10.825688073394446,0.7339449541284404,82,0.7339449541284404,0.0013666389224000783,0.01703560306371475,0.0,29,0,0
mmlu_high_school_psychology,dataset,1,13,posterior_mean,545,0.01,0.1,35.963302752293416,0.917431192660545,218,0.917431192660545,0.011511688441239416,0.021871210491696495,0.0,95,0,0
mmlu_high_school_psychology,dataset,1,13,gaussian_lcb_1.645,545,0.01,0.1,2.752293577981657,0.5504587155963248,40,0.5504587155963248,0.0009177429259913294,0.012863364163759616,0.0,9,0,0
mmlu_high_school_psychology,dataset,1,14,posterior_mean,545,0.01,0.1,32.47706422018326,0.917431192660545,185,0.917431192660545,0.010224853251534355,0.019135438780249397,0.0,83,0,0
mmlu_high_school_psychology,dataset,1,14,gaussian_lcb_1.645,545,0.01,0.1,4.036697247706355,0.5504587155963248,49,0.5504587155963248,0.0008279637267096059,0.009868230321053868,0.0,15,0,0
mmlu_high_school_psychology,dataset,1,15,posterior_mean,545,0.01,0.1,33.944954128440365,0.7339449541284404,272,0.7339449541284404,0.012509235099926276,0.05626412541655298,0.0,98,0,0
mmlu_high_school_psychology,dataset,1,15,gaussian_lcb_1.645,545,0.01,0.1,4.587155963302781,0.3669724770642202,75,0.3669724770642202,0.0015661482541374854,0.04487214257435535,0.0,17,0,0
mmlu_high_school_psychology,dataset,1,16,posterior_mean,545,0.01,0.1,31.376146788990734,0.7339449541284404,174,0.7339449541284404,0.008728533263505117,0.019447172111089026,0.0,73,0,0
mmlu_high_school_psychology,dataset,1,16,gaussian_lcb_1.645,545,0.01,0.1,2.9357798165137616,0.5504587155963248,30,0.5504587155963248,0.0006284543949724238,0.01192567030459436,0.0,9,0,0
mmlu_high_school_psychology,dataset,1,17,posterior_mean,545,0.01,0.1,26.422018348623645,1.1009174311926606,161,1.1009174311926606,0.008758459663265453,0.030981305352148943,0.0,60,0,0
mmlu_high_school_psychology,dataset,1,17,gaussian_lcb_1.645,545,0.01,0.1,6.238532110091732,0.5504587155963248,67,0.5504587155963248,0.0010274730584469976,0.024806491534881098,0.0,19,0,0
mmlu_high_school_psychology,dataset,1,18,posterior_mean,545,0.01,0.1,39.99999999999962,0.7339449541284404,245,0.7339449541284404,0.020040712373007648,0.030350357090530487,0.0,99,0,0
mmlu_high_school_psychology,dataset,1,18,gaussian_lcb_1.645,545,0.01,0.1,11.926605504587041,0.5504587155963248,91,0.5504587155963248,0.002922811709950746,0.013412014826037124,0.0,29,0,0
mmlu_high_school_psychology,dataset,1,19,posterior_mean,545,0.01,0.1,32.11009174311914,0.7339449541284404,224,0.7339449541284404,0.011342105509263097,0.028128321908306192,0.0,89,0,0
mmlu_high_school_psychology,dataset,1,19,gaussian_lcb_1.645,545,0.01,0.1,3.3027522935779707,0.5504587155963248,44,0.5504587155963248,0.001376614388987076,0.018751383316655067,0.0,10,0,0
mmlu_high_school_psychology,default,1,0,posterior_mean,545,0.01,0.1,51.5596330275225,0.917431192660545,317,0.917431192660545,0.05879290619632295,0.11381508602281167,0.0,136,0,0
mmlu_high_school_psychology,default,1,0,gaussian_lcb_1.645,545,0.01,0.1,15.779816513761237,0.5504587155963248,127,0.5504587155963248,0.006187283150501598,0.10067739652791331,0.0,56,0,0
mmlu_high_school_psychology,default,1,1,posterior_mean,545,0.01,0.1,70.64220183486206,1.2844036697247652,329,1.2844036697247652,0.031233185883467886,0.09009841421254607,0.0,152,0,0
mmlu_high_school_psychology,default,1,1,gaussian_lcb_1.645,545,0.01,0.1,9.72477064220174,0.5504587155963248,64,0.5504587155963248,0.0021447253161755095,0.08467176038929257,0.0,28,0,0
mmlu_high_school_psychology,default,1,2,posterior_mean,545,0.01,0.1,75.77981651376177,6.972477064220184,410,6.972477064220184,0.04348056498548943,0.211923799904606,0.0,166,3,1
mmlu_high_school_psychology,default,1,2,gaussian_lcb_1.645,545,0.01,0.1,16.330275229357927,0.5504587155963359,148,0.5504587155963359,0.014205064419692503,0.19560144270185095,0.0,59,0,0
mmlu_high_school_psychology,default,1,3,posterior_mean,545,0.01,0.1,72.47706422018297,5.137614678899083,308,5.137614678899083,0.03283923600395301,0.08022769002484541,0.0,138,1,1
mmlu_high_school_psychology,default,1,3,gaussian_lcb_1.645,545,0.01,0.1,13.211009174311805,0.7339449541284404,86,0.7339449541284404,0.0033916586395334796,0.05131878785611647,0.0,40,0,0
mmlu_high_school_psychology,default,1,4,posterior_mean,545,0.01,0.1,85.13761467889871,6.055045871559628,356,5.5045871559633035,0.05239364438085079,0.09583430749999172,0.0,149,3,1
mmlu_high_school_psychology,default,1,4,gaussian_lcb_1.645,545,0.01,0.1,11.926605504587107,1.2844036697247652,71,0.7339449541284404,0.023150564081461825,0.06671093279964511,0.0,32,0,0
mmlu_high_school_psychology,default,1,5,posterior_mean,545,0.01,0.1,81.46788990825651,1.2844036697247652,363,1.2844036697247652,0.04991972866730893,0.12685551471848858,0.0,166,0,0
mmlu_high_school_psychology,default,1,5,gaussian_lcb_1.645,545,0.01,0.1,13.027522935779679,0.7339449541284404,99,0.7339449541284404,0.002443989313781422,0.08295348626970468,0.0,42,0,0
mmlu_high_school_psychology,default,1,6,posterior_mean,545,0.01,0.1,76.69724770642145,0.917431192660545,378,0.917431192660545,0.03717108236929768,0.08429269265899098,0.0,176,0,0
mmlu_high_school_psychology,default,1,6,gaussian_lcb_1.645,545,0.01,0.1,12.110091743119145,0.5504587155963248,79,0.5504587155963248,0.013666389224002134,0.07185079195852624,0.0,33,0,0
mmlu_high_school_psychology,default,1,7,posterior_mean,545,0.01,0.1,80.91743119266,0.917431192660545,375,0.917431192660545,0.05904229286099484,0.1250000779333325,0.0,171,0,0
mmlu_high_school_psychology,default,1,7,gaussian_lcb_1.645,545,0.01,0.1,8.440366972477031,0.7339449541284404,54,0.7339449541284404,0.0034914133054020475,0.09552506803579923,0.0,19,0,0
mmlu_high_school_psychology,default,1,8,posterior_mean,545,0.01,0.1,73.02752293577959,1.1009174311926606,380,1.1009174311926606,0.05367549183726248,0.1130619382955034,0.0,162,0,0
mmlu_high_school_psychology,default,1,8,gaussian_lcb_1.645,545,0.01,0.1,11.376146788990793,0.7339449541284404,71,0.7339449541284404,0.014693862282449335,0.08816816142798721,0.0,28,0,0
mmlu_high_school_psychology,default,1,9,posterior_mean,545,0.01,0.1,61.100917431192315,0.917431192660545,337,0.917431192660545,0.041727376732847606,0.041727376732847606,0.0,146,0,0
mmlu_high_school_psychology,default,1,9,gaussian_lcb_1.645,545,0.01,0.1,19.08256880733927,0.5504587155963248,99,0.5504587155963248,0.02756470804614851,0.02756470804614851,0.0,48,0,0
mmlu_high_school_psychology,default,1,10,posterior_mean,545,0.01,0.1,75.04587155963264,7.1559633027522995,324,7.1559633027522995,0.04454793991028279,0.1121417015028654,0.0,145,1,1
mmlu_high_school_psychology,default,1,10,gaussian_lcb_1.645,545,0.01,0.1,21.834862385320985,0.7339449541284404,119,0.7339449541284404,0.004369254365045881,0.0817813689457482,0.0,55,0,0
mmlu_high_school_psychology,default,1,11,posterior_mean,545,0.01,0.1,69.54128440366931,1.2844036697247652,390,1.1009174311926606,0.048425902545926054,0.10186198318510387,0.0,176,0,0
mmlu_high_school_psychology,default,1,11,gaussian_lcb_1.645,545,0.01,0.1,7.33944954128437,0.7339449541284404,59,0.7339449541284404,0.013402039359450016,0.07262887835230185,0.0,18,0,0
mmlu_high_school_psychology,default,1,12,posterior_mean,545,0.01,0.1,78.16513761467833,0.917431192660545,377,0.917431192660545,0.038163641294690576,0.07803059350908828,0.0,169,0,0
mmlu_high_school_psychology,default,1,12,gaussian_lcb_1.645,545,0.01,0.1,12.293577981651193,0.917431192660545,91,0.917431192660545,0.008060177002185039,0.049583056670002026,0.0,38,0,0
mmlu_high_school_psychology,default,1,13,posterior_mean,545,0.01,0.1,77.79816513761452,1.1009174311926606,388,1.1009174311926606,0.03609871971120979,0.0784420815057949,0.0,182,0,0
mmlu_high_school_psychology,default,1,13,gaussian_lcb_1.645,545,0.01,0.1,10.642201834862341,0.5504587155963248,73,0.5504587155963248,0.010875752446327611,0.054266538232533364,0.0,32,0,0
mmlu_high_school_psychology,default,1,14,posterior_mean,545,0.01,0.1,61.284403669724675,1.2844036697247652,360,1.2844036697247652,0.06893296798186838,0.10576239062056597,0.0,142,0,0
mmlu_high_school_psychology,default,1,14,gaussian_lcb_1.645,545,0.01,0.1,11.376146788990859,0.5504587155963359,106,0.5504587155963359,0.011741124172737996,0.08181628307880202,0.0,34,0,0
mmlu_high_school_psychology,default,1,15,posterior_mean,545,0.01,0.1,68.62385321100929,0.9174311926605561,405,0.9174311926605561,0.06458865228329116,0.21449747028401903,0.0,144,0,0
mmlu_high_school_psychology,default,1,15,gaussian_lcb_1.645,545,0.01,0.1,14.128440366972473,0.5504587155963359,123,0.5504587155963359,0.017087974263296016,0.18173803801276098,0.0,40,0,0
mmlu_high_school_psychology,default,1,16,posterior_mean,545,0.01,0.1,62.93577981651364,1.2844036697247652,358,1.2844036697247652,0.065294416544311,0.11294472656310788,0.0,155,0,0
mmlu_high_school_psychology,default,1,16,gaussian_lcb_1.645,545,0.01,0.1,12.477064220183486,1.1009174311926606,95,1.1009174311926606,0.02435510167182585,0.08898116195481623,0.0,39,0,0
mmlu_high_school_psychology,default,1,17,posterior_mean,545,0.01,0.1,87.52293577981615,6.605504587155964,394,6.422018348623859,0.08772924089816544,0.17980529136155604,0.0,181,1,1
mmlu_high_school_psychology,default,1,17,gaussian_lcb_1.645,545,0.01,0.1,18.532110091743025,0.917431192660545,107,0.917431192660545,0.010973013245549036,0.11468544548251497,0.0,46,0,0
mmlu_high_school_psychology,default,1,18,posterior_mean,545,0.01,0.1,99.26605504587091,6.238532110091743,429,6.238532110091743,0.11798233718947432,0.22773242057814017,0.18348623853210455,201,5,1
mmlu_high_school_psychology,default,1,18,gaussian_lcb_1.645,545,0.01,0.1,24.2201834862384,4.4036697247706424,151,4.4036697247706424,0.08241730494066167,0.20325262557397877,0.0,50,2,1
mmlu_high_school_psychology,default,1,19,posterior_mean,545,0.01,0.1,88.07339449541251,1.2844036697247652,438,1.1009174311926606,0.09944792027108255,0.20155180852091806,0.0,195,0,0
mmlu_high_school_psychology,default,1,19,gaussian_lcb_1.645,545,0.01,0.1,11.37614678899076,0.917431192660545,83,0.917431192660545,0.00264349864551867,0.1530785225087046,0.0,24,0,0
mmlu_high_school_statistics,dataset,1,0,posterior_mean,216,0.01,0.1,72.68518518518486,2.777777777777779,132,2.777777777777779,0.03848498704465837,0.5176421277244332,0.462962962962965,62,12,1
mmlu_high_school_statistics,dataset,1,0,gaussian_lcb_1.645,216,0.01,0.1,21.7592592592591,2.777777777777779,50,2.777777777777779,0.010859625057155983,0.49014377889549415,0.462962962962965,23,1,1
mmlu_high_school_statistics,dataset,1,1,posterior_mean,216,0.01,0.1,86.57407407407382,3.240740740740744,154,3.240740740740744,0.06636437534928613,0.4947162526037694,0.0,70,9,1
mmlu_high_school_statistics,dataset,1,1,gaussian_lcb_1.645,216,0.01,0.1,39.35185185185176,1.851851851851849,110,1.851851851851849,0.015749631661840076,0.44689579840471444,0.0,41,0,0
mmlu_high_school_statistics,dataset,1,2,posterior_mean,216,0.01,0.1,94.9074074074071,11.111111111111105,142,11.111111111111105,0.04769344104049068,0.5106564040034544,0.462962962962965,57,18,1
mmlu_high_school_statistics,dataset,1,2,gaussian_lcb_1.645,216,0.01,0.1,18.518518518518423,2.777777777777779,44,2.777777777777779,0.008509881623736098,0.47147284458669986,0.462962962962965,16,4,1
mmlu_high_school_statistics,dataset,1,3,posterior_mean,216,0.01,0.1,109.2592592592589,15.277777777777779,148,15.277777777777779,0.057727480566986226,0.33156785042930464,0.0,67,16,1
mmlu_high_school_statistics,dataset,1,3,gaussian_lcb_1.645,216,0.01,0.1,31.944444444444265,3.240740740740744,75,3.240740740740744,0.012447289539196403,0.285779606767262,0.0,32,5,1
mmlu_high_school_statistics,dataset,1,4,posterior_mean,216,0.01,0.1,115.74074074074025,4.1666666666666625,219,4.1666666666666625,0.09341817812325322,0.484174160443022,0.0,89,18,1
mmlu_high_school_statistics,dataset,1,4,gaussian_lcb_1.645,216,0.01,0.1,66.66666666666642,4.1666666666666625,113,4.1666666666666625,0.027561855408219874,0.4188893969415233,0.0,47,13,1
mmlu_high_school_statistics,dataset,1,5,posterior_mean,216,0.01,0.1,79.16666666666637,3.703703703703698,117,3.703703703703698,0.04985266473606663,0.05506020423715896,0.0,58,11,1
mmlu_high_school_statistics,dataset,1,5,gaussian_lcb_1.645,216,0.01,0.1,25.46296296296281,2.314814814814814,55,2.314814814814814,0.01511456586902445,0.020512625107961625,0.0,27,1,1
mmlu_high_school_statistics,dataset,1,6,posterior_mean,216,0.01,0.1,101.85185185185146,3.703703703703698,177,3.703703703703698,0.06884113194126833,0.4524843773814966,0.0,82,15,1
mmlu_high_school_statistics,dataset,1,6,gaussian_lcb_1.645,216,0.01,0.1,37.9629629629628,3.703703703703698,69,3.703703703703698,0.02095717116293235,0.40472742976172393,0.0,30,9,1
mmlu_high_school_statistics,dataset,1,7,posterior_mean,216,0.01,0.1,166.66666666666657,16.2037037037037,131,16.2037037037037,0.0703017832647454,0.07106386221612473,0.0,65,23,1
mmlu_high_school_statistics,dataset,1,7,gaussian_lcb_1.645,216,0.01,0.1,23.61111111111107,2.777777777777779,30,2.777777777777779,0.0112406645328454,0.0112406645328454,0.0,15,4,1
mmlu_high_school_statistics,dataset,1,8,posterior_mean,216,0.01,0.1,102.77777777777732,3.703703703703698,178,3.703703703703698,0.060902809531066936,0.5238657724940307,0.462962962962965,82,7,1
mmlu_high_school_statistics,dataset,1,8,gaussian_lcb_1.645,216,0.01,0.1,35.64814814814794,2.777777777777779,84,2.777777777777779,0.017527815881725018,0.48049077884468877,0.462962962962965,33,2,1
mmlu_high_school_statistics,dataset,1,9,posterior_mean,216,0.01,0.1,62.96296296296294,3.240740740740744,149,3.240740740740744,0.03746888177615243,0.5081161408321897,0.0,58,10,1
mmlu_high_school_statistics,dataset,1,9,gaussian_lcb_1.645,216,0.01,0.1,26.85185185185177,2.314814814814825,91,2.314814814814825,0.009843519788650033,0.4836026012294863,0.0,28,3,1
mmlu_high_school_statistics,dataset,1,10,posterior_mean,216,0.01,0.1,56.944444444444244,2.777777777777779,135,2.777777777777779,0.04432759233856617,0.39761469288218243,0.0,56,5,1
mmlu_high_school_statistics,dataset,1,10,gaussian_lcb_1.645,216,0.01,0.1,30.555555555555458,2.314814814814825,78,2.314814814814825,0.013717421124828644,0.3670680282477266,0.0,32,2,1
mmlu_high_school_statistics,dataset,1,11,posterior_mean,216,0.01,0.1,126.38888888888862,4.1666666666666625,164,4.1666666666666625,0.08700401361581041,0.09532337550170181,0.0,81,26,1
mmlu_high_school_statistics,dataset,1,11,gaussian_lcb_1.645,216,0.01,0.1,46.29629629629611,4.1666666666666625,77,4.1666666666666625,0.0221002895900003,0.029784585683075574,0.0,38,4,1
mmlu_high_school_statistics,dataset,1,12,posterior_mean,216,0.01,0.1,89.81481481481464,13.425925925925918,103,13.425925925925918,0.0375958949347155,0.0380404409896868,0.0,51,7,1
mmlu_high_school_statistics,dataset,1,12,gaussian_lcb_1.645,216,0.01,0.1,13.425925925925885,1.851851851851849,31,1.851851851851849,0.005144032921810928,0.00616013819031675,0.0,15,0,0
mmlu_high_school_statistics,dataset,1,13,posterior_mean,216,0.01,0.1,74.5370370370368,12.037037037037035,129,12.037037037037035,0.054742671340751094,0.4506426865823303,0.0,56,9,1
mmlu_high_school_statistics,dataset,1,13,gaussian_lcb_1.645,216,0.01,0.1,29.16666666666653,3.240740740740744,75,3.240740740740744,0.014670019814052956,0.412411725854799,0.0,27,3,1
mmlu_high_school_statistics,dataset,1,14,posterior_mean,216,0.01,0.1,74.07407407407382,3.703703703703698,124,3.703703703703698,0.05271046080373869,0.06350657928161303,0.0,61,7,1
mmlu_high_school_statistics,dataset,1,14,gaussian_lcb_1.645,216,0.01,0.1,23.14814814814804,2.314814814814814,44,2.314814814814814,0.011812223746379812,0.025783671188334845,0.0,21,2,1
mmlu_high_school_statistics,dataset,1,15,posterior_mean,216,0.01,0.1,72.22222222222173,10.64814814814814,141,10.64814814814814,0.03664329624549114,0.4958593710308396,0.0,68,5,1
mmlu_high_school_statistics,dataset,1,15,gaussian_lcb_1.645,216,0.01,0.1,16.20370370370352,1.388888888888884,51,1.388888888888884,0.007938322410201553,0.46715439719555,0.0,23,0,0
mmlu_high_school_statistics,dataset,1,16,posterior_mean,216,0.01,0.1,57.870370370370175,2.777777777777779,156,2.777777777777779,0.03778641467256053,0.41037951531778655,0.0,65,4,1
mmlu_high_school_statistics,dataset,1,16,gaussian_lcb_1.645,216,0.01,0.1,25.925925925925842,1.851851851851849,76,1.851851851851849,0.010034039526495137,0.3838972717573535,0.0,30,0,0
mmlu_high_school_statistics,dataset,1,17,posterior_mean,216,0.01,0.1,78.24074074074059,3.240740740740744,165,3.240740740740744,0.05175786211451525,0.5049408118681085,0.0,64,14,1
mmlu_high_school_statistics,dataset,1,17,gaussian_lcb_1.645,216,0.01,0.1,28.240740740740655,2.314814814814814,88,2.314814814814814,0.013209368490575774,0.4670908906162667,0.0,33,3,1
mmlu_high_school_statistics,dataset,1,18,posterior_mean,216,0.01,0.1,91.20370370370357,18.055555555555546,184,18.055555555555546,0.06674541482497454,0.5326931870141722,0.0,70,10,1
mmlu_high_school_statistics,dataset,1,18,gaussian_lcb_1.645,216,0.01,0.1,38.88888888888881,3.240740740740744,104,3.240740740740744,0.02254483564497283,0.4896992328405212,0.0,38,5,1
mmlu_high_school_statistics,dataset,1,19,posterior_mean,216,0.01,0.1,84.72222222222196,3.240740740740744,133,3.240740740740744,0.04407356602143933,0.0494081186810949,0.0,66,11,1
mmlu_high_school_statistics,dataset,1,19,gaussian_lcb_1.645,216,0.01,0.1,18.518518518518455,2.777777777777779,35,2.777777777777779,0.00673169740385075,0.012764822435604065,0.0,17,1,1
mmlu_high_school_statistics,default,1,0,posterior_mean,216,0.01,0.1,331.4814814814812,24.53703703703704,305,24.53703703703704,0.575242595132853,0.8951252349743427,0.0,132,23,1
mmlu_high_school_statistics,default,1,0,gaussian_lcb_1.645,216,0.01,0.1,71.75925925925907,13.888888888888895,131,13.888888888888895,0.4026952192247117,0.8823604125387373,0.0,58,5,1
mmlu_high_school_statistics,default,1,1,posterior_mean,216,0.01,0.1,159.72222222222166,11.111111111111105,280,11.111111111111105,0.39240715338108845,0.9099857745262402,0.0,122,15,1
mmlu_high_school_statistics,default,1,1,gaussian_lcb_1.645,216,0.01,0.1,49.99999999999972,3.240740740740733,122,3.240740740740733,0.23986434994665412,0.8713102677437383,0.0,49,4,1
mmlu_high_school_statistics,default,1,2,posterior_mean,216,0.01,0.1,154.16666666666663,14.814814814814826,209,14.814814814814826,0.6975562668292421,2.646001625768425,0.0,92,15,1
mmlu_high_school_statistics,default,1,2,gaussian_lcb_1.645,216,0.01,0.1,31.48148148148152,2.777777777777779,83,2.314814814814825,0.4801097393689961,2.5984351978864977,0.0,36,1,1
mmlu_high_school_statistics,default,1,3,posterior_mean,216,0.01,0.1,121.2962962962961,3.240740740740744,204,3.240740740740744,0.535360463344,0.7152110958695292,0.0,92,15,1
mmlu_high_school_statistics,default,1,3,gaussian_lcb_1.645,216,0.01,0.1,43.981481481481424,2.314814814814825,81,2.314814814814825,0.18499466544734108,0.5627317990143752,0.0,38,2,1
mmlu_high_school_statistics,default,1,4,posterior_mean,216,0.01,0.1,242.12962962962976,29.166666666666668,245,29.166666666666668,0.7511558197429239,1.1535335060712275,0.0,92,16,1
mmlu_high_school_statistics,default,1,4,gaussian_lcb_1.645,216,0.01,0.1,44.44444444444448,2.777777777777779,121,2.777777777777779,0.29206675811614213,1.148643499466544,0.0,41,8,1
mmlu_high_school_statistics,default,1,5,posterior_mean,216,0.01,0.1,136.11111111111117,4.1666666666666625,265,4.1666666666666625,0.571940253010212,0.9928618604887437,0.0,116,17,1
mmlu_high_school_statistics,default,1,5,gaussian_lcb_1.645,216,0.01,0.1,73.1481481481482,2.777777777777779,135,2.777777777777779,0.5533328252807008,0.9747624853934855,0.0,55,8,1
mmlu_high_school_statistics,default,1,6,posterior_mean,216,0.01,0.1,108.33333333333324,11.574074074074069,241,10.64814814814815,0.9210994259005217,1.1008230452674892,0.462962962962965,95,10,1
mmlu_high_school_statistics,default,1,6,gaussian_lcb_1.645,216,0.01,0.1,34.72222222222212,3.703703703703709,109,2.777777777777779,0.5580958187268193,1.2292968551541947,0.462962962962965,44,1,1
mmlu_high_school_statistics,default,1,7,posterior_mean,216,0.01,0.1,138.88888888888866,3.703703703703698,250,3.240740740740733,0.45667581161407844,1.1302265914748744,0.462962962962965,112,18,1
mmlu_high_school_statistics,default,1,7,gaussian_lcb_1.645,216,0.01,0.1,34.25925925925911,3.240740740740733,91,2.777777777777779,0.4155870548188737,1.0975207031448424,0.462962962962965,38,3,1
mmlu_high_school_statistics,default,1,8,posterior_mean,216,0.01,0.1,139.35185185185173,14.814814814814813,202,14.814814814814813,0.6651044048163381,1.1286389269928367,0.0,98,12,1
mmlu_high_school_statistics,default,1,8,gaussian_lcb_1.645,216,0.01,0.1,42.592592592592524,3.703703703703698,80,2.777777777777779,0.5212620027434826,1.1848422496570645,0.0,39,4,1
mmlu_high_school_statistics,default,1,9,posterior_mean,216,0.01,0.1,174.0740740740737,14.814814814814813,247,14.814814814814813,0.6031219834374815,2.5213382106386213,0.0,104,19,1
mmlu_high_school_statistics,default,1,9,gaussian_lcb_1.645,216,0.01,0.1,42.59259259259244,3.240740740740733,108,3.240740740740733,0.17159477721891783,2.2887136107300687,0.0,41,6,1
mmlu_high_school_statistics,default,1,10,posterior_mean,216,0.01,0.1,124.5370370370369,13.888888888888884,191,13.425925925925931,0.4056800284509432,0.8456536097139622,0.0,82,14,1
mmlu_high_school_statistics,default,1,10,gaussian_lcb_1.645,216,0.01,0.1,36.11111111111101,2.777777777777779,78,2.777777777777779,0.2316720012193232,1.0224559264339783,0.0,36,4,1
mmlu_high_school_statistics,default,1,11,posterior_mean,216,0.01,0.1,147.222222222222,14.814814814814813,311,13.425925925925931,0.31492912665752,0.707526799776456,0.0,140,8,1
mmlu_high_school_statistics,default,1,11,gaussian_lcb_1.645,216,0.01,0.1,39.35185185185174,2.777777777777779,117,2.314814814814814,0.33213940964283495,0.7256261748717141,0.0,46,1,1
mmlu_high_school_statistics,default,1,12,posterior_mean,216,0.01,0.1,165.277777777778,14.814814814814813,276,14.814814814814813,0.28006401463191805,1.1118096834832092,0.462962962962965,113,13,1
mmlu_high_school_statistics,default,1,12,gaussian_lcb_1.645,216,0.01,0.1,41.66666666666682,2.777777777777779,113,2.314814814814825,0.32629680434892794,1.1583600060966293,0.462962962962965,44,4,1
mmlu_high_school_statistics,default,1,13,posterior_mean,216,0.01,0.1,136.5740740740741,14.814814814814813,288,12.962962962962965,0.3943123507595353,1.0711019661636954,0.462962962962965,97,17,1
mmlu_high_school_statistics,default,1,13,gaussian_lcb_1.645,216,0.01,0.1,34.25925925925925,2.777777777777779,108,2.777777777777779,0.5038612000203173,1.2240258090738216,0.462962962962965,35,4,1
mmlu_high_school_statistics,default,1,14,posterior_mean,216,0.01,0.1,84.722222222222,13.888888888888895,149,13.888888888888895,0.5644464766549814,2.82445511354976,0.462962962962965,60,3,1
mmlu_high_school_statistics,default,1,14,gaussian_lcb_1.645,216,0.01,0.1,26.388888888888708,2.314814814814814,80,1.85185185185186,0.30838794899151484,2.822676929329875,0.462962962962965,35,0,0
mmlu_high_school_statistics,default,1,15,posterior_mean,216,0.01,0.1,176.38888888888897,12.5,270,12.5,0.7300716354214264,1.4541736523903865,0.0,119,27,1
mmlu_high_school_statistics,default,1,15,gaussian_lcb_1.645,216,0.01,0.1,65.27777777777779,12.037037037037035,106,12.037037037037035,0.625285779606764,1.3622161255906107,0.0,47,7,1
mmlu_high_school_statistics,default,1,16,posterior_mean,216,0.01,0.1,284.25925925925935,28.703703703703702,238,28.703703703703702,0.9428186760148349,0.9428186760148349,0.0,96,27,1
mmlu_high_school_statistics,default,1,16,gaussian_lcb_1.645,216,0.01,0.1,114.81481481481484,27.777777777777775,108,27.777777777777775,0.9249098206574197,0.9249098206574197,0.0,40,11,1
mmlu_high_school_statistics,default,1,17,posterior_mean,216,0.01,0.1,166.20370370370355,16.666666666666675,282,16.666666666666675,0.2765711527714219,1.117779301935678,0.462962962962965,105,16,1
mmlu_high_school_statistics,default,1,17,gaussian_lcb_1.645,216,0.01,0.1,39.35185185185166,2.777777777777779,121,2.777777777777779,0.10262663211908636,1.0615124726921703,0.462962962962965,44,2,1
mmlu_high_school_statistics,default,1,18,posterior_mean,216,0.01,0.1,122.68518518518503,14.35185185185185,230,13.888888888888895,0.29155870548188634,1.0307752883198704,0.462962962962965,94,14,1
mmlu_high_school_statistics,default,1,18,gaussian_lcb_1.645,216,0.01,0.1,32.4074074074073,3.703703703703698,87,3.240740740740744,0.24094396179443883,0.9801605446324229,0.462962962962965,30,3,1
mmlu_high_school_statistics,default,1,19,posterior_mean,216,0.01,0.1,133.33333333333346,14.814814814814813,253,14.35185185185186,0.3722755677488137,1.1877635523040166,0.462962962962965,101,16,1
mmlu_high_school_statistics,default,1,19,gaussian_lcb_1.645,216,0.01,0.1,33.33333333333333,2.777777777777779,109,2.777777777777779,0.0984987044657827,1.145722196819589,0.462962962962965,36,3,1
mmlu_high_school_us_history,dataset,1,0,posterior_mean,204,0.01,0.1,50.98039215686268,4.411764705882348,69,4.411764705882348,0.2120267133723492,1.078217779486516,0.0,29,9,1
mmlu_high_school_us_history,dataset,1,0,gaussian_lcb_1.645,204,0.01,0.1,8.333333333333304,0.9803921568627416,29,0.9803921568627416,0.19159297706010425,1.0609879391117307,0.0,12,0,0
mmlu_high_school_us_history,dataset,1,1,posterior_mean,204,0.01,0.1,62.254901960784224,4.411764705882348,111,4.411764705882348,0.26991043330912473,1.0211884317997293,0.0,38,12,1
mmlu_high_school_us_history,dataset,1,1,gaussian_lcb_1.645,204,0.01,0.1,0.4901960784313708,0.4901960784313708,23,0.4901960784313708,0.00021359306249730132,1.0000427186124936,0.0,1,0,0
mmlu_high_school_us_history,dataset,1,2,posterior_mean,204,0.01,0.1,107.35294117647047,6.372549019607843,117,5.392156862745101,0.5719310236803481,0.6122289148048445,0.0,50,26,1
mmlu_high_school_us_history,dataset,1,2,gaussian_lcb_1.645,204,0.01,0.1,15.19607843137254,3.9215686274509776,34,2.941176470588236,0.3490110641206361,0.9101912369886203,0.0,13,2,1
mmlu_high_school_us_history,dataset,1,3,posterior_mean,204,0.01,0.1,37.745098039215584,4.411764705882348,95,3.4313725490196068,0.38653224543266695,1.1983994759850152,0.0,32,3,1
mmlu_high_school_us_history,dataset,1,3,gaussian_lcb_1.645,204,0.01,0.1,11.27450980392155,2.941176470588236,31,1.9607843137254943,0.38290116337021246,1.1961211499850437,0.0,13,0,0
mmlu_high_school_us_history,dataset,1,4,posterior_mean,204,0.01,0.1,59.8039215686273,5.3921568627450895,67,5.3921568627450895,0.031184587124610075,0.04998077662437505,0.0,33,7,1
mmlu_high_school_us_history,dataset,1,4,gaussian_lcb_1.645,204,0.01,0.1,12.745098039215652,3.9215686274509776,17,3.9215686274509776,0.011320432312358323,0.0367380067495405,0.0,8,1,1
mmlu_high_school_us_history,dataset,1,5,posterior_mean,204,0.01,0.1,56.86274509803909,5.88235294117646,67,5.88235294117646,0.23224685662209568,0.25659646574679107,0.0,32,8,1
mmlu_high_school_us_history,dataset,1,5,gaussian_lcb_1.645,204,0.01,0.1,4.411764705882337,2.450980392156854,16,2.450980392156854,0.001423953749982056,0.22954134449712946,0.0,5,1,1
mmlu_high_school_us_history,dataset,1,6,posterior_mean,204,0.01,0.1,34.31372549019597,4.411764705882348,58,4.411764705882348,0.029048656499636897,0.12146325487348138,0.0,27,2,1
mmlu_high_school_us_history,dataset,1,6,gaussian_lcb_1.645,204,0.01,0.1,3.4313725490195957,2.450980392156854,9,2.450980392156854,0.016517863499793468,0.11932732424850791,0.0,3,1,1
mmlu_high_school_us_history,dataset,1,7,posterior_mean,204,0.01,0.1,45.588235294117574,4.901960784313719,78,4.901960784313719,0.03367650618707912,0.6651999943041814,0.0,29,8,1
mmlu_high_school_us_history,dataset,1,7,gaussian_lcb_1.645,204,0.01,0.1,8.823529411764685,3.4313725490196068,32,3.4313725490196068,0.0015663491249805325,0.6428439204294606,0.0,9,1,1
mmlu_high_school_us_history,dataset,1,8,posterior_mean,204,0.01,0.1,79.41176470588222,6.8627450980392135,114,6.372549019607843,0.20775485212240233,0.7381776239907675,0.4901960784313708,41,12,1
mmlu_high_school_us_history,dataset,1,8,gaussian_lcb_1.645,204,0.01,0.1,4.901960784313708,0.9803921568627416,19,0.9803921568627416,0.00391587281245094,0.7129024449285837,0.4901960784313708,7,0,0
mmlu_high_school_us_history,dataset,1,9,posterior_mean,204,0.01,0.1,47.05882352941168,5.392156862745101,73,5.392156862745101,0.015663491249804196,0.4642089224941952,0.0,30,7,1
mmlu_high_school_us_history,dataset,1,9,gaussian_lcb_1.645,204,0.01,0.1,6.3725490196078205,0.9803921568627416,25,0.9803921568627416,0.00320389593745986,0.45345807168182956,0.0,7,0,0
mmlu_high_school_us_history,dataset,1,10,posterior_mean,204,0.01,0.1,79.41176470588216,4.411764705882348,161,4.411764705882348,0.19785837356002656,0.9647286656129412,0.0,62,7,1
mmlu_high_school_us_history,dataset,1,10,gaussian_lcb_1.645,204,0.01,0.1,17.64705882352935,1.4705882352941124,59,1.4705882352941124,0.005055035812436803,0.9339000669258261,0.0,21,0,0
mmlu_high_school_us_history,dataset,1,11,posterior_mean,204,0.01,0.1,46.56862745098034,4.411764705882348,67,3.4313725490196068,0.38653224543266707,1.0633374627991992,0.4901960784313708,30,4,1
mmlu_high_school_us_history,dataset,1,11,gaussian_lcb_1.645,204,0.01,0.1,15.196078431372529,1.9607843137254943,31,1.9607843137254943,0.015236305124809588,1.053013798111828,0.4901960784313708,12,0,0
mmlu_high_school_us_history,dataset,1,12,posterior_mean,204,0.01,0.1,74.01960784313707,5.3921568627450895,94,5.3921568627450895,0.05952126674925582,0.30394292793369926,0.0,40,10,1
mmlu_high_school_us_history,dataset,1,12,gaussian_lcb_1.645,204,0.01,0.1,10.784313725490158,1.4705882352941124,32,1.4705882352941124,0.009967676249875254,0.2892050066213834,0.0,11,0,0
mmlu_high_school_us_history,dataset,1,13,posterior_mean,204,0.01,0.1,44.11764705882341,5.3921568627450895,58,5.3921568627450895,0.023922422999700804,0.059450069061756566,0.0,28,6,1
mmlu_high_school_us_history,dataset,1,13,gaussian_lcb_1.645,204,0.01,0.1,7.352941176470562,1.9607843137254832,17,1.9607843137254832,0.0029191051874634583,0.04599370612442486,0.0,7,0,0
mmlu_high_school_us_history,dataset,1,14,posterior_mean,204,0.01,0.1,37.7450980392156,4.901960784313719,34,4.901960784313719,0.04257621712446773,0.06165719737422914,0.0,15,5,1
mmlu_high_school_us_history,dataset,1,14,gaussian_lcb_1.645,204,0.01,0.1,8.823529411764675,1.4705882352941124,17,1.4705882352941124,0.00420066356244738,0.05439503324931977,0.0,7,0,0
mmlu_high_school_us_history,dataset,1,15,posterior_mean,204,0.01,0.1,42.647058823529306,3.9215686274509776,69,3.9215686274509776,0.02506158599968692,0.5345522377433182,0.4901960784313708,31,4,1
mmlu_high_school_us_history,dataset,1,15,gaussian_lcb_1.645,204,0.01,0.1,6.862745098039191,1.4705882352941124,33,1.4705882352941124,0.0025631167499679465,0.5127657453685902,0.4901960784313708,9,0,0
mmlu_high_school_us_history,dataset,1,16,posterior_mean,204,0.01,0.1,51.47058823529404,7.352941176470584,71,6.8627450980392135,0.22413032024719734,0.6506044683668651,0.0,35,5,1
mmlu_high_school_us_history,dataset,1,16,gaussian_lcb_1.645,204,0.01,0.1,8.333333333333304,1.4705882352941124,32,1.4705882352941124,0.2081820382473967,0.6380024776795227,0.0,15,0,0
mmlu_high_school_us_history,dataset,1,17,posterior_mean,204,0.01,0.1,50.49019607843128,4.901960784313719,87,4.901960784313719,0.2349523687470623,0.9380295328007666,0.4901960784313708,36,7,1
mmlu_high_school_us_history,dataset,1,17,gaussian_lcb_1.645,204,0.01,0.1,4.411764705882337,0.9803921568627416,20,0.9803921568627416,0.002919105187463421,0.9194469363634985,0.4901960784313708,6,0,0
mmlu_high_school_us_history,dataset,1,18,posterior_mean,204,0.01,0.1,72.54901960784296,4.901960784313719,83,4.901960784313719,0.031754168624602584,0.3254446295584303,0.0,41,8,1
mmlu_high_school_us_history,dataset,1,18,gaussian_lcb_1.645,204,0.01,0.1,2.450980392156854,0.9803921568627416,7,0.9803921568627416,0.0010679653124866578,0.2957551938713017,0.0,3,0,0
mmlu_high_school_us_history,dataset,1,19,posterior_mean,204,0.01,0.1,50.98039215686265,4.901960784313719,70,4.901960784313719,0.028051888874648875,0.3908753043701122,0.0,30,8,1
mmlu_high_school_us_history,dataset,1,19,gaussian_lcb_1.645,204,0.01,0.1,9.803921568627416,1.4705882352941124,22,1.4705882352941124,0.02413601606219818,0.40262292280746537,0.0,10,0,0
mmlu_high_school_us_history,default,1,0,posterior_mean,204,0.01,0.1,141.17647058823505,5.882352941176472,141,5.882352941176472,0.37976846512025275,1.3548207954205584,0.0,66,25,1
mmlu_high_school_us_history,default,1,0,gaussian_lcb_1.645,204,0.01,0.1,27.941176470588168,4.4117647058823595,32,2.941176470588236,0.45388525780682515,1.4732225497315758,0.0,15,5,1
mmlu_high_school_us_history,default,1,1,posterior_mean,204,0.01,0.1,57.843137254901876,4.901960784313719,102,4.901960784313719,0.5800475600552487,1.6965696954162808,0.4901960784313708,43,9,1
mmlu_high_school_us_history,default,1,1,gaussian_lcb_1.645,204,0.01,0.1,26.47058823529409,3.9215686274509776,32,3.9215686274509776,0.5728565936178388,1.6905890896663556,0.4901960784313708,15,5,1
mmlu_high_school_us_history,default,1,2,posterior_mean,204,0.01,0.1,64.70588235294103,6.372549019607843,81,6.372549019607843,0.24050578837199355,1.2367038318595343,0.0,33,7,1
mmlu_high_school_us_history,default,1,2,gaussian_lcb_1.645,204,0.01,0.1,5.392156862745079,1.9607843137254832,26,1.9607843137254832,0.20334059549745734,1.2006066042974846,0.0,5,0,0
mmlu_high_school_us_history,default,1,3,posterior_mean,204,0.01,0.1,38.23529411764696,2.941176470588236,137,2.450980392156865,0.25033106924686954,0.9700684921753728,0.0,39,3,1
mmlu_high_school_us_history,default,1,3,gaussian_lcb_1.645,204,0.01,0.1,17.15686274509798,2.450980392156854,60,1.9607843137254832,0.23246044968459312,0.9526962564255903,0.0,16,0,0
mmlu_high_school_us_history,default,1,4,posterior_mean,204,0.01,0.1,71.0784313725489,5.392156862745101,92,5.392156862745101,0.11719139362353549,0.973841969612827,0.0,40,10,1
mmlu_high_school_us_history,default,1,4,gaussian_lcb_1.645,204,0.01,0.1,16.66666666666664,3.9215686274509776,23,3.9215686274509776,0.09618807581129776,0.9556865593005538,0.0,9,3,1
mmlu_high_school_us_history,default,1,5,posterior_mean,204,0.01,0.1,109.80392156862729,12.745098039215685,111,12.745098039215685,0.061657197374229686,0.9221524484884703,0.0,52,20,1
mmlu_high_school_us_history,default,1,5,gaussian_lcb_1.645,204,0.01,0.1,17.64705882352936,3.4313725490196068,34,3.4313725490196068,0.018867387187263922,0.8866248024264137,0.0,14,1,1
mmlu_high_school_us_history,default,1,6,posterior_mean,204,0.01,0.1,55.882352941176315,2.941176470588236,136,2.941176470588236,0.21409144630982346,1.9943896222250552,0.9803921568627416,51,3,1
mmlu_high_school_us_history,default,1,6,gaussian_lcb_1.645,204,0.01,0.1,14.705882352941124,1.9607843137254832,49,1.9607843137254832,0.10138550699873257,1.9717487576003385,0.9803921568627416,17,0,0
mmlu_high_school_us_history,default,1,7,posterior_mean,204,0.01,0.1,109.31372549019596,13.725490196078427,134,12.745098039215685,1.0251755022996814,1.714084326541071,0.0,63,12,1
mmlu_high_school_us_history,default,1,7,gaussian_lcb_1.645,204,0.01,0.1,38.72549019607837,4.90196078431373,55,3.9215686274509887,1.00125307929998,1.6915146596038533,0.0,25,3,1
mmlu_high_school_us_history,default,1,8,posterior_mean,204,0.01,0.1,56.37254901960771,4.411764705882348,150,3.9215686274509776,0.6543779458043177,1.3642900878579376,0.4901960784313708,63,3,1
mmlu_high_school_us_history,default,1,8,gaussian_lcb_1.645,204,0.01,0.1,14.215686274509753,1.9607843137254832,56,1.4705882352941124,0.430105230182122,1.356529539920535,0.4901960784313708,20,0,0
mmlu_high_school_us_history,default,1,9,posterior_mean,204,0.01,0.1,64.21568627450965,4.901960784313719,129,4.901960784313719,0.05261509106184181,0.9749811326128099,0.4901960784313708,57,5,1
mmlu_high_school_us_history,default,1,9,gaussian_lcb_1.645,204,0.01,0.1,9.313725490196045,1.9607843137254832,26,1.9607843137254832,0.003844675124951688,0.9277058681134009,0.4901960784313708,11,0,0
mmlu_high_school_us_history,default,1,10,posterior_mean,204,0.01,0.1,83.33333333333316,5.392156862745101,174,5.392156862745101,0.3922280604325954,1.3726202172953341,0.9803921568627416,69,9,1
mmlu_high_school_us_history,default,1,10,gaussian_lcb_1.645,204,0.01,0.1,19.607843137254854,3.9215686274509776,51,3.4313725490196068,0.5053611858686824,1.4857533427314193,0.9803921568627416,19,2,1
mmlu_high_school_us_history,default,1,11,posterior_mean,204,0.01,0.1,70.09803921568609,11.274509803921562,114,9.80392156862745,0.5648824526179369,1.442607544106963,0.0,55,5,1
mmlu_high_school_us_history,default,1,11,gaussian_lcb_1.645,204,0.01,0.1,20.098039215686203,1.9607843137254832,47,1.9607843137254832,0.5823258860552184,1.4605493613567384,0.0,20,0,0
mmlu_high_school_us_history,default,1,12,posterior_mean,204,0.01,0.1,57.35294117647044,5.88235294117646,83,5.88235294117646,0.5124809546185924,0.5126945476810898,0.0,37,4,1
mmlu_high_school_us_history,default,1,12,gaussian_lcb_1.645,204,0.01,0.1,23.5294117647058,2.941176470588225,36,2.941176470588225,0.5018013014937257,0.5021572899312212,0.0,16,2,1
mmlu_high_school_us_history,default,1,13,posterior_mean,204,0.01,0.1,47.549019607843,4.411764705882348,118,4.411764705882348,0.27382630612157577,1.1225027411109658,0.4901960784313708,43,4,1
mmlu_high_school_us_history,default,1,13,gaussian_lcb_1.645,204,0.01,0.1,13.235294117647012,1.4705882352941124,50,1.4705882352941124,0.06535947712418261,1.1092599712361315,0.4901960784313708,18,0,0
mmlu_high_school_us_history,default,1,14,posterior_mean,204,0.01,0.1,53.43137254901947,6.372549019607843,69,5.882352941176472,0.2972503453087837,0.2995998689962543,0.0,33,6,1
mmlu_high_school_us_history,default,1,14,gaussian_lcb_1.645,204,0.01,0.1,5.392156862745079,1.4705882352941124,19,1.4705882352941124,0.3788428951827632,0.587523317242654,0.0,8,0,0
mmlu_high_school_us_history,default,1,15,posterior_mean,204,0.01,0.1,68.1372549019606,4.411764705882348,100,3.9215686274509776,0.6580802255542704,1.4974297634812765,0.0,44,9,1
mmlu_high_school_us_history,default,1,15,gaussian_lcb_1.645,204,0.01,0.1,40.68627450980378,2.450980392156854,66,2.450980392156854,0.5917239808051004,1.4577726515442728,0.0,30,6,1
mmlu_high_school_us_history,default,1,16,posterior_mean,204,0.01,0.1,81.37254901960776,8.823529411764696,88,7.843137254901955,1.3748273456078077,2.1155680863485453,0.0,41,15,1
mmlu_high_school_us_history,default,1,16,gaussian_lcb_1.645,204,0.01,0.1,28.921568627450956,5.3921568627450895,39,4.411764705882348,1.41946829566975,2.1812835519102247,0.0,19,5,1
mmlu_high_school_us_history,default,1,17,posterior_mean,204,0.01,0.1,128.43137254901941,8.333333333333325,171,7.352941176470584,0.7388184031782622,1.2307944237971085,0.4901960784313708,71,19,1
mmlu_high_school_us_history,default,1,17,gaussian_lcb_1.645,204,0.01,0.1,31.86274509803915,4.901960784313719,50,3.4313725490196068,0.22591026243467535,1.1393765930482558,0.4901960784313708,19,5,1
mmlu_high_school_us_history,default,1,18,posterior_mean,204,0.01,0.1,65.68627450980378,9.313725490196079,137,8.823529411764708,0.31739929087103125,0.9371751605507842,0.0,50,6,1
mmlu_high_school_us_history,default,1,18,gaussian_lcb_1.645,204,0.01,0.1,8.823529411764675,1.9607843137254832,33,1.4705882352941124,0.2788813419340127,0.8989420023637624,0.0,11,0,0
mmlu_high_school_us_history,default,1,19,posterior_mean,204,0.01,0.1,58.82352941176461,4.411764705882348,91,4.411764705882348,0.8202685576772437,2.0383897930995136,0.0,38,7,1
mmlu_high_school_us_history,default,1,19,gaussian_lcb_1.645,204,0.01,0.1,23.52941176470584,4.411764705882348,37,4.411764705882348,0.7881584006151452,2.0283509191621394,0.0,14,2,1
mmlu_high_school_world_history,dataset,1,0,posterior_mean,237,0.01,0.1,10.126582278480956,1.2658227848101222,36,1.2658227848101222,0.004061816093363721,0.11117243398394923,0.0,17,0,0
mmlu_high_school_world_history,dataset,1,0,gaussian_lcb_1.645,237,0.01,0.1,0.42194092827003704,0.42194092827003704,4,0.42194092827003704,0.00031650515013223967,0.10927340308315582,0.0,1,0,0
mmlu_high_school_world_history,dataset,1,1,posterior_mean,237,0.01,0.1,23.62869198312245,2.1097046413502185,65,2.1097046413502185,0.007965379611661471,0.3792127330021864,0.0,28,1,1
mmlu_high_school_world_history,dataset,1,1,gaussian_lcb_1.645,237,0.01,0.1,4.219409282700437,0.8438818565400852,21,0.8438818565400852,0.0012660206005291152,0.3732518860080292,0.0,8,0,0
mmlu_high_school_world_history,dataset,1,2,posterior_mean,237,0.01,0.1,8.438818565400819,1.2658227848101222,50,1.2658227848101222,0.0034815566514546006,0.19690576652601952,0.0,11,0,0
mmlu_high_school_world_history,dataset,1,2,gaussian_lcb_1.645,237,0.01,0.1,3.7974683544303667,0.8438818565400852,30,0.8438818565400852,0.0006857611586198405,0.19527048991700294,0.0,6,0,0
mmlu_high_school_world_history,dataset,1,3,posterior_mean,237,0.01,0.1,27.00421940928266,1.6877637130801704,86,1.6877637130801704,0.0195178175914883,0.187133670015687,0.0,31,0,0
mmlu_high_school_world_history,dataset,1,3,gaussian_lcb_1.645,237,0.01,0.1,16.455696202531623,1.6877637130801704,46,1.6877637130801704,0.0041145669517192954,0.17500097259395114,0.0,18,0,0
mmlu_high_school_world_history,dataset,1,4,posterior_mean,237,0.01,0.1,34.177215189873344,1.6877637130801704,114,1.6877637130801704,0.021258595917215205,0.5089798445564098,0.0,46,0,0
mmlu_high_school_world_history,dataset,1,4,gaussian_lcb_1.645,237,0.01,0.1,9.70464135021093,1.2658227848101222,52,1.2658227848101222,0.0025847920594131582,0.4918885664492687,0.0,19,0,0
mmlu_high_school_world_history,dataset,1,5,posterior_mean,237,0.01,0.1,13.502109704641295,1.2658227848101222,59,1.2658227848101222,0.008176383045082806,0.16339578375576874,0.0,19,0,0
mmlu_high_school_world_history,dataset,1,5,gaussian_lcb_1.645,237,0.01,0.1,5.907172995780597,0.8438818565400852,31,0.8438818565400852,0.0034288057930992586,0.16028348311280177,0.0,11,0,0
mmlu_high_school_world_history,dataset,1,6,posterior_mean,237,0.01,0.1,29.957805907172908,1.6877637130801704,130,1.6877637130801704,0.01624726437345495,0.7087869082919719,0.0,46,0,0
mmlu_high_school_world_history,dataset,1,6,gaussian_lcb_1.645,237,0.01,0.1,2.9535864978902926,0.8438818565400852,32,0.8438818565400852,0.0008440137336859564,0.6954409411280627,0.0,6,0,0
mmlu_high_school_world_history,dataset,1,7,posterior_mean,237,0.01,0.1,13.502109704641274,1.6877637130801704,72,1.6877637130801704,0.010391919096008504,0.1907207283838519,0.0,26,0,0
mmlu_high_school_world_history,dataset,1,7,gaussian_lcb_1.645,237,0.01,0.1,3.7974683544303667,0.8438818565400852,22,0.8438818565400852,0.0011077680254628253,0.18618415456528975,0.0,7,0,0
mmlu_high_school_world_history,dataset,1,8,posterior_mean,237,0.01,0.1,24.89451476793253,2.1097046413502074,62,2.1097046413502074,0.007754376178239747,0.2229119396952164,0.0,30,1,1
mmlu_high_school_world_history,dataset,1,8,gaussian_lcb_1.645,237,0.01,0.1,2.5316455696202667,0.8438818565400852,10,0.8438818565400852,0.00047475772519836514,0.2177951064347453,0.0,4,0,0
mmlu_high_school_world_history,dataset,1,9,posterior_mean,237,0.01,0.1,34.59915611814335,1.6877637130801704,90,1.6877637130801704,0.01920131244135571,0.48516283200895854,0.0,42,0,0
mmlu_high_school_world_history,dataset,1,9,gaussian_lcb_1.645,237,0.01,0.1,12.236286919831151,1.2658227848101333,46,1.2658227848101333,0.0029540480679007804,0.46986508308590025,0.0,19,0,0
mmlu_high_school_world_history,dataset,1,10,posterior_mean,237,0.01,0.1,31.645569620253056,1.2658227848101222,108,1.2658227848101222,0.013134963730487215,0.43063163218409023,0.0,37,0,0
mmlu_high_school_world_history,dataset,1,10,gaussian_lcb_1.645,237,0.01,0.1,4.219409282700404,0.8438818565400852,58,0.8438818565400852,0.0008440137336859591,0.4186571873374212,0.0,9,0,0
mmlu_high_school_world_history,dataset,1,11,posterior_mean,237,0.01,0.1,26.58227848101269,2.1097046413502185,59,2.1097046413502185,0.01287120943871176,0.2903407243879727,0.0,27,2,1
mmlu_high_school_world_history,dataset,1,11,gaussian_lcb_1.645,237,0.01,0.1,3.797468354430389,2.1097046413502185,11,2.1097046413502185,0.0010022663087521793,0.28401062138532746,0.0,3,1,1
mmlu_high_school_world_history,dataset,1,12,posterior_mean,237,0.01,0.1,23.206751054852248,2.1097046413502074,88,2.1097046413502074,0.016933025532074607,0.8122313415268583,0.42194092827003704,32,1,1
mmlu_high_school_world_history,dataset,1,12,gaussian_lcb_1.645,237,0.01,0.1,7.594936708860756,2.1097046413502074,34,2.1097046413502074,0.0032705532180334826,0.7999931423884121,0.42194092827003704,12,1,1
mmlu_high_school_world_history,dataset,1,13,posterior_mean,237,0.01,0.1,11.81434599156116,1.6877637130801704,33,1.6877637130801704,0.006382853861000307,0.11742341069906094,0.0,12,0,0
mmlu_high_school_world_history,dataset,1,13,gaussian_lcb_1.645,237,0.01,0.1,5.907172995780552,0.8438818565400852,31,0.8438818565400852,0.0014770240339504516,0.11351984718076316,0.0,12,0,0
mmlu_high_school_world_history,dataset,1,14,posterior_mean,237,0.01,0.1,17.721518987341778,1.6877637130801704,72,1.6877637130801704,0.009495154503967105,0.12612730232769714,0.0,22,0,0
mmlu_high_school_world_history,dataset,1,14,gaussian_lcb_1.645,237,0.01,0.1,5.485232067510559,1.6877637130801704,25,1.6877637130801704,0.0022155360509256727,0.12240836681364338,0.0,7,0,0
mmlu_high_school_world_history,dataset,1,15,posterior_mean,237,0.01,0.1,21.940928270042292,2.5316455696202556,48,2.5316455696202556,0.010022663087521163,0.43196359135755935,0.42194092827003704,24,2,1
mmlu_high_school_world_history,dataset,1,15,gaussian_lcb_1.645,237,0.01,0.1,6.329113924050667,1.2658227848101333,18,1.2658227848101333,0.001424273175595193,0.42336520144563333,0.42194092827003704,9,0,0
mmlu_high_school_world_history,dataset,1,16,posterior_mean,237,0.01,0.1,16.877637130801627,1.2658227848101222,70,1.2658227848101222,0.005960846994157203,0.43361205568117,0.0,24,0,0
mmlu_high_school_world_history,dataset,1,16,gaussian_lcb_1.645,237,0.01,0.1,2.5316455696202445,0.8438818565400852,20,0.8438818565400852,0.0005802594419090953,0.4311855161968227,0.0,4,0,0
mmlu_high_school_world_history,dataset,1,17,posterior_mean,237,0.01,0.1,12.236286919831208,0.8438818565400852,58,0.8438818565400852,0.005644341844024878,0.17873309582259334,0.0,25,0,0
mmlu_high_school_world_history,dataset,1,17,gaussian_lcb_1.645,237,0.01,0.1,3.797468354430378,0.8438818565400852,24,0.8438818565400852,0.0007912628753305967,0.1749350340210065,0.0,8,0,0
mmlu_high_school_world_history,dataset,1,18,posterior_mean,237,0.01,0.1,25.738396624472635,2.1097046413502185,50,2.1097046413502185,0.013345967163909405,0.08910938747681356,0.0,23,2,1
mmlu_high_school_world_history,dataset,1,18,gaussian_lcb_1.645,237,0.01,0.1,2.1097046413502185,0.8438818565400852,10,0.8438818565400852,0.0006330103002644851,0.07898122267258195,0.0,3,0,0
mmlu_high_school_world_history,dataset,1,19,posterior_mean,237,0.01,0.1,29.95780590717295,2.1097046413502074,105,2.1097046413502074,0.013240465447198679,0.19970156201885447,0.0,38,1,1
mmlu_high_school_world_history,dataset,1,19,gaussian_lcb_1.645,237,0.01,0.1,5.485232067510548,0.8438818565400852,39,0.8438818565400852,0.0018462800424380544,0.19242194356581294,0.0,10,0,0
mmlu_high_school_world_history,default,1,0,posterior_mean,237,0.01,0.1,51.8987341772153,7.1729957805907185,155,6.7510548523206815,0.08165832873411723,0.6857215954760832,0.0,46,6,1
mmlu_high_school_world_history,default,1,0,gaussian_lcb_1.645,237,0.01,0.1,5.907172995780652,0.8438818565400852,43,0.8438818565400852,0.007490621886463094,0.6776507141477109,0.0,12,0,0
mmlu_high_school_world_history,default,1,1,posterior_mean,237,0.01,0.1,24.05063291139249,1.6877637130801704,115,1.6877637130801704,0.1989762377164696,1.0268482087456903,0.42194092827003704,37,0,0
mmlu_high_school_world_history,default,1,1,gaussian_lcb_1.645,237,0.01,0.1,9.704641350211007,1.6877637130801704,59,1.6877637130801704,0.029382228103942965,1.0191993342841617,0.42194092827003704,17,0,0
mmlu_high_school_world_history,default,1,2,posterior_mean,237,0.01,0.1,34.17721518987332,2.5316455696202556,123,2.5316455696202556,0.07606673774844767,0.6524358038538445,0.0,52,2,1
mmlu_high_school_world_history,default,1,2,gaussian_lcb_1.645,237,0.01,0.1,8.438818565400775,0.8438818565400852,47,0.8438818565400852,0.060241480241835586,0.6374018092225632,0.0,17,0,0
mmlu_high_school_world_history,default,1,3,posterior_mean,237,0.01,0.1,30.379746835443044,5.907172995780585,70,5.485232067510548,0.25272936238059157,0.885647348642949,0.0,31,1,1
mmlu_high_school_world_history,default,1,3,gaussian_lcb_1.645,237,0.01,0.1,3.3755274261603296,1.2658227848101222,15,0.8438818565400852,0.08408486821846502,0.8797920033655018,0.0,6,0,0
mmlu_high_school_world_history,default,1,4,posterior_mean,237,0.01,0.1,47.67932489451486,2.1097046413502185,108,2.1097046413502185,0.04077641350870415,0.6284209755875586,0.42194092827003704,50,2,1
mmlu_high_school_world_history,default,1,4,gaussian_lcb_1.645,237,0.01,0.1,5.907172995780607,1.2658227848101333,18,1.2658227848101333,0.00469482639362824,0.6070568779536324,0.42194092827003704,8,0,0
mmlu_high_school_world_history,default,1,5,posterior_mean,237,0.01,0.1,30.379746835443054,2.5316455696202556,64,2.5316455696202556,0.03196702016335618,0.6956783199906617,0.0,26,2,1
mmlu_high_school_world_history,default,1,5,gaussian_lcb_1.645,237,0.01,0.1,4.219409282700437,1.2658227848101222,17,1.2658227848101222,0.024581899993604273,0.7007951532511342,0.0,6,0,0
mmlu_high_school_world_history,default,1,6,posterior_mean,237,0.01,0.1,19.409282700421958,2.1097046413502185,40,2.1097046413502185,0.03339129333895179,0.39208394244090106,0.0,18,3,1
mmlu_high_school_world_history,default,1,6,gaussian_lcb_1.645,237,0.01,0.1,4.219409282700437,0.8438818565400852,14,0.8438818565400852,0.00838738647850448,0.3803205010276525,0.0,6,0,0
mmlu_high_school_world_history,default,1,7,posterior_mean,237,0.01,0.1,40.50632911392399,8.016877637130804,130,8.016877637130804,0.07946916811236997,0.7053581024988708,0.42194092827003704,51,1,1
mmlu_high_school_world_history,default,1,7,gaussian_lcb_1.645,237,0.01,0.1,5.485232067510526,1.2658227848101222,31,1.2658227848101222,0.024792903427025264,0.6965487091535238,0.42194092827003704,10,0,0
mmlu_high_school_world_history,default,1,8,posterior_mean,237,0.01,0.1,63.291139240506425,8.016877637130804,134,8.016877637130804,0.17080727935469933,0.8864254238036884,0.0,54,3,1
mmlu_high_school_world_history,default,1,8,gaussian_lcb_1.645,237,0.01,0.1,11.814345991561193,6.329113924050633,32,6.329113924050633,0.15899108708309548,0.8754004944074152,0.0,8,1,1
mmlu_high_school_world_history,default,1,9,posterior_mean,237,0.01,0.1,23.206751054852315,1.6877637130801704,94,1.2658227848101333,0.08345185791820002,0.5681135567727794,0.0,26,0,0
mmlu_high_school_world_history,default,1,9,gaussian_lcb_1.645,237,0.01,0.1,2.9535864978903037,0.8438818565400852,20,0.8438818565400852,0.0018462800424381071,0.5641572423961265,0.0,4,0,0
mmlu_high_school_world_history,default,1,10,posterior_mean,237,0.01,0.1,18.987341772151932,1.6877637130801704,97,1.6877637130801704,0.06393404032671199,0.6235547089042767,0.0,26,0,0
mmlu_high_school_world_history,default,1,10,gaussian_lcb_1.645,237,0.01,0.1,5.063291139240523,1.2658227848101222,38,0.8438818565400852,0.0576566881824223,0.6192291385191355,0.0,8,0,0
mmlu_high_school_world_history,default,1,11,posterior_mean,237,0.01,0.1,31.645569620253234,8.016877637130804,86,8.016877637130804,0.08611577626514673,0.5013045946656979,0.0,32,1,1
mmlu_high_school_world_history,default,1,11,gaussian_lcb_1.645,237,0.01,0.1,7.594936708860811,1.6877637130801704,49,1.6877637130801704,0.022735619951166044,0.48938290067738316,0.0,12,0,0
mmlu_high_school_world_history,default,1,12,posterior_mean,237,0.01,0.1,47.2573839662447,2.5316455696202556,81,2.1097046413502074,0.21290246432228618,0.22146129109044538,0.0,40,4,1
mmlu_high_school_world_history,default,1,12,gaussian_lcb_1.645,237,0.01,0.1,8.860759493670889,1.6877637130801704,20,1.6877637130801704,0.07675249890706837,0.08557507996700445,0.0,10,0,0
mmlu_high_school_world_history,default,1,13,posterior_mean,237,0.01,0.1,26.58227848101272,1.2658227848101222,149,0.8438818565400852,0.11067130082957297,0.9224938232041722,0.42194092827003704,48,0,0
mmlu_high_school_world_history,default,1,13,gaussian_lcb_1.645,237,0.01,0.1,11.39240506329121,1.2658227848101222,88,0.8438818565400852,0.10043763430863054,0.9132096721336262,0.42194092827003704,23,0,0
mmlu_high_school_world_history,default,1,14,posterior_mean,237,0.01,0.1,40.50632911392405,2.1097046413502185,107,2.1097046413502074,0.06973663474580377,0.490846736996748,0.0,43,1,1
mmlu_high_school_world_history,default,1,14,gaussian_lcb_1.645,237,0.01,0.1,3.797468354430378,2.1097046413502185,29,1.2658227848101333,0.047950530245034255,0.47539073549862326,0.0,6,0,0
mmlu_high_school_world_history,default,1,15,posterior_mean,237,0.01,0.1,43.037974683544334,2.1097046413502074,108,2.1097046413502074,0.19934549372495444,0.5225763782975051,0.0,46,1,1
mmlu_high_school_world_history,default,1,15,gaussian_lcb_1.645,237,0.01,0.1,7.172995780590751,1.2658227848101333,34,0.8438818565400852,0.18916457806236767,0.5145582478274886,0.0,14,0,0
mmlu_high_school_world_history,default,1,16,posterior_mean,237,0.01,0.1,56.11814345991547,7.594936708860756,136,7.1729957805907185,0.0691036244455387,0.7819259734016994,0.0,59,4,1
mmlu_high_school_world_history,default,1,16,gaussian_lcb_1.645,237,0.01,0.1,13.924050632911356,1.2658227848101222,55,1.2658227848101222,0.049902312004183005,0.7639906815608727,0.0,21,0,0
mmlu_high_school_world_history,default,1,17,posterior_mean,237,0.01,0.1,28.270042194092838,2.1097046413502185,74,2.1097046413502185,0.019623319308198797,0.7430485907937822,0.42194092827003704,31,1,1
mmlu_high_school_world_history,default,1,17,gaussian_lcb_1.645,237,0.01,0.1,8.860759493670866,1.6877637130801704,28,1.6877637130801704,0.013556970597330782,0.738090010108377,0.42194092827003704,11,0,0
mmlu_high_school_world_history,default,1,18,posterior_mean,237,0.01,0.1,36.708860759493746,2.1097046413502185,129,2.1097046413502185,0.12206548623433361,0.7417298193349006,0.0,48,1,1
mmlu_high_school_world_history,default,1,18,gaussian_lcb_1.645,237,0.01,0.1,8.016877637130793,1.6877637130801704,35,1.6877637130801704,0.16057361283375637,0.7810292088096533,0.0,10,0,0
mmlu_high_school_world_history,default,1,19,posterior_mean,237,0.01,0.1,18.565400843881864,1.2658227848101222,96,1.2658227848101222,0.06140199912565389,0.7850382740446643,0.0,27,0,0
mmlu_high_school_world_history,default,1,19,gaussian_lcb_1.645,237,0.01,0.1,9.282700421940914,1.2658227848101222,36,1.2658227848101222,0.022577367376099586,0.7819259734016971,0.0,12,0,0
mmlu_human_aging,dataset,1,0,posterior_mean,223,0.01,0.1,119.28251121076212,14.798206278026903,234,14.798206278026903,0.272871556428434,0.48912513229109134,0.0,101,10,1
mmlu_human_aging,dataset,1,0,gaussian_lcb_1.645,223,0.01,0.1,31.838565022421484,3.58744394618834,102,3.58744394618834,0.11801743226063081,0.4400294038131119,0.0,40,2,1
mmlu_human_aging,dataset,1,1,posterior_mean,223,0.01,0.1,86.09865470852016,4.932735426008971,174,4.932735426008971,0.06726829787820289,0.255294808975759,0.0,69,11,1
mmlu_human_aging,dataset,1,1,gaussian_lcb_1.645,223,0.01,0.1,14.349775784753383,1.7937219730941645,65,1.7937219730941645,0.020972932553700155,0.23366647227975618,0.0,24,0,0
mmlu_human_aging,dataset,1,2,posterior_mean,223,0.01,0.1,159.64125560538085,13.901345291479817,244,13.452914798206272,0.2685965339547753,0.4770001556584829,0.0,99,15,1
mmlu_human_aging,dataset,1,2,gaussian_lcb_1.645,223,0.01,0.1,45.739910313901234,2.2421524663677084,126,1.7937219730941756,0.45735292693807644,1.081342357056725,0.0,52,0,0
mmlu_human_aging,dataset,1,3,posterior_mean,223,0.01,0.1,129.1479820627802,4.484304932735428,252,4.484304932735428,0.178016702378745,0.5490350291170721,0.0,97,20,1
mmlu_human_aging,dataset,1,3,gaussian_lcb_1.645,223,0.01,0.1,29.14798206278023,2.2421524663677084,83,2.2421524663677084,0.032516982787448516,0.4970793552908595,0.0,27,6,1
mmlu_human_aging,dataset,1,4,posterior_mean,223,0.01,0.1,145.29147982062742,5.829596412556048,300,5.3811659192825045,0.37420597415771395,0.5053314892644067,0.0,133,16,1
mmlu_human_aging,dataset,1,4,gaussian_lcb_1.645,223,0.01,0.1,37.66816143497746,2.2421524663677084,107,1.7937219730941645,0.3296980746758558,0.46535183658391555,0.0,43,0,0
mmlu_human_aging,dataset,1,5,posterior_mean,223,0.01,0.1,147.98206278026888,7.17488789237668,286,7.17488789237668,0.6001714477654061,0.6001714477654061,0.0,117,20,1
mmlu_human_aging,dataset,1,5,gaussian_lcb_1.645,223,0.01,0.1,68.60986547085196,5.381165919282516,107,5.381165919282516,0.4747956144525534,1.0378622504343877,0.0,40,11,1
mmlu_human_aging,dataset,1,6,posterior_mean,223,0.01,0.1,169.05829596412536,16.143497757847523,237,16.143497757847523,0.14541034629916313,0.3877758190131247,0.0,95,21,1
mmlu_human_aging,dataset,1,6,gaussian_lcb_1.645,223,0.01,0.1,26.008968609865423,1.3452914798206206,115,1.3452914798206206,0.060520614322218495,0.3382630151718607,0.0,39,0,0
mmlu_human_aging,dataset,1,7,posterior_mean,223,0.01,0.1,60.08968609865444,4.0358744394618835,216,4.0358744394618835,0.4176413941339847,0.7762666243633068,0.0,71,2,1
mmlu_human_aging,dataset,1,7,gaussian_lcb_1.645,223,0.01,0.1,21.076233183856395,1.7937219730941645,98,1.7937219730941645,0.41090860612668817,0.7707254802511068,0.0,30,0,0
mmlu_human_aging,dataset,1,8,posterior_mean,223,0.01,0.1,214.79820627802675,13.004484304932728,294,8.968609865470844,0.8431327424269178,1.2296424398015042,0.0,117,44,1
mmlu_human_aging,dataset,1,8,gaussian_lcb_1.645,223,0.01,0.1,54.70852017937216,4.0358744394618835,131,4.0358744394618835,0.20530534757645694,0.5924704490933449,0.0,46,10,1
mmlu_human_aging,dataset,1,9,posterior_mean,223,0.01,0.1,90.5829596412554,4.932735426008961,303,4.932735426008961,0.28590516153105355,0.47095256289086807,0.0,114,7,1
mmlu_human_aging,dataset,1,9,gaussian_lcb_1.645,223,0.01,0.1,33.632286995515656,1.3452914798206206,138,1.3452914798206206,0.09577837806838976,0.3845583804963644,0.0,58,0,0
mmlu_human_aging,dataset,1,10,posterior_mean,223,0.01,0.1,127.8026905829593,5.829596412556048,245,5.829596412556048,0.20217728235182997,0.3913954373444827,0.0,93,15,1
mmlu_human_aging,dataset,1,10,gaussian_lcb_1.645,223,0.01,0.1,34.08071748878913,3.58744394618834,118,3.58744394618834,0.11065903120840856,0.3508199627164414,0.0,36,3,1
mmlu_human_aging,dataset,1,11,posterior_mean,223,0.01,0.1,187.44394618834056,9.865470852017932,214,8.968609865470857,0.3136853598354911,0.5065976109029442,0.0,97,22,1
mmlu_human_aging,dataset,1,11,gaussian_lcb_1.645,223,0.01,0.1,17.488789237668122,1.7937219730941645,71,1.7937219730941645,0.25195820606948643,0.48306264397478627,0.0,20,0,0
mmlu_human_aging,dataset,1,12,posterior_mean,223,0.01,0.1,121.9730941704035,5.829596412556048,268,5.829596412556048,0.11068882230578615,0.3027669226466706,0.0,112,8,1
mmlu_human_aging,dataset,1,12,gaussian_lcb_1.645,223,0.01,0.1,24.663677130044892,1.7937219730941645,82,1.7937219730941645,0.008624522690761945,0.2524199680788393,0.0,36,0,0
mmlu_human_aging,dataset,1,13,posterior_mean,223,0.01,0.1,131.3901345291478,9.417040358744389,291,8.968609865470844,0.10873750542756523,0.48288389739052434,0.0,108,14,1
mmlu_human_aging,dataset,1,13,gaussian_lcb_1.645,223,0.01,0.1,27.35426008968611,9.417040358744389,119,8.968609865470844,0.0728094419904031,0.4471941627323815,0.0,34,1,1
mmlu_human_aging,dataset,1,14,posterior_mean,223,0.01,0.1,179.82062780269038,13.901345291479817,262,13.452914798206272,0.6080660885704213,0.7328163088383477,0.0,112,31,1
mmlu_human_aging,dataset,1,14,gaussian_lcb_1.645,223,0.01,0.1,36.771300448430424,4.0358744394618835,100,3.58744394618834,0.5713634566014457,0.6965903344274106,0.0,37,5,1
mmlu_human_aging,dataset,1,15,posterior_mean,223,0.01,0.1,116.59192825112088,12.107623318385652,244,11.210762331838565,0.3468279556678689,0.4354117837196128,0.0,105,10,1
mmlu_human_aging,dataset,1,15,gaussian_lcb_1.645,223,0.01,0.1,24.215246636771216,4.0358744394618835,64,4.0358744394618835,0.22438654544669168,0.3967429393237272,0.0,30,2,1
mmlu_human_aging,dataset,1,16,posterior_mean,223,0.01,0.1,199.9999999999997,14.798206278026903,278,14.798206278026903,0.37861505656956823,0.5532802604933541,0.0,124,21,1
mmlu_human_aging,dataset,1,16,gaussian_lcb_1.645,223,0.01,0.1,65.02242152466361,9.417040358744389,97,8.520179372197301,0.31807954669866173,0.49298307940146685,0.0,42,5,1
mmlu_human_aging,dataset,1,17,posterior_mean,223,0.01,0.1,146.18834080717465,5.829596412556048,248,5.3811659192825045,0.14515712197145622,0.31375983757893755,0.0,110,18,1
mmlu_human_aging,dataset,1,17,gaussian_lcb_1.645,223,0.01,0.1,19.730941704035864,1.7937219730941645,80,1.7937219730941645,0.04064995237148355,0.26031460888385444,0.0,28,0,0
mmlu_human_aging,dataset,1,18,posterior_mean,223,0.01,0.1,98.20627802690566,7.17488789237668,194,7.17488789237668,0.1611549412631271,0.40167336593968855,0.0,81,11,1
mmlu_human_aging,dataset,1,18,gaussian_lcb_1.645,223,0.01,0.1,23.318385650224215,3.139013452914796,70,3.139013452914796,0.12314150100954596,0.36538780933399734,0.0,27,2,1
mmlu_human_aging,dataset,1,19,posterior_mean,223,0.01,0.1,130.04484304932697,13.452914798206272,266,13.004484304932728,0.3879694611460792,0.7532232105418762,0.0,117,10,1
mmlu_human_aging,dataset,1,19,gaussian_lcb_1.645,223,0.01,0.1,34.52914798206261,3.139013452914796,95,3.139013452914796,0.2032348663087249,0.7186655375840727,0.0,37,3,1
mmlu_human_aging,default,1,0,posterior_mean,223,0.01,0.1,210.31390134529104,14.798206278026903,335,14.34977578475336,0.6103302119711022,1.0901903129778172,0.0,128,29,1
mmlu_human_aging,default,1,0,gaussian_lcb_1.645,223,0.01,0.1,49.77578475336304,5.829596412556048,114,5.3811659192825045,0.4178052451695583,1.0560497153833015,0.0,43,8,1
mmlu_human_aging,default,1,1,posterior_mean,223,0.01,0.1,145.73991031390116,6.278026905829592,265,6.278026905829592,0.3851244113465337,0.7560533647927309,0.0,108,20,1
mmlu_human_aging,default,1,1,gaussian_lcb_1.645,223,0.01,0.1,35.87443946188337,5.3811659192825045,103,4.484304932735428,0.30129226332648723,0.6908704437309459,0.0,40,4,1
mmlu_human_aging,default,1,2,posterior_mean,223,0.01,0.1,130.4932735426008,5.3811659192825045,286,5.3811659192825045,0.23816492798374697,0.3745336762288655,0.0,125,10,1
mmlu_human_aging,default,1,2,gaussian_lcb_1.645,223,0.01,0.1,33.18385650224215,3.58744394618834,93,3.58744394618834,0.19466992581271989,0.3312174206421028,0.0,40,2,1
mmlu_human_aging,default,1,3,posterior_mean,223,0.01,0.1,172.64573991031384,15.695067264573993,258,15.695067264573993,0.3643600164744769,0.6731894274374495,0.0,96,23,1
mmlu_human_aging,default,1,3,gaussian_lcb_1.645,223,0.01,0.1,82.9596412556054,15.695067264573993,108,15.695067264573993,0.34326791953126684,0.6524548236627684,0.0,38,10,1
mmlu_human_aging,default,1,4,posterior_mean,223,0.01,0.1,221.52466367712975,10.76233183856502,283,10.76233183856502,0.365358018236621,0.4626408467225709,0.0,120,34,1
mmlu_human_aging,default,1,4,gaussian_lcb_1.645,223,0.01,0.1,56.95067264573983,6.278026905829592,105,6.278026905829592,0.18321524887110352,0.3835752742829099,0.0,41,6,1
mmlu_human_aging,default,1,5,posterior_mean,223,0.01,0.1,136.77130044843042,15.695067264573993,253,15.246636771300448,0.3176028891406228,0.47999416094491254,0.0,101,16,1
mmlu_human_aging,default,1,5,gaussian_lcb_1.645,223,0.01,0.1,15.246636771300448,1.3452914798206206,67,1.3452914798206206,0.129263571520605,0.45669752279577563,0.0,29,0,0
mmlu_human_aging,default,1,6,posterior_mean,223,0.01,0.1,199.551569506726,8.520179372197312,302,8.520179372197312,0.4691204104021545,1.2516580607634056,0.0,126,22,1
mmlu_human_aging,default,1,6,gaussian_lcb_1.645,223,0.01,0.1,79.37219730941692,8.520179372197312,123,8.520179372197312,1.4673605013245845,2.2955381128680394,0.0,49,4,1
mmlu_human_aging,default,1,7,posterior_mean,223,0.01,0.1,184.75336322869916,12.107623318385652,302,12.107623318385652,1.0960591591611726,1.1696878563294537,0.0,131,21,1
mmlu_human_aging,default,1,7,gaussian_lcb_1.645,223,0.01,0.1,46.63677130044837,10.76233183856502,107,8.968609865470857,1.0712729661431621,1.1449612455061982,0.0,39,3,1
mmlu_human_aging,default,1,8,posterior_mean,223,0.01,0.1,151.1210762331837,13.901345291479817,298,13.901345291479817,0.2758059795201087,0.49001886521241084,0.0,117,15,1
mmlu_human_aging,default,1,8,gaussian_lcb_1.645,223,0.01,0.1,45.73991031390131,4.484304932735428,116,3.58744394618834,0.24029499144623134,0.4545674593332881,0.0,44,6,1
mmlu_human_aging,default,1,9,posterior_mean,223,0.01,0.1,164.57399103138965,15.695067264573993,329,15.695067264573993,0.4630132354397874,2.641546813358027,0.0,122,17,1
mmlu_human_aging,default,1,9,gaussian_lcb_1.645,223,0.01,0.1,48.43049327354249,9.865470852017932,145,9.865470852017932,0.4464493852979436,2.6320732443920085,0.0,50,2,1
mmlu_human_aging,default,1,10,posterior_mean,223,0.01,0.1,110.76233183856492,6.726457399103136,232,5.829596412556048,0.5113046042885782,0.6504588201384846,0.0,92,13,1
mmlu_human_aging,default,1,10,gaussian_lcb_1.645,223,0.01,0.1,22.86995515695066,3.139013452914796,66,3.139013452914796,0.10781398140886592,0.6184035993603856,0.0,25,2,1
mmlu_human_aging,default,1,11,posterior_mean,223,0.01,0.1,215.24663677130027,5.829596412556048,298,5.3811659192825045,0.5411105972146774,0.9816762407805818,0.0,133,34,1
mmlu_human_aging,default,1,11,gaussian_lcb_1.645,223,0.01,0.1,56.502242152466344,5.3811659192825045,91,5.3811659192825045,0.42230370087354774,0.9303163889019198,0.0,36,10,1
mmlu_human_aging,default,1,12,posterior_mean,223,0.01,0.1,169.50672645739883,5.829596412556048,316,5.3811659192825045,0.32591460530892175,0.5448344843868563,0.0,136,13,1
mmlu_human_aging,default,1,12,gaussian_lcb_1.645,223,0.01,0.1,58.295964125560474,5.829596412556048,124,5.3811659192825045,0.25536928671920256,0.4935937968977021,0.0,50,4,1
mmlu_human_aging,default,1,13,posterior_mean,223,0.01,0.1,100.89686098654683,5.3811659192825045,199,4.932735426008961,0.5127345769626914,0.7862615375334284,0.0,85,8,1
mmlu_human_aging,default,1,13,gaussian_lcb_1.645,223,0.01,0.1,36.77130044843039,4.0358744394618835,85,3.58744394618834,0.4271745452947545,0.7012973278130396,0.0,30,2,1
mmlu_human_aging,default,1,14,posterior_mean,223,0.01,0.1,130.9417040358743,11.659192825112108,226,11.659192825112108,0.4677202288254189,0.5526695429971187,0.0,104,9,1
mmlu_human_aging,default,1,14,gaussian_lcb_1.645,223,0.01,0.1,41.70403587443944,4.932735426008971,86,4.484304932735428,0.3173347692642271,0.45340560653557155,0.0,41,3,1
mmlu_human_aging,default,1,15,posterior_mean,223,0.01,0.1,164.12556053811653,14.798206278026903,219,13.901345291479828,0.3729845391652358,0.6983182180752983,0.0,96,18,1
mmlu_human_aging,default,1,15,gaussian_lcb_1.645,223,0.01,0.1,53.363228699551556,14.798206278026903,63,13.901345291479828,0.27771260975226214,0.6031654530518344,0.0,25,6,1
mmlu_human_aging,default,1,16,posterior_mean,223,0.01,0.1,139.013452914798,13.004484304932728,262,12.107623318385652,0.4008392152131201,0.6337758056071302,0.0,103,17,1
mmlu_human_aging,default,1,16,gaussian_lcb_1.645,223,0.01,0.1,45.29147982062776,4.484304932735428,95,4.484304932735428,0.363600343491352,0.596596516080117,0.0,39,6,1
mmlu_human_aging,default,1,17,posterior_mean,223,0.01,0.1,114.34977578475309,5.3811659192825045,249,4.932735426008961,0.18601561202458083,0.18601561202458083,0.0,99,5,1
mmlu_human_aging,default,1,17,gaussian_lcb_1.645,223,0.01,0.1,27.35426008968601,1.7937219730941645,77,1.7937219730941645,0.16027610389049374,0.16027610389049374,0.0,25,0,0
mmlu_human_aging,default,1,18,posterior_mean,223,0.01,0.1,217.04035874439444,17.488789237668158,282,17.488789237668158,1.4240591412865098,1.6025971878693588,0.0,125,28,1
mmlu_human_aging,default,1,18,gaussian_lcb_1.645,223,0.01,0.1,50.67264573991027,8.968609865470844,89,8.968609865470844,1.1924631502744858,1.5554676718182894,0.0,33,7,1
mmlu_human_aging,default,1,19,posterior_mean,223,0.01,0.1,265.9192825112105,19.282511210762333,356,14.34977578475336,2.426306134806201,2.506488873397513,0.0,137,31,1
mmlu_human_aging,default,1,19,gaussian_lcb_1.645,223,0.01,0.1,94.17040358744381,13.901345291479817,141,13.452914798206272,3.0046704992913376,3.0849724022721605,0.0,55,8,1
mmlu_human_sexuality,dataset,1,0,posterior_mean,131,0.01,0.1,41.9847328244275,6.106870229007633,45,6.106870229007633,0.02520788955145877,0.03336592230013311,0.0,22,8,1
mmlu_human_sexuality,dataset,1,0,gaussian_lcb_1.645,131,0.01,0.1,3.053435114503822,2.2900763358778664,5,2.2900763358778664,0.0008632838887486261,0.013683049636665414,0.0,2,1,1
mmlu_human_sexuality,dataset,1,1,posterior_mean,131,0.01,0.1,51.145038167938964,6.106870229007633,46,6.106870229007633,0.028488368328705417,0.044761269631616654,0.0,20,16,1
mmlu_human_sexuality,dataset,1,1,gaussian_lcb_1.645,131,0.01,0.1,4.580152671755733,2.2900763358778664,14,2.2900763358778664,0.002071881332996703,0.021452604635402932,0.0,2,2,1
mmlu_human_sexuality,dataset,1,2,posterior_mean,131,0.01,0.1,40.458015267175554,5.343511450381677,56,5.343511450381677,0.11054350195425838,0.4861583219487769,0.0,20,8,1
mmlu_human_sexuality,dataset,1,2,gaussian_lcb_1.645,131,0.01,0.1,2.2900763358778664,1.526717557251911,10,1.526717557251911,0.0005179703332492345,0.4671660763963083,0.0,2,0,0
mmlu_human_sexuality,dataset,1,3,posterior_mean,131,0.01,0.1,65.64885496183203,6.870229007633588,102,6.870229007633588,0.1158095336756261,0.8964339900765524,0.0,35,11,1
mmlu_human_sexuality,dataset,1,3,gaussian_lcb_1.645,131,0.01,0.1,12.213740458015277,1.526717557251911,42,1.526717557251911,0.08732116534692144,0.8724346979693407,0.0,13,0,0
mmlu_human_sexuality,dataset,1,4,posterior_mean,131,0.01,0.1,51.14503816793893,6.106870229007633,63,6.106870229007633,0.03902043177143613,0.4490802789270241,0.0,28,10,1
mmlu_human_sexuality,dataset,1,4,gaussian_lcb_1.645,131,0.01,0.1,14.50381679389312,4.580152671755721,23,4.580152671755721,0.003625792332743986,0.4180020589320749,0.0,8,3,1
mmlu_human_sexuality,dataset,1,5,posterior_mean,131,0.01,0.1,18.320610687022885,6.106870229007633,25,6.106870229007633,0.6749153442236613,1.0494510593572444,0.0,8,5,1
mmlu_human_sexuality,dataset,1,5,gaussian_lcb_1.645,131,0.01,0.1,3.053435114503822,1.526717557251911,9,1.526717557251911,0.6730161196684137,1.0489330890239945,0.0,2,0,0
mmlu_human_sexuality,dataset,1,6,posterior_mean,131,0.01,0.1,73.28244274809158,13.740458015267176,76,12.213740458015266,0.9069660535192867,0.9075703522414106,0.0,31,13,1
mmlu_human_sexuality,dataset,1,6,gaussian_lcb_1.645,131,0.01,0.1,6.106870229007644,2.2900763358778664,17,1.526717557251911,0.883830045300823,0.883830045300823,0.0,6,0,0
mmlu_human_sexuality,dataset,1,7,posterior_mean,131,0.01,0.1,24.427480916030508,4.580152671755721,30,4.580152671755721,0.03902043177143662,0.09496122776234618,0.0,12,6,1
mmlu_human_sexuality,dataset,1,7,gaussian_lcb_1.645,131,0.01,0.1,3.8167938931297662,1.5267175572518998,12,1.5267175572518998,0.023826635329461346,0.09133543542960221,0.0,4,0,0
mmlu_human_sexuality,dataset,1,8,posterior_mean,131,0.01,0.1,25.190839694656475,3.0534351145038108,34,3.0534351145038108,0.016747707441722562,0.037941326910500846,0.0,13,7,1
mmlu_human_sexuality,dataset,1,8,gaussian_lcb_1.645,131,0.01,0.1,2.2900763358778664,0.7633587786259555,12,0.7633587786259555,0.0006906271109988862,0.02292018724627551,0.0,3,0,0
mmlu_human_sexuality,dataset,1,9,posterior_mean,131,0.01,0.1,43.51145038167942,3.0534351145038108,60,3.0534351145038108,0.07303381698813206,0.07303381698813206,0.0,25,11,1
mmlu_human_sexuality,dataset,1,9,gaussian_lcb_1.645,131,0.01,0.1,6.106870229007633,1.5267175572518998,16,1.5267175572518998,0.019682872663467913,0.07001232337751166,0.0,7,0,0
mmlu_human_sexuality,dataset,1,10,posterior_mean,131,0.01,0.1,26.717557251908385,3.0534351145038108,33,3.0534351145038108,0.020028186218967535,0.02028717138559212,0.0,16,5,1
mmlu_human_sexuality,dataset,1,10,gaussian_lcb_1.645,131,0.01,0.1,3.053435114503822,1.526717557251911,7,1.526717557251911,0.004143762665993303,0.005784002054615663,0.0,3,0,0
mmlu_human_sexuality,dataset,1,11,posterior_mean,131,0.01,0.1,38.16793893129757,5.343511450381677,62,3.8167938931297662,1.5314224544455874,1.5830468309927537,0.0,27,8,1
mmlu_human_sexuality,dataset,1,11,gaussian_lcb_1.645,131,0.01,0.1,9.16030534351141,2.2900763358778553,22,2.2900763358778553,0.026589143773456895,0.9426628423190402,0.0,9,1,1
mmlu_human_sexuality,dataset,1,12,posterior_mean,131,0.01,0.1,32.06106870229009,5.343511450381677,44,5.343511450381677,0.01709302099722257,0.01709302099722257,0.0,16,5,1
mmlu_human_sexuality,dataset,1,12,gaussian_lcb_1.645,131,0.01,0.1,6.106870229007633,3.0534351145038108,13,3.0534351145038108,0.001381254221997858,0.002589851666245871,0.0,4,1,1
mmlu_human_sexuality,dataset,1,13,posterior_mean,131,0.01,0.1,42.74809160305345,12.213740458015266,50,11.45038167938931,0.3748378644946451,0.39499554329692504,0.0,23,10,1
mmlu_human_sexuality,dataset,1,13,gaussian_lcb_1.645,131,0.01,0.1,6.870229007633588,3.0534351145038108,12,2.2900763358778664,0.3580901570529219,0.38083768752144753,0.0,5,2,1
mmlu_human_sexuality,dataset,1,14,posterior_mean,131,0.01,0.1,35.87786259541985,3.0534351145038108,43,3.0534351145038108,0.023999292107211287,0.0694511888498254,0.0,20,6,1
mmlu_human_sexuality,dataset,1,14,gaussian_lcb_1.645,131,0.01,0.1,12.213740458015277,2.2900763358778664,21,2.2900763358778664,0.0034531355549944675,0.052012854297103575,0.0,8,3,1
mmlu_human_sexuality,dataset,1,15,posterior_mean,131,0.01,0.1,39.69465648854964,3.0534351145038108,57,3.0534351145038108,0.023826635329462022,0.030128607717326845,0.0,26,8,1
mmlu_human_sexuality,dataset,1,15,gaussian_lcb_1.645,131,0.01,0.1,12.977099236641243,2.2900763358778664,25,2.2900763358778664,0.004316419443743175,0.01251761638685493,0.0,11,2,1
mmlu_human_sexuality,dataset,1,16,posterior_mean,131,0.01,0.1,55.725190839694704,3.0534351145038108,69,3.0534351145038108,0.021236783663216005,0.04290520927080602,0.0,29,17,1
mmlu_human_sexuality,dataset,1,16,gaussian_lcb_1.645,131,0.01,0.1,0.7633587786259555,0.7633587786259555,7,0.7633587786259555,0.000863283888748685,0.024258277273835924,0.0,1,0,0
mmlu_human_sexuality,dataset,1,17,posterior_mean,131,0.01,0.1,29.77099236641223,6.106870229007633,36,6.106870229007633,0.028315711550953734,0.06427148551733318,0.0,14,7,1
mmlu_human_sexuality,dataset,1,17,gaussian_lcb_1.645,131,0.01,0.1,7.633587786259555,2.2900763358778664,14,2.2900763358778664,0.01225863122023011,0.049940972964106795,0.0,4,2,1
mmlu_human_sexuality,dataset,1,18,posterior_mean,131,0.01,0.1,21.37404580152673,3.8167938931297662,35,3.8167938931297662,0.03332275810569622,0.053998407241225344,0.0,14,3,1
mmlu_human_sexuality,dataset,1,18,gaussian_lcb_1.645,131,0.01,0.1,8.39694656488551,2.2900763358778664,17,2.2900763358778664,0.029696965772951972,0.050890585241730256,0.0,6,1,1
mmlu_human_sexuality,dataset,1,19,posterior_mean,131,0.01,0.1,36.6412213740458,4.580152671755721,83,3.8167938931297662,0.5134380928332332,1.0699972159094595,0.0,32,4,1
mmlu_human_sexuality,dataset,1,19,gaussian_lcb_1.645,131,0.01,0.1,23.664122137404586,4.580152671755721,34,4.580152671755721,0.42262062773688097,1.0092220301415589,0.0,16,3,1
mmlu_human_sexuality,default,1,0,posterior_mean,131,0.01,0.1,43.51145038167933,3.0534351145038108,76,2.2900763358778553,0.32908381839096823,1.7557036087424789,0.7633587786259555,30,6,1
mmlu_human_sexuality,default,1,0,gaussian_lcb_1.645,131,0.01,0.1,19.84732824427482,2.2900763358778553,40,2.2900763358778553,0.24758981929310037,1.6745549232001113,0.7633587786259555,14,1,1
mmlu_human_sexuality,default,1,1,posterior_mean,131,0.01,0.1,32.82442748091605,8.3969465648855,35,6.870229007633588,0.5802994300168145,0.5891049256820503,1.526717557251911,15,6,1
mmlu_human_sexuality,default,1,1,gaussian_lcb_1.645,131,0.01,0.1,12.977099236641232,8.3969465648855,11,6.870229007633588,0.5711486207960789,0.5820259977943114,1.526717557251911,4,3,1
mmlu_human_sexuality,default,1,2,posterior_mean,131,0.01,0.1,35.11450381679387,4.580152671755721,57,4.580152671755721,0.05378258626903771,0.7593876727377108,0.7633587786259555,20,8,1
mmlu_human_sexuality,default,1,2,gaussian_lcb_1.645,131,0.01,0.1,15.267175572519086,2.2900763358778664,22,2.2900763358778664,0.03841613304931301,0.7455751305177336,0.7633587786259555,11,2,1
mmlu_human_sexuality,default,1,3,posterior_mean,131,0.01,0.1,19.083969465648877,3.0534351145038108,32,3.0534351145038108,0.01035940666498404,0.074156086043506,0.0,13,4,1
mmlu_human_sexuality,default,1,3,gaussian_lcb_1.645,131,0.01,0.1,3.8167938931297773,2.2900763358778664,8,2.2900763358778664,0.003971105888243503,0.014071527386602193,0.0,2,1,1
mmlu_human_sexuality,default,1,4,posterior_mean,131,0.01,0.1,83.20610687022901,15.267175572519086,60,15.267175572519086,0.09927764720609074,0.09927764720609074,0.0,27,13,1
mmlu_human_sexuality,default,1,4,gaussian_lcb_1.645,131,0.01,0.1,21.37404580152673,15.267175572519086,23,15.267175572519086,0.2294608576293798,0.2294608576293798,0.0,9,1,1
mmlu_human_sexuality,default,1,5,posterior_mean,131,0.01,0.1,32.06106870229007,3.0534351145038108,33,3.0534351145038108,0.24517262440460347,0.24914373029284706,0.0,16,8,1
mmlu_human_sexuality,default,1,5,gaussian_lcb_1.645,131,0.01,0.1,11.45038167938931,3.0534351145038108,13,3.0534351145038108,0.22807960340738181,0.24033823462761195,0.0,6,3,1
mmlu_human_sexuality,default,1,6,posterior_mean,131,0.01,0.1,16.030534351145043,3.0534351145038108,39,2.2900763358778553,0.44381424720565843,0.789602608843912,0.7633587786259555,15,1,1
mmlu_human_sexuality,default,1,6,gaussian_lcb_1.645,131,0.01,0.1,3.8167938931297773,0.7633587786259555,11,0.7633587786259555,0.03366807166119559,0.7970268502871504,0.7633587786259555,5,0,0
mmlu_human_sexuality,default,1,7,posterior_mean,131,0.01,0.1,31.297709923664073,7.633587786259543,39,7.633587786259543,1.160253546478121,2.2462646785238674,0.0,16,4,1
mmlu_human_sexuality,default,1,7,gaussian_lcb_1.645,131,0.01,0.1,9.160305343511421,2.2900763358778553,17,2.2900763358778553,0.3841613304931291,2.2540342335226047,0.0,7,1,1
mmlu_human_sexuality,default,1,8,posterior_mean,131,0.01,0.1,93.12977099236629,9.9236641221374,92,9.9236641221374,0.47800028920010257,1.9140730381334117,1.526717557251911,38,15,1
mmlu_human_sexuality,default,1,8,gaussian_lcb_1.645,131,0.01,0.1,20.61068702290071,4.580152671755721,38,3.8167938931297773,0.6470312746170759,2.2150138017511707,1.526717557251911,14,3,1
mmlu_human_sexuality,default,1,9,posterior_mean,131,0.01,0.1,58.77862595419838,6.870229007633588,67,4.580152671755733,1.0064163575031209,1.4275694026291295,0.0,31,13,1
mmlu_human_sexuality,default,1,9,gaussian_lcb_1.645,131,0.01,0.1,5.343511450381644,1.526717557251911,13,1.526717557251911,0.6381394505629652,1.4196271908526423,0.0,5,0,0
mmlu_human_sexuality,default,1,10,posterior_mean,131,0.01,0.1,51.14503816793895,5.343511450381677,81,4.580152671755721,0.5164164222494165,0.522588902053969,0.0,33,5,1
mmlu_human_sexuality,default,1,10,gaussian_lcb_1.645,131,0.01,0.1,19.083969465648863,4.580152671755721,36,4.580152671755721,0.05576813921315986,0.5101576140559888,0.0,12,2,1
mmlu_human_sexuality,default,1,11,posterior_mean,131,0.01,0.1,29.007633587786273,2.2900763358778553,52,2.2900763358778553,0.2090010294660376,1.383239774941892,1.526717557251911,25,2,1
mmlu_human_sexuality,default,1,11,gaussian_lcb_1.645,131,0.01,0.1,8.39694656488551,1.526717557251911,22,1.526717557251911,0.07829984870949842,1.3038176571770204,1.526717557251911,10,0,0
mmlu_human_sexuality,default,1,12,posterior_mean,131,0.01,0.1,34.35114503816794,5.343511450381677,55,4.580152671755721,0.3545506931090539,1.6948852587801377,0.7633587786259555,19,8,1
mmlu_human_sexuality,default,1,12,gaussian_lcb_1.645,131,0.01,0.1,4.580152671755733,1.526717557251911,16,0.7633587786259555,0.3483350491100629,1.6893602418921458,0.7633587786259555,6,0,0
mmlu_human_sexuality,default,1,13,posterior_mean,131,0.01,0.1,41.22137404580148,7.633587786259543,73,6.106870229007633,1.4321879714339383,2.203747947003006,2.2900763358778664,33,2,1
mmlu_human_sexuality,default,1,13,gaussian_lcb_1.645,131,0.01,0.1,12.977099236641198,3.0534351145038108,34,1.526717557251911,0.6229456541209947,2.1752595786743023,2.2900763358778664,13,0,0
mmlu_human_sexuality,default,1,14,posterior_mean,131,0.01,0.1,47.32824427480917,6.870229007633588,53,6.106870229007633,1.1614621439223762,1.1654764140050575,0.0,24,12,1
mmlu_human_sexuality,default,1,14,gaussian_lcb_1.645,131,0.01,0.1,9.92366412213742,2.2900763358778664,18,2.2900763358778664,1.1450597500361526,1.1506279311185807,0.0,8,2,1
mmlu_human_sexuality,default,1,15,posterior_mean,131,0.01,0.1,37.40458015267178,8.3969465648855,57,7.633587786259543,0.5281570831363966,1.2052306370819281,0.0,24,3,1
mmlu_human_sexuality,default,1,15,gaussian_lcb_1.645,131,0.01,0.1,8.3969465648855,2.2900763358778553,20,2.2900763358778553,0.0713072492106348,1.2019501583046845,0.0,8,1,1
mmlu_human_sexuality,default,1,16,posterior_mean,131,0.01,0.1,33.58778625954184,5.343511450381677,74,3.8167938931297662,1.7315748240519493,2.4981709172607127,0.0,25,4,1
mmlu_human_sexuality,default,1,16,gaussian_lcb_1.645,131,0.01,0.1,9.923664122137343,2.2900763358778553,37,1.526717557251911,0.9074840238525309,2.497782439510775,0.0,10,0,0
mmlu_human_sexuality,default,1,17,posterior_mean,131,0.01,0.1,19.083969465648877,3.0534351145038108,38,3.0534351145038108,0.20166311641167464,0.20166311641167464,0.0,17,1,1
mmlu_human_sexuality,default,1,17,gaussian_lcb_1.645,131,0.01,0.1,7.633587786259555,1.526717557251911,16,1.526717557251911,0.21754753996464893,0.21754753996464893,0.0,8,0,0
mmlu_human_sexuality,default,1,18,posterior_mean,131,0.01,0.1,30.53435114503815,5.343511450381677,43,3.0534351145038108,1.4803592124261067,2.1585118712325784,0.0,17,9,1
mmlu_human_sexuality,default,1,18,gaussian_lcb_1.645,131,0.01,0.1,9.160305343511443,3.8167938931297662,17,3.0534351145038108,1.472934970982869,2.1540227950110857,0.0,5,2,1
mmlu_human_sexuality,default,1,19,posterior_mean,131,0.01,0.1,56.48854961832059,7.633587786259543,55,7.633587786259543,0.16575050663973218,0.16575050663973218,0.0,20,12,1
mmlu_human_sexuality,default,1,19,gaussian_lcb_1.645,131,0.01,0.1,12.213740458015277,3.8167938931297662,24,3.8167938931297662,0.04817124099217212,1.4368497044331758,0.0,5,3,1
mmlu_international_law,dataset,1,0,posterior_mean,121,0.01,0.1,87.603305785124,9.090909090909093,84,9.090909090909093,0.33189394571813685,1.499239831320976,0.0,24,14,1
mmlu_international_law,dataset,1,0,gaussian_lcb_1.645,121,0.01,0.1,17.355371900826455,5.785123966942152,23,5.785123966942152,0.21107645450244975,1.4759667802492789,0.0,6,3,1
mmlu_international_law,dataset,1,1,posterior_mean,121,0.01,0.1,43.801652892561904,5.785123966942141,74,5.785123966942141,0.019427938285939923,0.8458742192776845,0.8264462809917439,24,8,1
mmlu_international_law,dataset,1,1,gaussian_lcb_1.645,121,0.01,0.1,4.132231404958664,0.8264462809917328,26,0.8264462809917328,0.0012142461428711374,0.8276605271346156,0.8264462809917439,5,0,0
mmlu_international_law,dataset,1,2,posterior_mean,121,0.01,0.1,65.28925619834722,4.132231404958686,71,4.132231404958686,0.11110352207271681,0.19680906232371206,0.0,35,11,1
mmlu_international_law,dataset,1,2,gaussian_lcb_1.645,121,0.01,0.1,19.834710743801676,3.3057851239669422,27,3.3057851239669422,0.039867748357606037,0.12820415525148895,0.0,13,3,1
mmlu_international_law,dataset,1,3,posterior_mean,121,0.01,0.1,31.40495867768591,2.4793388429752095,65,2.4793388429752095,0.14469766535882195,0.79431935179494,0.0,25,1,1
mmlu_international_law,dataset,1,3,gaussian_lcb_1.645,121,0.01,0.1,12.396694214876003,1.6528925619834656,31,1.6528925619834656,0.06455741992932074,0.6958136334545115,0.0,13,0,0
mmlu_international_law,dataset,1,4,posterior_mean,121,0.01,0.1,28.09917355371899,5.785123966942141,62,4.1322314049586755,0.9947205589579731,1.630226633983209,0.0,20,2,1
mmlu_international_law,dataset,1,4,gaussian_lcb_1.645,121,0.01,0.1,13.223140495867746,1.6528925619834656,27,1.6528925619834656,0.9955300563865532,1.6397888223583195,0.0,10,0,0
mmlu_international_law,dataset,1,5,posterior_mean,121,0.01,0.1,47.1074380165289,9.917355371900827,77,9.090909090909083,0.6811920861507695,0.8021107645450314,0.0,28,7,1
mmlu_international_law,dataset,1,5,gaussian_lcb_1.645,121,0.01,0.1,10.743801652892525,2.4793388429751984,24,2.4793388429751984,0.003237989714323054,0.7496958060444232,0.0,7,3,1
mmlu_international_law,dataset,1,6,posterior_mean,121,0.01,0.1,28.099173553719115,4.132231404958686,55,4.132231404958686,0.01355908192872854,0.14525419484097174,0.0,19,2,1
mmlu_international_law,dataset,1,6,gaussian_lcb_1.645,121,0.01,0.1,5.785123966942174,1.6528925619834767,23,1.6528925619834767,0.0028332410000328425,0.1357426000551473,0.0,5,0,0
mmlu_international_law,dataset,1,7,posterior_mean,121,0.01,0.1,20.66115702479334,4.958677685950407,62,3.3057851239669422,1.18146149701371,2.065432689023973,0.8264462809917439,18,2,1
mmlu_international_law,dataset,1,7,gaussian_lcb_1.645,121,0.01,0.1,5.7851239669421295,1.6528925619834656,25,0.8264462809917328,0.600444717649825,2.0628018223810853,0.8264462809917439,7,0,0
mmlu_international_law,dataset,1,8,posterior_mean,121,0.01,0.1,50.41322314049577,5.785123966942141,93,4.958677685950407,0.7929027312949158,1.619349012286657,0.8264462809917439,29,5,1
mmlu_international_law,dataset,1,8,gaussian_lcb_1.645,121,0.01,0.1,10.743801652892525,2.4793388429751984,39,1.6528925619834656,0.7898671159377375,1.6163133969294783,0.8264462809917439,9,0,0
mmlu_international_law,dataset,1,9,posterior_mean,121,0.01,0.1,62.809917355371745,4.958677685950407,109,4.958677685950407,0.08459248128669583,0.9110387622784404,0.8264462809917439,42,10,1
mmlu_international_law,dataset,1,9,gaussian_lcb_1.645,121,0.01,0.1,14.87603305785119,2.4793388429751984,27,2.4793388429751984,0.011737712714421972,0.8381839937061664,0.8264462809917439,12,1,1
mmlu_international_law,dataset,1,10,posterior_mean,121,0.01,0.1,53.71900826446287,4.958677685950419,105,4.132231404958686,1.2923626447292902,1.3744254465516714,0.0,36,5,1
mmlu_international_law,dataset,1,10,gaussian_lcb_1.645,121,0.01,0.1,14.876033057851245,4.958677685950419,32,3.3057851239669422,1.2680777218718648,1.3754879119266834,0.0,11,2,1
mmlu_international_law,dataset,1,11,posterior_mean,121,0.01,0.1,24.793388429752007,6.6115702479338845,73,5.785123966942152,0.628979502007299,1.3800919285517375,0.0,21,1,1
mmlu_international_law,dataset,1,11,gaussian_lcb_1.645,121,0.01,0.1,5.785123966942141,1.6528925619834656,27,0.8264462809917439,0.5897188767211291,1.3436645442656003,0.0,7,0,0
mmlu_international_law,dataset,1,12,posterior_mean,121,0.01,0.1,31.40495867768588,3.3057851239669422,82,2.4793388429752095,0.6451694505789156,1.5542350628751864,0.8264462809917439,27,3,1
mmlu_international_law,dataset,1,12,gaussian_lcb_1.645,121,0.01,0.1,13.223140495867735,3.3057851239669422,30,2.4793388429752095,0.6370744762931074,1.5473543347322496,0.8264462809917439,13,1,1
mmlu_international_law,dataset,1,13,posterior_mean,121,0.01,0.1,38.01652892561981,5.785123966942152,79,4.958677685950407,0.7227294229548256,0.806006470920079,0.0,27,5,1
mmlu_international_law,dataset,1,13,gaussian_lcb_1.645,121,0.01,0.1,6.6115702479338845,3.3057851239669422,21,3.3057851239669422,0.7120035820261283,0.7997328658485766,0.0,5,1,1
mmlu_international_law,dataset,1,14,posterior_mean,121,0.01,0.1,28.09917355371906,5.785123966942152,39,5.785123966942152,0.06415267121503092,0.16974149205554254,0.0,16,4,1
mmlu_international_law,dataset,1,14,gaussian_lcb_1.645,121,0.01,0.1,7.4380165289256395,2.4793388429752095,14,2.4793388429752095,0.0530220815720439,0.1602298972697172,0.0,5,2,1
mmlu_international_law,dataset,1,15,posterior_mean,121,0.01,0.1,57.85123966942154,6.6115702479338845,58,6.6115702479338845,0.9066371200105262,1.0280111407083643,0.0,21,11,1
mmlu_international_law,dataset,1,15,gaussian_lcb_1.645,121,0.01,0.1,19.834710743801665,6.6115702479338845,16,4.958677685950419,0.8803284535816496,1.0037262178509399,0.0,7,3,1
mmlu_international_law,dataset,1,16,posterior_mean,121,0.01,0.1,67.76859504132227,10.743801652892559,113,9.917355371900827,0.7439281368657759,1.4645326290705747,0.0,30,11,1
mmlu_international_law,dataset,1,16,gaussian_lcb_1.645,121,0.01,0.1,24.79338842975204,4.1322314049586755,53,3.3057851239669422,0.7058817577224764,1.421983420480794,0.0,12,5,1
mmlu_international_law,dataset,1,17,posterior_mean,121,0.01,0.1,39.669421487603465,4.132231404958686,56,4.132231404958686,0.07067924423296325,0.1241566681085845,0.0,28,2,1
mmlu_international_law,dataset,1,17,gaussian_lcb_1.645,121,0.01,0.1,10.743801652892614,1.6528925619834767,19,1.6528925619834767,0.022109398518113856,0.07700344289375156,0.0,9,0,0
mmlu_international_law,dataset,1,18,posterior_mean,121,0.01,0.1,34.71074380165281,6.6115702479338845,78,6.6115702479338845,0.20804083914527147,1.5685024550539235,0.8264462809917439,24,2,1
mmlu_international_law,dataset,1,18,gaussian_lcb_1.645,121,0.01,0.1,10.743801652892525,1.6528925619834656,44,1.6528925619834656,0.19549362900226835,1.5577766141252276,0.8264462809917439,11,0,0
mmlu_international_law,dataset,1,19,posterior_mean,121,0.01,0.1,44.62809917355363,9.090909090909083,84,7.438016528925617,0.9932533448686692,1.8291606270569456,0.8264462809917439,28,3,1
mmlu_international_law,dataset,1,19,gaussian_lcb_1.645,121,0.01,0.1,33.05785123966937,9.090909090909083,41,9.090909090909083,0.9849559962257154,1.8275416321997837,0.8264462809917439,12,3,1
mmlu_international_law,default,1,0,posterior_mean,121,0.01,0.1,12.396694214876003,4.1322314049586755,41,4.1322314049586755,0.1519831422160494,0.9784294232077939,0.8264462809917439,11,1,1
mmlu_international_law,default,1,0,gaussian_lcb_1.645,121,0.01,0.1,4.132231404958664,0.8264462809917328,17,0.8264462809917328,0.18173217271639444,1.0081784537081393,0.8264462809917439,5,0,0
mmlu_international_law,default,1,1,posterior_mean,121,0.01,0.1,24.79338842975206,4.1322314049586755,55,3.3057851239669422,1.9613110822727622,3.510992722112181,1.6528925619834767,17,4,1
mmlu_international_law,default,1,1,gaussian_lcb_1.645,121,0.01,0.1,8.264462809917351,3.3057851239669422,19,3.3057851239669422,1.396889000194785,3.5140283374693593,1.6528925619834767,6,1,1
mmlu_international_law,default,1,2,posterior_mean,121,0.01,0.1,81.81818181818177,10.743801652892559,67,10.743801652892559,0.848859241045568,2.0926014464707166,0.8264462809917439,30,9,1
mmlu_international_law,default,1,2,gaussian_lcb_1.645,121,0.01,0.1,52.06611570247929,10.743801652892559,38,10.743801652892559,0.671275742650647,2.085923092684925,0.8264462809917439,16,5,1
mmlu_international_law,default,1,3,posterior_mean,121,0.01,0.1,22.314049586776818,8.264462809917351,44,8.264462809917351,0.10563941442979707,1.483808786588655,0.8264462809917439,12,2,1
mmlu_international_law,default,1,3,gaussian_lcb_1.645,121,0.01,0.1,8.264462809917328,1.6528925619834656,28,1.6528925619834656,0.10098480421545751,1.4795589250886059,0.8264462809917439,8,0,0
mmlu_international_law,default,1,4,posterior_mean,121,0.01,0.1,16.528925619834656,2.4793388429751984,43,2.4793388429751984,0.18942239828791227,1.4812285135350534,0.8264462809917439,12,2,1
mmlu_international_law,default,1,4,gaussian_lcb_1.645,121,0.01,0.1,2.4793388429751984,0.8264462809917328,11,0.8264462809917328,0.0932945786439396,1.4753596571778425,0.8264462809917439,3,0,0
mmlu_international_law,default,1,5,posterior_mean,121,0.01,0.1,14.049586776859469,3.3057851239669422,40,3.3057851239669422,0.21542750318107134,1.075113772333916,1.6528925619834767,10,1,1
mmlu_international_law,default,1,5,gaussian_lcb_1.645,121,0.01,0.1,1.6528925619834656,0.8264462809917328,10,0.8264462809917328,0.21077289296673132,1.0710662851910113,1.6528925619834767,2,0,0
mmlu_international_law,default,1,6,posterior_mean,121,0.01,0.1,19.834710743801608,4.1322314049586755,44,4.1322314049586755,0.6621688965791119,1.488615177570853,0.8264462809917439,15,2,1
mmlu_international_law,default,1,6,gaussian_lcb_1.645,121,0.01,0.1,4.132231404958664,0.8264462809917328,16,0.8264462809917328,0.6488121890075291,1.4752584699992701,0.8264462809917439,5,0,0
mmlu_international_law,default,1,7,posterior_mean,121,0.01,0.1,49.58677685950414,10.743801652892559,68,10.743801652892559,0.37965429400440814,1.8039144260030842,1.6528925619834767,14,11,1
mmlu_international_law,default,1,7,gaussian_lcb_1.645,121,0.01,0.1,18.181818181818187,9.917355371900827,31,9.917355371900827,0.10644891185837829,1.8059381695745351,1.6528925619834767,4,4,1
mmlu_international_law,default,1,8,posterior_mean,121,0.01,0.1,17.355371900826434,3.3057851239669422,41,2.4793388429752095,0.8055511286165006,0.8678318370279384,0.8264462809917439,15,2,1
mmlu_international_law,default,1,8,gaussian_lcb_1.645,121,0.01,0.1,8.264462809917351,2.4793388429752095,27,2.4793388429752095,0.807777246545098,0.8712722010994071,0.8264462809917439,7,1,1
mmlu_international_law,default,1,9,posterior_mean,121,0.01,0.1,36.363636363636274,5.785123966942141,62,4.958677685950407,0.433587060183602,1.2600333411753444,1.6528925619834767,21,5,1
mmlu_international_law,default,1,9,gaussian_lcb_1.645,121,0.01,0.1,9.090909090909062,2.4793388429751984,28,1.6528925619834656,0.25236082336007154,1.0788071043518161,0.8264462809917439,9,0,0
mmlu_international_law,default,1,10,posterior_mean,121,0.01,0.1,46.2809917355371,4.1322314049586755,67,4.1322314049586755,1.569514326839642,2.3959606078313795,3.3057851239669422,30,6,1
mmlu_international_law,default,1,10,gaussian_lcb_1.645,121,0.01,0.1,23.14049586776854,4.1322314049586755,32,2.4793388429752095,1.642369095411916,2.468815376403653,3.3057851239669422,15,4,1
mmlu_international_law,default,1,11,posterior_mean,121,0.01,0.1,57.85123966942145,10.743801652892559,60,9.917355371900827,0.40424277839754763,1.6795047899480675,1.6528925619834767,21,10,1
mmlu_international_law,default,1,11,gaussian_lcb_1.645,121,0.01,0.1,21.487603305785107,4.958677685950407,27,4.958677685950407,0.39027894775452937,1.6695884464479533,1.6528925619834767,9,5,1
mmlu_international_law,default,1,12,posterior_mean,121,0.01,0.1,23.140495867768564,3.3057851239669422,45,3.3057851239669422,2.499525685100438,2.6088078379588495,1.6528925619834767,19,2,1
mmlu_international_law,default,1,12,gaussian_lcb_1.645,121,0.01,0.1,12.396694214876025,3.3057851239669422,15,3.3057851239669422,2.5157156336720536,2.676198498888203,1.6528925619834767,7,3,1
mmlu_international_law,default,1,13,posterior_mean,121,0.01,0.1,30.578512396694148,8.264462809917351,59,7.438016528925617,0.7281429370084492,1.5545892180001903,0.8264462809917439,23,3,1
mmlu_international_law,default,1,13,gaussian_lcb_1.645,121,0.01,0.1,5.7851239669421295,2.4793388429751984,17,1.6528925619834656,0.7196432140083509,1.5460894950000919,0.8264462809917439,6,0,0
mmlu_international_law,default,1,14,posterior_mean,121,0.01,0.1,51.239669421487555,9.917355371900827,51,9.917355371900827,1.1362308281917606,2.0540491314345632,4.958677685950419,22,9,1
mmlu_international_law,default,1,14,gaussian_lcb_1.645,121,0.01,0.1,7.438016528925607,4.1322314049586755,16,4.1322314049586755,0.002226117928597098,1.4790023956064557,0.8264462809917439,5,1,1
mmlu_international_law,default,1,15,posterior_mean,121,0.01,0.1,13.223140495867735,3.3057851239669422,50,2.4793388429752095,0.8172888413309124,1.6547139311977808,1.6528925619834767,14,1,1
mmlu_international_law,default,1,15,gaussian_lcb_1.645,121,0.01,0.1,1.6528925619834656,0.8264462809917328,10,0.8264462809917328,0.8152650977594605,1.652892561983474,1.6528925619834767,2,0,0
mmlu_international_law,default,1,16,posterior_mean,121,0.01,0.1,32.231404958677636,4.958677685950407,45,4.958677685950407,0.863936130652885,1.6903824116446242,0.8264462809917439,18,6,1
mmlu_international_law,default,1,16,gaussian_lcb_1.645,121,0.01,0.1,22.314049586776854,4.958677685950407,20,4.958677685950407,0.8594838947956909,1.68593017578743,0.8264462809917439,9,5,1
mmlu_international_law,default,1,17,posterior_mean,121,0.01,0.1,37.19008264462816,9.917355371900827,27,9.917355371900827,0.4292360115049829,0.5791954101495808,0.0,13,5,1
mmlu_international_law,default,1,17,gaussian_lcb_1.645,121,0.01,0.1,11.570247933884303,7.438016528925617,7,7.438016528925617,0.4247837756477878,0.578993035792435,0.0,3,2,1
mmlu_international_law,default,1,18,posterior_mean,121,0.01,0.1,14.876033057851213,7.438016528925617,30,7.438016528925617,0.023677799785989034,0.8501240807777334,0.8264462809917439,8,2,1
mmlu_international_law,default,1,18,gaussian_lcb_1.645,121,0.01,0.1,1.6528925619834656,0.8264462809917328,16,0.8264462809917328,0.01882081521450419,0.8452670962062486,0.8264462809917439,2,0,0
mmlu_international_law,default,1,19,posterior_mean,121,0.01,0.1,13.223140495867735,3.3057851239669422,29,2.4793388429752095,0.8207292054023814,1.6471754863941224,1.6528925619834767,10,1,1
mmlu_international_law,default,1,19,gaussian_lcb_1.645,121,0.01,0.1,1.6528925619834656,0.8264462809917328,13,0.8264462809917328,0.8170864669737675,1.6435327479655084,1.6528925619834767,2,0,0
mmlu_jurisprudence,dataset,1,0,posterior_mean,108,0.01,0.1,33.3333333333332,8.333333333333325,46,8.333333333333325,0.09017934257989092,1.057511558197432,1.851851851851849,18,4,1
mmlu_jurisprudence,dataset,1,0,gaussian_lcb_1.645,108,0.01,0.1,13.888888888888818,2.777777777777768,28,2.777777777777768,0.0782401056749481,1.046588426560995,1.851851851851849,10,2,1
mmlu_jurisprudence,dataset,1,1,posterior_mean,108,0.01,0.1,125.92592592592588,18.518518518518512,102,18.518518518518512,1.1489610323629513,1.8637910887567972,1.851851851851849,43,14,1
mmlu_jurisprudence,dataset,1,1,gaussian_lcb_1.645,108,0.01,0.1,35.185185185185176,7.4074074074074066,40,7.4074074074074066,1.093837321546511,1.84423106233806,1.851851851851849,17,3,1
mmlu_jurisprudence,dataset,1,2,posterior_mean,108,0.01,0.1,126.85185185185186,11.111111111111105,81,9.259259259259256,1.3692018493115816,2.2773459330386636,0.92592592592593,29,15,1
mmlu_jurisprudence,dataset,1,2,gaussian_lcb_1.645,108,0.01,0.1,44.44444444444443,9.259259259259256,33,9.259259259259256,1.3874917441446857,2.2986841436772845,0.92592592592593,11,5,1
mmlu_jurisprudence,dataset,1,3,posterior_mean,108,0.01,0.1,35.18518518518516,9.259259259259256,59,7.4074074074074066,1.0260122948737482,1.0260122948737482,0.0,18,3,1
mmlu_jurisprudence,dataset,1,3,gaussian_lcb_1.645,108,0.01,0.1,10.185185185185164,1.851851851851849,33,1.851851851851849,1.0755474267134069,1.0755474267134069,0.0,7,0,0
mmlu_jurisprudence,dataset,1,4,posterior_mean,108,0.01,0.1,39.81481481481468,9.259259259259256,67,9.259259259259256,0.19788650104150932,0.9447238733932873,0.92592592592593,25,3,1
mmlu_jurisprudence,dataset,1,4,gaussian_lcb_1.645,108,0.01,0.1,11.11111111111105,2.777777777777768,27,2.777777777777768,0.006096631611035508,0.9320225575369647,0.92592592592593,9,1,1
mmlu_jurisprudence,dataset,1,5,posterior_mean,108,0.01,0.1,31.481481481481477,12.962962962962965,38,11.111111111111116,1.1159376111365127,1.1159376111365127,0.0,14,2,1
mmlu_jurisprudence,dataset,1,5,gaussian_lcb_1.645,108,0.01,0.1,4.629629629629606,1.851851851851849,19,1.851851851851849,0.6180460295686602,1.1283849006757094,0.0,4,0,0
mmlu_jurisprudence,dataset,1,6,posterior_mean,108,0.01,0.1,40.7407407407408,2.777777777777779,61,2.777777777777779,0.029975105420921546,0.029975105420921546,0.0,28,5,1
mmlu_jurisprudence,dataset,1,6,gaussian_lcb_1.645,108,0.01,0.1,21.296296296296337,2.777777777777779,31,2.777777777777779,0.014225473759081403,0.014225473759081403,0.0,16,2,1
mmlu_jurisprudence,dataset,1,7,posterior_mean,108,0.01,0.1,45.3703703703704,8.333333333333337,60,8.333333333333337,0.5705431082660115,1.2180561906213465,0.0,23,6,1
mmlu_jurisprudence,dataset,1,7,gaussian_lcb_1.645,108,0.01,0.1,7.407407407407396,1.851851851851849,24,1.851851851851849,0.5281207133058948,1.1962099273484728,0.0,5,0,0
mmlu_jurisprudence,dataset,1,8,posterior_mean,108,0.01,0.1,35.185185185185084,3.703703703703698,58,2.777777777777768,0.793832241020173,0.8039932937052311,0.0,20,3,1
mmlu_jurisprudence,dataset,1,8,gaussian_lcb_1.645,108,0.01,0.1,18.51851851851848,3.703703703703698,26,2.777777777777768,0.7943402936544255,0.8050093989737367,0.0,10,1,1
mmlu_jurisprudence,dataset,1,9,posterior_mean,108,0.01,0.1,22.22222222222222,2.777777777777779,33,2.777777777777779,0.019560026418737178,0.019560026418737178,0.0,14,2,1
mmlu_jurisprudence,dataset,1,9,gaussian_lcb_1.645,108,0.01,0.1,11.111111111111116,2.777777777777779,17,2.777777777777779,0.00838286846517309,0.00838286846517309,0.0,6,3,1
mmlu_jurisprudence,dataset,1,10,posterior_mean,108,0.01,0.1,59.25925925925923,9.259259259259256,54,9.259259259259256,1.0072143474063875,1.633643245440227,0.0,21,5,1
mmlu_jurisprudence,dataset,1,10,gaussian_lcb_1.645,108,0.01,0.1,5.555555555555536,1.851851851851849,14,1.851851851851849,0.9518366102728213,1.6120510084844786,0.0,4,0,0
mmlu_jurisprudence,dataset,1,11,posterior_mean,108,0.01,0.1,18.51851851851848,2.777777777777779,47,2.777777777777779,0.1506376060559878,0.6454808718183234,0.0,14,2,1
mmlu_jurisprudence,dataset,1,11,gaussian_lcb_1.645,108,0.01,0.1,12.037037037037013,2.777777777777779,25,2.777777777777779,0.13615810597977984,0.6310013717421155,0.0,9,1,1
mmlu_jurisprudence,dataset,1,12,posterior_mean,108,0.01,0.1,19.444444444444386,5.5555555555555465,34,5.5555555555555465,0.040898237057358656,0.9884163999390362,0.92592592592593,13,1,1
mmlu_jurisprudence,dataset,1,12,gaussian_lcb_1.645,108,0.01,0.1,10.18518518518514,1.851851851851849,20,1.851851851851849,0.0386120002032209,0.9866382157191511,0.92592592592593,9,0,0
mmlu_jurisprudence,dataset,1,13,posterior_mean,108,0.01,0.1,25.92592592592591,4.629629629629628,60,2.777777777777779,1.1103490321597325,2.396230249453843,1.851851851851849,18,2,1
mmlu_jurisprudence,dataset,1,13,gaussian_lcb_1.645,108,0.01,0.1,9.259259259259256,1.851851851851849,34,1.851851851851849,1.0831682162272025,2.3947060915510843,1.851851851851849,8,0,0
mmlu_jurisprudence,dataset,1,14,posterior_mean,108,0.01,0.1,33.33333333333328,16.666666666666664,37,15.740740740740744,0.10465884265610023,0.6927297668038455,0.0,13,1,1
mmlu_jurisprudence,dataset,1,14,gaussian_lcb_1.645,108,0.01,0.1,7.407407407407385,1.851851851851849,19,1.851851851851849,0.09602194787379886,0.6858710562414293,0.0,5,0,0
mmlu_jurisprudence,dataset,1,15,posterior_mean,108,0.01,0.1,62.962962962962855,4.629629629629628,57,4.629629629629628,2.4897119341563765,2.4897119341563765,0.0,29,13,1
mmlu_jurisprudence,dataset,1,15,gaussian_lcb_1.645,108,0.01,0.1,20.37037037037035,3.703703703703698,19,3.703703703703698,2.498602855255802,2.498602855255802,0.0,10,4,1
mmlu_jurisprudence,dataset,1,16,posterior_mean,108,0.01,0.1,115.74074074074075,21.29629629629629,60,21.29629629629629,0.31854900167657113,0.31854900167657113,0.0,26,12,1
mmlu_jurisprudence,dataset,1,16,gaussian_lcb_1.645,108,0.01,0.1,35.18518518518518,10.185185185185187,18,10.185185185185187,0.2690138698369153,0.2690138698369153,0.0,7,3,1
mmlu_jurisprudence,dataset,1,17,posterior_mean,108,0.01,0.1,9.259259259259188,0.9259259259259189,33,0.9259259259259189,0.8918863994309719,1.817812325356906,1.851851851851849,10,0,0
mmlu_jurisprudence,dataset,1,17,gaussian_lcb_1.645,108,0.01,0.1,5.555555555555514,0.9259259259259189,17,0.9259259259259189,0.8936645836508572,1.8195905095767917,1.851851851851849,6,0,0
mmlu_jurisprudence,dataset,1,18,posterior_mean,108,0.01,0.1,23.148148148148127,2.777777777777779,26,2.777777777777779,0.016003657978966173,0.016003657978966173,0.0,13,2,1
mmlu_jurisprudence,dataset,1,18,gaussian_lcb_1.645,108,0.01,0.1,3.703703703703698,1.851851851851849,4,1.851851851851849,0.0010161052685060117,0.0010161052685060117,0.0,2,0,0
mmlu_jurisprudence,dataset,1,19,posterior_mean,108,0.01,0.1,40.74074074074067,11.111111111111105,51,10.185185185185174,1.262002743484227,1.3074734542498625,1.851851851851849,14,4,1
mmlu_jurisprudence,dataset,1,19,gaussian_lcb_1.645,108,0.01,0.1,13.88888888888884,5.555555555555558,31,4.629629629629628,1.2076411116191674,1.2950261647106671,1.851851851851849,9,1,1
mmlu_jurisprudence,default,1,0,posterior_mean,108,0.01,0.1,12.03703703703699,2.777777777777779,54,1.851851851851849,0.5088147132042885,1.1248285322359421,1.851851851851849,12,0,0
mmlu_jurisprudence,default,1,0,gaussian_lcb_1.645,108,0.01,0.1,5.555555555555514,0.9259259259259189,16,0.9259259259259189,0.12269471117207635,1.0897729004724914,1.851851851851849,6,0,0
mmlu_jurisprudence,default,1,1,posterior_mean,108,0.01,0.1,38.888888888888864,9.259259259259256,38,8.333333333333337,1.564040034547576,2.1068942742468115,1.851851851851849,16,3,1
mmlu_jurisprudence,default,1,1,gaussian_lcb_1.645,108,0.01,0.1,23.148148148148117,9.259259259259256,22,8.333333333333337,1.4362647970329685,2.3728598282782096,1.851851851851849,8,2,1
mmlu_jurisprudence,default,1,2,posterior_mean,108,0.01,0.1,41.66666666666665,19.444444444444443,40,18.518518518518512,1.4461718234009076,2.8699893308946804,0.0,12,4,1
mmlu_jurisprudence,default,1,2,gaussian_lcb_1.645,108,0.01,0.1,16.666666666666675,6.481481481481488,14,6.481481481481488,0.9663161103490321,3.0917543057460746,0.0,5,2,1
mmlu_jurisprudence,default,1,3,posterior_mean,108,0.01,0.1,68.51851851851849,18.518518518518512,57,16.666666666666664,1.8437230097038038,2.3233246964385503,1.851851851851849,25,8,1
mmlu_jurisprudence,default,1,3,gaussian_lcb_1.645,108,0.01,0.1,12.037037037037024,2.777777777777779,19,2.777777777777779,1.7113752984809203,2.310623380582229,1.851851851851849,7,1,1
mmlu_jurisprudence,default,1,4,posterior_mean,108,0.01,0.1,67.5925925925926,11.111111111111105,77,10.185185185185187,1.2708936645836486,1.8106995884773671,1.851851851851849,23,7,1
mmlu_jurisprudence,default,1,4,gaussian_lcb_1.645,108,0.01,0.1,39.8148148148148,11.111111111111105,49,10.185185185185187,1.1901132957374339,1.8005385357923078,1.851851851851849,15,4,1
mmlu_jurisprudence,default,1,5,posterior_mean,108,0.01,0.1,28.70370370370362,8.333333333333337,47,7.4074074074074066,1.3598028755779128,1.374028349336994,1.851851851851849,17,3,1
mmlu_jurisprudence,default,1,5,gaussian_lcb_1.645,108,0.01,0.1,15.74074074074071,7.4074074074074066,17,4.629629629629639,1.7982522989381649,2.7531372250165114,1.851851851851849,6,4,1
mmlu_jurisprudence,default,1,6,posterior_mean,108,0.01,0.1,17.59259259259256,3.703703703703698,24,3.703703703703698,0.02616471066402527,0.5011939236904974,0.0,10,2,1
mmlu_jurisprudence,default,1,6,gaussian_lcb_1.645,108,0.01,0.1,5.5555555555555465,1.851851851851849,10,1.851851851851849,0.08306660570035107,0.5580958187268235,0.0,5,0,0
mmlu_jurisprudence,default,1,7,posterior_mean,108,0.01,0.1,24.074074074074048,2.777777777777779,52,2.777777777777779,0.7300716354214287,0.7803688462124669,1.851851851851849,19,1,1
mmlu_jurisprudence,default,1,7,gaussian_lcb_1.645,108,0.01,0.1,10.185185185185153,2.777777777777779,20,2.777777777777779,0.8735965045978759,0.9393893207336277,1.851851851851849,7,1,1
mmlu_jurisprudence,default,1,8,posterior_mean,108,0.01,0.1,25.0,9.259259259259256,38,9.259259259259256,0.35589087029416433,0.9180511100950091,0.92592592592593,15,1,1
mmlu_jurisprudence,default,1,8,gaussian_lcb_1.645,108,0.01,0.1,8.333333333333337,1.851851851851849,17,1.851851851851849,0.3528425544886464,0.9155108469237441,0.92592592592593,6,0,0
mmlu_jurisprudence,default,1,9,posterior_mean,108,0.01,0.1,20.370370370370384,3.703703703703698,35,2.777777777777779,1.191383427323071,1.191383427323071,0.92592592592593,16,1,1
mmlu_jurisprudence,default,1,9,gaussian_lcb_1.645,108,0.01,0.1,6.481481481481488,2.777777777777779,13,1.851851851851849,1.1763958746126093,1.1763958746126093,0.92592592592593,6,0,0
mmlu_jurisprudence,default,1,10,posterior_mean,108,0.01,0.1,31.48148148148143,7.4074074074074066,56,6.481481481481488,1.1250825585530608,2.049738352893359,0.0,18,3,1
mmlu_jurisprudence,default,1,10,gaussian_lcb_1.645,108,0.01,0.1,3.703703703703698,1.851851851851849,14,1.851851851851849,0.2728242645938125,2.038053142305542,0.0,3,0,0
mmlu_jurisprudence,default,1,11,posterior_mean,108,0.01,0.1,60.185185185185134,12.962962962962955,50,12.962962962962955,1.0130569527003,1.6483767718335662,0.92592592592593,19,6,1
mmlu_jurisprudence,default,1,11,gaussian_lcb_1.645,108,0.01,0.1,27.777777777777757,7.4074074074074066,24,7.4074074074074066,0.7404867144236139,1.6664126403495443,0.92592592592593,7,3,1
mmlu_jurisprudence,default,1,12,posterior_mean,108,0.01,0.1,37.96296296296296,8.333333333333337,60,5.555555555555558,1.4606513234771086,2.0395773002083017,2.777777777777779,26,2,1
mmlu_jurisprudence,default,1,12,gaussian_lcb_1.645,108,0.01,0.1,7.407407407407418,2.777777777777779,17,2.777777777777779,1.212721637961693,2.2440684854950974,2.777777777777779,6,1,1
mmlu_jurisprudence,default,1,13,posterior_mean,108,0.01,0.1,32.407407407407376,7.4074074074074066,44,7.4074074074074066,0.6508154244779767,1.2152619011329608,0.92592592592593,17,4,1
mmlu_jurisprudence,default,1,13,gaussian_lcb_1.645,108,0.01,0.1,6.481481481481466,1.851851851851849,9,1.851851851851849,0.30330742264898575,1.229487374892042,0.92592592592593,4,0,0
mmlu_jurisprudence,default,1,14,posterior_mean,108,0.01,0.1,27.77777777777772,3.703703703703698,40,3.703703703703698,0.4458161865569275,0.4458161865569275,0.0,17,1,1
mmlu_jurisprudence,default,1,14,gaussian_lcb_1.645,108,0.01,0.1,10.185185185185174,3.703703703703698,17,3.703703703703698,0.4384494233602614,0.4384494233602614,0.0,6,1,1
mmlu_jurisprudence,default,1,15,posterior_mean,108,0.01,0.1,32.407407407407405,9.259259259259256,22,9.259259259259256,0.31499263323680504,0.31499263323680504,0.92592592592593,11,3,1
mmlu_jurisprudence,default,1,15,gaussian_lcb_1.645,108,0.01,0.1,2.777777777777779,1.851851851851849,4,1.851851851851849,0.2954326068180674,0.2954326068180674,0.92592592592593,2,0,0
mmlu_jurisprudence,default,1,16,posterior_mean,108,0.01,0.1,34.25925925925928,10.185185185185187,25,8.333333333333337,1.046080373926738,1.1421023218005377,0.0,8,5,1
mmlu_jurisprudence,default,1,16,gaussian_lcb_1.645,108,0.01,0.1,1.85185185185186,0.92592592592593,7,0.92592592592593,0.012193263222069857,1.1146674795508806,0.0,2,0,0
mmlu_jurisprudence,default,1,17,posterior_mean,108,0.01,0.1,50.92592592592593,9.259259259259256,40,9.259259259259256,1.8963064573489816,1.8963064573489816,0.92592592592593,19,7,1
mmlu_jurisprudence,default,1,17,gaussian_lcb_1.645,108,0.01,0.1,26.851851851851837,2.777777777777779,30,2.777777777777779,1.9029111415942694,1.9029111415942694,0.92592592592593,14,3,1
mmlu_jurisprudence,default,1,18,posterior_mean,108,0.01,0.1,7.407407407407396,1.851851851851849,10,1.851851851851849,0.7224508459076345,1.3379566123050373,0.0,5,0,0
mmlu_jurisprudence,default,1,18,gaussian_lcb_1.645,108,0.01,0.1,2.777777777777768,1.851851851851849,3,1.851851851851849,0.47934766041761634,1.3857135599248107,1.851851851851849,2,0,0
mmlu_jurisprudence,default,1,19,posterior_mean,108,0.01,0.1,23.148148148148152,3.703703703703698,37,3.703703703703698,2.1973276431438302,2.1993598536808414,1.851851851851849,13,3,1
mmlu_jurisprudence,default,1,19,gaussian_lcb_1.645,108,0.01,0.1,3.703703703703709,1.851851851851849,13,1.851851851851849,1.1906213483716939,2.226032616979119,1.851851851851849,3,0,0
mmlu_logical_fallacies,dataset,1,0,posterior_mean,163,0.01,0.1,73.61963190184045,11.65644171779141,86,10.429447852760731,0.7546528047864224,0.7546528047864224,0.0,37,8,1
mmlu_logical_fallacies,dataset,1,0,gaussian_lcb_1.645,163,0.01,0.1,20.858895705521462,2.4539877300613466,39,2.4539877300613466,0.7273305146766736,0.7273305146766736,0.0,16,1,1
mmlu_logical_fallacies,dataset,1,1,posterior_mean,163,0.01,0.1,67.48466257668724,7.975460122699385,63,7.361963190184051,0.17831976279791523,0.6939582888997591,0.0,30,8,1
mmlu_logical_fallacies,dataset,1,1,gaussian_lcb_1.645,163,0.01,0.1,22.699386503067554,6.748466257668717,35,5.521472392638039,0.07650241230729744,0.6695355071281855,0.0,17,1,1
mmlu_logical_fallacies,dataset,1,2,posterior_mean,163,0.01,0.1,90.18404907975459,12.269938650306745,69,12.269938650306745,0.06367766388843718,0.7917051757617843,0.0,30,19,1
mmlu_logical_fallacies,dataset,1,2,gaussian_lcb_1.645,163,0.01,0.1,14.110429447852779,3.0674846625766916,25,3.0674846625766916,0.0035686256469881295,0.7692897459166421,0.0,8,1,1
mmlu_logical_fallacies,dataset,1,3,posterior_mean,163,0.01,0.1,196.93251533742333,13.496932515337424,140,10.429447852760731,1.4046445105197787,2.973278521473781,1.8404907975460127,57,29,1
mmlu_logical_fallacies,dataset,1,3,gaussian_lcb_1.645,163,0.01,0.1,33.74233128834355,7.361963190184051,30,6.134969325153373,0.6189892704251545,2.4215913003597844,1.8404907975460127,15,5,1
mmlu_logical_fallacies,dataset,1,4,posterior_mean,163,0.01,0.1,133.74233128834356,11.65644171779141,137,11.65644171779141,0.22738836544399416,1.1871256253807365,0.6134969325153339,60,13,1
mmlu_logical_fallacies,dataset,1,4,gaussian_lcb_1.645,163,0.01,0.1,50.92024539877298,7.36196319018404,71,7.36196319018404,0.20006607533424647,1.160026374373925,0.6134969325153339,31,6,1
mmlu_logical_fallacies,dataset,1,5,posterior_mean,163,0.01,0.1,88.34355828220849,10.429447852760731,89,8.588957055214719,0.5032877357767256,1.7302816008074016,1.2269938650306789,39,8,1
mmlu_logical_fallacies,dataset,1,5,gaussian_lcb_1.645,163,0.01,0.1,22.085889570552098,1.8404907975460127,45,1.8404907975460127,0.39411009488919807,1.6211039599198749,1.2269938650306789,20,0,0
mmlu_logical_fallacies,dataset,1,6,posterior_mean,163,0.01,0.1,104.29447852760741,12.883435582822077,104,12.269938650306745,0.5404795061914246,1.821197915141984,1.8404907975460127,41,12,1
mmlu_logical_fallacies,dataset,1,6,gaussian_lcb_1.645,163,0.01,0.1,11.656441717791433,3.0674846625766916,24,1.8404907975460127,0.18796620399992783,1.791756753554337,1.8404907975460127,8,0,0
mmlu_logical_fallacies,dataset,1,7,posterior_mean,163,0.01,0.1,133.12883435582822,12.269938650306756,100,11.042944785276077,1.1806017316198383,2.2403441493358334,1.2269938650306789,41,11,1
mmlu_logical_fallacies,dataset,1,7,gaussian_lcb_1.645,163,0.01,0.1,34.35582822085892,6.748466257668717,45,5.521472392638039,0.8903163391476877,2.3571051197232116,1.2269938650306789,18,4,1
mmlu_logical_fallacies,dataset,1,8,posterior_mean,163,0.01,0.1,127.60736196319004,11.65644171779141,140,11.042944785276065,0.4605757475643432,1.9784683626002415,2.4539877300613466,62,13,1
mmlu_logical_fallacies,dataset,1,8,gaussian_lcb_1.645,163,0.01,0.1,12.269938650306699,3.0674846625766805,24,3.0674846625766805,0.27489569436951583,1.9717771895121383,2.4539877300613466,9,2,1
mmlu_logical_fallacies,dataset,1,9,posterior_mean,163,0.01,0.1,84.66257668711664,12.88343558282209,78,12.88343558282209,0.39221426251423797,1.7026247520432496,0.6134969325153339,33,9,1
mmlu_logical_fallacies,dataset,1,9,gaussian_lcb_1.645,163,0.01,0.1,8.588957055214763,1.2269938650306789,37,1.2269938650306789,0.012378670212988118,1.6811014786098544,0.6134969325153339,12,0,0
mmlu_logical_fallacies,dataset,1,10,posterior_mean,163,0.01,0.1,81.59509202453997,12.269938650306745,63,12.269938650306745,0.2301205944549678,0.8146503234763953,0.6134969325153339,31,9,1
mmlu_logical_fallacies,dataset,1,10,gaussian_lcb_1.645,163,0.01,0.1,1.2269938650306789,0.613496932515345,5,0.613496932515345,0.20904339922744733,0.7946883237635585,0.6134969325153339,2,0,0
mmlu_logical_fallacies,dataset,1,11,posterior_mean,163,0.01,0.1,148.46625766871182,11.042944785276077,124,11.042944785276077,0.4869501214866149,1.9420851089336966,1.2269938650306789,55,22,1
mmlu_logical_fallacies,dataset,1,11,gaussian_lcb_1.645,163,0.01,0.1,24.5398773006136,3.0674846625766916,41,3.0674846625766916,0.1923154665071941,1.6923928331960276,1.2269938650306789,17,5,1
mmlu_logical_fallacies,dataset,1,12,posterior_mean,163,0.01,0.1,199.38650306748474,12.269938650306756,123,12.269938650306756,0.3507289893680035,1.191837326430269,1.2269938650306789,58,23,1
mmlu_logical_fallacies,dataset,1,12,gaussian_lcb_1.645,163,0.01,0.1,38.036809815950946,7.975460122699385,41,7.975460122699385,0.049904999282092966,1.1495714164237587,1.2269938650306789,18,4,1
mmlu_logical_fallacies,dataset,1,13,posterior_mean,163,0.01,0.1,172.39263803680976,11.65644171779141,116,11.042944785276077,0.42271485984083046,1.8849870985818884,1.8404907975460127,39,22,1
mmlu_logical_fallacies,dataset,1,13,gaussian_lcb_1.645,163,0.01,0.1,12.269938650306722,6.134969325153373,42,5.521472392638039,0.38000287162844876,1.8424981494724433,1.8404907975460127,11,1,1
mmlu_logical_fallacies,dataset,1,14,posterior_mean,163,0.01,0.1,173.61963190184062,10.429447852760742,128,9.815950920245397,0.6142218095998845,2.2094253536912336,0.6134969325153339,62,30,1
mmlu_logical_fallacies,dataset,1,14,gaussian_lcb_1.645,163,0.01,0.1,35.58282208588963,6.7484662576687064,46,4.907975460122693,0.40724152207459763,2.167940080544999,0.6134969325153339,22,5,1
mmlu_logical_fallacies,dataset,1,15,posterior_mean,163,0.01,0.1,152.1472392638037,12.88343558282209,119,12.88343558282209,2.443058814017451,3.946091448820177,1.8404907975460127,47,18,1
mmlu_logical_fallacies,dataset,1,15,gaussian_lcb_1.645,163,0.01,0.1,45.39877300613493,12.269938650306745,35,12.269938650306745,2.179705393224914,3.943303460033469,1.8404907975460127,14,6,1
mmlu_logical_fallacies,dataset,1,16,posterior_mean,163,0.01,0.1,100.00000000000007,11.042944785276077,99,11.042944785276077,0.41669280406154496,1.5375479359822029,1.2269938650306789,36,10,1
mmlu_logical_fallacies,dataset,1,16,gaussian_lcb_1.645,163,0.01,0.1,14.110429447852779,1.8404907975460127,39,1.8404907975460127,0.10187311026635118,1.5095565285636425,1.2269938650306789,14,0,0
mmlu_logical_fallacies,dataset,1,17,posterior_mean,163,0.01,0.1,63.19018404907971,9.815950920245397,81,9.815950920245397,0.3309900287581041,1.4765188614411433,1.8404907975460127,31,5,1
mmlu_logical_fallacies,dataset,1,17,gaussian_lcb_1.645,163,0.01,0.1,3.6809815950920033,0.6134969325153339,25,0.6134969325153339,0.23904215857243713,1.4660360236031174,1.8404907975460127,6,0,0
mmlu_logical_fallacies,dataset,1,18,posterior_mean,163,0.01,0.1,67.48466257668723,9.202453987730063,113,9.202453987730063,0.18620977106430192,1.712271193245262,0.6134969325153339,44,8,1
mmlu_logical_fallacies,dataset,1,18,gaussian_lcb_1.645,163,0.01,0.1,14.110429447852802,1.8404907975460127,41,1.8404907975460127,0.15007743638855223,1.6772540540841965,0.6134969325153339,17,0,0
mmlu_logical_fallacies,dataset,1,19,posterior_mean,163,0.01,0.1,153.3742331288344,14.110429447852757,112,14.110429447852757,0.35585888873554933,1.472838716242687,0.6134969325153339,49,19,1
mmlu_logical_fallacies,dataset,1,19,gaussian_lcb_1.645,163,0.01,0.1,33.74233128834355,6.7484662576687064,41,6.7484662576687064,0.2761224094356689,1.3982321363103523,0.6134969325153339,18,4,1
mmlu_logical_fallacies,default,1,0,posterior_mean,163,0.01,0.1,69.32515337423311,7.975460122699385,87,6.7484662576687064,0.5041798921884738,1.9018265508536127,1.8404907975460127,37,12,1
mmlu_logical_fallacies,default,1,0,gaussian_lcb_1.645,163,0.01,0.1,15.95092024539877,4.294478527607359,28,4.294478527607359,0.263130381689604,1.8729429870233054,1.8404907975460127,10,2,1
mmlu_logical_fallacies,default,1,1,posterior_mean,163,0.01,0.1,106.13496932515338,14.723926380368102,85,12.88343558282209,1.300931327654204,1.526507500386833,1.8404907975460127,40,11,1
mmlu_logical_fallacies,default,1,1,gaussian_lcb_1.645,163,0.01,0.1,29.447852760736193,8.58895705521473,35,8.58895705521473,0.8968402329085898,1.5103371654239202,1.8404907975460127,17,3,1
mmlu_logical_fallacies,default,1,2,posterior_mean,163,0.01,0.1,109.20245398773017,13.496932515337424,78,11.65644171779141,0.13884184157811383,1.8743369814166662,0.6134969325153339,36,14,1
mmlu_logical_fallacies,default,1,2,gaussian_lcb_1.645,163,0.01,0.1,38.03680981595095,6.134969325153373,32,6.134969325153373,0.11609185307856676,1.851810032020056,0.6134969325153339,13,7,1
mmlu_logical_fallacies,default,1,3,posterior_mean,163,0.01,0.1,72.39263803680971,7.975460122699385,83,7.975460122699385,0.20536325402899033,1.692504352747489,1.8404907975460127,28,8,1
mmlu_logical_fallacies,default,1,3,gaussian_lcb_1.645,163,0.01,0.1,8.588957055214708,4.907975460122705,31,4.907975460122705,0.05235842941439688,1.6726538725861215,1.8404907975460127,6,1,1
mmlu_logical_fallacies,default,1,4,posterior_mean,163,0.01,0.1,71.16564417177909,11.042944785276065,56,11.042944785276065,0.29747840354186,1.6390307278184053,1.2269938650306789,21,11,1
mmlu_logical_fallacies,default,1,4,gaussian_lcb_1.645,163,0.01,0.1,28.22085889570549,6.134969325153373,28,6.134969325153373,0.05352938470481458,1.4861374227552837,1.2269938650306789,8,5,1
mmlu_logical_fallacies,default,1,5,posterior_mean,163,0.01,0.1,88.95705521472384,11.042944785276065,107,10.429447852760731,1.2503014512875643,3.1047600726549787,2.4539877300613466,51,6,1
mmlu_logical_fallacies,default,1,5,gaussian_lcb_1.645,163,0.01,0.1,38.650306748466235,10.429447852760731,43,10.429447852760731,0.8918776128682383,3.1074365418902166,2.4539877300613466,22,2,1
mmlu_logical_fallacies,default,1,6,posterior_mean,163,0.01,0.1,48.46625766871158,11.65644171779141,61,10.429447852760731,0.886524674397763,1.629272767064928,1.8404907975460127,23,4,1
mmlu_logical_fallacies,default,1,6,gaussian_lcb_1.645,163,0.01,0.1,7.975460122699374,3.0674846625766916,14,1.8404907975460127,0.8511172168065567,1.6150540242527087,1.2269938650306789,6,0,0
mmlu_logical_fallacies,default,1,7,posterior_mean,163,0.01,0.1,30.061349693251525,10.429447852760742,72,9.202453987730063,0.5035107748796657,1.8451746187076834,1.8404907975460127,18,2,1
mmlu_logical_fallacies,default,1,7,gaussian_lcb_1.645,163,0.01,0.1,3.6809815950920255,1.8404907975460127,20,1.2269938650306789,0.18880260063594106,1.8397101606857336,1.8404907975460127,4,0,0
mmlu_logical_fallacies,default,1,8,posterior_mean,163,0.01,0.1,75.46012269938646,19.631901840490794,91,18.404907975460127,0.1456445342176829,2.1372722038911944,2.4539877300613466,33,8,1
mmlu_logical_fallacies,default,1,8,gaussian_lcb_1.645,163,0.01,0.1,4.294478527607348,1.2269938650306789,28,1.2269938650306789,0.11631489218150295,2.118313880141572,2.4539877300613466,6,0,0
mmlu_logical_fallacies,default,1,9,posterior_mean,163,0.01,0.1,118.4049079754601,11.65644171779141,111,11.65644171779141,2.2154474094705203,3.8910286702826857,1.8404907975460127,43,15,1
mmlu_logical_fallacies,default,1,9,gaussian_lcb_1.645,163,0.01,0.1,39.877300613496914,10.429447852760731,30,8.58895705521473,2.206525845353051,3.882107106165217,1.8404907975460127,14,5,1
mmlu_logical_fallacies,default,1,10,posterior_mean,163,0.01,0.1,82.82208588957059,9.815950920245397,77,9.202453987730063,0.3562492071656888,0.3562492071656888,0.6134969325153339,37,15,1
mmlu_logical_fallacies,default,1,10,gaussian_lcb_1.645,163,0.01,0.1,18.404907975460116,3.6809815950920255,27,3.6809815950920255,0.32747716288685075,0.32747716288685075,0.6134969325153339,14,1,1
mmlu_logical_fallacies,default,1,11,posterior_mean,163,0.01,0.1,112.26993865030674,11.65644171779141,79,11.042944785276077,0.5355726459268159,2.0024171862780733,0.6134969325153339,29,21,1
mmlu_logical_fallacies,default,1,11,gaussian_lcb_1.645,163,0.01,0.1,19.01840490797545,5.521472392638039,22,5.521472392638039,0.35948327415827036,1.89089763480971,0.6134969325153339,7,4,1
mmlu_logical_fallacies,default,1,12,posterior_mean,163,0.01,0.1,61.3496932515337,11.65644171779141,58,11.65644171779141,0.9851079578957928,2.3765931613423037,2.4539877300613466,18,6,1
mmlu_logical_fallacies,default,1,12,gaussian_lcb_1.645,163,0.01,0.1,35.58282208588953,11.65644171779141,30,11.65644171779141,0.7164015986327663,2.374474289864405,2.4539877300613466,13,3,1
mmlu_logical_fallacies,default,1,13,posterior_mean,163,0.01,0.1,65.03067484662576,10.429447852760742,64,10.429447852760742,1.3205587687126357,4.694582798387993,1.2269938650306789,28,7,1
mmlu_logical_fallacies,default,1,13,gaussian_lcb_1.645,163,0.01,0.1,26.99386503067487,10.429447852760742,20,10.429447852760742,0.8992379032651515,4.574030163250687,1.2269938650306789,6,3,1
mmlu_logical_fallacies,default,1,14,posterior_mean,163,0.01,0.1,26.380368098159458,5.521472392638039,56,4.907975460122693,0.9141815231619164,1.969463158819173,2.4539877300613466,26,1,1
mmlu_logical_fallacies,default,1,14,gaussian_lcb_1.645,163,0.01,0.1,9.815950920245397,1.8404907975460127,18,1.8404907975460127,0.4357068875868984,2.147448362962683,2.4539877300613466,10,0,0
mmlu_logical_fallacies,default,1,15,posterior_mean,163,0.01,0.1,125.76687116564425,13.496932515337424,102,13.496932515337424,0.5662962823563507,1.5572590167042342,0.6134969325153339,49,16,1
mmlu_logical_fallacies,default,1,15,gaussian_lcb_1.645,163,0.01,0.1,55.2147239263804,6.7484662576687064,46,6.7484662576687064,0.553360014386021,1.5446573073883099,0.6134969325153339,21,8,1
mmlu_logical_fallacies,default,1,16,posterior_mean,163,0.01,0.1,87.11656441717783,12.269938650306745,67,12.269938650306745,0.14380446161845584,1.2678100208680982,1.2269938650306789,30,7,1
mmlu_logical_fallacies,default,1,16,gaussian_lcb_1.645,163,0.01,0.1,26.99386503067481,6.7484662576687064,28,6.7484662576687064,0.016727932720254187,1.2437217977509325,1.2269938650306789,11,2,1
mmlu_logical_fallacies,default,1,17,posterior_mean,163,0.01,0.1,71.77914110429455,7.975460122699385,79,7.361963190184051,0.722981252169403,2.7199061005376595,2.4539877300613466,38,9,1
mmlu_logical_fallacies,default,1,17,gaussian_lcb_1.645,163,0.01,0.1,25.153374233128865,3.0674846625766916,37,3.0674846625766916,0.9064309143348618,2.0280388032279335,2.4539877300613466,19,3,1
mmlu_logical_fallacies,default,1,18,posterior_mean,163,0.01,0.1,107.36196319018406,9.815950920245397,110,8.588957055214719,0.42968483180760686,1.3689303741620393,0.0,52,16,1
mmlu_logical_fallacies,default,1,18,gaussian_lcb_1.645,163,0.01,0.1,15.950920245398759,3.6809815950920255,33,2.4539877300613466,0.39734416188178046,1.3477416593830491,0.0,15,1,1
mmlu_logical_fallacies,default,1,19,posterior_mean,163,0.01,0.1,65.64417177914109,9.202453987730063,91,7.975460122699385,0.7339101682133048,1.7457549385736362,1.2269938650306789,32,7,1
mmlu_logical_fallacies,default,1,19,gaussian_lcb_1.645,163,0.01,0.1,37.423312883435585,7.975460122699385,52,7.975460122699385,0.7464003579777609,1.7730772286833851,1.2269938650306789,19,4,1
mmlu_machine_learning,dataset,1,0,posterior_mean,112,0.01,0.1,87.50000000000003,3.57142857142857,96,3.57142857142857,0.0772392290249442,1.0933956916099734,0.8928571428571397,44,16,1
mmlu_machine_learning,dataset,1,0,gaussian_lcb_1.645,112,0.01,0.1,29.464285714285722,3.57142857142857,34,3.57142857142857,0.024329176114890914,1.0475718065003736,0.8928571428571397,14,5,1
mmlu_machine_learning,dataset,1,1,posterior_mean,112,0.01,0.1,77.67857142857139,18.75,68,18.75,0.08030990173847394,1.1259920634920593,0.8928571428571397,31,14,1
mmlu_machine_learning,dataset,1,1,gaussian_lcb_1.645,112,0.01,0.1,33.928571428571445,3.57142857142857,38,3.57142857142857,0.02291194255479998,1.070483749055173,0.8928571428571397,17,8,1
mmlu_machine_learning,dataset,1,2,posterior_mean,112,0.01,0.1,71.4285714285714,4.46428571428571,70,4.46428571428571,0.04582388510959921,0.27092781557067264,0.0,31,16,1
mmlu_machine_learning,dataset,1,2,gaussian_lcb_1.645,112,0.01,0.1,16.07142857142857,2.67857142857143,24,2.67857142857143,0.010629251700680431,0.23833144368858677,0.0,9,2,1
mmlu_machine_learning,dataset,1,3,posterior_mean,112,0.01,0.1,53.571428571428555,4.464285714285721,52,4.464285714285721,0.05338246409674953,0.3469860166288733,0.0,21,11,1
mmlu_machine_learning,dataset,1,3,gaussian_lcb_1.645,112,0.01,0.1,17.85714285714285,4.46428571428571,22,4.46428571428571,0.01440854119425541,0.311555177626606,0.0,8,4,1
mmlu_machine_learning,dataset,1,4,posterior_mean,112,0.01,0.1,46.428571428571395,3.57142857142857,58,3.57142857142857,0.02810846560846582,0.31934996220710515,0.0,26,6,1
mmlu_machine_learning,dataset,1,4,gaussian_lcb_1.645,112,0.01,0.1,9.82142857142857,1.7857142857142905,22,1.7857142857142905,0.009448223733938284,0.3049414210128497,0.0,8,0,0
mmlu_machine_learning,dataset,1,5,posterior_mean,112,0.01,0.1,67.85714285714289,3.57142857142857,89,3.57142857142857,0.054091080876795275,0.7818405139833678,0.0,36,11,1
mmlu_machine_learning,dataset,1,5,gaussian_lcb_1.645,112,0.01,0.1,36.60714285714287,3.57142857142857,47,3.57142857142857,0.014880952380952288,0.7440476190476155,0.0,17,7,1
mmlu_machine_learning,dataset,1,6,posterior_mean,112,0.01,0.1,77.67857142857136,3.57142857142857,87,3.57142857142857,0.06401171579742965,0.43745275888133,0.0,40,16,1
mmlu_machine_learning,dataset,1,6,gaussian_lcb_1.645,112,0.01,0.1,32.14285714285713,2.67857142857143,39,2.67857142857143,0.016298185941042903,0.3923374905517763,0.0,18,8,1
mmlu_machine_learning,dataset,1,7,posterior_mean,112,0.01,0.1,69.64285714285707,2.67857142857143,100,2.67857142857143,0.09566326530612218,1.0919784580498828,0.0,39,11,1
mmlu_machine_learning,dataset,1,7,gaussian_lcb_1.645,112,0.01,0.1,34.821428571428555,2.67857142857143,54,2.67857142857143,0.038029100529100426,1.0409580498866173,0.0,17,9,1
mmlu_machine_learning,dataset,1,8,posterior_mean,112,0.01,0.1,59.82142857142845,4.46428571428571,68,4.46428571428571,0.040391156462585155,0.3495842781557075,0.0,31,9,1
mmlu_machine_learning,dataset,1,8,gaussian_lcb_1.645,112,0.01,0.1,15.17857142857142,2.678571428571419,22,2.678571428571419,0.01417233560090709,0.325727513227514,0.0,9,1,1
mmlu_machine_learning,dataset,1,9,posterior_mean,112,0.01,0.1,91.07142857142854,6.25,83,6.25,0.08527021919879027,0.9752928949357481,0.0,37,21,1
mmlu_machine_learning,dataset,1,9,gaussian_lcb_1.645,112,0.01,0.1,43.750000000000014,6.25,49,6.25,0.026218820861677823,0.9228552532123924,0.0,21,11,1
mmlu_machine_learning,dataset,1,10,posterior_mean,112,0.01,0.1,72.32142857142856,6.25,99,6.25,0.05267384731670501,1.1557539682539644,0.8928571428571397,36,11,1
mmlu_machine_learning,dataset,1,10,gaussian_lcb_1.645,112,0.01,0.1,19.64285714285715,3.57142857142857,37,3.57142857142857,0.009920634920634927,1.1139455782312875,0.8928571428571397,11,3,1
mmlu_machine_learning,dataset,1,11,posterior_mean,112,0.01,0.1,86.60714285714285,7.142857142857151,77,7.142857142857151,0.06188586545729414,0.9828514739228984,0.0,32,19,1
mmlu_machine_learning,dataset,1,11,gaussian_lcb_1.645,112,0.01,0.1,18.75,3.57142857142857,31,3.57142857142857,0.012755102040816237,0.94907407407407,0.0,9,4,1
mmlu_machine_learning,dataset,1,12,posterior_mean,112,0.01,0.1,58.92857142857135,4.46428571428571,88,4.46428571428571,0.048658352229780266,0.5449263038548752,0.0,34,8,1
mmlu_machine_learning,dataset,1,12,gaussian_lcb_1.645,112,0.01,0.1,21.428571428571384,4.46428571428571,44,4.46428571428571,0.00968442932728647,0.5139833711262286,0.0,16,1,1
mmlu_machine_learning,dataset,1,13,posterior_mean,112,0.01,0.1,65.17857142857139,4.46428571428571,68,4.46428571428571,0.061177248677248504,0.29124149659863924,0.0,28,15,1
mmlu_machine_learning,dataset,1,13,gaussian_lcb_1.645,112,0.01,0.1,24.107142857142826,3.57142857142857,30,3.57142857142857,0.02173091458805745,0.2598261526832955,0.0,11,5,1
mmlu_machine_learning,dataset,1,14,posterior_mean,112,0.01,0.1,75.89285714285711,21.42857142857143,65,21.42857142857143,0.04700491307634098,0.8588435374149619,0.0,31,11,1
mmlu_machine_learning,dataset,1,14,gaussian_lcb_1.645,112,0.01,0.1,16.071428571428537,3.57142857142857,29,3.57142857142857,0.015353363567649181,0.8286092214663608,0.0,13,2,1
mmlu_machine_learning,dataset,1,15,posterior_mean,112,0.01,0.1,69.64285714285727,4.464285714285721,86,4.464285714285721,0.05291005291005266,0.9708049886621263,0.0,33,12,1
mmlu_machine_learning,dataset,1,15,gaussian_lcb_1.645,112,0.01,0.1,18.750000000000043,3.57142857142857,36,3.57142857142857,0.014172335600907013,0.9391534391534343,0.0,12,1,1
mmlu_machine_learning,dataset,1,16,posterior_mean,112,0.01,0.1,66.07142857142861,3.57142857142857,78,3.57142857142857,0.06590136054421791,1.0643424036281135,0.8928571428571397,36,13,1
mmlu_machine_learning,dataset,1,16,gaussian_lcb_1.645,112,0.01,0.1,32.14285714285716,3.57142857142857,38,3.57142857142857,0.013463718820861994,1.0140306122448934,0.8928571428571397,16,7,1
mmlu_machine_learning,dataset,1,17,posterior_mean,112,0.01,0.1,74.10714285714282,4.46428571428571,94,4.46428571428571,0.07771164021164007,0.4478458049886617,0.0,40,13,1
mmlu_machine_learning,dataset,1,17,gaussian_lcb_1.645,112,0.01,0.1,25.892857142857128,3.57142857142857,38,3.57142857142857,0.026691232048374827,0.4008408919123202,0.0,17,2,1
mmlu_machine_learning,dataset,1,18,posterior_mean,112,0.01,0.1,49.10714285714282,4.46428571428571,66,4.46428571428571,0.03448601662887354,0.24683484504913078,0.0,24,8,1
mmlu_machine_learning,dataset,1,18,gaussian_lcb_1.645,112,0.01,0.1,14.28571428571428,2.67857142857143,26,2.67857142857143,0.012046485260770812,0.22510393046107344,0.0,9,2,1
mmlu_machine_learning,dataset,1,19,posterior_mean,112,0.01,0.1,40.17857142857139,4.46428571428571,43,4.46428571428571,0.029525699168556418,0.2560468631897208,0.0,19,10,1
mmlu_machine_learning,dataset,1,19,gaussian_lcb_1.645,112,0.01,0.1,7.142857142857151,1.7857142857142905,13,1.7857142857142905,0.00472411186696904,0.24045729402872304,0.0,5,0,0
mmlu_machine_learning,default,1,0,posterior_mean,112,0.01,0.1,158.9285714285713,23.214285714285708,111,19.64285714285714,2.040816326530611,3.549933862433853,1.7857142857142905,50,19,1
mmlu_machine_learning,default,1,0,gaussian_lcb_1.645,112,0.01,0.1,31.249999999999943,4.46428571428571,40,3.57142857142857,1.380857898715041,3.208616780045349,2.67857142857143,20,4,1
mmlu_machine_learning,default,1,1,posterior_mean,112,0.01,0.1,151.78571428571422,22.321428571428577,90,22.321428571428577,1.2873204837490555,2.7555744520030294,0.8928571428571397,39,9,1
mmlu_machine_learning,default,1,1,gaussian_lcb_1.645,112,0.01,0.1,16.07142857142856,2.67857142857143,26,2.67857142857143,0.6077569916855609,2.9731198034769517,0.8928571428571397,11,1,1
mmlu_machine_learning,default,1,2,posterior_mean,112,0.01,0.1,101.78571428571428,16.964285714285708,82,15.17857142857143,1.4127456538170837,3.425689720332571,0.0,37,17,1
mmlu_machine_learning,default,1,2,gaussian_lcb_1.645,112,0.01,0.1,45.5357142857143,5.35714285714286,39,5.35714285714286,1.2386621315192763,3.259637188208614,0.0,19,7,1
mmlu_machine_learning,default,1,3,posterior_mean,112,0.01,0.1,123.21428571428564,33.92857142857144,88,33.92857142857144,3.8038548752834362,6.29771352985638,0.8928571428571397,32,12,1
mmlu_machine_learning,default,1,3,gaussian_lcb_1.645,112,0.01,0.1,46.42857142857135,12.5,40,12.5,3.4911186696900907,6.29298941798941,0.8928571428571397,16,5,1
mmlu_machine_learning,default,1,4,posterior_mean,112,0.01,0.1,82.14285714285707,20.535714285714292,81,20.535714285714292,1.3813303099017396,3.549697656840508,3.57142857142857,30,6,1
mmlu_machine_learning,default,1,4,gaussian_lcb_1.645,112,0.01,0.1,20.535714285714267,5.35714285714286,28,3.57142857142857,1.3522770219198794,3.596702569916849,3.57142857142857,12,3,1
mmlu_machine_learning,default,1,5,posterior_mean,112,0.01,0.1,247.32142857142838,25.0,143,21.42857142857143,2.1497071050642496,4.502314814814824,1.7857142857142905,57,36,1
mmlu_machine_learning,default,1,5,gaussian_lcb_1.645,112,0.01,0.1,63.39285714285705,17.85714285714286,52,17.85714285714286,2.2404100529100512,4.676162131519281,1.7857142857142905,19,9,1
mmlu_machine_learning,default,1,6,posterior_mean,112,0.01,0.1,48.21428571428555,4.46428571428571,74,2.67857142857143,1.242205215419501,2.6225907029478495,0.0,33,4,1
mmlu_machine_learning,default,1,6,gaussian_lcb_1.645,112,0.01,0.1,19.642857142857075,2.678571428571419,29,2.678571428571419,0.11833900226757335,3.0668934240362886,0.0,13,3,1
mmlu_machine_learning,default,1,7,posterior_mean,112,0.01,0.1,133.9285714285713,21.42857142857142,117,20.535714285714292,1.0341080876795168,3.03618669690099,1.7857142857142905,46,10,1
mmlu_machine_learning,default,1,7,gaussian_lcb_1.645,112,0.01,0.1,17.857142857142815,3.57142857142857,31,2.678571428571419,0.4530423280423283,2.9627267573696185,1.7857142857142905,15,1,1
mmlu_machine_learning,default,1,8,posterior_mean,112,0.01,0.1,97.32142857142858,5.35714285714286,83,5.35714285714286,1.3362150415721832,3.3449074074073994,0.0,37,20,1
mmlu_machine_learning,default,1,8,gaussian_lcb_1.645,112,0.01,0.1,47.32142857142857,5.35714285714286,40,5.35714285714286,1.1276455026455028,3.3888416477702115,0.0,17,9,1
mmlu_machine_learning,default,1,9,posterior_mean,112,0.01,0.1,99.10714285714276,17.85714285714286,89,16.964285714285708,4.04289493575208,7.344104308390011,2.67857142857143,35,7,1
mmlu_machine_learning,default,1,9,gaussian_lcb_1.645,112,0.01,0.1,8.03571428571428,5.35714285714286,12,5.35714285714286,0.009920634920634653,4.94614512471656,2.67857142857143,4,1,1
mmlu_machine_learning,default,1,10,posterior_mean,112,0.01,0.1,144.64285714285717,21.428571428571434,96,21.428571428571434,0.6127173091458787,2.6998299319727894,0.8928571428571397,38,20,1
mmlu_machine_learning,default,1,10,gaussian_lcb_1.645,112,0.01,0.1,34.821428571428584,17.85714285714286,23,17.85714285714286,0.4889455782312925,2.619992441421016,0.8928571428571397,10,5,1
mmlu_machine_learning,default,1,11,posterior_mean,112,0.01,0.1,93.74999999999996,17.85714285714285,41,17.85714285714285,0.4714663643235063,1.9241307634164784,0.0,18,17,1
mmlu_machine_learning,default,1,11,gaussian_lcb_1.645,112,0.01,0.1,12.5,5.35714285714286,7,5.35714285714286,0.004015495086923551,1.7670540438397584,0.0,3,3,1
mmlu_machine_learning,default,1,12,posterior_mean,112,0.01,0.1,110.71428571428565,22.321428571428577,105,22.321428571428577,1.7233560090702962,3.328845427059707,1.7857142857142905,38,14,1
mmlu_machine_learning,default,1,12,gaussian_lcb_1.645,112,0.01,0.1,22.32142857142856,4.46428571428571,38,3.57142857142857,1.6784769463340912,3.285619803476942,1.7857142857142905,11,4,1
mmlu_machine_learning,default,1,13,posterior_mean,112,0.01,0.1,48.21428571428562,7.14285714285714,76,5.357142857142849,0.7901077097505684,1.9864890400604736,1.7857142857142905,35,3,1
mmlu_machine_learning,default,1,13,gaussian_lcb_1.645,112,0.01,0.1,18.749999999999957,3.57142857142857,38,2.678571428571419,0.4653250188964472,2.1338813303099085,1.7857142857142905,15,2,1
mmlu_machine_learning,default,1,14,posterior_mean,112,0.01,0.1,71.42857142857137,19.64285714285714,88,19.64285714285714,0.4209183673469378,2.261668556311416,0.8928571428571397,33,8,1
mmlu_machine_learning,default,1,14,gaussian_lcb_1.645,112,0.01,0.1,11.607142857142861,3.57142857142857,23,2.67857142857143,0.11763038548752885,2.1166383219954703,0.8928571428571397,8,1,1
mmlu_machine_learning,default,1,15,posterior_mean,112,0.01,0.1,111.60714285714282,5.35714285714286,103,5.35714285714286,0.9490740740740731,0.9490740740740731,0.8928571428571397,48,24,1
mmlu_machine_learning,default,1,15,gaussian_lcb_1.645,112,0.01,0.1,34.82142857142857,5.35714285714286,39,5.35714285714286,0.9993858654572916,0.9993858654572916,0.8928571428571397,18,5,1
mmlu_machine_learning,default,1,16,posterior_mean,112,0.01,0.1,90.17857142857132,21.42857142857143,53,21.42857142857143,0.5914588057445179,2.6868386243386313,2.67857142857143,23,7,1
mmlu_machine_learning,default,1,16,gaussian_lcb_1.645,112,0.01,0.1,11.607142857142815,1.7857142857142794,20,1.7857142857142794,0.45823885109599216,2.6481009070294856,2.67857142857143,7,0,0
mmlu_machine_learning,default,1,17,posterior_mean,112,0.01,0.1,42.857142857142726,2.67857142857143,88,2.678571428571419,0.9686791383219919,3.1578325774754386,3.57142857142857,34,1,1
mmlu_machine_learning,default,1,17,gaussian_lcb_1.645,112,0.01,0.1,18.749999999999932,2.678571428571419,34,1.7857142857142794,0.4804421768707461,2.6977040816326556,3.57142857142857,17,0,0
mmlu_machine_learning,default,1,18,posterior_mean,112,0.01,0.1,96.42857142857142,16.964285714285708,74,16.964285714285708,1.0336356764928192,2.49291383219955,2.67857142857143,36,16,1
mmlu_machine_learning,default,1,18,gaussian_lcb_1.645,112,0.01,0.1,33.0357142857143,4.464285714285721,25,4.464285714285721,1.1793745275888134,2.6457388510959965,2.67857142857143,13,6,1
mmlu_machine_learning,default,1,19,posterior_mean,112,0.01,0.1,194.642857142857,25.000000000000007,94,25.000000000000007,0.4317838246409662,3.1646825396825453,2.67857142857143,44,13,1
mmlu_machine_learning,default,1,19,gaussian_lcb_1.645,112,0.01,0.1,26.785714285714203,2.67857142857143,42,2.67857142857143,0.32596371882086056,3.121929327286476,2.67857142857143,19,2,1
mmlu_management,dataset,1,0,posterior_mean,103,0.01,0.1,59.22330097087388,6.796116504854377,68,6.796116504854377,0.1543762633403509,1.6159584978512298,1.9417475728155331,19,11,1
mmlu_management,dataset,1,0,gaussian_lcb_1.645,103,0.01,0.1,9.708737864077676,3.8834951456310773,28,3.8834951456310773,0.08036502899355182,1.5492087431007198,0.0,5,1,1
mmlu_management,dataset,1,1,posterior_mean,103,0.01,0.1,220.38834951456323,13.592233009708742,90,13.592233009708742,0.3787140897141847,0.490149872749553,0.0,38,23,1
mmlu_management,dataset,1,1,gaussian_lcb_1.645,103,0.01,0.1,41.74757281553399,11.65048543689321,28,11.65048543689321,0.22985375799024593,0.44839636507088665,0.0,8,4,1
mmlu_management,dataset,1,2,posterior_mean,103,0.01,0.1,68.93203883495148,8.73786407766991,59,8.73786407766991,0.16617616768432147,0.22852714152553938,0.0,20,15,1
mmlu_management,dataset,1,2,gaussian_lcb_1.645,103,0.01,0.1,11.65048543689321,3.8834951456310773,15,3.8834951456310773,0.09663353616600862,0.19976051081716084,0.0,4,3,1
mmlu_management,dataset,1,3,posterior_mean,103,0.01,0.1,80.58252427184476,18.446601941747577,62,16.504854368932044,1.2816511487451239,1.4637467140059262,0.0,23,9,1
mmlu_management,dataset,1,3,gaussian_lcb_1.645,103,0.01,0.1,32.03883495145635,7.766990291262143,29,7.766990291262143,0.11059792000502645,0.35176282890487753,0.0,10,4,1
mmlu_management,dataset,1,4,posterior_mean,103,0.01,0.1,52.427184466019426,7.766990291262143,51,7.766990291262143,0.12707589293506882,0.28389592344724757,0.0,18,10,1
mmlu_management,dataset,1,4,gaussian_lcb_1.645,103,0.01,0.1,4.854368932038833,2.9126213592232997,17,2.9126213592232997,0.0013964383839018709,0.2735622794063741,0.0,3,1,1
mmlu_management,dataset,1,5,posterior_mean,103,0.01,0.1,93.20388349514569,14.563106796116509,83,9.708737864077666,2.8432881934625875,2.9206508799307507,0.9708737864077666,36,16,1
mmlu_management,dataset,1,5,gaussian_lcb_1.645,103,0.01,0.1,26.21359223300974,7.766990291262143,28,7.766990291262143,1.8377129132148504,2.8954451671013217,0.9708737864077666,11,3,1
mmlu_management,dataset,1,6,posterior_mean,103,0.01,0.1,64.07766990291272,8.73786407766991,36,7.766990291262143,0.7825640703386006,0.879826003777365,0.0,17,13,1
mmlu_management,dataset,1,6,gaussian_lcb_1.645,103,0.01,0.1,11.65048543689322,4.8543689320388435,12,4.8543689320388435,0.7699961248834838,0.8795467161005847,0.0,5,2,1
mmlu_management,dataset,1,7,posterior_mean,103,0.01,0.1,100.00000000000009,10.679611650485443,71,10.679611650485443,0.2949277866800722,0.37452477456247824,0.0,31,13,1
mmlu_management,dataset,1,7,gaussian_lcb_1.645,103,0.01,0.1,19.417475728155388,4.8543689320388435,27,4.8543689320388435,0.15584252364344756,0.3259287188026939,0.0,12,2,1
mmlu_management,dataset,1,8,posterior_mean,103,0.01,0.1,59.22330097087388,9.708737864077676,35,9.708737864077676,0.15444608525954548,0.2494737172840668,0.0,17,10,1
mmlu_management,dataset,1,8,gaussian_lcb_1.645,103,0.01,0.1,18.44660194174761,5.82524271844661,14,5.82524271844661,0.1499774824310599,0.2504512241527986,0.0,6,4,1
mmlu_management,dataset,1,9,posterior_mean,103,0.01,0.1,108.73786407767012,12.621359223300976,62,11.65048543689321,1.4140335075390231,1.4913961940071858,0.0,30,16,1
mmlu_management,dataset,1,9,gaussian_lcb_1.645,103,0.01,0.1,35.922330097087475,9.708737864077676,26,8.73786407766991,1.3615274243043123,1.475197508753924,0.0,13,5,1
mmlu_management,dataset,1,10,posterior_mean,103,0.01,0.1,10.679611650485432,1.9417475728155331,22,1.9417475728155331,0.003910027474925239,0.16338329091651788,0.0,7,0,0
mmlu_management,dataset,1,10,gaussian_lcb_1.645,103,0.01,0.1,0.0,0.0,7,0.0,0.0,0.16170756485583557,0.0,0,0,0
mmlu_management,dataset,1,11,posterior_mean,103,0.01,0.1,27.184466019417485,9.708737864077676,38,7.766990291262143,1.502567701078398,1.5892167027995079,0.0,12,4,1
mmlu_management,dataset,1,11,gaussian_lcb_1.645,103,0.01,0.1,7.766990291262143,3.8834951456310773,16,3.8834951456310773,1.490837618653622,1.586982401385265,0.0,4,1,1
mmlu_management,dataset,1,12,posterior_mean,103,0.01,0.1,37.864077669902926,10.679611650485443,60,10.679611650485443,0.8294145781185079,1.163023708032662,0.0,20,3,1
mmlu_management,dataset,1,12,gaussian_lcb_1.645,103,0.01,0.1,5.825242718446599,1.9417475728155331,19,1.9417475728155331,0.03819258979971579,1.1658165848004653,0.0,5,0,0
mmlu_management,dataset,1,13,posterior_mean,103,0.01,0.1,9.708737864077666,2.9126213592232997,17,2.9126213592232997,0.07512838505391996,0.17294889384624504,0.0,5,1,1
mmlu_management,dataset,1,13,gaussian_lcb_1.645,103,0.01,0.1,0.9708737864077666,0.9708737864077666,5,0.9708737864077666,0.0005585753535607109,0.17630034596760952,0.0,1,0,0
mmlu_management,dataset,1,14,posterior_mean,103,0.01,0.1,33.98058252427189,5.82524271844661,44,5.82524271844661,0.02960449373871964,1.02261182853133,0.0,16,3,1
mmlu_management,dataset,1,14,gaussian_lcb_1.645,103,0.01,0.1,5.82524271844661,1.9417475728155442,18,1.9417475728155442,0.015360822222920489,1.0111610337833343,0.0,5,0,0
mmlu_management,dataset,1,15,posterior_mean,103,0.01,0.1,22.330097087378686,3.8834951456310773,33,2.912621359223311,0.9736666631755695,1.6744692661367162,0.0,14,3,1
mmlu_management,dataset,1,15,gaussian_lcb_1.645,103,0.01,0.1,6.796116504854377,3.8834951456310773,17,2.912621359223311,0.7519820697311499,1.6750278414902768,0.0,5,1,1
mmlu_management,dataset,1,16,posterior_mean,103,0.01,0.1,48.54368932038842,5.82524271844661,37,5.82524271844661,0.06283972727558344,0.11660260505580503,0.0,17,9,1
mmlu_management,dataset,1,16,gaussian_lcb_1.645,103,0.01,0.1,14.563106796116521,3.8834951456310773,19,3.8834951456310773,0.042172439193835856,0.11073756384341717,0.0,7,2,1
mmlu_management,dataset,1,17,posterior_mean,103,0.01,0.1,37.864077669902954,3.8834951456310773,52,3.8834951456310773,0.3727094046634059,0.4785594341631667,0.0,25,2,1
mmlu_management,dataset,1,17,gaussian_lcb_1.645,103,0.01,0.1,20.38834951456313,2.912621359223311,25,2.912621359223311,0.36907866486526103,0.47883872183994713,0.0,11,1,1
mmlu_management,dataset,1,18,posterior_mean,103,0.01,0.1,10.679611650485443,2.9126213592232997,40,1.9417475728155442,0.7917805636723529,0.9557224299424308,0.0,8,0,0
mmlu_management,dataset,1,18,gaussian_lcb_1.645,103,0.01,0.1,3.8834951456310662,1.9417475728155331,10,1.9417475728155331,0.001675726060682245,0.9506952517603842,0.0,2,0,0
mmlu_management,dataset,1,19,posterior_mean,103,0.01,0.1,38.8349514563107,7.766990291262143,46,6.796116504854377,0.7579867547819279,0.8878555244848008,0.0,18,4,1
mmlu_management,dataset,1,19,gaussian_lcb_1.645,103,0.01,0.1,1.9417475728155331,0.9708737864077666,12,0.9708737864077666,0.01815369899072415,0.7797711935707969,0.0,2,0,0
mmlu_management,default,1,0,posterior_mean,103,0.01,0.1,34.95145631067966,7.766990291262143,25,7.766990291262143,0.7887083992277691,1.6160283197704242,0.0,10,6,1
mmlu_management,default,1,0,gaussian_lcb_1.645,103,0.01,0.1,4.8543689320388435,3.8834951456310773,9,3.8834951456310773,0.08546202909479401,1.61295615532584,0.0,2,1,1
mmlu_management,default,1,1,posterior_mean,103,0.01,0.1,17.475728155339798,7.7669902912621325,18,7.7669902912621325,0.29827923880143675,0.4259137070900666,0.0,8,2,1
mmlu_management,default,1,1,gaussian_lcb_1.645,103,0.01,0.1,13.592233009708732,7.7669902912621325,10,7.7669902912621325,0.3091714581958712,0.43764378951484223,0.0,4,2,1
mmlu_management,default,1,2,posterior_mean,103,0.01,0.1,21.359223300970875,13.592233009708742,31,13.592233009708742,0.680624068313765,0.7484909737713955,0.0,8,1,1
mmlu_management,default,1,2,gaussian_lcb_1.645,103,0.01,0.1,0.9708737864077666,0.9708737864077666,10,0.9708737864077666,0.00335145212136449,0.7456980970035917,0.0,1,0,0
mmlu_management,default,1,3,posterior_mean,103,0.01,0.1,15.533980582524286,6.796116504854377,21,2.912621359223311,1.1031863232824688,2.5102376389019794,3.8834951456310773,11,2,1
mmlu_management,default,1,3,gaussian_lcb_1.645,103,0.01,0.1,7.766990291262155,2.912621359223311,11,2.912621359223311,0.90894174408172,2.506327611427054,3.8834951456310773,6,1,1
mmlu_management,default,1,4,posterior_mean,103,0.01,0.1,44.66019417475731,6.796116504854377,41,6.796116504854377,0.31992403375191464,0.3836714459770345,0.9708737864077666,15,6,1
mmlu_management,default,1,4,gaussian_lcb_1.645,103,0.01,0.1,22.330097087378654,6.796116504854377,17,6.796116504854377,0.30595964991289704,0.3730585142593812,0.9708737864077666,6,3,1
mmlu_management,default,1,5,posterior_mean,103,0.01,0.1,17.47572815533982,4.8543689320388435,20,4.8543689320388435,0.24800745698096982,1.5014505503712763,0.0,6,3,1
mmlu_management,default,1,5,gaussian_lcb_1.645,103,0.01,0.1,8.73786407766991,4.8543689320388435,9,4.8543689320388435,0.4672482832535615,1.741358664725615,0.0,3,1,1
mmlu_management,default,1,6,posterior_mean,103,0.01,0.1,15.533980582524276,3.8834951456310773,20,3.8834951456310773,2.0086369714044303,2.2123075096965166,0.0,8,2,1
mmlu_management,default,1,6,gaussian_lcb_1.645,103,0.01,0.1,5.825242718446599,2.9126213592232997,10,2.9126213592232997,2.0041683685759444,2.212586797373297,0.0,3,1,1
mmlu_management,default,1,7,posterior_mean,103,0.01,0.1,32.038834951456366,5.82524271844661,39,4.8543689320388435,1.7158038423002115,1.7890470355358636,0.9708737864077666,15,5,1
mmlu_management,default,1,7,gaussian_lcb_1.645,103,0.01,0.1,1.9417475728155331,1.9417475728155331,7,0.9708737864077666,0.16715367455305236,1.961507175947743,1.9417475728155331,2,0,0
mmlu_management,default,1,8,posterior_mean,103,0.01,0.1,14.563106796116521,5.82524271844661,29,4.8543689320388435,1.7783642818990177,2.6407348058776168,0.9708737864077666,7,1,1
mmlu_management,default,1,8,gaussian_lcb_1.645,103,0.01,0.1,7.766990291262155,5.82524271844661,15,4.8543689320388435,1.6067420045174798,2.6376626414330326,0.9708737864077666,3,1,1
mmlu_management,default,1,9,posterior_mean,103,0.01,0.1,45.63106796116513,5.82524271844661,31,5.82524271844661,0.801555632359669,0.8710982638779816,3.8834951456310773,14,10,1
mmlu_management,default,1,9,gaussian_lcb_1.645,103,0.01,0.1,14.563106796116532,3.8834951456310773,9,3.8834951456310773,0.8962341547882149,0.9864440743882751,3.8834951456310773,4,4,1
mmlu_management,default,1,10,posterior_mean,103,0.01,0.1,15.533980582524276,2.9126213592232997,30,1.9417475728155442,1.6120484703763034,1.6896206226020518,1.9417475728155331,12,0,0
mmlu_management,default,1,10,gaussian_lcb_1.645,103,0.01,0.1,6.796116504854377,1.9417475728155442,17,1.9417475728155442,0.17902340081621793,1.4022336031950493,0.0,5,0,0
mmlu_management,default,1,11,posterior_mean,103,0.01,0.1,118.44660194174772,13.592233009708742,58,10.679611650485443,2.23290497585907,2.3594921153597737,1.9417475728155331,27,18,1
mmlu_management,default,1,11,gaussian_lcb_1.645,103,0.01,0.1,33.980582524271874,7.766990291262143,23,6.796116504854377,1.5695967435056883,2.293859511316386,1.9417475728155331,11,4,1
mmlu_management,default,1,12,posterior_mean,103,0.01,0.1,30.09708737864085,6.796116504854377,28,5.82524271844661,0.8942791410507493,1.5796510998697806,0.0,12,5,1
mmlu_management,default,1,12,gaussian_lcb_1.645,103,0.01,0.1,10.679611650485466,2.912621359223311,14,2.912621359223311,0.8906484012526041,1.5779753738090982,0.0,5,2,1
mmlu_management,default,1,13,posterior_mean,103,0.01,0.1,32.03883495145633,13.592233009708742,21,9.708737864077666,2.2753567027296957,2.3666837730368773,0.0,9,5,1
mmlu_management,default,1,13,gaussian_lcb_1.645,103,0.01,0.1,9.708737864077676,7.766990291262143,9,3.8834951456310773,2.241562893839271,2.3451786219247883,0.0,3,2,1
mmlu_management,default,1,14,posterior_mean,103,0.01,0.1,31.06796116504854,9.708737864077676,31,9.708737864077676,0.2214751276868347,0.27698355344693354,0.0,12,3,1
mmlu_management,default,1,14,gaussian_lcb_1.645,103,0.01,0.1,15.533980582524276,9.708737864077676,13,9.708737864077676,0.24800745698096996,0.30686733486243306,0.0,5,2,1
mmlu_management,default,1,15,posterior_mean,103,0.01,0.1,23.300970873786408,6.796116504854377,50,5.82524271844661,0.8518274141801326,0.9041240316572571,0.0,13,3,1
mmlu_management,default,1,15,gaussian_lcb_1.645,103,0.01,0.1,10.679611650485432,2.9126213592232997,28,1.9417475728155331,0.8764047297368052,0.9309356486281726,0.0,9,0,0
mmlu_management,default,1,16,posterior_mean,103,0.01,0.1,38.83495145631078,4.8543689320388435,42,4.8543689320388435,2.512192652639456,4.148469328976459,0.0,18,6,1
mmlu_management,default,1,16,gaussian_lcb_1.645,103,0.01,0.1,24.271844660194255,4.8543689320388435,24,4.8543689320388435,1.7874411313943863,4.160199411401234,0.0,10,5,1
mmlu_management,default,1,17,posterior_mean,103,0.01,0.1,33.00970873786417,5.82524271844661,45,4.8543689320388435,1.1002538026762732,1.1980044895494035,0.9708737864077666,17,5,1
mmlu_management,default,1,17,gaussian_lcb_1.645,103,0.01,0.1,10.679611650485466,2.912621359223311,17,2.912621359223311,0.16785189374500373,1.2055452568224734,0.9708737864077666,6,2,1
mmlu_management,default,1,18,posterior_mean,103,0.01,0.1,22.330097087378654,6.796116504854377,24,6.796116504854377,2.0147813002936044,2.75733741093342,0.0,8,2,1
mmlu_management,default,1,18,gaussian_lcb_1.645,103,0.01,0.1,27.184466019417496,6.796116504854377,18,6.796116504854377,2.009754122111558,2.752868808104934,0.0,7,3,1
mmlu_management,default,1,19,posterior_mean,103,0.01,0.1,49.51456310679623,9.708737864077676,46,9.708737864077676,1.2866783269271742,1.9642302307963564,3.8834951456310773,21,7,1
mmlu_management,default,1,19,gaussian_lcb_1.645,103,0.01,0.1,38.83495145631075,9.708737864077676,27,9.708737864077676,0.7868930293286975,1.542924770373163,0.9708737864077666,14,7,1
mmlu_marketing,dataset,1,0,posterior_mean,234,0.01,0.1,37.60683760683763,2.991452991452992,130,2.991452991452992,0.036336285149200356,1.1205536751595597,0.0,44,2,1
mmlu_marketing,dataset,1,0,gaussian_lcb_1.645,234,0.01,0.1,10.683760683760724,0.8547008547008628,48,0.8547008547008628,0.003950184387031519,1.1096771400665004,0.0,16,0,0
mmlu_marketing,dataset,1,1,posterior_mean,234,0.01,0.1,67.94871794871801,2.991452991452992,117,2.991452991452992,0.03143913875157869,0.9480713089449968,0.8547008547008517,48,16,1
mmlu_marketing,dataset,1,1,gaussian_lcb_1.645,234,0.01,0.1,5.12820512820511,0.8547008547008517,23,0.8547008547008517,0.0010822422978168235,0.9223139422569562,0.8547008547008517,6,0,0
mmlu_marketing,dataset,1,2,posterior_mean,234,0.01,0.1,19.65811965811962,2.564102564102566,46,2.564102564102566,0.01130943201218594,0.31468900414769196,0.0,19,3,1
mmlu_marketing,dataset,1,2,gaussian_lcb_1.645,234,0.01,0.1,4.273504273504269,2.1367521367521403,22,2.1367521367521403,0.0008116817233626024,0.31057648341598804,0.0,4,1,1
mmlu_marketing,dataset,1,3,posterior_mean,234,0.01,0.1,55.12820512820519,5.128205128205132,146,5.128205128205132,0.024188115356206435,1.1269118486592347,0.0,51,7,1
mmlu_marketing,dataset,1,3,gaussian_lcb_1.645,234,0.01,0.1,8.547008547008538,1.2820512820512775,52,1.2820512820512775,0.004166632846595018,1.1114357838004543,0.0,14,0,0
mmlu_marketing,dataset,1,4,posterior_mean,234,0.01,0.1,63.67521367521356,4.700854700854695,91,4.700854700854695,0.04653641880612429,0.39631712946052733,0.0,44,13,1
mmlu_marketing,dataset,1,4,gaussian_lcb_1.645,234,0.01,0.1,11.538461538461497,2.136752136752129,21,2.136752136752129,0.01904746444157658,0.3879838637673377,0.0,9,4,1
mmlu_marketing,dataset,1,5,posterior_mean,234,0.01,0.1,18.80341880341878,1.2820512820512886,45,1.2820512820512886,0.013473916607819584,0.3221835320600734,0.0,21,0,0
mmlu_marketing,dataset,1,5,gaussian_lcb_1.645,234,0.01,0.1,12.39316239316235,1.2820512820512775,25,1.2820512820512775,0.002759717859433023,0.31482428443491906,0.0,11,0,0
mmlu_marketing,dataset,1,6,posterior_mean,234,0.01,0.1,38.88888888888877,4.700854700854695,61,4.700854700854695,0.01574662543323532,0.31314680887330315,0.0,30,2,1
mmlu_marketing,dataset,1,6,gaussian_lcb_1.645,234,0.01,0.1,5.982905982905962,1.2820512820512775,11,1.2820512820512775,0.0016774755616161341,0.29983522861015577,0.0,5,0,0
mmlu_marketing,dataset,1,7,posterior_mean,234,0.01,0.1,52.99145299145302,2.991452991452992,157,2.991452991452992,0.021320173266991118,1.3083768259456714,0.8547008547008517,59,8,1
mmlu_marketing,dataset,1,7,gaussian_lcb_1.645,234,0.01,0.1,17.094017094017076,4.2735042735042805,55,4.2735042735042805,0.0032467268934505593,1.2970132818185953,0.8547008547008517,19,2,1
mmlu_marketing,dataset,1,8,posterior_mean,234,0.01,0.1,65.8119658119658,2.991452991452992,112,2.991452991452992,0.026027927262495382,0.9158746005849463,0.8547008547008517,50,7,1
mmlu_marketing,dataset,1,8,gaussian_lcb_1.645,234,0.01,0.1,3.4188034188034067,0.8547008547008517,24,0.8547008547008517,0.0014069149871618705,0.8936345213648098,0.8547008547008517,7,0,0
mmlu_marketing,dataset,1,9,posterior_mean,234,0.01,0.1,50.42735042735041,4.700854700854706,141,4.700854700854706,0.037066798700227326,1.2144923066100617,0.8547008547008517,46,7,1
mmlu_marketing,dataset,1,9,gaussian_lcb_1.645,234,0.01,0.1,15.384615384615397,2.1367521367521403,61,2.1367521367521403,0.006114668982665075,1.191602882011235,0.8547008547008517,19,1,1
mmlu_marketing,dataset,1,10,posterior_mean,234,0.01,0.1,29.059829059829045,3.4188034188034178,88,3.4188034188034178,0.02191540653079101,0.41788080724452786,0.0,30,1,1
mmlu_marketing,dataset,1,10,gaussian_lcb_1.645,234,0.01,0.1,17.521367521367548,2.136752136752129,50,2.136752136752129,0.008820274727207122,0.412361371525662,0.0,19,1,1
mmlu_marketing,dataset,1,11,posterior_mean,234,0.01,0.1,53.41880341880342,6.41025641025641,61,6.41025641025641,0.024891572849787394,0.9096787634299449,0.8547008547008517,22,11,1
mmlu_marketing,dataset,1,11,gaussian_lcb_1.645,234,0.01,0.1,3.8461538461538436,1.7094017094017144,31,1.7094017094017144,0.0009199059531444249,0.8909018595628228,0.8547008547008517,5,0,0
mmlu_marketing,dataset,1,12,posterior_mean,234,0.01,0.1,29.914529914529897,3.4188034188034178,111,3.4188034188034178,0.02088727634786496,0.5802712640319458,0.0,31,2,1
mmlu_marketing,dataset,1,12,gaussian_lcb_1.645,234,0.01,0.1,11.11111111111116,1.2820512820512886,69,1.2820512820512886,0.005140650914630072,0.571396877189848,0.0,17,0,0
mmlu_marketing,dataset,1,13,posterior_mean,234,0.01,0.1,97.43589743589766,8.54700854700855,204,8.54700854700855,0.03809492888315349,1.4568334131486922,2.564102564102566,78,14,1
mmlu_marketing,dataset,1,13,gaussian_lcb_1.645,234,0.01,0.1,11.538461538461542,1.2820512820512886,73,1.2820512820512886,0.003246726893450527,1.4101617140553417,1.2820512820512775,21,0,0
mmlu_marketing,dataset,1,14,posterior_mean,234,0.01,0.1,51.282051282051256,5.982905982905984,120,5.982905982905984,0.03436119295568475,0.9495323360470505,0.8547008547008517,41,6,1
mmlu_marketing,dataset,1,14,gaussian_lcb_1.645,234,0.01,0.1,13.675213675213682,4.2735042735042805,30,4.2735042735042805,0.0027597178594329333,0.9368159890477022,0.8547008547008517,11,1,1
mmlu_marketing,dataset,1,15,posterior_mean,234,0.01,0.1,15.384615384615397,1.7094017094017033,51,1.7094017094017033,0.008062705118735566,0.46744750448454003,0.0,19,0,0
mmlu_marketing,dataset,1,15,gaussian_lcb_1.645,234,0.01,0.1,6.837606837606813,1.7094017094017033,33,1.7094017094017033,0.005194763029520835,0.47394095827144106,0.0,9,0,0
mmlu_marketing,dataset,1,16,posterior_mean,234,0.01,0.1,24.35897435897433,2.991452991452992,59,2.991452991452992,0.01157999258663973,0.4117661382618631,0.0,17,6,1
mmlu_marketing,dataset,1,16,gaussian_lcb_1.645,234,0.01,0.1,3.8461538461538325,1.2820512820512775,31,1.2820512820512775,0.0006493453786900447,0.40657137523234277,0.0,6,0,0
mmlu_marketing,dataset,1,17,posterior_mean,234,0.01,0.1,43.162393162393144,2.564102564102566,77,2.564102564102566,0.02727250590498427,0.902644188494135,0.8547008547008517,33,5,1
mmlu_marketing,dataset,1,17,gaussian_lcb_1.645,234,0.01,0.1,10.25641025641023,1.7094017094017144,47,1.7094017094017144,0.006006444752883498,0.8844084057759214,0.8547008547008517,14,0,0
mmlu_marketing,dataset,1,18,posterior_mean,234,0.01,0.1,38.88888888888881,4.273504273504269,67,4.273504273504269,0.022023630760572743,0.3951537189903738,0.0,32,6,1
mmlu_marketing,dataset,1,18,gaussian_lcb_1.645,234,0.01,0.1,5.982905982905962,0.8547008547008517,23,0.8547008547008517,0.0010822422978168647,0.37870363606355784,0.0,10,0,0
mmlu_marketing,dataset,1,19,posterior_mean,234,0.01,0.1,29.059829059829113,2.564102564102566,76,2.564102564102566,0.09878166573323237,0.5304340062174798,0.0,27,4,1
mmlu_marketing,dataset,1,19,gaussian_lcb_1.645,234,0.01,0.1,14.957264957265014,2.1367521367521403,46,2.1367521367521403,0.007034574935809425,0.5311915758259517,0.0,15,2,1
mmlu_marketing,default,1,0,posterior_mean,234,0.01,0.1,118.80341880341878,6.8376068376068355,122,5.982905982905984,0.3836007824611792,1.0644664680752005,0.0,56,29,1
mmlu_marketing,default,1,0,gaussian_lcb_1.645,234,0.01,0.1,27.777777777777768,3.8461538461538436,37,3.8461538461538436,0.3144454996306833,1.0101379047247943,0.0,16,4,1
mmlu_marketing,default,1,1,posterior_mean,234,0.01,0.1,44.44444444444454,3.4188034188034178,93,2.991452991452992,0.5624413221754166,1.3122187861029242,0.0,36,7,1
mmlu_marketing,default,1,1,gaussian_lcb_1.645,234,0.01,0.1,8.119658119658146,1.7094017094017144,25,1.7094017094017144,0.363146403032444,1.2999894481375938,0.0,10,0,0
mmlu_marketing,default,1,2,posterior_mean,234,0.01,0.1,55.55555555555552,4.273504273504269,96,4.273504273504269,1.8623766581981152,2.022575574332452,0.0,36,11,1
mmlu_marketing,default,1,2,gaussian_lcb_1.645,234,0.01,0.1,34.615384615384585,4.273504273504269,49,4.273504273504269,1.9189779303739345,2.0813413311039057,0.0,19,10,1
mmlu_marketing,default,1,3,posterior_mean,234,0.01,0.1,60.25641025641024,5.555555555555558,108,4.2735042735042805,1.1161705938533986,1.4104593306872426,0.0,46,12,1
mmlu_marketing,default,1,3,gaussian_lcb_1.645,234,0.01,0.1,20.085470085470114,3.8461538461538547,29,3.8461538461538547,0.20216286123218613,1.4137060575806928,0.0,13,5,1
mmlu_marketing,default,1,4,posterior_mean,234,0.01,0.1,46.15384615384623,2.1367521367521403,93,2.1367521367521403,0.3099541940947453,1.9323977348668657,0.0,35,3,1
mmlu_marketing,default,1,4,gaussian_lcb_1.645,234,0.01,0.1,17.09401709401709,2.1367521367521403,33,2.1367521367521403,0.22635097658839254,1.948901929908571,0.0,11,1,1
mmlu_marketing,default,1,5,posterior_mean,234,0.01,0.1,77.35042735042738,6.8376068376068355,153,6.41025641025641,0.5367380676022616,1.662486505791342,0.8547008547008517,63,7,1
mmlu_marketing,default,1,5,gaussian_lcb_1.645,234,0.01,0.1,23.5042735042735,2.564102564102566,53,2.1367521367521403,0.3401487542038331,1.595171034867135,0.8547008547008517,24,2,1
mmlu_marketing,default,1,6,posterior_mean,234,0.01,0.1,98.71794871794867,11.111111111111116,80,10.68376068376069,0.31850390824749725,0.5787831808724478,0.0,35,21,1
mmlu_marketing,default,1,6,gaussian_lcb_1.645,234,0.01,0.1,26.923076923076906,4.700854700854695,23,4.700854700854695,0.2940993444317265,0.6285663265720215,0.0,9,8,1
mmlu_marketing,default,1,7,posterior_mean,234,0.01,0.1,48.71794871794863,5.128205128205132,69,5.128205128205132,0.6386311799417183,1.3993122350197311,0.0,31,13,1
mmlu_marketing,default,1,7,gaussian_lcb_1.645,234,0.01,0.1,11.965811965811934,2.136752136752129,20,2.136752136752129,0.16996615287213548,1.4159246542912196,0.0,8,3,1
mmlu_marketing,default,1,8,posterior_mean,234,0.01,0.1,72.64957264957258,6.8376068376068355,99,5.555555555555558,0.9699596594183499,1.5654093716771753,0.0,47,9,1
mmlu_marketing,default,1,8,gaussian_lcb_1.645,234,0.01,0.1,15.384615384615364,2.564102564102566,29,1.7094017094017033,0.9788881583753388,1.574662543323509,0.0,14,0,0
mmlu_marketing,default,1,9,posterior_mean,234,0.01,0.1,41.025641025641,6.41025641025641,55,5.128205128205121,0.4391198123391846,0.7616550731460496,0.0,27,6,1
mmlu_marketing,default,1,9,gaussian_lcb_1.645,234,0.01,0.1,8.974358974358976,2.564102564102566,13,2.564102564102566,0.36780004491305496,0.6952595081749865,0.0,6,2,1
mmlu_marketing,default,1,10,posterior_mean,234,0.01,0.1,87.6068376068378,5.555555555555558,208,3.8461538461538436,1.1360297400183488,2.3807707188523883,0.8547008547008517,93,8,1
mmlu_marketing,default,1,10,gaussian_lcb_1.645,234,0.01,0.1,22.222222222222253,1.2820512820512886,57,1.2820512820512886,0.530677510734495,2.3273079493402378,0.8547008547008517,27,0,0
mmlu_marketing,default,1,11,posterior_mean,234,0.01,0.1,94.87179487179498,4.700854700854706,178,4.2735042735042805,0.44631672361966646,1.179400600103352,0.0,78,14,1
mmlu_marketing,default,1,11,gaussian_lcb_1.645,234,0.01,0.1,20.085470085470114,4.700854700854706,55,4.2735042735042805,0.21184892979764805,1.0906026195674785,0.0,19,2,1
mmlu_marketing,default,1,12,posterior_mean,234,0.01,0.1,75.21367521367532,5.128205128205132,153,3.4188034188034178,0.9905763751917636,1.9656225734098443,0.8547008547008517,63,4,1
mmlu_marketing,default,1,12,gaussian_lcb_1.645,234,0.01,0.1,16.666666666666675,2.991452991452992,42,1.7094017094017033,0.6431224854776657,1.875093005197465,0.8547008547008517,17,0,0
mmlu_marketing,default,1,13,posterior_mean,234,0.01,0.1,56.410256410256345,7.264957264957273,120,5.555555555555558,0.9173085716295627,2.337968035973733,0.8547008547008517,44,10,1
mmlu_marketing,default,1,13,gaussian_lcb_1.645,234,0.01,0.1,6.8376068376068355,1.7094017094017144,24,1.7094017094017144,0.425754119961145,2.2813667637979123,0.8547008547008517,10,0,0
mmlu_marketing,default,1,14,posterior_mean,234,0.01,0.1,33.76068376068374,2.1367521367521403,71,2.1367521367521403,0.23468424228158244,1.0200133656923749,0.0,33,3,1
mmlu_marketing,default,1,14,gaussian_lcb_1.645,234,0.01,0.1,7.692307692307665,1.2820512820512775,19,1.2820512820512775,0.11044282649220852,1.0456083960357432,0.0,8,0,0
mmlu_marketing,default,1,15,posterior_mean,234,0.01,0.1,55.128205128205174,3.8461538461538436,161,2.564102564102566,0.6890095589050935,1.635295168058692,0.8547008547008517,63,1,1
mmlu_marketing,default,1,15,gaussian_lcb_1.645,234,0.01,0.1,8.119658119658125,1.7094017094017144,37,1.2820512820512886,0.5017816413827777,1.626691341791048,0.8547008547008517,12,0,0
mmlu_marketing,default,1,16,posterior_mean,234,0.01,0.1,79.48717948717943,5.555555555555558,105,4.2735042735042805,0.9030229732983736,1.1309973133334905,0.0,45,20,1
mmlu_marketing,default,1,16,gaussian_lcb_1.645,234,0.01,0.1,24.786324786324766,3.8461538461538436,30,3.4188034188034178,0.437983457926476,0.9305660397778115,0.0,14,6,1
mmlu_marketing,default,1,17,posterior_mean,234,0.01,0.1,76.49572649572654,3.8461538461538436,156,3.8461538461538436,1.324123451378912,2.4369120380516383,0.8547008547008517,65,10,1
mmlu_marketing,default,1,17,gaussian_lcb_1.645,234,0.01,0.1,12.393162393162417,2.564102564102566,28,2.564102564102566,0.09042134398259857,2.4048235539213705,0.8547008547008517,8,1,1
mmlu_marketing,default,1,18,posterior_mean,234,0.01,0.1,67.94871794871807,7.264957264957273,143,6.410256410256421,1.5094033327651561,2.6633982949272537,0.8547008547008517,59,8,1
mmlu_marketing,default,1,18,gaussian_lcb_1.645,234,0.01,0.1,11.538461538461565,2.1367521367521403,29,2.1367521367521403,1.3830515444950426,2.7073373322186165,0.8547008547008517,11,2,1
mmlu_marketing,default,1,19,posterior_mean,234,0.01,0.1,70.5128205128206,3.8461538461538436,126,3.8461538461538436,1.186922184073187,2.256583415177904,0.8547008547008517,55,8,1
mmlu_marketing,default,1,19,gaussian_lcb_1.645,234,0.01,0.1,15.81196581196581,2.564102564102566,42,2.1367521367521403,0.9034017581026162,2.2661883155710285,0.8547008547008517,15,3,1
mmlu_medical_genetics,dataset,1,0,posterior_mean,100,0.01,0.1,26.0,4.0000000000000036,75,4.0000000000000036,0.009481481481481339,0.8305185185185169,0.0,16,6,1
mmlu_medical_genetics,dataset,1,0,gaussian_lcb_1.645,100,0.01,0.1,1.9999999999999907,1.0000000000000009,23,1.0000000000000009,0.001185185185185157,0.8367407407407392,0.0,2,0,0
mmlu_medical_genetics,dataset,1,1,posterior_mean,100,0.01,0.1,27.999999999999993,10.000000000000009,76,10.000000000000009,0.02933333333333327,0.7282962962962949,0.0,17,3,1
mmlu_medical_genetics,dataset,1,1,gaussian_lcb_1.645,100,0.01,0.1,13.99999999999999,2.0000000000000018,40,2.0000000000000018,0.006814814814814756,0.7268148148148134,0.0,12,2,1
mmlu_medical_genetics,dataset,1,2,posterior_mean,100,0.01,0.1,31.999999999999996,9.000000000000007,86,9.000000000000007,0.03437037037037026,0.9567407407407393,0.0,13,4,1
mmlu_medical_genetics,dataset,1,2,gaussian_lcb_1.645,100,0.01,0.1,15.999999999999993,5.000000000000004,37,5.000000000000004,0.013629629629629658,0.9490370370370359,0.0,6,3,1
mmlu_medical_genetics,dataset,1,3,posterior_mean,100,0.01,0.1,13.00000000000001,3.0000000000000027,67,3.0000000000000027,0.008296296296296359,0.6497777777777767,0.0,11,1,1
mmlu_medical_genetics,dataset,1,3,gaussian_lcb_1.645,100,0.01,0.1,6.000000000000005,1.0000000000000009,35,1.0000000000000009,0.0026666666666667143,0.6536296296296285,0.0,6,0,0
mmlu_medical_genetics,dataset,1,4,posterior_mean,100,0.01,0.1,29.999999999999982,4.999999999999993,74,4.999999999999993,0.015999999999999955,0.8237037037037023,0.0,17,6,1
mmlu_medical_genetics,dataset,1,4,gaussian_lcb_1.645,100,0.01,0.1,16.999999999999982,4.999999999999993,44,4.999999999999993,0.005925925925925885,0.8219259259259242,0.0,8,3,1
mmlu_medical_genetics,dataset,1,5,posterior_mean,100,0.01,0.1,15.000000000000002,2.0000000000000018,51,2.0000000000000018,0.020148148148148158,1.0402962962962945,0.0,13,2,1
mmlu_medical_genetics,dataset,1,5,gaussian_lcb_1.645,100,0.01,0.1,7.000000000000006,2.0000000000000018,35,2.0000000000000018,0.014518518518518563,1.0465185185185166,0.0,5,2,1
mmlu_medical_genetics,dataset,1,6,posterior_mean,100,0.01,0.1,26.0,2.0000000000000018,84,2.0000000000000018,0.03525925925925935,0.9508148148148133,0.0,21,5,1
mmlu_medical_genetics,dataset,1,6,gaussian_lcb_1.645,100,0.01,0.1,4.999999999999993,2.0000000000000018,30,2.0000000000000018,0.02400000000000002,0.9597037037037021,0.0,4,1,1
mmlu_medical_genetics,dataset,1,7,posterior_mean,100,0.01,0.1,15.000000000000002,3.0000000000000027,54,3.0000000000000027,0.16503703703703707,1.2785185185185168,0.0,12,2,1
mmlu_medical_genetics,dataset,1,7,gaussian_lcb_1.645,100,0.01,0.1,9.000000000000007,3.0000000000000027,40,3.0000000000000027,0.1576296296296297,1.2811851851851834,0.0,7,1,1
mmlu_medical_genetics,dataset,1,8,posterior_mean,100,0.01,0.1,22.000000000000007,5.000000000000004,63,5.000000000000004,0.016296296296296052,0.6660740740740723,0.0,13,3,1
mmlu_medical_genetics,dataset,1,8,gaussian_lcb_1.645,100,0.01,0.1,6.999999999999995,5.000000000000004,35,5.000000000000004,0.0035555555555556216,0.6622222222222207,0.0,2,2,1
mmlu_medical_genetics,dataset,1,9,posterior_mean,100,0.01,0.1,21.999999999999986,3.0000000000000027,63,3.0000000000000027,0.011851851851851834,0.7303703703703688,0.0,17,4,1
mmlu_medical_genetics,dataset,1,9,gaussian_lcb_1.645,100,0.01,0.1,7.999999999999985,3.0000000000000027,31,3.0000000000000027,0.0035555555555554902,0.7315555555555541,0.0,6,1,1
mmlu_medical_genetics,dataset,1,10,posterior_mean,100,0.01,0.1,25.99999999999999,2.9999999999999916,110,2.9999999999999916,0.01896296296296296,0.8441481481481469,0.0,22,2,1
mmlu_medical_genetics,dataset,1,10,gaussian_lcb_1.645,100,0.01,0.1,7.9999999999999964,3.0000000000000027,32,3.0000000000000027,0.005925925925925901,0.8435555555555543,0.0,4,2,1
mmlu_medical_genetics,dataset,1,11,posterior_mean,100,0.01,0.1,25.0,8.999999999999996,76,8.999999999999996,0.1780740740740738,1.1635555555555543,0.0,14,3,1
mmlu_medical_genetics,dataset,1,11,gaussian_lcb_1.645,100,0.01,0.1,3.9999999999999813,2.9999999999999916,18,2.9999999999999916,0.14962962962962917,1.1810370370370356,0.0,2,1,1
mmlu_medical_genetics,dataset,1,12,posterior_mean,100,0.01,0.1,35.999999999999964,5.000000000000004,70,5.000000000000004,0.026370370370370582,0.872296296296295,0.0,16,7,1
mmlu_medical_genetics,dataset,1,12,gaussian_lcb_1.645,100,0.01,0.1,15.999999999999993,5.000000000000004,26,5.000000000000004,0.019259259259259164,0.8717037037037019,0.0,6,3,1
mmlu_medical_genetics,dataset,1,13,posterior_mean,100,0.01,0.1,28.000000000000014,8.000000000000007,61,8.000000000000007,0.020740740740740726,0.8657777777777763,0.0,15,5,1
mmlu_medical_genetics,dataset,1,13,gaussian_lcb_1.645,100,0.01,0.1,12.00000000000001,3.0000000000000027,19,3.0000000000000027,0.004148148148148245,0.8601481481481468,0.0,6,4,1
mmlu_medical_genetics,dataset,1,14,posterior_mean,100,0.01,0.1,20.999999999999996,5.999999999999995,63,5.999999999999995,0.012444444444444518,0.8471111111111095,0.0,13,4,1
mmlu_medical_genetics,dataset,1,14,gaussian_lcb_1.645,100,0.01,0.1,2.0000000000000018,2.0000000000000018,17,2.0000000000000018,0.0011851851851851633,0.848888888888887,0.0,1,1,1
mmlu_medical_genetics,dataset,1,15,posterior_mean,100,0.01,0.1,13.99999999999999,1.0000000000000009,79,1.0000000000000009,0.04148148148148127,1.0189629629629606,0.0,14,0,0
mmlu_medical_genetics,dataset,1,15,gaussian_lcb_1.645,100,0.01,0.1,5.000000000000004,1.0000000000000009,49,1.0000000000000009,0.03466666666666677,1.024888888888887,0.0,5,0,0
mmlu_medical_genetics,dataset,1,16,posterior_mean,100,0.01,0.1,47.999999999999986,9.000000000000007,86,9.000000000000007,0.02548148148148127,0.8411851851851836,0.0,27,10,1
mmlu_medical_genetics,dataset,1,16,gaussian_lcb_1.645,100,0.01,0.1,16.000000000000014,9.000000000000007,38,9.000000000000007,0.013037037037037012,0.8379259259259243,0.0,6,3,1
mmlu_medical_genetics,dataset,1,17,posterior_mean,100,0.01,0.1,33.00000000000002,13.0,82,13.0,0.06874074074074073,0.684148148148147,0.0,19,2,1
mmlu_medical_genetics,dataset,1,17,gaussian_lcb_1.645,100,0.01,0.1,17.999999999999993,13.0,30,13.0,0.03407407407407396,0.6814814814814802,0.0,6,1,1
mmlu_medical_genetics,dataset,1,18,posterior_mean,100,0.01,0.1,38.0,5.000000000000004,107,5.000000000000004,0.030222222222221935,1.1810370370370356,0.0,24,4,1
mmlu_medical_genetics,dataset,1,18,gaussian_lcb_1.645,100,0.01,0.1,15.99999999999996,4.999999999999993,57,4.999999999999993,0.009481481481481372,1.1780740740740725,0.0,10,2,1
mmlu_medical_genetics,dataset,1,19,posterior_mean,100,0.01,0.1,10.999999999999998,2.0000000000000018,71,2.0000000000000018,0.008296296296296411,0.6130370370370359,0.0,9,2,1
mmlu_medical_genetics,dataset,1,19,gaussian_lcb_1.645,100,0.01,0.1,5.999999999999995,2.0000000000000018,45,2.0000000000000018,0.002962962962963053,0.618074074074073,0.0,5,1,1
mmlu_medical_genetics,default,1,0,posterior_mean,100,0.01,0.1,51.99999999999996,14.000000000000002,45,14.000000000000002,0.17718518518518517,0.30992592592592544,0.0,12,8,1
mmlu_medical_genetics,default,1,0,gaussian_lcb_1.645,100,0.01,0.1,35.99999999999994,14.000000000000002,38,14.000000000000002,0.15822222222222193,0.2980740740740734,0.0,8,8,1
mmlu_medical_genetics,default,1,1,posterior_mean,100,0.01,0.1,24.00000000000001,12.0,53,12.0,0.6269629629629632,0.8082962962962964,0.0,13,1,1
mmlu_medical_genetics,default,1,1,gaussian_lcb_1.645,100,0.01,0.1,19.000000000000007,12.0,27,12.0,0.6278518518518521,0.8136296296296298,0.0,8,1,1
mmlu_medical_genetics,default,1,2,posterior_mean,100,0.01,0.1,8.999999999999996,1.9999999999999907,42,1.0000000000000009,0.5410370370370371,0.6877037037037036,0.0,9,0,0
mmlu_medical_genetics,default,1,2,gaussian_lcb_1.645,100,0.01,0.1,4.0000000000000036,1.0000000000000009,24,1.0000000000000009,0.538962962962963,0.690074074074074,0.0,4,0,0
mmlu_medical_genetics,default,1,3,posterior_mean,100,0.01,0.1,57.99999999999997,14.000000000000002,35,14.000000000000002,0.14340740740740712,0.5063703703703698,0.0,13,7,1
mmlu_medical_genetics,default,1,3,gaussian_lcb_1.645,100,0.01,0.1,4.999999999999993,2.9999999999999916,15,2.9999999999999916,0.025481481481481435,0.5167407407407403,0.0,3,1,1
mmlu_medical_genetics,default,1,4,posterior_mean,100,0.01,0.1,9.999999999999964,1.9999999999999907,38,1.9999999999999907,0.07555555555555508,0.24059259259259164,0.0,9,1,1
mmlu_medical_genetics,default,1,4,gaussian_lcb_1.645,100,0.01,0.1,3.0000000000000027,1.0000000000000009,20,1.0000000000000009,0.007999999999999815,0.2426666666666654,0.0,3,0,0
mmlu_medical_genetics,default,1,5,posterior_mean,100,0.01,0.1,12.00000000000001,3.0000000000000027,41,3.0000000000000027,0.07851851851851857,0.3647407407407404,0.0,7,4,1
mmlu_medical_genetics,default,1,5,gaussian_lcb_1.645,100,0.01,0.1,6.000000000000005,3.0000000000000027,27,3.0000000000000027,0.056000000000000015,0.372444444444444,0.0,3,2,1
mmlu_medical_genetics,default,1,6,posterior_mean,100,0.01,0.1,17.999999999999982,9.999999999999998,25,9.999999999999998,0.04474074074074069,0.15407407407407372,0.0,7,3,1
mmlu_medical_genetics,default,1,6,gaussian_lcb_1.645,100,0.01,0.1,12.99999999999999,9.999999999999998,17,9.999999999999998,0.04503703703703705,0.15644444444444414,0.0,3,2,1
mmlu_medical_genetics,default,1,7,posterior_mean,100,0.01,0.1,20.999999999999986,5.000000000000004,42,5.000000000000004,0.14666666666666636,0.4346666666666657,0.0,14,4,1
mmlu_medical_genetics,default,1,7,gaussian_lcb_1.645,100,0.01,0.1,6.999999999999984,1.9999999999999907,16,1.9999999999999907,0.11525925925925903,0.44355555555555487,0.0,5,2,1
mmlu_medical_genetics,default,1,8,posterior_mean,100,0.01,0.1,63.99999999999999,15.000000000000002,43,15.000000000000002,0.28562962962962996,0.5099259259259258,0.0,14,6,1
mmlu_medical_genetics,default,1,8,gaussian_lcb_1.645,100,0.01,0.1,14.000000000000002,9.999999999999998,21,9.999999999999998,0.205925925925926,0.5342222222222219,0.0,5,1,1
mmlu_medical_genetics,default,1,9,posterior_mean,100,0.01,0.1,33.999999999999964,10.000000000000009,51,10.000000000000009,0.8079999999999999,1.0059259259259261,0.0,13,7,1
mmlu_medical_genetics,default,1,9,gaussian_lcb_1.645,100,0.01,0.1,14.999999999999991,10.000000000000009,28,10.000000000000009,0.08651851851851855,0.9991111111111115,0.0,5,2,1
mmlu_medical_genetics,default,1,10,posterior_mean,100,0.01,0.1,7.999999999999985,1.9999999999999907,33,1.9999999999999907,0.0625185185185186,0.205333333333333,0.0,7,1,1
mmlu_medical_genetics,default,1,10,gaussian_lcb_1.645,100,0.01,0.1,4.999999999999993,1.0000000000000009,25,1.0000000000000009,0.05125925925925915,0.20740740740740687,0.0,5,0,0
mmlu_medical_genetics,default,1,11,posterior_mean,100,0.01,0.1,50.99999999999992,5.999999999999995,60,5.999999999999995,1.4426666666666605,1.5706666666666609,0.0,19,14,1
mmlu_medical_genetics,default,1,11,gaussian_lcb_1.645,100,0.01,0.1,28.99999999999997,5.999999999999995,32,5.999999999999995,1.459851851851846,1.589629629629624,0.0,9,8,1
mmlu_medical_genetics,default,1,12,posterior_mean,100,0.01,0.1,21.999999999999996,1.9999999999999907,66,1.9999999999999907,0.2465185185185189,0.4251851851851848,0.0,20,2,1
mmlu_medical_genetics,default,1,12,gaussian_lcb_1.645,100,0.01,0.1,10.999999999999998,1.9999999999999907,37,1.9999999999999907,0.21896296296296341,0.4308148148148142,0.0,10,1,1
mmlu_medical_genetics,default,1,13,posterior_mean,100,0.01,0.1,10.999999999999977,2.9999999999999916,32,2.9999999999999916,0.18548148148148094,0.3668148148148137,0.0,6,3,1
mmlu_medical_genetics,default,1,13,gaussian_lcb_1.645,100,0.01,0.1,2.0000000000000018,1.0000000000000009,16,1.0000000000000009,0.08800000000000001,0.3715555555555544,0.0,2,0,0
mmlu_medical_genetics,default,1,14,posterior_mean,100,0.01,0.1,38.99999999999998,10.999999999999998,45,10.999999999999998,0.10488888888888842,0.33985185185185085,0.0,12,5,1
mmlu_medical_genetics,default,1,14,gaussian_lcb_1.645,100,0.01,0.1,12.0,8.999999999999996,21,8.999999999999996,0.059851851851851955,0.3451851851851846,0.0,4,1,1
mmlu_medical_genetics,default,1,15,posterior_mean,100,0.01,0.1,12.00000000000001,6.000000000000005,45,6.000000000000005,0.7534814814814822,0.9330370370370377,0.0,7,1,1
mmlu_medical_genetics,default,1,15,gaussian_lcb_1.645,100,0.01,0.1,9.000000000000007,6.000000000000005,27,6.000000000000005,0.695407407407408,0.9398518518518524,0.0,4,1,1
mmlu_medical_genetics,default,1,16,posterior_mean,100,0.01,0.1,17.999999999999993,5.000000000000004,35,5.000000000000004,0.04503703703703692,0.20651851851851796,0.0,11,3,1
mmlu_medical_genetics,default,1,16,gaussian_lcb_1.645,100,0.01,0.1,5.000000000000004,1.0000000000000009,21,1.0000000000000009,0.029037037037036986,0.20829629629629584,0.0,5,0,0
mmlu_medical_genetics,default,1,17,posterior_mean,100,0.01,0.1,40.999999999999936,3.9999999999999925,63,3.9999999999999925,0.5256296296296283,0.727703703703702,0.0,22,10,1
mmlu_medical_genetics,default,1,17,gaussian_lcb_1.645,100,0.01,0.1,27.999999999999957,3.9999999999999925,49,3.9999999999999925,0.06311111111111153,0.3108148148148145,0.0,15,6,1
mmlu_medical_genetics,default,1,18,posterior_mean,100,0.01,0.1,15.000000000000002,7.000000000000006,39,7.000000000000006,0.06903703703703717,0.8311111111111114,0.0,9,1,1
mmlu_medical_genetics,default,1,18,gaussian_lcb_1.645,100,0.01,0.1,4.999999999999993,1.0000000000000009,25,1.0000000000000009,0.06696296296296297,0.834962962962963,0.0,5,0,0
mmlu_medical_genetics,default,1,19,posterior_mean,100,0.01,0.1,24.999999999999968,2.9999999999999916,51,2.9999999999999916,0.7608888888888897,0.8936296296296302,0.0,17,5,1
mmlu_medical_genetics,default,1,19,gaussian_lcb_1.645,100,0.01,0.1,11.999999999999977,2.9999999999999916,27,2.9999999999999916,0.7300740740740745,0.9048888888888892,0.0,7,3,1
mmlu_miscellaneous,dataset,1,0,posterior_mean,783,0.01,0.1,34.35504469987202,0.8939974457215838,178,0.8939974457215838,0.005886402934792124,0.14318264347215923,0.0,83,0,0
mmlu_miscellaneous,dataset,1,0,gaussian_lcb_1.645,783,0.01,0.1,2.4265644955299703,0.25542784163473664,31,0.25542784163473664,0.0008989088225544641,0.1396208380838655,0.0,13,0,0
mmlu_miscellaneous,dataset,1,1,posterior_mean,783,0.01,0.1,63.98467432950156,1.404853128991057,251,1.404853128991057,0.013647949004805485,0.13511300365248,0.0,117,0,0
mmlu_miscellaneous,dataset,1,1,gaussian_lcb_1.645,783,0.01,0.1,5.874840357598943,0.5108556832694844,56,0.5108556832694844,0.0010052313714587903,0.1236978281746647,0.0,19,0,0
mmlu_miscellaneous,dataset,1,2,posterior_mean,783,0.01,0.1,74.96807151979512,5.619412515964239,220,5.619412515964239,0.029369187713245003,0.038563671771900364,0.0,109,1,1
mmlu_miscellaneous,dataset,1,2,gaussian_lcb_1.645,783,0.01,0.1,7.407407407407307,0.638569604086836,32,0.638569604086836,0.0008167504893103918,0.011137286997724859,0.0,15,0,0
mmlu_miscellaneous,dataset,1,3,posterior_mean,783,0.01,0.1,45.59386973180059,2.8097062579821253,194,2.8097062579821253,0.010679375110966461,0.1457935869742272,0.0,96,1,1
mmlu_miscellaneous,dataset,1,3,gaussian_lcb_1.645,783,0.01,0.1,3.575989782886313,0.6385696040868472,34,0.6385696040868472,0.0014099819837649324,0.13689148992505873,0.0,16,0,0
mmlu_miscellaneous,dataset,1,4,posterior_mean,783,0.01,0.1,60.53639846743303,1.0217113665389577,257,1.0217113665389577,0.05291721587398115,0.17529567787360253,0.0,123,0,0
mmlu_miscellaneous,dataset,1,4,gaussian_lcb_1.645,783,0.01,0.1,22.733077905491804,1.0217113665389577,105,1.0217113665389577,0.0050116583278981474,0.1571773489716839,0.0,50,0,0
mmlu_miscellaneous,dataset,1,5,posterior_mean,783,0.01,0.1,82.88633461047222,7.53512132822477,283,7.53512132822477,0.014169896063062574,0.2413642681205765,0.0,135,5,1
mmlu_miscellaneous,dataset,1,5,gaussian_lcb_1.645,783,0.01,0.1,8.429118773946309,0.7662835249042099,91,0.7662835249042099,0.002334263232762463,0.23019073479936214,0.0,38,0,0
mmlu_miscellaneous,dataset,1,6,posterior_mean,783,0.01,0.1,53.51213282247731,1.1494252873563204,184,1.1494252873563204,0.013440136750128787,0.08512086608415108,0.0,91,0,0
mmlu_miscellaneous,dataset,1,6,gaussian_lcb_1.645,783,0.01,0.1,6.641123882503108,0.7662835249042099,29,0.7662835249042099,0.0012758705868514567,0.07293243570521368,0.0,14,0,0
mmlu_miscellaneous,dataset,1,7,posterior_mean,783,0.01,0.1,86.71775223499296,4.469987228607919,324,4.469987228607919,0.026880273500258383,0.11852547781262769,0.0,155,1,1
mmlu_miscellaneous,dataset,1,7,gaussian_lcb_1.645,783,0.01,0.1,18.263090676883554,0.8939974457215838,120,0.8939974457215838,0.003030192643772563,0.0950426930341749,0.0,55,0,0
mmlu_miscellaneous,dataset,1,8,posterior_mean,783,0.01,0.1,53.1289910600251,5.874840357598976,182,5.874840357598976,0.012294752927842621,0.026050232692335567,0.0,86,2,1
mmlu_miscellaneous,dataset,1,8,gaussian_lcb_1.645,783,0.01,0.1,8.684546615581013,0.7662835249042099,42,0.7662835249042099,0.0010342284302507973,0.01657786015358866,0.0,18,0,0
mmlu_miscellaneous,dataset,1,9,posterior_mean,783,0.01,0.1,61.941251596423484,2.171136653895267,210,2.171136653895267,0.02045742497781286,0.03898412912438533,0.0,104,2,1
mmlu_miscellaneous,dataset,1,9,gaussian_lcb_1.645,783,0.01,0.1,14.687100893997274,0.7662835249042099,54,0.7662835249042099,0.002812714702831717,0.023707511984090743,0.0,26,0,0
mmlu_miscellaneous,dataset,1,10,posterior_mean,783,0.01,0.1,68.71008939974429,6.385696040868449,153,6.385696040868449,0.018007173509881444,0.020940709291013555,0.0,76,4,1
mmlu_miscellaneous,dataset,1,10,gaussian_lcb_1.645,783,0.01,0.1,13.15453384418891,0.8939974457215838,53,0.8939974457215838,0.002561406859967147,0.006703153424102602,0.0,26,0,0
mmlu_miscellaneous,dataset,1,11,posterior_mean,783,0.01,0.1,66.92209450830151,1.9157088122605304,313,1.9157088122605304,0.020515419095397096,0.2124807811420975,0.0,144,0,0
mmlu_miscellaneous,dataset,1,11,gaussian_lcb_1.645,783,0.01,0.1,9.450830140485378,0.766283524904221,73,0.766283524904221,0.0016624980374126458,0.19417397135803052,0.0,27,0,0
mmlu_miscellaneous,dataset,1,12,posterior_mean,783,0.01,0.1,31.41762452107263,0.8939974457215838,144,0.8939974457215838,0.010279457341792274,0.11138978492820971,0.0,63,0,0
mmlu_miscellaneous,dataset,1,12,gaussian_lcb_1.645,783,0.01,0.1,6.385696040868394,0.7662835249042099,52,0.7662835249042099,0.0015948382335644294,0.10352191630929217,0.0,19,0,0
mmlu_miscellaneous,dataset,1,13,posterior_mean,783,0.01,0.1,79.31034482758601,3.575989782886335,261,3.575989782886335,0.020549248997321204,0.23060635930871182,0.12771392081736277,120,4,1
mmlu_miscellaneous,dataset,1,13,gaussian_lcb_1.645,783,0.01,0.1,9.833971902937355,0.6385696040868472,79,0.6385696040868472,0.001957301468465407,0.21283116226916626,0.12771392081736277,37,0,0
mmlu_miscellaneous,dataset,1,14,posterior_mean,783,0.01,0.1,62.962962962962536,1.2771392081736832,254,1.2771392081736832,0.027682525460172396,0.12352022118956225,0.0,126,0,0
mmlu_miscellaneous,dataset,1,14,gaussian_lcb_1.645,783,0.01,0.1,17.624521072796817,1.0217113665389466,78,1.0217113665389466,0.003078521075092356,0.09955415209790792,0.0,38,0,0
mmlu_miscellaneous,dataset,1,15,posterior_mean,783,0.01,0.1,34.4827586206894,1.404853128991057,161,1.404853128991057,0.009047082343129023,0.037233431699813774,0.0,72,0,0
mmlu_miscellaneous,dataset,1,15,gaussian_lcb_1.645,783,0.01,0.1,3.1928480204342025,0.638569604086836,23,0.638569604086836,0.0013386975475676963,0.030771920432311882,0.0,9,0,0
mmlu_miscellaneous,dataset,1,16,posterior_mean,783,0.01,0.1,67.17752234993574,1.1494252873563204,295,1.1494252873563204,0.018421589808451745,0.16439640840013137,0.0,144,0,0
mmlu_miscellaneous,dataset,1,16,gaussian_lcb_1.645,783,0.01,0.1,10.727969348658927,1.1494252873563204,59,1.1494252873563204,0.0013471550230486984,0.14785841920238177,0.0,28,0,0
mmlu_miscellaneous,dataset,1,17,posterior_mean,783,0.01,0.1,101.02171136653824,4.980842911877392,296,4.980842911877392,0.03314363819934841,0.11209296360391881,0.0,147,3,1
mmlu_miscellaneous,dataset,1,17,gaussian_lcb_1.645,783,0.01,0.1,8.55683269476365,0.8939974457215838,37,0.8939974457215838,0.004871505877069433,0.08409147049703257,0.0,18,0,0
mmlu_miscellaneous,dataset,1,18,posterior_mean,783,0.01,0.1,56.96040868454657,7.535121328224781,148,7.535121328224781,0.014314881357023263,0.10578006226272335,0.0,73,3,1
mmlu_miscellaneous,dataset,1,18,gaussian_lcb_1.645,783,0.01,0.1,8.429118773946309,0.638569604086836,64,0.638569604086836,0.0021361166643498915,0.0942778956085319,0.0,31,0,0
mmlu_miscellaneous,dataset,1,19,posterior_mean,783,0.01,0.1,24.265644955299905,1.404853128991057,139,1.404853128991057,0.00896009116675276,0.26902021294352196,0.12771392081736277,61,0,0
mmlu_miscellaneous,dataset,1,19,gaussian_lcb_1.645,783,0.01,0.1,3.448275862068917,0.3831417624520994,43,0.3831417624520994,0.0005799411758415582,0.26154863746142926,0.12771392081736277,12,0,0
mmlu_miscellaneous,default,1,0,posterior_mean,783,0.01,0.1,218.51851851851825,8.939974457215838,485,8.556832694763727,0.12646100623539494,0.20376595676429635,0.0,229,18,1
mmlu_miscellaneous,default,1,0,gaussian_lcb_1.645,783,0.01,0.1,18.518518518518633,1.9157088122605304,164,1.9157088122605304,0.01072528712072113,0.13211543269984866,0.0,77,0,0
mmlu_miscellaneous,default,1,1,posterior_mean,783,0.01,0.1,104.98084291187722,7.535121328224781,456,7.535121328224781,0.06798239612724956,0.3086120720917574,0.0,210,2,1
mmlu_miscellaneous,default,1,1,gaussian_lcb_1.645,783,0.01,0.1,30.651340996168376,1.0217113665389466,176,1.0217113665389466,0.023086491641627935,0.2800511773923416,0.0,78,0,0
mmlu_miscellaneous,default,1,2,posterior_mean,783,0.01,0.1,122.34993614303922,4.597701149425282,411,4.597701149425282,0.04436549995188287,0.15339202458853773,0.0,191,3,1
mmlu_miscellaneous,default,1,2,gaussian_lcb_1.645,783,0.01,0.1,12.643678160919492,0.8939974457215838,72,0.8939974457215838,0.00844780979475947,0.12270226248946986,0.0,34,0,0
mmlu_miscellaneous,default,1,3,posterior_mean,783,0.01,0.1,134.22733077905414,4.980842911877392,364,4.980842911877392,0.06874236070975821,0.08933268887370116,0.0,178,4,1
mmlu_miscellaneous,default,1,3,gaussian_lcb_1.645,783,0.01,0.1,9.961685823754717,1.1494252873563204,34,1.1494252873563204,0.011927456849808983,0.0617141985850276,0.0,15,0,0
mmlu_miscellaneous,default,1,4,posterior_mean,783,0.01,0.1,210.47254150702378,8.173690932311617,413,8.173690932311617,0.07973466241352098,0.11881424018976412,0.0,204,20,1
mmlu_miscellaneous,default,1,4,gaussian_lcb_1.645,783,0.01,0.1,9.833971902937467,0.6385696040868472,55,0.6385696040868472,0.011237568492714251,0.07555183668276465,0.0,27,0,0
mmlu_miscellaneous,default,1,5,posterior_mean,783,0.01,0.1,120.5619412515965,5.363984674329503,491,5.363984674329503,0.050294190264080885,0.2909552797089472,0.0,227,6,1
mmlu_miscellaneous,default,1,5,gaussian_lcb_1.645,783,0.01,0.1,22.605363984674266,4.469987228607919,158,4.469987228607919,0.02088754801656185,0.2701788870844212,0.0,68,1,1
mmlu_miscellaneous,default,1,6,posterior_mean,783,0.01,0.1,124.13793103448265,7.4074074074074066,348,7.4074074074074066,0.06933680041499654,0.13042031297129442,0.0,171,3,1
mmlu_miscellaneous,default,1,6,gaussian_lcb_1.645,783,0.01,0.1,19.029374201787952,4.980842911877403,69,4.980842911877403,0.007399082835112559,0.08696580394979607,0.0,33,1,1
mmlu_miscellaneous,default,1,7,posterior_mean,783,0.01,0.1,103.19284802043404,5.491698595146877,319,5.23627075351214,0.09483246435793377,0.1247187662863031,0.0,158,2,1
mmlu_miscellaneous,default,1,7,gaussian_lcb_1.645,783,0.01,0.1,10.344827586206884,1.2771392081736943,73,1.1494252873563204,0.07825581241512729,0.10884770944077056,0.0,35,0,0
mmlu_miscellaneous,default,1,8,posterior_mean,783,0.01,0.1,159.259259259259,8.429118773946364,344,8.429118773946364,0.14084717202861388,0.16310362286231828,0.0,171,8,1
mmlu_miscellaneous,default,1,8,gaussian_lcb_1.645,783,0.01,0.1,32.056194125159664,4.597701149425292,48,4.597701149425292,0.048218484138878866,0.0899367942652015,0.0,22,4,1
mmlu_miscellaneous,default,1,9,posterior_mean,783,0.01,0.1,139.5913154533841,6.76883780332056,483,6.76883780332056,0.11810502046014323,0.16944793768386943,0.0,238,3,1
mmlu_miscellaneous,default,1,9,gaussian_lcb_1.645,783,0.01,0.1,11.877394636015504,0.6385696040868472,110,0.6385696040868472,0.01715538490786477,0.1413062921261549,0.0,52,0,0
mmlu_miscellaneous,default,1,10,posterior_mean,783,0.01,0.1,136.6538952745843,6.0025542784163495,484,5.747126436781613,0.07647611793176312,0.23923902535327515,0.0,191,4,1
mmlu_miscellaneous,default,1,10,gaussian_lcb_1.645,783,0.01,0.1,21.711366538952646,1.2771392081736943,141,1.2771392081736943,0.039790005716649555,0.2269321903176028,0.0,61,0,0
mmlu_miscellaneous,default,1,11,posterior_mean,783,0.01,0.1,137.03703703703675,5.363984674329503,407,5.363984674329503,0.056903103247107276,0.24752251848154141,0.12771392081736277,201,4,1
mmlu_miscellaneous,default,1,11,gaussian_lcb_1.645,783,0.01,0.1,13.793103448275668,0.8939974457215838,94,0.8939974457215838,0.015699490914345395,0.20654121693285216,0.12771392081736277,44,0,0
mmlu_miscellaneous,default,1,12,posterior_mean,783,0.01,0.1,84.80204342273299,5.23627075351214,505,5.23627075351214,0.04573802740137477,0.3567846442208842,0.0,209,4,1
mmlu_miscellaneous,default,1,12,gaussian_lcb_1.645,783,0.01,0.1,32.694763729246255,5.23627075351214,221,5.23627075351214,0.020307606840720516,0.3332583638542431,0.0,102,2,1
mmlu_miscellaneous,default,1,13,posterior_mean,783,0.01,0.1,111.49425287356274,1.9157088122605304,418,1.9157088122605304,0.0761994376624556,0.1844962029861771,0.0,207,0,0
mmlu_miscellaneous,default,1,13,gaussian_lcb_1.645,783,0.01,0.1,9.833971902937332,1.0217113665389466,60,1.0217113665389466,0.0032126324720059144,0.1375922521792029,0.0,28,0,0
mmlu_miscellaneous,default,1,14,posterior_mean,783,0.01,0.1,134.738186462324,4.597701149425292,316,4.597701149425292,0.051729544674287475,0.06772988007360004,0.0,158,7,1
mmlu_miscellaneous,default,1,14,gaussian_lcb_1.645,783,0.01,0.1,11.621966794380556,1.2771392081736832,43,1.2771392081736832,0.0019959642135216563,0.018643900592523972,0.0,21,0,0
mmlu_miscellaneous,default,1,15,posterior_mean,783,0.01,0.1,125.03192848020406,5.363984674329503,410,5.363984674329503,0.07428200714982826,0.12343202180240376,0.0,170,7,1
mmlu_miscellaneous,default,1,15,gaussian_lcb_1.645,783,0.01,0.1,18.90166028097059,0.638569604086836,157,0.638569604086836,0.0042190720542476445,0.08748895921883708,0.0,46,0,0
mmlu_miscellaneous,default,1,16,posterior_mean,783,0.01,0.1,150.44699872286057,7.535121328224781,621,7.535121328224781,0.0748691975903698,0.32583632501425414,0.12771392081736277,293,4,1
mmlu_miscellaneous,default,1,16,gaussian_lcb_1.645,783,0.01,0.1,15.836526181353673,0.7662835249042099,121,0.7662835249042099,0.008757111755208286,0.294706774190172,0.12771392081736277,47,0,0
mmlu_miscellaneous,default,1,17,posterior_mean,783,0.01,0.1,126.8199233716476,2.0434227330779042,371,2.0434227330779042,0.07491027675699106,0.22891607242328968,0.12771392081736277,182,3,1
mmlu_miscellaneous,default,1,17,gaussian_lcb_1.645,783,0.01,0.1,19.02937420178801,1.404853128991057,76,1.404853128991057,0.038388481208365424,0.2033563733088538,0.12771392081736277,38,0,0
mmlu_miscellaneous,default,1,18,posterior_mean,783,0.01,0.1,125.92592592592582,13.026819923371647,378,12.515964240102162,0.05936302040130378,0.13450285720706256,0.0,184,4,1
mmlu_miscellaneous,default,1,18,gaussian_lcb_1.645,783,0.01,0.1,12.771392081736888,0.8939974457215838,93,0.8939974457215838,0.020804181472534312,0.11159759718288487,0.0,43,0,0
mmlu_miscellaneous,default,1,19,posterior_mean,783,0.01,0.1,133.20561941251535,8.301404853128991,367,8.301404853128991,0.05930865091606826,0.1641330184494383,0.0,161,9,1
mmlu_miscellaneous,default,1,19,gaussian_lcb_1.645,783,0.01,0.1,15.836526181353584,1.1494252873563204,87,1.1494252873563204,0.007877534305181698,0.11546628811006329,0.0,37,0,0
mmlu_moral_disputes,dataset,1,0,posterior_mean,346,0.01,0.1,123.69942196531811,12.427745664739886,225,12.427745664739886,0.09839335810801747,0.2323152448448997,0.0,102,10,1
mmlu_moral_disputes,dataset,1,0,gaussian_lcb_1.645,346,0.01,0.1,18.208092485549187,1.1560693641618491,54,1.1560693641618491,0.019911320990541777,0.19209660393796213,0.0,25,0,0
mmlu_moral_disputes,dataset,1,1,posterior_mean,346,0.01,0.1,200.2890173410406,13.005780346820817,281,12.71676300578035,0.10771170783199431,0.1642158045646324,0.0,127,18,1
mmlu_moral_disputes,dataset,1,1,gaussian_lcb_1.645,346,0.01,0.1,45.086705202312224,2.0231213872832443,111,2.0231213872832443,0.044945878084305946,0.10234097240011313,0.0,50,3,1
mmlu_moral_disputes,dataset,1,2,posterior_mean,346,0.01,0.1,209.8265895953757,15.02890173410405,323,14.739884393063585,0.22003927814345967,0.25786955052884614,0.0,153,14,1
mmlu_moral_disputes,dataset,1,2,gaussian_lcb_1.645,346,0.01,0.1,44.508670520231185,1.7341040462427793,146,1.7341040462427793,0.13044452116923608,0.24735082906087702,0.0,63,0,0
mmlu_moral_disputes,dataset,1,3,posterior_mean,346,0.01,0.1,198.26589595375728,8.381502890173408,331,8.381502890173408,0.2449872104721927,0.3033723021026321,0.0,150,21,1
mmlu_moral_disputes,dataset,1,3,gaussian_lcb_1.645,346,0.01,0.1,51.15606936416187,2.0231213872832443,143,2.0231213872832443,0.2013530788297736,0.28968558922784,0.0,64,2,1
mmlu_moral_disputes,dataset,1,4,posterior_mean,346,0.01,0.1,223.41040462427745,8.959537572254339,346,8.670520231213874,0.22677125988295782,0.30225855512367017,0.0,154,21,1
mmlu_moral_disputes,dataset,1,4,gaussian_lcb_1.645,346,0.01,0.1,44.2196531791907,6.069364161849711,113,5.780346820809246,0.19734358970551308,0.303075302908242,0.0,48,2,1
mmlu_moral_disputes,dataset,1,5,posterior_mean,346,0.01,0.1,164.73988439306365,10.693641618497107,257,10.693641618497107,0.0726163030282788,0.0726163030282788,0.0,124,10,1
mmlu_moral_disputes,dataset,1,5,gaussian_lcb_1.645,346,0.01,0.1,33.236994219653205,6.647398843930641,76,6.647398843930641,0.028734672057202624,0.028734672057202624,0.0,36,1,1
mmlu_moral_disputes,dataset,1,6,posterior_mean,346,0.01,0.1,168.78612716763018,8.092485549132956,378,6.936416184971106,0.1640920549003012,0.1640920549003012,0.0,177,6,1
mmlu_moral_disputes,dataset,1,6,gaussian_lcb_1.645,346,0.01,0.1,33.52601156069363,1.7341040462427793,112,1.4450867052023142,0.12622465761561705,0.12622465761561705,0.0,47,0,0
mmlu_moral_disputes,dataset,1,7,posterior_mean,346,0.01,0.1,115.6069364161849,7.22543352601156,266,7.22543352601156,0.23017437565200682,0.4298939589126381,0.0,120,9,1
mmlu_moral_disputes,dataset,1,7,gaussian_lcb_1.645,346,0.01,0.1,22.543352601156062,1.7341040462427793,90,1.1560693641618491,0.19366822467494066,0.4081882677893247,0.0,38,0,0
mmlu_moral_disputes,dataset,1,8,posterior_mean,346,0.01,0.1,146.82080924855507,7.8034682080924895,245,7.8034682080924895,0.062048081694577914,0.062048081694577914,0.0,116,7,1
mmlu_moral_disputes,dataset,1,8,gaussian_lcb_1.645,346,0.01,0.1,27.45664739884399,1.7341040462427793,84,1.7341040462427793,0.014033211934912328,0.014033211934912328,0.0,33,0,0
mmlu_moral_disputes,dataset,1,9,posterior_mean,346,0.01,0.1,222.83236994219658,8.959537572254339,306,8.381502890173408,0.26565340441514,0.44858015822632064,0.0,137,25,1
mmlu_moral_disputes,dataset,1,9,gaussian_lcb_1.645,346,0.01,0.1,33.23699421965321,4.335260115606932,87,4.335260115606932,0.07611841852878798,0.4031145315518333,0.0,35,1,1
mmlu_moral_disputes,dataset,1,10,posterior_mean,346,0.01,0.1,129.1907514450863,16.473988439306353,313,16.473988439306353,0.1289719001637198,0.33690846113580003,0.0,137,5,1
mmlu_moral_disputes,dataset,1,10,gaussian_lcb_1.645,346,0.01,0.1,22.254335260115543,1.1560693641618491,120,1.1560693641618491,0.11235232024433037,0.36863787506976536,0.0,39,0,0
mmlu_moral_disputes,dataset,1,11,posterior_mean,346,0.01,0.1,215.02890173410418,10.115606936416189,358,10.115606936416189,0.1973930895712452,0.4152791235553785,0.0,159,19,1
mmlu_moral_disputes,dataset,1,11,gaussian_lcb_1.645,346,0.01,0.1,22.54335260115615,1.7341040462427793,83,1.7341040462427793,0.045379001909457505,0.4041169038328979,0.0,33,0,0
mmlu_moral_disputes,dataset,1,12,posterior_mean,346,0.01,0.1,204.33526011560716,11.560693641618503,327,10.982658959537572,0.15169233853453123,0.3985976688038229,0.0,152,17,1
mmlu_moral_disputes,dataset,1,12,gaussian_lcb_1.645,346,0.01,0.1,33.81502890173421,2.023121387283233,109,2.023121387283233,0.01264721569442714,0.25984954515810843,0.0,43,1,1
mmlu_moral_disputes,dataset,1,13,posterior_mean,346,0.01,0.1,160.98265895953773,12.427745664739886,284,11.271676300578036,0.21230492412289342,0.21230492412289342,0.0,126,10,1
mmlu_moral_disputes,dataset,1,13,gaussian_lcb_1.645,346,0.01,0.1,37.28323699421965,1.7341040462427793,100,1.7341040462427793,0.15924106805860266,0.15924106805860266,0.0,41,0,0
mmlu_moral_disputes,dataset,1,14,posterior_mean,346,0.01,0.1,165.0289017341036,16.763005780346816,304,16.763005780346816,0.1197525501712082,0.3400022027440265,0.0,128,12,1
mmlu_moral_disputes,dataset,1,14,gaussian_lcb_1.645,346,0.01,0.1,19.94219653179179,1.7341040462427793,91,1.7341040462427793,0.12121279621029021,0.3619801431288627,0.0,34,0,0
mmlu_moral_disputes,dataset,1,15,posterior_mean,346,0.01,0.1,197.68786127167607,11.560693641618492,388,11.560693641618492,0.2990039389518171,0.36030952266042177,0.0,172,13,1
mmlu_moral_disputes,dataset,1,15,gaussian_lcb_1.645,346,0.01,0.1,28.901734104046163,5.202312138728315,93,5.202312138728315,0.16562655073798027,0.37941647083282387,0.0,41,1,1
mmlu_moral_disputes,dataset,1,16,posterior_mean,346,0.01,0.1,155.49132947976892,9.248554913294793,273,8.670520231213874,0.1785955155596641,0.3082727888100605,0.0,123,13,1
mmlu_moral_disputes,dataset,1,16,gaussian_lcb_1.645,346,0.01,0.1,19.364161849711024,1.1560693641618491,76,1.1560693641618491,0.008167477845716207,0.2697618932708637,0.0,30,0,0
mmlu_moral_disputes,dataset,1,17,posterior_mean,346,0.01,0.1,115.8959537572255,6.358381502890175,276,5.780346820809246,0.16044143980259426,0.25220181590257384,0.0,128,4,1
mmlu_moral_disputes,dataset,1,17,gaussian_lcb_1.645,346,0.01,0.1,47.109826589595436,1.7341040462427793,135,1.7341040462427793,0.04560175130524948,0.14127261679802647,0.0,61,0,0
mmlu_moral_disputes,dataset,1,18,posterior_mean,346,0.01,0.1,215.60693641618508,17.630057803468212,316,17.630057803468212,0.09268849858244618,0.42246897905289343,0.0,149,14,1
mmlu_moral_disputes,dataset,1,18,gaussian_lcb_1.645,346,0.01,0.1,45.37572254335258,5.491329479768792,121,5.202312138728327,0.06942356168858918,0.40044153880232675,0.0,50,3,1
mmlu_moral_disputes,dataset,1,19,posterior_mean,346,0.01,0.1,158.38150289017366,7.514450867052025,348,7.514450867052025,0.2084810594951253,0.2084810594951253,0.0,161,4,1
mmlu_moral_disputes,dataset,1,19,gaussian_lcb_1.645,346,0.01,0.1,38.1502890173411,1.4450867052023142,134,1.4450867052023142,0.12720227996381525,0.12720227996381525,0.0,62,0,0
mmlu_moral_disputes,default,1,0,posterior_mean,346,0.01,0.1,148.84393063583818,6.647398843930641,319,6.358381502890175,0.31583389330056405,0.5952606353555269,0.0,143,13,1
mmlu_moral_disputes,default,1,0,gaussian_lcb_1.645,346,0.01,0.1,55.2023121387283,2.3121387283236983,147,2.023121387283233,0.33162435046894906,0.6113975915840333,0.0,65,4,1
mmlu_moral_disputes,default,1,1,posterior_mean,346,0.01,0.1,186.7052023121387,11.849710982658957,384,11.849710982658957,0.25627317985899983,1.3690301615056877,0.0,152,14,1
mmlu_moral_disputes,default,1,1,gaussian_lcb_1.645,346,0.01,0.1,34.682080924855484,6.069364161849711,145,6.069364161849711,0.13998562028900444,1.315941555508532,0.0,48,2,1
mmlu_moral_disputes,default,1,2,posterior_mean,346,0.01,0.1,228.32369942196527,12.138728323699421,377,12.138728323699421,0.19926170950261193,0.4849254346397592,0.0,177,19,1
mmlu_moral_disputes,default,1,2,gaussian_lcb_1.645,346,0.01,0.1,39.30635838150285,5.202312138728327,122,5.202312138728327,0.14491085692930078,0.4349305702508302,0.0,56,1,1
mmlu_moral_disputes,default,1,3,posterior_mean,346,0.01,0.1,230.92485549132968,14.45086705202312,469,14.45086705202312,0.2829412325219064,0.529957937489094,0.0,203,16,1
mmlu_moral_disputes,default,1,3,gaussian_lcb_1.645,346,0.01,0.1,49.13294797687876,2.0231213872832443,169,2.0231213872832443,0.23242661954279464,0.4856803075921657,0.0,68,1,1
mmlu_moral_disputes,default,1,4,posterior_mean,346,0.01,0.1,242.77456647398853,11.271676300578026,395,11.271676300578026,0.5296980631940024,0.6454658741738152,0.0,171,21,1
mmlu_moral_disputes,default,1,4,gaussian_lcb_1.645,346,0.01,0.1,82.08092485549136,10.404624277456643,132,10.115606936416178,0.5096753675055646,0.6467528706828377,0.0,62,7,1
mmlu_moral_disputes,default,1,5,posterior_mean,346,0.01,0.1,275.7225433526012,13.87283236994219,395,8.381502890173408,0.9653835063972402,1.021095605278173,0.0,185,26,1
mmlu_moral_disputes,default,1,5,gaussian_lcb_1.645,346,0.01,0.1,38.15028901734105,4.6242774566473965,88,4.6242774566473965,0.7898074826472036,0.9290877298495334,0.0,40,2,1
mmlu_moral_disputes,default,1,6,posterior_mean,346,0.01,0.1,167.9190751445088,13.005780346820806,296,13.005780346820806,0.20200895205071626,0.32291237410018486,0.0,132,12,1
mmlu_moral_disputes,default,1,6,gaussian_lcb_1.645,346,0.01,0.1,53.75722543352607,13.005780346820806,101,13.005780346820806,0.1560235767860478,0.2775457471571618,0.0,42,2,1
mmlu_moral_disputes,default,1,7,posterior_mean,346,0.01,0.1,273.41040462427753,12.427745664739886,431,12.427745664739886,0.2404703477241809,0.4580098826481933,0.0,193,22,1
mmlu_moral_disputes,default,1,7,gaussian_lcb_1.645,346,0.01,0.1,63.87283236994218,6.358381502890175,161,6.358381502890175,0.11530993722179451,0.3335672201989155,0.0,66,4,1
mmlu_moral_disputes,default,1,8,posterior_mean,346,0.01,0.1,186.12716763005795,8.959537572254339,324,7.8034682080924895,0.3823369629109897,0.8344687365035537,0.0,153,15,1
mmlu_moral_disputes,default,1,8,gaussian_lcb_1.645,346,0.01,0.1,62.42774566473991,6.647398843930641,112,6.069364161849711,0.368971999163452,0.8260785092620438,0.0,53,5,1
mmlu_moral_disputes,default,1,9,posterior_mean,346,0.01,0.1,313.5838150289017,13.294797687861271,430,7.8034682080924895,0.8888443390097317,1.0224444766193599,0.0,194,31,1
mmlu_moral_disputes,default,1,9,gaussian_lcb_1.645,346,0.01,0.1,77.45664739884384,5.780346820809246,170,5.491329479768781,0.7938293467378965,0.9600498958646584,0.0,65,6,1
mmlu_moral_disputes,default,1,10,posterior_mean,346,0.01,0.1,179.76878612716763,7.22543352601156,387,6.936416184971095,0.32834498436422976,0.48597730678655576,0.0,163,14,1
mmlu_moral_disputes,default,1,10,gaussian_lcb_1.645,346,0.01,0.1,29.768786127167633,1.7341040462427793,113,1.7341040462427793,0.1364587548556279,0.4383089360870121,0.0,39,0,0
mmlu_moral_disputes,default,1,11,posterior_mean,346,0.01,0.1,145.66473988439301,6.358381502890175,313,6.069364161849711,0.1899062348793374,0.32405087101201324,0.0,152,10,1
mmlu_moral_disputes,default,1,11,gaussian_lcb_1.645,346,0.01,0.1,34.1040462427745,2.023121387283233,129,1.4450867052023142,0.08009078275375121,0.2737095075629619,0.0,63,0,0
mmlu_moral_disputes,default,1,12,posterior_mean,346,0.01,0.1,372.83236994219686,17.630057803468212,390,17.630057803468212,0.2583769241525937,0.2583769241525937,0.0,187,36,1
mmlu_moral_disputes,default,1,12,gaussian_lcb_1.645,346,0.01,0.1,33.52601156069366,7.514450867052025,70,7.514450867052025,0.23214199531483767,0.23214199531483767,0.0,32,1,1
mmlu_moral_disputes,default,1,13,posterior_mean,346,0.01,0.1,216.76300578034676,13.583815028901736,377,13.583815028901736,0.1827287543482534,0.3281593598677373,0.0,167,15,1
mmlu_moral_disputes,default,1,13,gaussian_lcb_1.645,346,0.01,0.1,50.28901734104046,7.22543352601156,133,6.936416184971095,0.12669490634006741,0.2890792158726294,0.0,56,2,1
mmlu_moral_disputes,default,1,14,posterior_mean,346,0.01,0.1,163.00578034682087,11.271676300578036,300,10.115606936416189,0.4379253121275887,0.7254700321625367,0.0,136,10,1
mmlu_moral_disputes,default,1,14,gaussian_lcb_1.645,346,0.01,0.1,47.10982658959539,6.936416184971095,134,5.202312138728327,0.38815319713445096,0.6760691661623861,0.0,57,1,1
mmlu_moral_disputes,default,1,15,posterior_mean,346,0.01,0.1,195.95375722543378,8.092485549132956,415,8.092485549132956,0.2520656912718115,0.37263498922759125,0.0,199,16,1
mmlu_moral_disputes,default,1,15,gaussian_lcb_1.645,346,0.01,0.1,45.95375722543357,5.491329479768792,113,5.491329479768792,0.1893493613898559,0.31882863517732635,0.0,54,1,1
mmlu_moral_disputes,default,1,16,posterior_mean,346,0.01,0.1,231.2138728323701,17.630057803468212,424,17.630057803468212,0.24705382986648508,0.4410561786351151,0.0,181,12,1
mmlu_moral_disputes,default,1,16,gaussian_lcb_1.645,346,0.01,0.1,54.6242774566474,7.8034682080924895,181,6.936416184971106,0.16763129530011037,0.4026690327602488,0.0,72,2,1
mmlu_moral_disputes,default,1,17,posterior_mean,346,0.01,0.1,224.56647398843944,17.919075144508678,417,17.919075144508678,0.22685788464798684,0.3438136924053592,0.0,188,23,1
mmlu_moral_disputes,default,1,17,gaussian_lcb_1.645,346,0.01,0.1,36.416184971098275,1.7341040462427793,137,1.7341040462427793,0.11584206077840964,0.2489471997307214,0.0,57,0,0
mmlu_moral_disputes,default,1,18,posterior_mean,346,0.01,0.1,247.97687861271703,16.763005780346816,441,16.763005780346816,0.43291345072226484,0.6899786284329723,0.0,199,14,1
mmlu_moral_disputes,default,1,18,gaussian_lcb_1.645,346,0.01,0.1,64.73988439306369,6.647398843930629,172,6.647398843930629,0.22065802646510316,0.5029681356989343,0.0,74,2,1
mmlu_moral_disputes,default,1,19,posterior_mean,346,0.01,0.1,245.08670520231246,24.855491329479772,367,24.855491329479772,0.2189874059966615,0.40066428819811906,0.0,163,18,1
mmlu_moral_disputes,default,1,19,gaussian_lcb_1.645,346,0.01,0.1,98.8439306358383,24.855491329479772,141,24.855491329479772,0.13570388190322089,0.3445066905256024,0.0,57,7,1
mmlu_moral_scenarios,dataset,1,0,posterior_mean,895,0.01,0.1,51.06145251396642,2.4581005586592153,103,2.4581005586592153,0.009702383635781483,0.1233068279415152,0.0,49,12,1
mmlu_moral_scenarios,dataset,1,0,gaussian_lcb_1.645,895,0.01,0.1,1.1173184357541999,0.5586592178770888,17,0.5586592178770888,0.0006917063438395379,0.11735889317737615,0.0,6,0,0
mmlu_moral_scenarios,dataset,1,1,posterior_mean,895,0.01,0.1,52.96089385474858,4.357541899441342,88,4.357541899441342,0.011455692764016845,0.0850992998553976,0.0,43,10,1
mmlu_moral_scenarios,dataset,1,1,gaussian_lcb_1.645,895,0.01,0.1,5.139664804469302,0.4469273743016755,39,0.4469273743016755,0.0009543328166342345,0.07446107822500936,0.0,19,0,0
mmlu_moral_scenarios,dataset,1,2,posterior_mean,895,0.01,0.1,87.93296089385485,5.251396648044693,135,5.251396648044693,0.02010387154421324,0.11744489409980446,0.0,61,20,1
mmlu_moral_scenarios,dataset,1,2,gaussian_lcb_1.645,895,0.01,0.1,4.469273743016766,0.3351955307262511,53,0.3351955307262511,0.001368616830056877,0.10651075531697222,0.0,21,0,0
mmlu_moral_scenarios,dataset,1,3,posterior_mean,895,0.01,0.1,28.715083798882723,3.016759776536315,79,3.016759776536315,0.00551885489309429,0.008823879589461492,0.0,39,2,1
mmlu_moral_scenarios,dataset,1,3,gaussian_lcb_1.645,895,0.01,0.1,3.1284916201117285,0.4469273743016755,27,0.4469273743016755,0.0006954053082451483,0.004392520231601631,0.0,13,0,0
mmlu_moral_scenarios,dataset,1,4,posterior_mean,895,0.01,0.1,88.60335195530722,3.240223463687153,140,3.240223463687153,0.020089075686591355,0.03833144339370786,0.0,69,24,1
mmlu_moral_scenarios,dataset,1,4,gaussian_lcb_1.645,895,0.01,0.1,9.720670391061436,1.2290502793296132,40,1.2290502793296132,0.00354730686493127,0.022766201175115405,0.0,19,0,0
mmlu_moral_scenarios,dataset,1,5,posterior_mean,895,0.01,0.1,74.63687150837991,4.357541899441342,90,4.357541899441342,0.025959332198214013,0.07343923930797033,0.0,44,18,1
mmlu_moral_scenarios,dataset,1,5,gaussian_lcb_1.645,895,0.01,0.1,18.882681564245875,1.6759776536312887,48,1.6759776536312887,0.006872675865528673,0.05580997495107524,0.0,23,0,0
mmlu_moral_scenarios,dataset,1,6,posterior_mean,895,0.01,0.1,100.22346368715071,4.5810055865921795,149,4.5810055865921795,0.018576199244717723,0.14040529090621198,0.0,73,23,1
mmlu_moral_scenarios,dataset,1,6,gaussian_lcb_1.645,895,0.01,0.1,4.804469273743017,0.893854748603351,31,0.893854748603351,0.0012576478978900726,0.12812842804416133,0.0,14,0,0
mmlu_moral_scenarios,dataset,1,7,posterior_mean,895,0.01,0.1,69.05027932960888,7.48603351955307,113,7.48603351955307,0.014263206747835733,0.046262947820327915,0.0,55,16,1
mmlu_moral_scenarios,dataset,1,7,gaussian_lcb_1.645,895,0.01,0.1,7.932960893854735,1.1173184357541888,45,1.1173184357541888,0.0017311153418017055,0.03516975356805635,0.0,21,0,0
mmlu_moral_scenarios,dataset,1,8,posterior_mean,895,0.01,0.1,83.68715083798891,5.698324022346368,119,5.698324022346368,0.01670822221991079,0.04453183247852615,0.0,59,17,1
mmlu_moral_scenarios,dataset,1,8,gaussian_lcb_1.645,895,0.01,0.1,4.469273743016777,2.122905027932964,23,2.122905027932964,0.0007212980590840215,0.03125255026256862,0.0,11,1,1
mmlu_moral_scenarios,dataset,1,9,posterior_mean,895,0.01,0.1,80.00000000000003,4.022346368715091,125,4.022346368715091,0.01336805736169042,0.021140506318871825,0.0,62,19,1
mmlu_moral_scenarios,dataset,1,9,gaussian_lcb_1.645,895,0.01,0.1,3.0167597765363374,0.4469273743016755,23,0.4469273743016755,0.0017570080926405658,0.009780986629399998,0.0,11,0,0
mmlu_moral_scenarios,dataset,1,10,posterior_mean,895,0.01,0.1,88.04469273743013,4.134078212290504,125,4.134078212290504,0.011525973087722142,0.024608285449083864,0.0,62,20,1
mmlu_moral_scenarios,dataset,1,10,gaussian_lcb_1.645,895,0.01,0.1,7.0391061452513615,1.0055865921787643,23,1.0055865921787643,0.0008729555997119389,0.014047742071212649,0.0,11,0,0
mmlu_moral_scenarios,dataset,1,11,posterior_mean,895,0.01,0.1,87.37430167597772,3.575418994413415,143,3.575418994413415,0.02662144682680904,0.07973117776182623,0.0,71,17,1
mmlu_moral_scenarios,dataset,1,11,gaussian_lcb_1.645,895,0.01,0.1,24.469273743016796,1.787709497206702,51,1.787709497206702,0.0069059665451789215,0.060193247771662954,0.0,25,0,0
mmlu_moral_scenarios,dataset,1,12,posterior_mean,895,0.01,0.1,95.97765363128465,3.9106145251396662,129,3.9106145251396662,0.017444316136616983,0.08260989681045594,0.0,64,19,1
mmlu_moral_scenarios,dataset,1,12,gaussian_lcb_1.645,895,0.01,0.1,2.7932960893854553,1.5642458100558643,17,1.5642458100558643,0.0011170872504788465,0.06671914572417381,0.0,8,0,0
mmlu_moral_scenarios,dataset,1,13,posterior_mean,895,0.01,0.1,80.89385474860345,4.804469273743017,147,4.804469273743017,0.026150753606201234,0.22095024083726064,0.0,70,20,1
mmlu_moral_scenarios,dataset,1,13,gaussian_lcb_1.645,895,0.01,0.1,27.93296089385481,3.1284916201117396,98,3.1284916201117396,0.004896504131858853,0.20419948052668643,0.0,46,1,1
mmlu_moral_scenarios,dataset,1,14,posterior_mean,895,0.01,0.1,66.48044692737422,4.916201117318431,73,4.916201117318431,0.014244711925808104,0.025775308719037722,0.0,36,18,1
mmlu_moral_scenarios,dataset,1,14,gaussian_lcb_1.645,895,0.01,0.1,9.832402234636838,2.346368715083791,17,2.346368715083791,0.0006510177353784088,0.012185313493013583,0.0,8,4,1
mmlu_moral_scenarios,dataset,1,15,posterior_mean,895,0.01,0.1,79.10614525139653,4.357541899441342,113,4.357541899441342,0.016915364226621755,0.05140358360295494,0.0,56,19,1
mmlu_moral_scenarios,dataset,1,15,gaussian_lcb_1.645,895,0.01,0.1,9.832402234636838,2.122905027932953,39,2.122905027932953,0.0025522854398357673,0.037439992971969364,0.0,19,2,1
mmlu_moral_scenarios,dataset,1,16,posterior_mean,895,0.01,0.1,50.27932960893852,4.469273743016766,73,4.469273743016766,0.008230195802369267,0.013763846553085919,0.0,36,9,1
mmlu_moral_scenarios,dataset,1,16,gaussian_lcb_1.645,895,0.01,0.1,1.1173184357541666,0.5586592178770999,13,0.5586592178770999,0.0002885192236336018,0.006536070104623194,0.0,6,0,0
mmlu_moral_scenarios,dataset,1,17,posterior_mean,895,0.01,0.1,128.37988826815632,7.374301675977646,83,7.374301675977646,0.028433939385532455,0.06096078288581783,0.0,41,24,1
mmlu_moral_scenarios,dataset,1,17,gaussian_lcb_1.645,895,0.01,0.1,15.30726256983237,1.8994413407821154,35,1.8994413407821154,0.005381993210088355,0.03793103049680711,0.0,17,0,0
mmlu_moral_scenarios,dataset,1,18,posterior_mean,895,0.01,0.1,76.42458100558652,6.145251396648044,77,6.145251396648044,0.010223937616965282,0.06211116081594789,0.0,38,16,1
mmlu_moral_scenarios,dataset,1,18,gaussian_lcb_1.645,895,0.01,0.1,2.346368715083802,1.787709497206702,13,1.787709497206702,0.00016645339825017394,0.05271579122582789,0.0,6,0,0
mmlu_moral_scenarios,dataset,1,19,posterior_mean,895,0.01,0.1,73.18435754189939,4.134078212290504,103,4.134078212290504,0.022005139248671493,0.05243282044880199,0.0,51,21,1
mmlu_moral_scenarios,dataset,1,19,gaussian_lcb_1.645,895,0.01,0.1,5.921787709497206,2.01117318435754,23,2.01117318435754,0.0024524134008855965,0.03326478689919427,0.0,11,1,1
mmlu_moral_scenarios,default,1,0,posterior_mean,895,0.01,0.1,167.82122905027924,4.804469273743017,201,4.804469273743017,0.04524573260879806,0.07868344609395132,0.0,96,37,1
mmlu_moral_scenarios,default,1,0,gaussian_lcb_1.645,895,0.01,0.1,21.340782122905022,2.4581005586592153,37,2.4581005586592153,0.0022637662162021685,0.04796724567018936,0.0,17,6,1
mmlu_moral_scenarios,default,1,1,posterior_mean,895,0.01,0.1,224.9162011173185,5.027932960893855,181,5.027932960893855,0.054014127732177,0.06508050449250864,0.0,90,59,1
mmlu_moral_scenarios,default,1,1,gaussian_lcb_1.645,895,0.01,0.1,15.307262569832393,2.905027932960891,24,2.905027932960891,0.0027150398736803007,0.01480048132774351,0.0,11,4,1
mmlu_moral_scenarios,default,1,2,posterior_mean,895,0.01,0.1,192.8491620111732,6.592178770949719,199,6.256983240223457,0.0897350269966608,0.14433081688161148,0.0,98,34,1
mmlu_moral_scenarios,default,1,2,gaussian_lcb_1.645,895,0.01,0.1,12.067039106145238,3.6871508379888285,24,3.6871508379888285,0.002996161168502914,0.07377399558667343,0.0,11,1,1
mmlu_moral_scenarios,default,1,3,posterior_mean,895,0.01,0.1,179.66480446927383,6.592178770949719,166,6.592178770949719,0.04176870606757298,0.04602436461616879,0.0,82,45,1
mmlu_moral_scenarios,default,1,3,gaussian_lcb_1.645,895,0.01,0.1,12.067039106145227,2.4581005586592153,34,2.4581005586592153,0.0015387691927126932,0.004939966963624353,0.0,16,3,1
mmlu_moral_scenarios,default,1,4,posterior_mean,895,0.01,0.1,120.78212290502783,6.145251396648044,151,6.145251396648044,0.050742393715459314,0.05298951459183651,0.0,75,30,1
mmlu_moral_scenarios,default,1,4,gaussian_lcb_1.645,895,0.01,0.1,19.5530726256983,4.02234636871508,47,4.02234636871508,0.01946210121984907,0.028217549967807846,0.0,23,5,1
mmlu_moral_scenarios,default,1,5,posterior_mean,895,0.01,0.1,214.41340782122933,5.139664804469279,297,5.139664804469279,0.09000227717496334,0.2574849122709688,0.0,138,35,1
mmlu_moral_scenarios,default,1,5,gaussian_lcb_1.645,895,0.01,0.1,33.51955307262583,2.681564245810064,85,2.681564245810064,0.011348422796255407,0.1836850239334556,0.0,35,6,1
mmlu_moral_scenarios,default,1,6,posterior_mean,895,0.01,0.1,192.62569832402227,12.625698324022338,184,11.955307262569825,0.11122785967516305,0.1498875861598638,0.0,88,46,1
mmlu_moral_scenarios,default,1,6,gaussian_lcb_1.645,895,0.01,0.1,18.770949720670426,1.7877094972067131,57,1.7877094972067131,0.007998085785919996,0.14672774581641423,0.0,26,0,0
mmlu_moral_scenarios,default,1,7,posterior_mean,895,0.01,0.1,205.81005586592198,8.04469273743017,180,8.04469273743017,0.05853333749466782,0.0690125036556167,0.0,90,47,1
mmlu_moral_scenarios,default,1,7,gaussian_lcb_1.645,895,0.01,0.1,36.536312849162044,3.1284916201117396,58,3.1284916201117396,0.006347422919939179,0.009848492729800845,0.0,21,9,1
mmlu_moral_scenarios,default,1,8,posterior_mean,895,0.01,0.1,194.74860335195515,7.374301675977646,164,7.374301675977646,0.043718060309303156,0.058013632995688263,0.0,81,41,1
mmlu_moral_scenarios,default,1,8,gaussian_lcb_1.645,895,0.01,0.1,28.93854748603347,2.346368715083791,39,2.346368715083791,0.008326368876913522,0.02114605476548053,0.0,19,9,1
mmlu_moral_scenarios,default,1,9,posterior_mean,895,0.01,0.1,236.42458100558636,5.027932960893855,223,5.027932960893855,0.06240522848618745,0.1563607738695953,0.0,111,56,1
mmlu_moral_scenarios,default,1,9,gaussian_lcb_1.645,895,0.01,0.1,20.223463687150733,4.245810055865917,47,4.245810055865917,0.0051748512033771565,0.09511886968895622,0.0,23,3,1
mmlu_moral_scenarios,default,1,10,posterior_mean,895,0.01,0.1,126.48044692737437,5.251396648044693,170,5.027932960893855,0.04744291746570039,0.14974240180694665,0.0,82,28,1
mmlu_moral_scenarios,default,1,10,gaussian_lcb_1.645,895,0.01,0.1,9.720670391061482,2.2346368715083775,38,2.2346368715083775,0.0016201464096348595,0.11687525358135178,0.0,17,2,1
mmlu_moral_scenarios,default,1,11,posterior_mean,895,0.01,0.1,149.16201117318457,4.692737430167604,210,4.692737430167604,0.05067581235615977,0.21902308038196447,0.0,96,39,1
mmlu_moral_scenarios,default,1,11,gaussian_lcb_1.645,895,0.01,0.1,31.39664804469282,2.122905027932964,64,2.122905027932964,0.0076975449279684935,0.1642044278915785,0.0,29,10,1
mmlu_moral_scenarios,default,1,12,posterior_mean,895,0.01,0.1,105.8100558659219,6.592178770949719,109,6.592178770949719,0.019915224359530238,0.019915224359530238,0.0,54,23,1
mmlu_moral_scenarios,default,1,12,gaussian_lcb_1.645,895,0.01,0.1,10.61452513966482,3.1284916201117396,32,3.1284916201117396,0.0020899148891409406,0.0020899148891409406,0.0,16,1,1
mmlu_moral_scenarios,default,1,13,posterior_mean,895,0.01,0.1,112.17877094972073,4.804469273743017,157,4.804469273743017,0.047594575006328334,0.0573394967327739,0.0,75,29,1
mmlu_moral_scenarios,default,1,13,gaussian_lcb_1.645,895,0.01,0.1,15.977653631284905,2.01117318435754,53,2.01117318435754,0.02464619983424014,0.0392487865662861,0.0,23,3,1
mmlu_moral_scenarios,default,1,14,posterior_mean,895,0.01,0.1,169.4972067039108,4.692737430167604,201,4.469273743016766,0.04118057072708923,0.043719909791505536,0.0,100,33,1
mmlu_moral_scenarios,default,1,14,gaussian_lcb_1.645,895,0.01,0.1,8.826815642458119,1.2290502793296132,29,1.2290502793296132,0.0009321390302008016,0.0036342325284617074,0.0,14,0,0
mmlu_moral_scenarios,default,1,15,posterior_mean,895,0.01,0.1,132.51396648044707,4.804469273743017,166,4.804469273743017,0.028107505776742123,0.0852454089494142,0.0,76,29,1
mmlu_moral_scenarios,default,1,15,gaussian_lcb_1.645,895,0.01,0.1,5.92178770949724,0.893854748603351,38,0.893854748603351,0.006242927175482362,0.06665718807037822,0.0,12,0,0
mmlu_moral_scenarios,default,1,16,posterior_mean,895,0.01,0.1,147.4860335195529,6.480446927374295,148,6.480446927374295,0.029732275891883937,0.062742758988196,0.0,73,35,1
mmlu_moral_scenarios,default,1,16,gaussian_lcb_1.645,895,0.01,0.1,19.888268156424548,2.346368715083791,33,2.346368715083791,0.0032439917836752734,0.032849578144670245,0.0,16,1,1
mmlu_moral_scenarios,default,1,17,posterior_mean,895,0.01,0.1,215.7541899441342,4.692737430167604,215,4.5810055865921795,0.08484869501691647,0.09008365439188427,0.0,108,55,1
mmlu_moral_scenarios,default,1,17,gaussian_lcb_1.645,895,0.01,0.1,44.022346368715134,3.240223463687153,92,3.240223463687153,0.0403760459688802,0.06729618417143811,0.0,44,13,1
mmlu_moral_scenarios,default,1,18,posterior_mean,895,0.01,0.1,269.8324022346369,6.815642458100557,275,6.815642458100557,0.21911093078659633,0.22924609325782852,0.0,136,69,1
mmlu_moral_scenarios,default,1,18,gaussian_lcb_1.645,895,0.01,0.1,60.89385474860344,5.139664804469268,98,2.905027932960891,0.1661741264375389,0.18427223453283892,0.0,48,5,1
mmlu_moral_scenarios,default,1,19,posterior_mean,895,0.01,0.1,170.16759776536304,4.804469273743017,188,4.804469273743017,0.033893610848138675,0.08588995349708507,0.0,93,44,1
mmlu_moral_scenarios,default,1,19,gaussian_lcb_1.645,895,0.01,0.1,13.631284916201059,3.4636871508379907,44,3.4636871508379907,0.0029480746312305324,0.05235514219628559,0.0,21,1,1
mmlu_nutrition,dataset,1,0,posterior_mean,306,0.01,0.1,223.5294117647055,10.784313725490192,328,10.784313725490192,0.06800170241581574,0.5371469979099495,0.32679738562091387,139,18,1
mmlu_nutrition,dataset,1,0,gaussian_lcb_1.645,306,0.01,0.1,22.549019607843057,1.3071895424836555,103,1.3071895424836555,0.013701599416495376,0.4828627166189626,0.32679738562091387,35,0,0
mmlu_nutrition,dataset,1,1,posterior_mean,306,0.01,0.1,110.13071895424807,8.169934640522868,177,8.169934640522868,0.04638924883275241,0.054664002290982276,0.0,87,5,1
mmlu_nutrition,dataset,1,1,gaussian_lcb_1.645,306,0.01,0.1,12.745098039215641,1.3071895424836555,49,1.3071895424836555,0.01015753674987296,0.02083718987473942,0.0,23,0,0
mmlu_nutrition,dataset,1,2,posterior_mean,306,0.01,0.1,101.63398692810426,6.209150326797386,245,6.209150326797386,0.039839061582835365,0.42525587657801606,0.0,110,2,1
mmlu_nutrition,dataset,1,2,gaussian_lcb_1.645,306,0.01,0.1,16.01307189542478,1.3071895424836555,71,1.3071895424836555,0.006929908249913175,0.396555297661708,0.0,27,0,0
mmlu_nutrition,dataset,1,3,posterior_mean,306,0.01,0.1,124.18300653594734,8.823529411764708,230,8.823529411764708,0.04032953454116241,0.33499303053747814,0.0,109,4,1
mmlu_nutrition,dataset,1,3,gaussian_lcb_1.645,306,0.01,0.1,16.666666666666607,1.6339869281045694,64,1.6339869281045694,0.006724226041582534,0.3023370245378862,0.0,24,0,0
mmlu_nutrition,dataset,1,4,posterior_mean,306,0.01,0.1,95.75163398692787,13.398692810457513,188,13.398692810457513,0.03211806791626432,0.3986754065783476,0.0,85,4,1
mmlu_nutrition,dataset,1,4,gaussian_lcb_1.645,306,0.01,0.1,14.052287581699296,1.3071895424836555,57,1.3071895424836555,0.005316093999933552,0.3766041234536243,0.0,22,0,0
mmlu_nutrition,dataset,1,5,posterior_mean,306,0.01,0.1,77.45098039215662,8.169934640522868,122,7.189542483660127,0.21428921766398726,0.21789656716394215,0.0,58,2,1
mmlu_nutrition,dataset,1,5,gaussian_lcb_1.645,306,0.01,0.1,13.725490196078383,1.3071895424836555,36,1.3071895424836555,0.19679040824753968,0.20109391291415257,0.0,16,0,0
mmlu_nutrition,dataset,1,6,posterior_mean,306,0.01,0.1,92.48366013071868,5.555555555555558,173,5.555555555555558,0.039712487916169895,0.24007860224699787,0.0,86,3,1
mmlu_nutrition,dataset,1,6,gaussian_lcb_1.645,306,0.01,0.1,14.052287581699296,1.3071895424836555,47,1.3071895424836555,0.00452500858327653,0.20536577416409857,0.0,23,0,0
mmlu_nutrition,dataset,1,7,posterior_mean,306,0.01,0.1,81.37254901960759,9.150326797385622,147,9.150326797385622,0.032624362582926066,0.044664682624442176,0.0,72,3,1
mmlu_nutrition,dataset,1,7,gaussian_lcb_1.645,306,0.01,0.1,20.588235294117574,1.9607843137254832,41,1.9607843137254832,0.00942973816654863,0.023147159291377107,0.0,20,0,0
mmlu_nutrition,dataset,1,8,posterior_mean,306,0.01,0.1,123.85620915032649,12.745098039215685,175,12.745098039215685,0.03570959570788523,0.047955597957732125,0.0,87,4,1
mmlu_nutrition,dataset,1,8,gaussian_lcb_1.645,306,0.01,0.1,16.99346405228752,1.3071895424836555,55,1.3071895424836555,0.007657706833237749,0.022466825833052585,0.0,27,0,0
mmlu_nutrition,dataset,1,9,posterior_mean,306,0.01,0.1,112.41830065359441,8.169934640522868,223,8.169934640522868,0.11744454095686464,0.14818612024814695,0.0,102,3,1
mmlu_nutrition,dataset,1,9,gaussian_lcb_1.645,306,0.01,0.1,17.973856209150263,1.6339869281045694,47,1.6339869281045694,0.0060755359999240515,0.10758761666532143,0.0,19,0,0
mmlu_nutrition,dataset,1,10,posterior_mean,306,0.01,0.1,89.21568627450955,7.189542483660127,185,6.8627450980392135,0.12870959729005807,0.37603454195363223,0.0,82,4,1
mmlu_nutrition,dataset,1,10,gaussian_lcb_1.645,306,0.01,0.1,21.2418300653594,1.9607843137254832,85,1.9607843137254832,0.08415566662394751,0.33201854937084824,0.0,38,0,0
mmlu_nutrition,dataset,1,11,posterior_mean,306,0.01,0.1,75.49019607843113,5.882352941176472,149,5.882352941176472,0.032307928416262295,0.16603300724792358,0.0,73,1,1
mmlu_nutrition,dataset,1,11,gaussian_lcb_1.645,306,0.01,0.1,13.725490196078383,1.6339869281045694,35,1.6339869281045694,0.010062606499874241,0.14473698783152367,0.0,17,0,0
mmlu_nutrition,dataset,1,12,posterior_mean,306,0.01,0.1,119.93464052287557,9.80392156862745,179,9.80392156862745,0.04211738758280557,0.2915307977463536,0.0,83,6,1
mmlu_nutrition,dataset,1,12,gaussian_lcb_1.645,306,0.01,0.1,7.516339869281019,1.6339869281045694,33,1.6339869281045694,0.0022783259999714913,0.2538434884968259,0.0,11,0,0
mmlu_nutrition,dataset,1,13,posterior_mean,306,0.01,0.1,94.44444444444414,7.189542483660127,153,7.189542483660127,0.036927867249539593,0.12252330933180264,0.0,72,2,1
mmlu_nutrition,dataset,1,13,gaussian_lcb_1.645,306,0.01,0.1,12.418300653594727,1.9607843137254832,31,1.9607843137254832,0.004999659833270848,0.09141783074885693,0.0,14,0,0
mmlu_nutrition,dataset,1,14,posterior_mean,306,0.01,0.1,97.38562091503245,16.013071895424837,157,16.013071895424837,0.03544062666622265,0.1698143955395425,0.0,74,5,1
mmlu_nutrition,dataset,1,14,gaussian_lcb_1.645,306,0.01,0.1,13.071895424836555,0.9803921568627416,45,0.9803921568627416,0.003923783666617478,0.1394683589565893,0.0,21,0,0
mmlu_nutrition,dataset,1,15,posterior_mean,306,0.01,0.1,72.87581699346379,1.9607843137254832,165,1.9607843137254832,0.03116876541627604,0.16555835599792904,0.0,71,0,0
mmlu_nutrition,dataset,1,15,gaussian_lcb_1.645,306,0.01,0.1,11.111111111111072,1.6339869281045694,41,1.6339869281045694,0.0034807758332895925,0.1419523671648915,0.0,12,0,0
mmlu_nutrition,dataset,1,16,posterior_mean,306,0.01,0.1,89.86928104575135,7.516339869281041,167,7.516339869281041,0.041611092916144864,0.041611092916144864,0.0,83,2,1
mmlu_nutrition,dataset,1,16,gaussian_lcb_1.645,306,0.01,0.1,11.111111111111072,1.9607843137254832,30,1.9607843137254832,0.004461721749944265,0.0045091868749436775,0.0,14,0,0
mmlu_nutrition,dataset,1,17,posterior_mean,306,0.01,0.1,119.60784313725459,7.189542483660127,165,7.189542483660127,0.034301463666237486,0.12978547345671024,0.0,81,7,1
mmlu_nutrition,dataset,1,17,gaussian_lcb_1.645,306,0.01,0.1,9.150326797385588,1.9607843137254832,21,1.9607843137254832,0.002246682583305437,0.1020974838737236,0.0,9,0,0
mmlu_nutrition,dataset,1,18,posterior_mean,306,0.01,0.1,101.9607843137252,5.882352941176472,174,4.90196078431373,0.22602892524717502,0.28124668732981806,0.0,75,5,1
mmlu_nutrition,dataset,1,18,gaussian_lcb_1.645,306,0.01,0.1,20.26143790849666,1.6339869281045694,81,1.6339869281045694,0.07559612241572136,0.2568179696634554,0.0,32,0,0
mmlu_nutrition,dataset,1,19,posterior_mean,306,0.01,0.1,101.63398692810439,6.209150326797386,123,6.209150326797386,0.04214903099947246,0.05287614924933836,0.0,59,8,1
mmlu_nutrition,dataset,1,19,gaussian_lcb_1.645,306,0.01,0.1,28.75816993464042,1.9607843137254832,71,1.9607843137254832,0.006486900416585743,0.021770670666394633,0.0,29,0,0
mmlu_nutrition,default,1,0,posterior_mean,306,0.01,0.1,155.88235294117604,9.477124183006536,337,9.477124183006536,0.22900340641380498,0.524632026618442,0.0,144,6,1
mmlu_nutrition,default,1,0,gaussian_lcb_1.645,306,0.01,0.1,26.79738562091496,6.209150326797386,77,6.209150326797386,0.030725757582949237,0.4695091947857961,0.0,29,1,1
mmlu_nutrition,default,1,1,posterior_mean,306,0.01,0.1,155.55555555555515,11.43790849673202,252,10.784313725490192,0.40753556324490453,0.40753556324490453,0.0,117,5,1
mmlu_nutrition,default,1,1,gaussian_lcb_1.645,306,0.01,0.1,39.5424836601306,6.5359477124183,78,6.5359477124183,0.4630064726608774,0.4630064726608774,0.0,37,1,1
mmlu_nutrition,default,1,2,posterior_mean,306,0.01,0.1,124.18300653594743,10.457516339869278,267,9.80392156862745,0.318158732871022,0.5524782332847588,0.0,117,5,1
mmlu_nutrition,default,1,2,gaussian_lcb_1.645,306,0.01,0.1,30.718954248365936,8.16993464052288,85,7.843137254901967,0.13657298633162582,0.621049517200568,0.0,33,1,1
mmlu_nutrition,default,1,3,posterior_mean,306,0.01,0.1,94.44444444444414,8.823529411764708,231,8.823529411764708,0.17340592333116467,0.4733538699107475,0.0,109,1,1
mmlu_nutrition,default,1,3,gaussian_lcb_1.645,306,0.01,0.1,34.640522875816906,8.823529411764708,74,8.823529411764708,0.13790200983160872,0.4386093984111821,0.0,33,1,1
mmlu_nutrition,default,1,4,posterior_mean,306,0.01,0.1,155.2287581699342,6.5359477124183,237,6.5359477124183,0.1423637315815526,0.3122255922460953,0.0,117,7,1
mmlu_nutrition,default,1,4,gaussian_lcb_1.645,306,0.01,0.1,39.215686274509686,6.5359477124183,85,6.5359477124183,0.18948077899763074,0.36491188099543714,0.0,42,1,1
mmlu_nutrition,default,1,5,posterior_mean,306,0.01,0.1,141.1764705882348,2.287581699346397,325,1.9607843137254832,0.39854883291168414,0.679241760449841,0.0,143,0,0
mmlu_nutrition,default,1,5,gaussian_lcb_1.645,306,0.01,0.1,32.02614379084956,1.6339869281045694,92,1.6339869281045694,0.02055239912474259,0.6436745601169513,0.0,36,0,0
mmlu_nutrition,default,1,6,posterior_mean,306,0.01,0.1,106.86274509803886,7.516339869281041,283,7.189542483660127,0.42152195341139703,0.725931621740924,0.0,125,1,1
mmlu_nutrition,default,1,6,gaussian_lcb_1.645,306,0.01,0.1,23.5294117647058,1.6339869281045694,87,1.3071895424836555,0.2601247067050807,0.674321209158235,0.0,39,0,0
mmlu_nutrition,default,1,7,posterior_mean,306,0.01,0.1,112.09150326797352,10.130718954248364,256,8.823529411764708,0.39459340582839947,0.5818591456593912,0.0,105,2,1
mmlu_nutrition,default,1,7,gaussian_lcb_1.645,306,0.01,0.1,30.065359477124076,1.9607843137254832,74,1.9607843137254832,0.09103810974886163,0.4599370612442489,0.0,31,0,0
mmlu_nutrition,default,1,8,posterior_mean,306,0.01,0.1,118.62745098039191,13.0718954248366,277,12.091503267973858,0.43917897991117477,0.7762604759486267,0.0,107,6,1
mmlu_nutrition,default,1,8,gaussian_lcb_1.645,306,0.01,0.1,20.26143790849668,5.555555555555558,82,5.555555555555558,0.12182715416514345,0.7552808906988896,0.0,27,1,1
mmlu_nutrition,default,1,9,posterior_mean,306,0.01,0.1,115.03267973856173,7.516339869281041,224,7.189542483660127,0.19637904383087748,0.2643174594133614,0.0,98,2,1
mmlu_nutrition,default,1,9,gaussian_lcb_1.645,306,0.01,0.1,26.14379084967311,1.6339869281045694,65,1.6339869281045694,0.031010548332945493,0.20536577416409876,0.0,29,0,0
mmlu_nutrition,default,1,10,posterior_mean,306,0.01,0.1,120.58823529411744,7.189542483660127,236,6.8627450980392135,0.1346269162066501,0.5214360415351471,0.0,93,13,1
mmlu_nutrition,default,1,10,gaussian_lcb_1.645,306,0.01,0.1,46.732026143790826,5.228758169934644,66,5.228758169934644,0.04237053491613747,0.49358983486882896,0.0,26,7,1
mmlu_nutrition,default,1,11,posterior_mean,306,0.01,0.1,134.96732026143746,5.555555555555558,319,5.555555555555558,0.2271997316638259,0.73767132932411,0.0,147,1,1
mmlu_nutrition,default,1,11,gaussian_lcb_1.645,306,0.01,0.1,27.450980392156765,1.6339869281045694,84,1.6339869281045694,0.2200799629139152,0.7308047079075295,0.0,32,0,0
mmlu_nutrition,default,1,12,posterior_mean,306,0.01,0.1,113.72549019607807,10.784313725490192,215,10.784313725490192,0.18134842091439946,0.5358496178266335,0.0,98,2,1
mmlu_nutrition,default,1,12,gaussian_lcb_1.645,306,0.01,0.1,15.686274509803866,1.9607843137254832,42,1.3071895424836555,0.1443572668315282,0.49936475841042244,0.0,20,0,0
mmlu_nutrition,default,1,13,posterior_mean,306,0.01,0.1,216.0130718954245,13.0718954248366,347,12.745098039215685,0.2944578137879851,0.6334379148254133,0.0,128,11,1
mmlu_nutrition,default,1,13,gaussian_lcb_1.645,306,0.01,0.1,60.13071895424829,9.150326797385622,135,8.823529411764708,0.2761046321215479,0.6670748667416594,0.0,43,4,1
mmlu_nutrition,default,1,14,posterior_mean,306,0.01,0.1,143.13725490196043,7.843137254901955,278,7.843137254901955,0.10398026716536614,0.5935197447009117,0.0,123,8,1
mmlu_nutrition,default,1,14,gaussian_lcb_1.645,306,0.01,0.1,22.549019607843057,1.6339869281045694,66,1.6339869281045694,0.04705376058274546,0.5382070523682709,0.0,27,0,0
mmlu_nutrition,default,1,15,posterior_mean,306,0.01,0.1,182.35294117647024,7.516339869281041,263,6.8627450980392135,0.3942136848284054,0.801053092906652,0.0,110,16,1
mmlu_nutrition,default,1,15,gaussian_lcb_1.645,306,0.01,0.1,59.80392156862733,6.5359477124183,98,5.555555555555558,0.39535284782839036,0.8315889899896023,0.0,45,4,1
mmlu_nutrition,default,1,16,posterior_mean,306,0.01,0.1,120.26143790849639,7.516339869281041,219,7.516339869281041,0.1474583216648242,0.6068416231174137,0.0,100,4,1
mmlu_nutrition,default,1,16,gaussian_lcb_1.645,306,0.01,0.1,35.94771241830055,5.882352941176472,66,5.882352941176472,0.1348642418316471,0.6385166832003497,0.0,27,1,1
mmlu_nutrition,default,1,17,posterior_mean,306,0.01,0.1,110.78431372548994,13.725490196078427,251,13.725490196078427,0.3641207955787803,0.49014070245220454,0.0,103,5,1
mmlu_nutrition,default,1,17,gaussian_lcb_1.645,306,0.01,0.1,13.071895424836555,1.9607843137254832,73,1.9607843137254832,0.3108965687461127,0.4889382526188865,0.0,26,0,0
mmlu_nutrition,default,1,18,posterior_mean,306,0.01,0.1,107.84313725490162,6.209150326797386,236,6.209150326797386,0.11021402024862229,0.4462671052444203,0.0,107,4,1
mmlu_nutrition,default,1,18,gaussian_lcb_1.645,306,0.01,0.1,15.686274509803866,1.9607843137254832,47,1.9607843137254832,0.012277645666513267,0.41414903732815495,0.0,21,0,0
mmlu_nutrition,default,1,19,posterior_mean,306,0.01,0.1,145.7516339869277,8.169934640522868,270,8.169934640522868,0.35326710366224895,0.35326710366224895,0.0,118,4,1
mmlu_nutrition,default,1,19,gaussian_lcb_1.645,306,0.01,0.1,29.41176470588225,1.9607843137254832,79,1.9607843137254832,0.30868152957947365,0.30868152957947365,0.0,34,0,0
mmlu_philosophy,dataset,1,0,posterior_mean,311,0.01,0.1,224.43729903536953,8.038585209003212,235,8.038585209003212,0.5532369354083372,1.8790894160255605,0.3215434083601365,110,37,1
mmlu_philosophy,dataset,1,0,gaussian_lcb_1.645,311,0.01,0.1,47.26688102893887,5.787781350482312,76,5.787781350482312,0.43554063673789484,1.8240705320036668,0.3215434083601365,31,6,1
mmlu_philosophy,dataset,1,1,posterior_mean,311,0.01,0.1,222.1864951768489,13.183279742765276,274,13.183279742765276,0.289216750585015,0.9808663100089008,0.0,126,33,1
mmlu_philosophy,dataset,1,1,gaussian_lcb_1.645,311,0.01,0.1,29.903536977491953,3.5369774919614128,81,3.5369774919614128,0.05357908026408193,0.9482103354168427,0.0,34,4,1
mmlu_philosophy,dataset,1,2,posterior_mean,311,0.01,0.1,197.42765273311903,11.575562700964625,219,11.575562700964625,0.0969569977334576,0.4846471351160124,0.0,96,33,1
mmlu_philosophy,dataset,1,2,gaussian_lcb_1.645,311,0.01,0.1,20.257234726688132,2.2508038585209,58,2.2508038585209,0.06662921645190191,0.4643060777716155,0.0,20,3,1
mmlu_philosophy,dataset,1,3,posterior_mean,311,0.01,0.1,286.495176848875,9.646302250803862,281,9.646302250803862,0.10158275023195935,0.6665678716215869,0.0,124,35,1
mmlu_philosophy,dataset,1,3,gaussian_lcb_1.645,311,0.01,0.1,29.581993569131903,8.038585209003223,86,8.038585209003223,0.015684670723390512,0.582538473585922,0.0,27,1,1
mmlu_philosophy,dataset,1,4,posterior_mean,311,0.01,0.1,203.85852090032208,7.717041800643088,220,7.717041800643088,0.08411364187255643,0.40598636704963226,0.0,102,38,1
mmlu_philosophy,dataset,1,4,gaussian_lcb_1.645,311,0.01,0.1,22.186495176849007,2.5723472668810365,42,2.5723472668810365,0.012215356349515677,0.3374272008798132,0.0,20,2,1
mmlu_philosophy,dataset,1,5,posterior_mean,311,0.01,0.1,209.64630225080398,13.50482315112541,238,13.50482315112541,0.4761844587735543,1.1384482361829609,0.0,107,37,1
mmlu_philosophy,dataset,1,5,gaussian_lcb_1.645,311,0.01,0.1,54.66237942122191,5.1446945337620615,80,5.1446945337620615,0.06735677686143426,0.7795465154260076,0.0,30,11,1
mmlu_philosophy,dataset,1,6,posterior_mean,311,0.01,0.1,137.2990353697751,2.893890675241162,170,2.893890675241162,0.20592257148950988,0.7724623745963477,0.0,76,31,1
mmlu_philosophy,dataset,1,6,gaussian_lcb_1.645,311,0.01,0.1,22.508038585209,2.2508038585209,30,2.2508038585209,0.16854894203143247,0.7386729374715448,0.0,13,6,1
mmlu_philosophy,dataset,1,7,posterior_mean,311,0.01,0.1,251.4469453376207,13.5048231511254,234,13.5048231511254,0.31913862974335905,0.9963978101197547,0.0,104,34,1
mmlu_philosophy,dataset,1,7,gaussian_lcb_1.645,311,0.01,0.1,61.41479099678463,5.466237942122188,74,5.466237942122188,0.09875675243072136,0.9253266459043918,0.0,31,10,1
mmlu_philosophy,dataset,1,8,posterior_mean,311,0.01,0.1,210.93247588424452,8.681672025723476,206,8.681672025723476,0.1935080933437044,0.4303711285649053,0.0,95,39,1
mmlu_philosophy,dataset,1,8,gaussian_lcb_1.645,311,0.01,0.1,36.33440514469456,5.787781350482312,73,5.787781350482312,0.041340748322686374,0.3353134464268575,0.0,33,3,1
mmlu_philosophy,dataset,1,9,posterior_mean,311,0.01,0.1,167.8456591639871,9.967845659163988,163,9.967845659163988,0.07309301630079819,0.23795820510081384,0.0,75,21,1
mmlu_philosophy,dataset,1,9,gaussian_lcb_1.645,311,0.01,0.1,14.790996784565912,2.893890675241162,40,2.893890675241162,0.0922087087449315,0.2583298965677187,0.0,16,1,1
mmlu_philosophy,dataset,1,10,posterior_mean,311,0.01,0.1,257.5562700964632,11.575562700964637,277,11.575562700964637,0.6188399087562685,0.8334549125070345,0.0,127,32,1
mmlu_philosophy,dataset,1,10,gaussian_lcb_1.645,311,0.01,0.1,99.03536977491972,11.575562700964637,138,11.575562700964637,0.9025961270044781,1.3861251166489967,0.0,59,9,1
mmlu_philosophy,dataset,1,11,posterior_mean,311,0.01,0.1,221.2218649517684,9.967845659163988,220,9.967845659163988,0.7174128564519491,1.105516554488343,0.0,108,49,1
mmlu_philosophy,dataset,1,11,gaussian_lcb_1.645,311,0.01,0.1,28.29581993569129,4.5016077170418,48,4.5016077170418,0.5493540603806212,0.9396021469924785,0.0,23,6,1
mmlu_philosophy,dataset,1,12,posterior_mean,311,0.01,0.1,233.44051446945372,9.00321543408361,216,9.00321543408361,0.41852338168546654,0.49901453857161576,0.0,98,36,1
mmlu_philosophy,dataset,1,12,gaussian_lcb_1.645,311,0.01,0.1,61.736334405144774,6.430868167202575,59,6.430868167202575,0.12198507582136807,0.2025987691975438,0.0,29,15,1
mmlu_philosophy,dataset,1,13,posterior_mean,311,0.01,0.1,313.18327974276565,20.578778135048235,247,19.292604501607713,0.3363626651227093,0.5410905058344638,0.0,122,45,1
mmlu_philosophy,dataset,1,13,gaussian_lcb_1.645,311,0.01,0.1,69.13183279742768,9.967845659163988,59,9.967845659163988,0.10703562403813699,0.40106193185669414,0.0,29,10,1
mmlu_philosophy,dataset,1,14,posterior_mean,311,0.01,0.1,183.60128617363358,10.932475884244376,243,9.0032154340836,0.3402072474972885,1.1000636806821646,0.0,95,28,1
mmlu_philosophy,dataset,1,14,gaussian_lcb_1.645,311,0.01,0.1,38.90675241157561,4.8231511254019255,66,4.8231511254019255,0.31294287846639507,1.14570852321703,0.0,24,5,1
mmlu_philosophy,dataset,1,15,posterior_mean,311,0.01,0.1,234.40514469453385,18.649517684887464,241,16.720257234726688,1.019021109590893,1.5325409051693961,0.0,117,26,1
mmlu_philosophy,dataset,1,15,gaussian_lcb_1.645,311,0.01,0.1,62.37942122186494,8.681672025723476,76,6.430868167202575,1.0356248039894815,1.5500023549981712,0.0,37,8,1
mmlu_philosophy,dataset,1,16,posterior_mean,311,0.01,0.1,202.57234726688128,12.218649517684888,199,12.218649517684888,0.21593227101855134,0.5075078490365781,0.0,90,27,1
mmlu_philosophy,dataset,1,16,gaussian_lcb_1.645,311,0.01,0.1,31.83279742765285,6.430868167202575,58,5.144694533762051,0.1832762964264932,0.4750969474245731,0.0,24,3,1
mmlu_philosophy,dataset,1,17,posterior_mean,311,0.01,0.1,169.77491961414782,18.649517684887464,182,18.649517684887464,0.17698098425138076,0.6152021067086079,0.0,89,23,1
mmlu_philosophy,dataset,1,17,gaussian_lcb_1.645,311,0.01,0.1,27.652733118971028,1.6077170418006381,68,1.6077170418006381,0.16353260447097345,0.6024583117458526,0.0,32,0,0
mmlu_philosophy,dataset,1,18,posterior_mean,311,0.01,0.1,130.86816720257212,7.717041800643088,140,6.430868167202575,0.07002960405013738,0.2740298843523633,0.0,67,25,1
mmlu_philosophy,dataset,1,18,gaussian_lcb_1.645,311,0.01,0.1,31.832797427652658,2.5723472668810254,56,2.5723472668810254,0.014857549415711352,0.21901100033047036,0.0,27,4,1
mmlu_philosophy,dataset,1,19,posterior_mean,311,0.01,0.1,187.78135048231542,8.681672025723476,205,8.681672025723476,0.1628969464289621,0.49873117293843083,0.0,97,29,1
mmlu_philosophy,dataset,1,19,gaussian_lcb_1.645,311,0.01,0.1,32.79742765273317,2.5723472668810365,69,2.5723472668810365,0.022470128858607163,0.42799698407064085,0.0,31,2,1
mmlu_philosophy,default,1,0,posterior_mean,311,0.01,0.1,303.21543408360174,11.897106109324762,261,11.575562700964637,0.9210225516922111,1.4905262061515638,0.0,125,55,1
mmlu_philosophy,default,1,0,gaussian_lcb_1.645,311,0.01,0.1,42.12218649517689,5.787781350482324,58,5.787781350482324,0.8125471238962636,1.3821120466006294,0.0,25,8,1
mmlu_philosophy,default,1,1,posterior_mean,311,0.01,0.1,230.8681672025722,10.932475884244376,270,10.932475884244376,1.486980306471421,1.6598103671231588,0.0,124,30,1
mmlu_philosophy,default,1,1,gaussian_lcb_1.645,311,0.01,0.1,79.09967845659158,10.932475884244376,102,10.932475884244376,1.3424485164851798,1.5153398453819305,0.0,43,10,1
mmlu_philosophy,default,1,2,posterior_mean,311,0.01,0.1,196.14147909967866,9.967845659163988,259,9.967845659163988,0.4241217675735516,0.891943110902799,0.0,123,27,1
mmlu_philosophy,default,1,2,gaussian_lcb_1.645,311,0.01,0.1,63.98713826366568,6.430868167202575,101,5.1446945337620615,0.29837635321449496,0.8419482229719926,0.0,43,9,1
mmlu_philosophy,default,1,3,posterior_mean,311,0.01,0.1,243.40836012861766,11.575562700964637,199,10.61093247588425,0.5708362387883905,1.7626414578472571,0.0,95,43,1
mmlu_philosophy,default,1,3,gaussian_lcb_1.645,311,0.01,0.1,53.69774919614151,7.0739549839228255,61,7.0739549839228255,0.2825385118785732,1.721101587728278,0.0,26,7,1
mmlu_philosophy,default,1,4,posterior_mean,311,0.01,0.1,225.0803858520903,9.0032154340836,214,9.0032154340836,0.24262990878307072,0.9949120551781826,0.0,94,35,1
mmlu_philosophy,default,1,4,gaussian_lcb_1.645,311,0.01,0.1,68.16720257234738,9.0032154340836,92,9.0032154340836,0.1497702249348733,0.9359413693529359,0.0,41,6,1
mmlu_philosophy,default,1,5,posterior_mean,311,0.01,0.1,240.19292604501646,17.684887459807076,261,17.684887459807076,0.35033182498572796,0.648700519669598,0.0,122,35,1
mmlu_philosophy,default,1,5,gaussian_lcb_1.645,311,0.01,0.1,83.92282958199368,4.823151125401937,109,4.180064308681675,0.14998466379241976,0.6218956624763028,0.0,48,16,1
mmlu_philosophy,default,1,6,posterior_mean,311,0.01,0.1,251.44694533762072,14.469453376205799,274,14.469453376205799,0.4730827538697597,1.3190517054207478,0.0,124,46,1
mmlu_philosophy,default,1,6,gaussian_lcb_1.645,311,0.01,0.1,54.66237942122181,4.823151125401937,82,4.823151125401937,0.26109462612393725,1.2699758411651398,0.0,36,8,1
mmlu_philosophy,default,1,7,posterior_mean,311,0.01,0.1,262.37942122186524,14.147909967845651,180,12.218649517684888,0.15313997841059993,0.3930434502905816,0.0,83,43,1
mmlu_philosophy,default,1,7,gaussian_lcb_1.645,311,0.01,0.1,87.78135048231513,14.147909967845651,56,12.218649517684888,0.15026037089497946,0.3901944768974677,0.0,21,8,1
mmlu_philosophy,default,1,8,posterior_mean,311,0.01,0.1,146.94533762057895,10.932475884244376,234,10.932475884244376,0.5175941338718837,0.873141418214363,0.0,105,20,1
mmlu_philosophy,default,1,8,gaussian_lcb_1.645,311,0.01,0.1,30.225080385852188,3.536977491961424,80,2.2508038585209,0.47838245706340904,0.47838245706340904,0.0,27,3,1
mmlu_philosophy,default,1,9,posterior_mean,311,0.01,0.1,230.5466237942122,11.897106109324751,214,11.897106109324751,0.38598994358343536,0.8806927294122462,0.0,95,31,1
mmlu_philosophy,default,1,9,gaussian_lcb_1.645,311,0.01,0.1,64.63022508038591,8.038585209003223,68,8.038585209003223,0.3439905616268562,0.7694908647132085,0.0,26,7,1
mmlu_philosophy,default,1,10,posterior_mean,311,0.01,0.1,321.22186495176857,14.147909967845662,298,12.540192926045012,0.7973602576636059,2.0130677508082644,0.0,139,44,1
mmlu_philosophy,default,1,10,gaussian_lcb_1.645,311,0.01,0.1,111.57556270096465,10.610932475884239,100,10.610932475884239,0.7157815894284711,1.9357472256015502,0.0,45,16,1
mmlu_philosophy,default,1,11,posterior_mean,311,0.01,0.1,364.3086816720261,14.469453376205788,314,14.469453376205788,0.46808939190118104,1.1997011641349498,0.0,141,50,1
mmlu_philosophy,default,1,11,gaussian_lcb_1.645,311,0.01,0.1,72.3472668810291,10.932475884244363,94,10.932475884244363,0.42069840438343664,1.157916221035918,0.0,37,7,1
mmlu_philosophy,default,1,12,posterior_mean,311,0.01,0.1,293.24758842443714,13.183279742765276,287,13.183279742765276,0.49446537137938207,0.9509214552586784,0.0,134,41,1
mmlu_philosophy,default,1,12,gaussian_lcb_1.645,311,0.01,0.1,73.95498392282957,6.430868167202575,84,6.430868167202575,0.28881850699242956,0.8490323638016536,0.0,38,8,1
mmlu_philosophy,default,1,13,posterior_mean,311,0.01,0.1,239.22829581993562,6.7524115755627,325,6.7524115755627,0.23992644747186115,0.8405237362754385,0.0,151,34,1
mmlu_philosophy,default,1,13,gaussian_lcb_1.645,311,0.01,0.1,44.69453376205781,2.893890675241151,88,2.893890675241151,0.1267639989324016,0.7284947502687241,0.0,37,5,1
mmlu_philosophy,default,1,14,posterior_mean,311,0.01,0.1,271.7041800643091,14.790996784565923,194,14.790996784565923,0.7732358861896405,1.3559198718574674,0.0,95,42,1
mmlu_philosophy,default,1,14,gaussian_lcb_1.645,311,0.01,0.1,92.282958199357,8.681672025723476,62,7.0739549839228255,0.7023178925868107,1.3168919997840307,0.0,30,17,1
mmlu_philosophy,default,1,15,posterior_mean,311,0.01,0.1,207.7170418006435,10.932475884244376,212,10.932475884244376,0.17577859494299722,0.5206805217144257,0.0,100,25,1
mmlu_philosophy,default,1,15,gaussian_lcb_1.645,311,0.01,0.1,25.401929260450252,5.787781350482324,51,5.787781350482324,0.03832328725578442,0.48955625324769714,0.0,22,2,1
mmlu_philosophy,default,1,16,posterior_mean,311,0.01,0.1,147.5884244372994,6.430868167202575,237,6.430868167202575,0.24758497809851746,0.4497472110503412,0.0,110,18,1
mmlu_philosophy,default,1,16,gaussian_lcb_1.645,311,0.01,0.1,22.50803858520911,3.2154340836012874,48,3.2154340836012874,0.07119370070538913,0.37628658527946224,0.0,21,1,1
mmlu_philosophy,default,1,17,posterior_mean,311,0.01,0.1,172.347266881029,8.681672025723476,237,8.681672025723476,0.21127588439754522,0.4745838258725866,0.0,109,25,1
mmlu_philosophy,default,1,17,gaussian_lcb_1.645,311,0.01,0.1,24.437299035369776,2.2508038585209,65,2.2508038585209,0.1367736984614385,0.4651178820180395,0.0,27,1,1
mmlu_philosophy,default,1,18,posterior_mean,311,0.01,0.1,286.1736334405147,13.5048231511254,283,13.183279742765276,0.37406561139773054,0.6063718208960724,0.0,136,36,1
mmlu_philosophy,default,1,18,gaussian_lcb_1.645,311,0.01,0.1,41.157556270096485,2.893890675241162,74,2.893890675241162,0.26792603544291327,0.5088021407124831,0.0,36,6,1
mmlu_philosophy,default,1,19,posterior_mean,311,0.01,0.1,173.31189710610943,13.183279742765276,274,13.183279742765276,0.20231540356435554,0.5012125368614663,0.0,109,22,1
mmlu_philosophy,default,1,19,gaussian_lcb_1.645,311,0.01,0.1,42.76527331189711,6.7524115755627,99,6.7524115755627,0.16616713900654223,0.4659220277338383,0.0,38,4,1
mmlu_prehistory,dataset,1,0,posterior_mean,324,0.01,0.1,49.07407407407429,1.5432098765432167,144,1.5432098765432167,0.023370421175634124,0.023370421175634124,0.0,59,0,0
mmlu_prehistory,dataset,1,0,gaussian_lcb_1.645,324,0.01,0.1,12.654320987654376,1.2345679012345734,48,1.2345679012345734,0.0036692690251598986,0.0036692690251598986,0.0,20,0,0
mmlu_prehistory,dataset,1,1,posterior_mean,324,0.01,0.1,50.00000000000022,1.5432098765432167,151,1.5432098765432167,0.024979254517434494,0.12766233692921725,0.0,55,0,0
mmlu_prehistory,dataset,1,1,gaussian_lcb_1.645,324,0.01,0.1,6.790123456790154,1.2345679012345734,35,1.2345679012345734,0.0016088333418008765,0.10432014089993104,0.0,8,0,0
mmlu_prehistory,dataset,1,2,posterior_mean,324,0.01,0.1,66.66666666666697,1.85185185185186,151,1.85185185185186,0.032261342275059904,0.032261342275059904,0.0,72,0,0
mmlu_prehistory,dataset,1,2,gaussian_lcb_1.645,324,0.01,0.1,11.728395061728447,1.2345679012345734,21,1.2345679012345734,0.0028789649274332235,0.0028789649274332235,0.0,10,0,0
mmlu_prehistory,dataset,1,3,posterior_mean,324,0.01,0.1,85.49382716049418,8.64197530864198,155,8.64197530864198,0.037624120081063306,0.037624120081063306,0.0,77,1,1
mmlu_prehistory,dataset,1,3,gaussian_lcb_1.645,324,0.01,0.1,18.20987654320996,1.5432098765432167,47,1.5432098765432167,0.005136976635223864,0.005136976635223864,0.0,23,0,0
mmlu_prehistory,dataset,1,4,posterior_mean,324,0.01,0.1,67.28395061728425,1.85185185185186,144,1.85185185185186,0.02619293581037205,0.02619293581037205,0.0,67,0,0
mmlu_prehistory,dataset,1,4,gaussian_lcb_1.645,324,0.01,0.1,14.81481481481488,1.85185185185186,42,1.85185185185186,0.004318447391149549,0.004318447391149549,0.0,21,0,0
mmlu_prehistory,dataset,1,5,posterior_mean,324,0.01,0.1,68.20987654321019,1.85185185185186,139,1.85185185185186,0.02241076619982297,0.025684883176119506,0.0,61,0,0
mmlu_prehistory,dataset,1,5,gaussian_lcb_1.645,324,0.01,0.1,5.246913580246937,0.92592592592593,31,0.92592592592593,0.0016935087808429583,0.00592728073295055,0.0,7,0,0
mmlu_prehistory,dataset,1,6,posterior_mean,324,0.01,0.1,93.82716049382758,1.5432098765432167,202,1.5432098765432167,0.03722896803219927,0.03722896803219927,0.0,97,0,0
mmlu_prehistory,dataset,1,6,gaussian_lcb_1.645,324,0.01,0.1,15.740740740740812,1.5432098765432167,42,1.5432098765432167,0.003076540951864956,0.003076540951864956,0.0,20,0,0
mmlu_prehistory,dataset,1,7,posterior_mean,324,0.01,0.1,60.49382716049409,1.5432098765432167,130,1.5432098765432167,0.02833804693277391,0.02833804693277391,0.0,60,0,0
mmlu_prehistory,dataset,1,7,gaussian_lcb_1.645,324,0.01,0.1,10.802469135802518,0.92592592592593,28,0.92592592592593,0.0021451111224012045,0.0021451111224012045,0.0,14,0,0
mmlu_prehistory,dataset,1,8,posterior_mean,324,0.01,0.1,72.53086419753119,1.85185185185186,175,1.85185185185186,0.029438827640321942,0.029438827640321942,0.0,74,0,0
mmlu_prehistory,dataset,1,8,gaussian_lcb_1.645,324,0.01,0.1,7.098765432098797,1.2345679012345734,31,1.2345679012345734,0.0013548070246744046,0.0013548070246744046,0.0,11,0,0
mmlu_prehistory,dataset,1,9,posterior_mean,324,0.01,0.1,62.037037037037315,1.5432098765432167,146,1.5432098765432167,0.027632418274088303,0.027632418274088303,0.0,67,0,0
mmlu_prehistory,dataset,1,9,gaussian_lcb_1.645,324,0.01,0.1,19.13580246913589,1.5432098765432167,48,1.5432098765432167,0.0070562865868460094,0.0070562865868460094,0.0,19,0,0
mmlu_prehistory,dataset,1,10,posterior_mean,324,0.01,0.1,94.13580246913622,1.5432098765432167,194,1.5432098765432167,0.03722896803219943,0.03722896803219943,0.0,93,0,0
mmlu_prehistory,dataset,1,10,gaussian_lcb_1.645,324,0.01,0.1,18.5185185185186,1.5432098765432167,46,1.5432098765432167,0.004261997098454869,0.004261997098454869,0.0,20,0,0
mmlu_prehistory,dataset,1,11,posterior_mean,324,0.01,0.1,75.30864197530897,1.5432098765432167,161,1.5432098765432167,0.030765409518648135,0.030765409518648135,0.0,73,0,0
mmlu_prehistory,dataset,1,11,gaussian_lcb_1.645,324,0.01,0.1,3.395061728395077,0.92592592592593,23,0.92592592592593,0.0003669269025160154,0.0003669269025160154,0.0,5,0,0
mmlu_prehistory,dataset,1,12,posterior_mean,324,0.01,0.1,64.50617283950646,1.85185185185186,135,1.85185185185186,0.02596713463959322,0.02608003522498276,0.0,61,0,0
mmlu_prehistory,dataset,1,12,gaussian_lcb_1.645,324,0.01,0.1,10.802469135802518,1.5432098765432167,44,1.5432098765432167,0.0020604356833590453,0.0020604356833590453,0.0,15,0,0
mmlu_prehistory,dataset,1,13,posterior_mean,324,0.01,0.1,82.71604938271638,1.851851851851849,232,1.851851851851849,0.03657978966621029,0.18414085477033354,0.0,91,0,0
mmlu_prehistory,dataset,1,13,gaussian_lcb_1.645,324,0.01,0.1,9.2592592592593,1.5432098765432167,42,1.5432098765432167,0.004826500025402587,0.15337544525168426,0.0,13,0,0
mmlu_prehistory,dataset,1,14,posterior_mean,324,0.01,0.1,76.23456790123477,10.185185185185187,117,10.185185185185187,0.026898564469057817,0.026898564469057817,0.0,49,3,1
mmlu_prehistory,dataset,1,14,gaussian_lcb_1.645,324,0.01,0.1,15.432098765432167,1.85185185185186,35,1.85185185185186,0.005391002952350437,0.005391002952350437,0.0,15,0,0
mmlu_prehistory,dataset,1,15,posterior_mean,324,0.01,0.1,82.09876543209911,2.1604938271604923,160,2.1604938271604923,0.052188295596312856,0.052188295596312856,0.0,75,1,1
mmlu_prehistory,dataset,1,15,gaussian_lcb_1.645,324,0.01,0.1,21.604938271605036,1.5432098765432167,44,1.5432098765432167,0.012673090709975313,0.012673090709975313,0.0,18,0,0
mmlu_prehistory,dataset,1,16,posterior_mean,324,0.01,0.1,64.50617283950642,8.64197530864198,127,8.64197530864198,0.03697494171507323,0.03697494171507323,0.0,52,1,1
mmlu_prehistory,dataset,1,16,gaussian_lcb_1.645,324,0.01,0.1,12.345679012345734,1.5432098765432167,27,1.5432098765432167,0.002032210537011571,0.002032210537011571,0.0,11,0,0
mmlu_prehistory,dataset,1,17,posterior_mean,324,0.01,0.1,75.6172839506176,2.4691358024691357,149,2.4691358024691357,0.02537440656629829,0.02537440656629829,0.0,74,2,1
mmlu_prehistory,dataset,1,17,gaussian_lcb_1.645,324,0.01,0.1,1.85185185185186,0.92592592592593,5,0.92592592592593,0.00016935087808434224,0.00016935087808434224,0.0,2,0,0
mmlu_prehistory,dataset,1,18,posterior_mean,324,0.01,0.1,95.06172839506215,1.5432098765432167,202,1.5432098765432167,0.04166031600873848,0.04166031600873848,0.0,99,0,0
mmlu_prehistory,dataset,1,18,gaussian_lcb_1.645,324,0.01,0.1,22.530864197530963,1.5432098765432167,60,1.5432098765432167,0.006661134537982826,0.006661134537982826,0.0,29,0,0
mmlu_prehistory,dataset,1,19,posterior_mean,324,0.01,0.1,49.69135802469158,1.5432098765432167,112,1.5432098765432167,0.01992695332125343,0.01992695332125343,0.0,52,0,0
mmlu_prehistory,dataset,1,19,gaussian_lcb_1.645,324,0.01,0.1,9.567901234567945,0.92592592592593,24,0.92592592592593,0.0017781842198851,0.0017781842198851,0.0,12,0,0
mmlu_prehistory,default,1,0,posterior_mean,324,0.01,0.1,132.71604938271653,15.123456790123457,260,13.58024691358024,0.2653446008117565,0.4645576837315923,0.0,118,2,1
mmlu_prehistory,default,1,0,gaussian_lcb_1.645,324,0.01,0.1,25.00000000000011,1.5432098765432167,84,1.5432098765432167,0.18191106820888944,0.38185800493375727,0.0,31,0,0
mmlu_prehistory,default,1,1,posterior_mean,324,0.01,0.1,94.44444444444487,1.85185185185186,255,1.85185185185186,0.11964639536656088,0.24905869136931624,0.0,113,0,0
mmlu_prehistory,default,1,1,gaussian_lcb_1.645,324,0.01,0.1,19.753086419753174,1.5432098765432167,78,1.5432098765432167,0.03700316686142009,0.19822520279767708,0.0,30,0,0
mmlu_prehistory,default,1,2,posterior_mean,324,0.01,0.1,131.7901234567906,7.098765432098764,262,7.098765432098764,0.05636561725572558,0.1491416732995766,0.0,112,3,1
mmlu_prehistory,default,1,2,gaussian_lcb_1.645,324,0.01,0.1,21.91358024691368,1.5432098765432167,53,1.5432098765432167,0.011487634563385326,0.1059854245344267,0.0,23,0,0
mmlu_prehistory,default,1,3,posterior_mean,324,0.01,0.1,124.3827160493832,2.4691358024691357,258,2.4691358024691357,0.16257684296093125,0.22506731697403926,0.0,116,6,1
mmlu_prehistory,default,1,3,gaussian_lcb_1.645,324,0.01,0.1,33.950617283950756,2.4691358024691357,89,2.4691358024691357,0.2246439397788287,0.28719086408463146,0.0,38,1,1
mmlu_prehistory,default,1,4,posterior_mean,324,0.01,0.1,103.70370370370416,1.85185185185186,324,1.5432098765432167,0.20703144845806143,0.20703144845806143,0.0,138,0,0
mmlu_prehistory,default,1,4,gaussian_lcb_1.645,324,0.01,0.1,23.456790123456894,1.5432098765432167,100,1.2345679012345734,0.26150598090851224,0.26150598090851224,0.0,35,0,0
mmlu_prehistory,default,1,5,posterior_mean,324,0.01,0.1,83.64197530864234,1.85185185185186,254,1.85185185185186,0.23576464743969794,0.45767074802283036,0.0,101,0,0
mmlu_prehistory,default,1,5,gaussian_lcb_1.645,324,0.01,0.1,25.00000000000011,1.5432098765432167,109,1.2345679012345734,0.15870999791134008,0.4181555431364932,0.0,34,0,0
mmlu_prehistory,default,1,6,posterior_mean,324,0.01,0.1,70.98765432098797,1.5432098765432167,265,1.5432098765432167,0.05057946225451158,0.4699204615375947,0.0,112,0,0
mmlu_prehistory,default,1,6,gaussian_lcb_1.645,324,0.01,0.1,15.740740740740812,1.2345679012345734,77,1.2345679012345734,0.038019272129926125,0.4649528357804555,0.0,33,0,0
mmlu_prehistory,default,1,7,posterior_mean,324,0.01,0.1,124.69135802469174,10.802469135802472,303,10.802469135802472,0.1815723664527209,0.46077551412104284,0.0,127,4,1
mmlu_prehistory,default,1,7,gaussian_lcb_1.645,324,0.01,0.1,20.370370370370416,9.567901234567898,78,9.567901234567898,0.17307659740215786,0.5042986897887084,0.0,21,1,1
mmlu_prehistory,default,1,8,posterior_mean,324,0.01,0.1,66.04938271604965,1.85185185185186,184,1.85185185185186,0.0643251085256878,0.29608178518405726,0.0,78,0,0
mmlu_prehistory,default,1,8,gaussian_lcb_1.645,324,0.01,0.1,16.97530864197536,1.851851851851849,75,1.5432098765432056,0.025317956273603292,0.25806251305413114,0.0,30,0,0
mmlu_prehistory,default,1,9,posterior_mean,324,0.01,0.1,113.58024691358062,1.851851851851849,311,1.5432098765432167,0.2604898756400054,0.49244412832280665,0.0,133,0,0
mmlu_prehistory,default,1,9,gaussian_lcb_1.645,324,0.01,0.1,23.765432098765505,1.2345679012345734,82,1.2345679012345734,0.03037025746978531,0.43271971865174325,0.0,32,0,0
mmlu_prehistory,default,1,10,posterior_mean,324,0.01,0.1,99.38271604938313,2.4691358024691357,237,2.4691358024691357,0.19540268816293924,0.34152427080334585,0.0,113,2,1
mmlu_prehistory,default,1,10,gaussian_lcb_1.645,324,0.01,0.1,14.81481481481488,1.2345679012345734,43,1.2345679012345734,0.1893060565519039,0.34471371234059983,0.0,18,0,0
mmlu_prehistory,default,1,11,posterior_mean,324,0.01,0.1,79.93827160493862,2.1604938271604923,198,1.85185185185186,0.17000005645029334,0.34945553692696046,0.0,91,0,0
mmlu_prehistory,default,1,11,gaussian_lcb_1.645,324,0.01,0.1,23.148148148148252,1.5432098765432167,66,1.5432098765432167,0.03533788322692481,0.22007146607055264,0.0,31,0,0
mmlu_prehistory,default,1,12,posterior_mean,324,0.01,0.1,129.93827160493885,1.5432098765432167,298,1.5432098765432167,0.14679898615274467,0.14679898615274467,0.0,134,0,0
mmlu_prehistory,default,1,12,gaussian_lcb_1.645,324,0.01,0.1,30.246913580247046,1.5432098765432167,77,1.5432098765432167,0.013040017612491225,0.013040017612491225,0.0,34,0,0
mmlu_prehistory,default,1,13,posterior_mean,324,0.01,0.1,102.77777777777821,2.1604938271604923,245,2.1604938271604923,0.3182385250667545,0.4743235843677876,0.0,111,2,1
mmlu_prehistory,default,1,13,gaussian_lcb_1.645,324,0.01,0.1,21.91358024691368,1.85185185185186,68,1.85185185185186,0.29630758635483645,0.4526748971193434,0.0,27,0,0
mmlu_prehistory,default,1,14,posterior_mean,324,0.01,0.1,80.55555555555591,1.5432098765432167,236,1.5432098765432167,0.16379052425386867,0.3475926772680327,0.0,99,0,0
mmlu_prehistory,default,1,14,gaussian_lcb_1.645,324,0.01,0.1,19.753086419753174,1.5432098765432167,81,1.5432098765432167,0.010612655026616567,0.32281099877503033,0.0,31,0,0
mmlu_prehistory,default,1,15,posterior_mean,324,0.01,0.1,86.72839506172878,1.5432098765432167,247,1.5432098765432167,0.14301681654219428,0.33709292282680614,0.0,113,0,0
mmlu_prehistory,default,1,15,gaussian_lcb_1.645,324,0.01,0.1,9.2592592592593,1.2345679012345734,47,1.2345679012345734,0.00375394446420205,0.2063822700920713,0.0,18,0,0
mmlu_prehistory,default,1,16,posterior_mean,324,0.01,0.1,92.28395061728432,6.79012345679012,247,5.864197530864191,0.2462079515882306,0.42001840279542096,0.0,106,2,1
mmlu_prehistory,default,1,16,gaussian_lcb_1.645,324,0.01,0.1,13.271604938271665,1.5432098765432167,56,1.5432098765432167,0.12890424336850262,0.4115508588912053,0.0,20,0,0
mmlu_prehistory,default,1,17,posterior_mean,324,0.01,0.1,107.71604938271646,18.20987654320988,293,18.20987654320988,0.2055072905553027,0.38925299327677193,0.0,117,1,1
mmlu_prehistory,default,1,17,gaussian_lcb_1.645,324,0.01,0.1,20.37037037037046,1.2345679012345734,98,1.2345679012345734,0.06740164947755305,0.3116338408214662,0.0,31,0,0
mmlu_prehistory,default,1,18,posterior_mean,324,0.01,0.1,127.77777777777821,15.432098765432102,257,8.950617283950624,0.767780430941535,0.9739933501555222,0.0,115,4,1
mmlu_prehistory,default,1,18,gaussian_lcb_1.645,324,0.01,0.1,54.320987654321094,6.79012345679012,96,6.79012345679012,0.6868871615099327,0.9102609697031293,0.0,46,4,1
mmlu_prehistory,default,1,19,posterior_mean,324,0.01,0.1,91.04938271604969,7.4074074074074066,233,6.481481481481477,0.10101779877728709,0.19924130806618318,0.0,101,6,1
mmlu_prehistory,default,1,19,gaussian_lcb_1.645,324,0.01,0.1,24.07407407407417,2.4691358024691357,86,2.4691358024691357,0.0626880500375398,0.18747142203932418,0.0,35,1,1
mmlu_professional_accounting,dataset,1,0,posterior_mean,282,0.01,0.1,143.61702127659578,14.539007092198581,173,14.539007092198581,0.1879889043512591,0.7543960639881364,0.0,81,13,1
mmlu_professional_accounting,dataset,1,0,gaussian_lcb_1.645,282,0.01,0.1,29.787234042553234,2.4822695035460973,63,2.4822695035460973,0.044021185311864906,0.7281659205606689,0.0,27,3,1
mmlu_professional_accounting,dataset,1,1,posterior_mean,282,0.01,0.1,202.83687943262413,13.475177304964536,220,13.475177304964536,0.15644939240331784,0.7814272700344816,0.0,106,22,1
mmlu_professional_accounting,dataset,1,1,gaussian_lcb_1.645,282,0.01,0.1,52.83687943262417,2.4822695035460973,126,2.4822695035460973,0.03513497905128116,0.7323202685608988,0.0,61,2,1
mmlu_professional_accounting,dataset,1,2,posterior_mean,282,0.01,0.1,230.14184397163143,12.765957446808518,256,12.765957446808518,0.08940231413950171,0.08940231413950171,0.0,128,39,1
mmlu_professional_accounting,dataset,1,2,gaussian_lcb_1.645,282,0.01,0.1,53.54609929078027,2.4822695035460973,84,2.4822695035460973,0.014884861220559025,0.014884861220559025,0.0,42,5,1
mmlu_professional_accounting,dataset,1,3,posterior_mean,282,0.01,0.1,204.96453900709227,17.021276595744684,191,17.021276595744684,0.15045073744334236,0.15045073744334236,0.0,93,33,1
mmlu_professional_accounting,dataset,1,3,gaussian_lcb_1.645,282,0.01,0.1,80.14184397163127,11.34751773049646,72,9.57446808510639,0.08640298665951245,0.08640298665951245,0.0,36,9,1
mmlu_professional_accounting,dataset,1,4,posterior_mean,282,0.01,0.1,258.51063829787233,19.503546099290777,227,19.148936170212767,0.2078850642806181,0.9987574214725778,0.0,95,32,1
mmlu_professional_accounting,dataset,1,4,gaussian_lcb_1.645,282,0.01,0.1,53.9007092198581,3.1914893617021267,104,3.1914893617021267,0.03794801289897078,0.6515619789599968,0.0,41,4,1
mmlu_professional_accounting,dataset,1,5,posterior_mean,282,0.01,0.1,204.9645390070923,12.765957446808518,228,12.765957446808518,0.12101634354036114,0.41860179177215584,0.0,107,40,1
mmlu_professional_accounting,dataset,1,5,gaussian_lcb_1.645,282,0.01,0.1,39.36170212765961,3.1914893617021267,83,3.1914893617021267,0.03098063105104938,0.343860786494457,0.0,40,4,1
mmlu_professional_accounting,dataset,1,6,posterior_mean,282,0.01,0.1,173.40425531914877,18.439716312056735,224,18.439716312056735,0.09903369492927457,0.8981029719423151,0.0,101,23,1
mmlu_professional_accounting,dataset,1,6,gaussian_lcb_1.645,282,0.01,0.1,25.53191489361698,2.127659574468088,72,2.127659574468088,0.0489207078412862,0.8559633523166532,0.0,32,4,1
mmlu_professional_accounting,dataset,1,7,posterior_mean,282,0.01,0.1,141.48936170212755,19.14893617021276,179,19.14893617021276,0.04247494816379334,0.6815738831230993,0.35460992907802025,68,16,1
mmlu_professional_accounting,dataset,1,7,gaussian_lcb_1.645,282,0.01,0.1,26.95035460992903,3.1914893617021267,77,3.1914893617021267,0.008457730906300127,0.6493450847356617,0.35460992907802025,23,1,1
mmlu_professional_accounting,dataset,1,8,posterior_mean,282,0.01,0.1,209.57446808510588,15.957446808510634,227,15.957446808510634,0.07729322804017252,0.5984124056655693,0.35460992907802025,104,15,1
mmlu_professional_accounting,dataset,1,8,gaussian_lcb_1.645,282,0.01,0.1,45.74468085106368,3.546099290780136,77,3.546099290780136,0.011233506027529663,0.5336939978054691,0.35460992907802025,32,7,1
mmlu_professional_accounting,dataset,1,9,posterior_mean,282,0.01,0.1,209.9290780141845,20.921985815602838,175,20.921985815602838,0.10180947005050323,0.10180947005050323,0.0,88,36,1
mmlu_professional_accounting,dataset,1,9,gaussian_lcb_1.645,282,0.01,0.1,48.93617021276604,3.1914893617021267,68,3.1914893617021267,0.02196401924785744,0.02196401924785744,0.0,34,6,1
mmlu_professional_accounting,dataset,1,10,posterior_mean,282,0.01,0.1,227.6595744680847,17.021276595744677,206,17.021276595744677,0.11676884872398136,0.7485650732972307,0.35460992907802025,100,34,1
mmlu_professional_accounting,dataset,1,10,gaussian_lcb_1.645,282,0.01,0.1,53.54609929078005,3.900709219858156,90,3.900709219858156,0.015611406386518145,0.6595539757855571,0.35460992907802025,43,5,1
mmlu_professional_accounting,dataset,1,11,posterior_mean,282,0.01,0.1,189.71631205673768,16.666666666666675,156,16.666666666666675,0.08722267864162093,0.28970522758561673,0.0,76,35,1
mmlu_professional_accounting,dataset,1,11,gaussian_lcb_1.645,282,0.01,0.1,34.042553191489425,2.4822695035460973,53,2.4822695035460973,0.02522415781306164,0.22826558765394947,0.0,22,7,1
mmlu_professional_accounting,dataset,1,12,posterior_mean,282,0.01,0.1,179.78723404255302,20.567375886524818,241,20.567375886524818,0.10052404398765269,0.7260421731524797,0.0,114,31,1
mmlu_professional_accounting,dataset,1,12,gaussian_lcb_1.645,282,0.01,0.1,48.22695035460984,2.4822695035460973,116,2.4822695035460973,0.02108843917606022,0.4716582182504468,0.0,55,4,1
mmlu_professional_accounting,dataset,1,13,posterior_mean,282,0.01,0.1,109.21985815602837,3.900709219858156,129,3.900709219858156,0.10547945460676157,0.4023383576725958,0.0,62,19,1
mmlu_professional_accounting,dataset,1,13,gaussian_lcb_1.645,282,0.01,0.1,44.68085106382972,3.1914893617021267,59,3.1914893617021267,0.07917479372637641,0.3778966331151842,0.0,29,5,1
mmlu_professional_accounting,dataset,1,14,posterior_mean,282,0.01,0.1,181.2056737588652,12.411347517730498,244,12.411347517730498,0.18593967439598946,0.5696114101123934,1.773049645390068,121,24,1
mmlu_professional_accounting,dataset,1,14,gaussian_lcb_1.645,282,0.01,0.1,58.865248226950364,3.546099290780147,104,3.546099290780147,0.13018199024939123,0.5139655021451738,0.0,51,8,1
mmlu_professional_accounting,dataset,1,15,posterior_mean,282,0.01,0.1,258.5106382978724,14.184397163120565,235,13.829787234042556,0.22327291830837923,0.9701986076413914,0.0,109,38,1
mmlu_professional_accounting,dataset,1,15,gaussian_lcb_1.645,282,0.01,0.1,41.13475177304971,2.4822695035460973,97,2.127659574468088,0.03673710428903801,0.8617757136443303,0.0,42,7,1
mmlu_professional_accounting,dataset,1,16,posterior_mean,282,0.01,0.1,205.3191489361704,18.085106382978726,237,18.085106382978726,0.20501614234323995,1.1323672145562347,0.7092198581560294,97,19,1
mmlu_professional_accounting,dataset,1,16,gaussian_lcb_1.645,282,0.01,0.1,30.496453900709362,2.4822695035460973,117,2.4822695035460973,0.02209442479046679,1.0726414760417018,0.7092198581560294,43,2,1
mmlu_professional_accounting,dataset,1,17,posterior_mean,282,0.01,0.1,165.9574468085102,12.411347517730498,242,12.411347517730498,0.15218326822370887,0.8236600364762916,0.0,110,20,1
mmlu_professional_accounting,dataset,1,17,gaussian_lcb_1.645,282,0.01,0.1,92.1985815602835,12.411347517730498,126,12.411347517730498,0.03824608271064527,0.7584572651722171,0.0,50,16,1
mmlu_professional_accounting,dataset,1,18,posterior_mean,282,0.01,0.1,219.8581560283689,22.34042553191489,232,22.34042553191489,0.15143809369451944,0.34032120748080846,0.0,113,29,1
mmlu_professional_accounting,dataset,1,18,gaussian_lcb_1.645,282,0.01,0.1,51.06382978723403,2.8368794326241176,66,2.8368794326241176,0.04219550771535126,0.28156419585422326,0.0,32,5,1
mmlu_professional_accounting,dataset,1,19,posterior_mean,282,0.01,0.1,189.71631205673734,21.276595744680854,185,21.276595744680854,0.07313888003994176,0.5643206709551519,0.0,90,16,1
mmlu_professional_accounting,dataset,1,19,gaussian_lcb_1.645,282,0.01,0.1,36.87943262411343,2.4822695035460973,67,2.4822695035460973,0.018778398135573353,0.5126428173558661,0.0,33,3,1
mmlu_professional_accounting,default,1,0,posterior_mean,282,0.01,0.1,249.2907801418439,16.312056737588655,435,15.602836879432624,0.5961768820779899,1.355565615411695,0.35460992907802025,197,31,1
mmlu_professional_accounting,default,1,0,gaussian_lcb_1.645,282,0.01,0.1,89.00709219858159,3.1914893617021267,198,3.1914893617021267,0.38044885587765703,1.3028817761980034,0.35460992907802025,89,7,1
mmlu_professional_accounting,default,1,1,posterior_mean,282,0.01,0.1,234.04255319148928,14.539007092198586,291,13.829787234042556,1.0764418661405704,1.882292231369234,0.0,141,34,1
mmlu_professional_accounting,default,1,1,gaussian_lcb_1.645,282,0.01,0.1,69.85815602836874,3.900709219858156,101,3.900709219858156,0.6819092116612356,1.9786805567198873,0.0,46,9,1
mmlu_professional_accounting,default,1,2,posterior_mean,282,0.01,0.1,225.88652482269484,19.50354609929078,268,19.50354609929078,0.8058689945918964,1.6687810993932324,0.0,125,31,1
mmlu_professional_accounting,default,1,2,gaussian_lcb_1.645,282,0.01,0.1,53.54609929078013,4.6099290780141855,91,3.900709219858156,0.6289645613623309,2.0516517724907533,0.0,45,8,1
mmlu_professional_accounting,default,1,3,posterior_mean,282,0.01,0.1,223.404255319149,15.602836879432624,314,15.602836879432624,0.5710272417178519,1.3210267759837742,0.0,141,32,1
mmlu_professional_accounting,default,1,3,gaussian_lcb_1.645,282,0.01,0.1,63.12056737588644,2.8368794326241176,112,2.8368794326241176,0.436672274104999,1.226054282238582,0.0,53,8,1
mmlu_professional_accounting,default,1,4,posterior_mean,282,0.01,0.1,214.8936170212763,20.212765957446805,339,17.021276595744677,0.9509544754250807,1.2449258271903052,0.0,155,34,1
mmlu_professional_accounting,default,1,4,gaussian_lcb_1.645,282,0.01,0.1,44.68085106382971,4.255319148936176,95,3.1914893617021267,0.8448788811949659,1.1432095039559496,0.0,43,6,1
mmlu_professional_accounting,default,1,5,posterior_mean,282,0.01,0.1,225.1773049645386,15.957446808510639,370,15.957446808510639,0.8038383939998548,1.2804147641429486,0.35460992907802025,172,21,1
mmlu_professional_accounting,default,1,5,gaussian_lcb_1.645,282,0.01,0.1,86.17021276595726,9.9290780141844,170,9.9290780141844,0.4970314109693418,1.1739479532850108,0.35460992907802025,76,8,1
mmlu_professional_accounting,default,1,6,posterior_mean,282,0.01,0.1,328.7234042553193,18.79432624113476,259,18.085106382978726,0.5917430936293175,1.914930875747737,0.0,125,39,1
mmlu_professional_accounting,default,1,6,gaussian_lcb_1.645,282,0.01,0.1,73.04964539007102,18.085106382978726,84,18.085106382978726,0.4748624687259579,1.1183020453177892,0.0,42,5,1
mmlu_professional_accounting,default,1,7,posterior_mean,282,0.01,0.1,343.61702127659555,18.79432624113475,400,18.79432624113475,0.8405941276521237,1.212100889179505,0.0,191,42,1
mmlu_professional_accounting,default,1,7,gaussian_lcb_1.645,282,0.01,0.1,95.74468085106375,18.79432624113475,152,18.79432624113475,0.4269291171358435,1.1087079232544714,0.0,72,4,1
mmlu_professional_accounting,default,1,8,posterior_mean,282,0.01,0.1,304.6099290780135,17.730496453900706,393,16.666666666666668,0.6159426364647376,2.09377276275318,0.35460992907802025,172,32,1
mmlu_professional_accounting,default,1,8,gaussian_lcb_1.645,282,0.01,0.1,56.73758865248194,3.546099290780136,157,3.546099290780136,0.42378075475001814,1.291052130547126,0.35460992907802025,72,2,1
mmlu_professional_accounting,default,1,9,posterior_mean,282,0.01,0.1,274.82269503546047,18.085106382978726,367,17.730496453900706,0.42650064178156605,1.1564549812122922,0.0,170,27,1
mmlu_professional_accounting,default,1,9,gaussian_lcb_1.645,282,0.01,0.1,65.95744680851044,12.765957446808507,156,12.765957446808507,0.29840514021390496,0.8889559545965214,0.0,69,2,1
mmlu_professional_accounting,default,1,10,posterior_mean,282,0.01,0.1,353.9007092198576,21.276595744680854,331,21.276595744680854,1.1723458280472538,1.1723458280472538,0.35460992907802025,152,37,1
mmlu_professional_accounting,default,1,10,gaussian_lcb_1.645,282,0.01,0.1,114.5390070921984,21.276595744680854,112,21.276595744680854,1.166868795257709,1.166868795257709,0.35460992907802025,52,9,1
mmlu_professional_accounting,default,1,11,posterior_mean,282,0.01,0.1,252.48226950354567,26.24113475177305,363,25.88652482269504,1.1597151197774833,2.0912764280804006,0.0,159,24,1
mmlu_professional_accounting,default,1,11,gaussian_lcb_1.645,282,0.01,0.1,124.11347517730471,18.085106382978726,238,18.085106382978726,1.1615407973739993,2.1990286650011934,0.0,105,11,1
mmlu_professional_accounting,default,1,12,posterior_mean,282,0.01,0.1,360.63829787234033,16.666666666666675,373,14.893617021276595,1.1825547190971473,1.7605679720261491,0.0,178,55,1
mmlu_professional_accounting,default,1,12,gaussian_lcb_1.645,282,0.01,0.1,98.5815602836878,4.6099290780141855,140,4.6099290780141855,1.05296886847111,1.708592048615186,0.0,69,17,1
mmlu_professional_accounting,default,1,13,posterior_mean,282,0.01,0.1,258.86524822695003,14.893617021276595,277,14.184397163120565,1.7595433570485086,2.3231561122009223,0.0,127,44,1
mmlu_professional_accounting,default,1,13,gaussian_lcb_1.645,282,0.01,0.1,108.86524822695023,12.765957446808507,116,12.765957446808507,1.6278710177407387,2.253146965183577,0.0,50,13,1
mmlu_professional_accounting,default,1,14,posterior_mean,282,0.01,0.1,188.29787234042536,13.475177304964536,253,12.765957446808518,0.3387190822430491,0.8965381054310215,0.0,123,27,1
mmlu_professional_accounting,default,1,14,gaussian_lcb_1.645,282,0.01,0.1,55.6737588652482,3.1914893617021267,97,3.1914893617021267,0.09374295577202854,0.751899729315356,0.0,46,4,1
mmlu_professional_accounting,default,1,15,posterior_mean,282,0.01,0.1,248.22695035460973,15.602836879432624,396,14.184397163120565,1.246900539692653,2.17046985117002,0.0,185,19,1
mmlu_professional_accounting,default,1,15,gaussian_lcb_1.645,282,0.01,0.1,93.97163120567367,3.1914893617021267,195,2.4822695035460973,0.9051262418799245,2.0940149444751817,0.0,91,9,1
mmlu_professional_accounting,default,1,16,posterior_mean,282,0.01,0.1,292.55319148936115,17.021276595744677,404,17.021276595744677,0.5729088074040518,1.0426295718786038,0.35460992907802025,185,32,1
mmlu_professional_accounting,default,1,16,gaussian_lcb_1.645,282,0.01,0.1,99.64539007092176,3.900709219858156,169,3.900709219858156,0.3090238772548511,0.9677395316950683,0.35460992907802025,79,11,1
mmlu_professional_accounting,default,1,17,posterior_mean,282,0.01,0.1,184.39716312056697,20.921985815602845,297,20.921985815602845,0.35984478014556887,1.204332444712708,0.35460992907802025,132,17,1
mmlu_professional_accounting,default,1,17,gaussian_lcb_1.645,282,0.01,0.1,60.283687943262144,3.1914893617021267,142,3.1914893617021267,0.24888829274926474,1.12821286655601,0.35460992907802025,65,2,1
mmlu_professional_accounting,default,1,18,posterior_mean,282,0.01,0.1,251.77304964538968,18.085106382978726,280,17.021276595744677,0.619892061469451,0.7810919414963541,0.0,129,39,1
mmlu_professional_accounting,default,1,18,gaussian_lcb_1.645,282,0.01,0.1,60.99290780141826,3.546099290780136,138,3.546099290780136,0.16963898156997065,0.6366026002865247,0.0,58,5,1
mmlu_professional_accounting,default,1,19,posterior_mean,282,0.01,0.1,231.91489361702122,18.085106382978726,264,17.021276595744688,0.8913591424531486,1.3532928330976688,0.0,119,27,1
mmlu_professional_accounting,default,1,19,gaussian_lcb_1.645,282,0.01,0.1,82.62411347517732,18.085106382978726,107,16.666666666666668,0.7849482196849016,1.31875399366974,0.0,49,5,1
mmlu_professional_law,dataset,1,0,posterior_mean,1534,0.01,0.1,406.19295958278866,11.212516297262054,566,11.212516297262054,0.09584354578056586,0.09584354578056586,0.0,283,23,1
mmlu_professional_law,dataset,1,0,gaussian_lcb_1.645,1534,0.01,0.1,123.53324641460199,2.0208604954367604,182,2.0208604954367604,0.02226922607891814,0.02226922607891814,0.0,91,1,1
mmlu_professional_law,dataset,1,1,posterior_mean,1534,0.01,0.1,275.35853976531826,2.4771838331160367,423,2.4771838331160367,0.0470391127364142,0.05563655001261305,0.0,211,25,1
mmlu_professional_law,dataset,1,1,gaussian_lcb_1.645,1534,0.01,0.1,44.52411994784852,2.151238591916549,69,2.151238591916549,0.00674271772320498,0.017478182019759057,0.0,34,7,1
mmlu_professional_law,dataset,1,2,posterior_mean,1534,0.01,0.1,405.4758800521507,17.601043024771833,817,16.688396349413303,0.245835962584023,0.29299721231747755,0.0,398,14,1
mmlu_professional_law,dataset,1,2,gaussian_lcb_1.645,1534,0.01,0.1,77.96610169491515,2.08604954367666,203,2.08604954367666,0.008588623266102857,0.23313119660322953,0.0,94,11,1
mmlu_professional_law,dataset,1,3,posterior_mean,1534,0.01,0.1,308.2138200782269,15.254237288135597,576,15.254237288135597,0.07550206962400621,0.22565250903703424,0.0,286,17,1
mmlu_professional_law,dataset,1,3,gaussian_lcb_1.645,1534,0.01,0.1,63.75488917861804,1.6949152542372836,202,1.6949152542372836,0.014035681505241503,0.1811757549498677,0.0,99,0,0
mmlu_professional_law,dataset,1,4,posterior_mean,1534,0.01,0.1,276.72750977835665,10.951760104302476,456,10.951760104302476,0.11358677767534542,0.1254195862288133,0.0,225,14,1
mmlu_professional_law,dataset,1,4,gaussian_lcb_1.645,1534,0.01,0.1,77.90091264667508,2.0208604954367604,166,2.0208604954367604,0.01560079786937683,0.07985493146697864,0.0,82,1,1
mmlu_professional_law,dataset,1,5,posterior_mean,1534,0.01,0.1,303.5202086049532,14.406779661016945,428,14.406779661016945,0.05772169297239331,0.07188454805187262,0.0,213,15,1
mmlu_professional_law,dataset,1,5,gaussian_lcb_1.645,1534,0.01,0.1,61.082138200781955,2.5423728813559254,91,2.5423728813559254,0.007476798849746101,0.02103022808832318,0.0,45,8,1
mmlu_professional_law,dataset,1,6,posterior_mean,1534,0.01,0.1,320.33898305084693,2.3468057366362483,552,2.3468057366362483,0.058321045658902046,0.10790740731297079,0.0,275,17,1
mmlu_professional_law,dataset,1,6,gaussian_lcb_1.645,1534,0.01,0.1,55.34550195567146,2.0208604954367604,115,2.0208604954367604,0.007818026954879693,0.059561302793794436,0.0,57,3,1
mmlu_professional_law,dataset,1,7,posterior_mean,1534,0.01,0.1,272.8161668839634,2.5423728813559254,617,2.5423728813559254,0.06004733249335941,0.250346847036568,0.0,307,25,1
mmlu_professional_law,dataset,1,7,gaussian_lcb_1.645,1534,0.01,0.1,57.30117340286848,1.5645371577574951,184,1.5645371577574951,0.009058284089774007,0.21448452867364123,0.0,90,0,0
mmlu_professional_law,dataset,1,8,posterior_mean,1534,0.01,0.1,451.4341590612773,20.66492829204693,631,20.66492829204693,0.07657737885567992,0.19319428728749483,0.0,315,25,1
mmlu_professional_law,dataset,1,8,gaussian_lcb_1.645,1534,0.01,0.1,81.09517601043041,2.0208604954367604,201,2.0208604954367604,0.01134363099315697,0.12880668439415832,0.0,100,3,1
mmlu_professional_law,dataset,1,9,posterior_mean,1534,0.01,0.1,293.4159061277697,11.60365058670143,356,11.60365058670143,0.07467103438641143,0.07467103438641143,0.0,178,19,1
mmlu_professional_law,dataset,1,9,gaussian_lcb_1.645,1534,0.01,0.1,95.63233376792671,2.08604954367666,136,2.08604954367666,0.013127838465384595,0.013127838465384595,0.0,68,1,1
mmlu_professional_law,dataset,1,10,posterior_mean,1534,0.01,0.1,308.73533246414564,12.451108213820083,573,12.451108213820083,0.10279717017391823,0.21547799352585653,0.0,286,12,1
mmlu_professional_law,dataset,1,10,gaussian_lcb_1.645,1534,0.01,0.1,90.35202086049529,1.7601043024771834,226,1.7601043024771834,0.012644327054420984,0.15897452266311635,0.0,112,0,0
mmlu_professional_law,dataset,1,11,posterior_mean,1534,0.01,0.1,314.2112125162978,25.293350717079534,533,25.293350717079534,0.07885643003756786,0.27966098547054113,0.0,266,18,1
mmlu_professional_law,dataset,1,11,gaussian_lcb_1.645,1534,0.01,0.1,110.62581486310306,2.411994784876137,249,2.411994784876137,0.013271380915515621,0.2142194787986187,0.0,124,4,1
mmlu_professional_law,dataset,1,12,posterior_mean,1534,0.01,0.1,302.54237288135704,13.754889178617995,691,13.754889178617995,0.0644757429942943,0.6103651625495394,0.39113428943936546,344,10,1
mmlu_professional_law,dataset,1,12,gaussian_lcb_1.645,1534,0.01,0.1,88.07040417209961,1.2385919165580184,359,1.2385919165580184,0.020614710469526846,0.5678602284352092,0.39113428943936546,178,0,0
mmlu_professional_law,dataset,1,13,posterior_mean,1534,0.01,0.1,250.91264667535978,10.299869621903524,764,10.299869621903524,0.05482314279521198,0.4851816658768652,0.0,368,2,1
mmlu_professional_law,dataset,1,13,gaussian_lcb_1.645,1534,0.01,0.1,83.8331160365063,1.5645371577575062,286,1.5645371577575062,0.014384464476171943,0.4457351932657403,0.0,138,0,0
mmlu_professional_law,dataset,1,14,posterior_mean,1534,0.01,0.1,252.41199478487522,10.104302477183824,348,10.104302477183824,0.05613643029946997,0.05613643029946997,0.0,174,16,1
mmlu_professional_law,dataset,1,14,gaussian_lcb_1.645,1534,0.01,0.1,57.75749674054732,1.7601043024771834,98,1.7601043024771834,0.010293504647469885,0.010293504647469885,0.0,49,0,0
mmlu_professional_law,dataset,1,15,posterior_mean,1534,0.01,0.1,298.89178617992087,13.037809647979138,528,13.037809647979138,0.04330952732163711,0.19844554858807986,0.0,263,11,1
mmlu_professional_law,dataset,1,15,gaussian_lcb_1.645,1534,0.01,0.1,28.226857887874644,2.0208604954367604,108,2.0208604954367604,0.0048867390259118145,0.16031236348121303,0.0,53,2,1
mmlu_professional_law,dataset,1,16,posterior_mean,1534,0.01,0.1,291.1994784876148,9.973924380704046,779,9.973924380704046,0.046719290084371326,0.37480444702065097,0.0,375,14,1
mmlu_professional_law,dataset,1,16,gaussian_lcb_1.645,1534,0.01,0.1,52.86831812255572,1.04302477183833,227,1.04302477183833,0.00992583451204986,0.33988082073291587,0.0,108,0,0
mmlu_professional_law,dataset,1,17,posterior_mean,1534,0.01,0.1,278.87874837027357,13.885267275097785,682,13.885267275097785,0.06634242441813275,0.3713650943668832,0.0,340,4,1
mmlu_professional_law,dataset,1,17,gaussian_lcb_1.645,1534,0.01,0.1,84.15906127770558,1.3689700130378069,306,1.3689700130378069,0.012677064806205448,0.32515953515665996,0.0,152,0,0
mmlu_professional_law,dataset,1,18,posterior_mean,1534,0.01,0.1,305.5410691003911,14.40677966101695,638,14.40677966101695,0.06697010785137603,0.4152084988714576,0.0,317,3,1
mmlu_professional_law,dataset,1,18,gaussian_lcb_1.645,1534,0.01,0.1,90.80834419817465,1.4993481095176064,268,1.4993481095176064,0.01886198160478322,0.3676443229621989,0.0,132,0,0
mmlu_professional_law,dataset,1,19,posterior_mean,1534,0.01,0.1,248.3050847457621,2.4771838331160367,528,2.4771838331160367,0.04497285694112427,0.19215171580760457,0.0,263,17,1
mmlu_professional_law,dataset,1,19,gaussian_lcb_1.645,1534,0.01,0.1,52.34680573663611,1.368970013037818,140,1.368970013037818,0.005739179716595613,0.15599790553937093,0.0,69,0,0
mmlu_professional_law,default,1,0,posterior_mean,1534,0.01,0.1,574.3807040417222,19.7522816166884,963,19.7522816166884,0.1970995233320415,0.5196312243358805,0.0,477,25,1
mmlu_professional_law,default,1,0,gaussian_lcb_1.645,1534,0.01,0.1,177.1838331160372,2.0208604954367715,364,1.7601043024771834,0.04160590508456939,0.36567250298935844,0.0,181,0,0
mmlu_professional_law,default,1,1,posterior_mean,1534,0.01,0.1,535.0717079530631,19.491525423728813,792,18.70925684485007,0.28537246401255373,0.32739955286526706,0.0,386,41,1
mmlu_professional_law,default,1,1,gaussian_lcb_1.645,1534,0.01,0.1,102.80312907431556,1.368970013037818,327,1.368970013037818,0.05183645251707083,0.23696088398980938,0.0,161,0,0
mmlu_professional_law,default,1,2,posterior_mean,1534,0.01,0.1,367.53585397653217,11.538461538461542,802,11.538461538461542,0.09798409108952051,0.4350192457058258,0.0,382,9,1
mmlu_professional_law,default,1,2,gaussian_lcb_1.645,1534,0.01,0.1,76.4667535853977,1.3689700130378069,302,1.3689700130378069,0.021775641513559412,0.382022491716872,0.0,149,0,0
mmlu_professional_law,default,1,3,posterior_mean,1534,0.01,0.1,511.6036505867006,15.775749674054756,791,15.775749674054756,0.22607117451657763,0.28220823438819603,0.0,392,28,1
mmlu_professional_law,default,1,3,gaussian_lcb_1.645,1534,0.01,0.1,97.0664928292046,2.2164276401564487,283,2.2164276401564487,0.022706149150804666,0.19891395026745026,0.0,114,3,1
mmlu_professional_law,default,1,4,posterior_mean,1534,0.01,0.1,530.3129074315507,21.838331160365055,1083,21.642764015645366,0.22594651923094186,0.6640840357941954,0.0,538,12,1
mmlu_professional_law,default,1,4,gaussian_lcb_1.645,1534,0.01,0.1,110.10430247718386,1.4341590612777066,470,1.303780964797907,0.03571122104699985,0.5450602730341061,0.0,232,0,0
mmlu_professional_law,default,1,5,posterior_mean,1534,0.01,0.1,561.2125162972605,23.85919165580182,731,23.85919165580182,0.12677883250000088,0.14277059467433642,0.0,362,25,1
mmlu_professional_law,default,1,5,gaussian_lcb_1.645,1534,0.01,0.1,90.09126466753557,2.0208604954367715,184,1.8252933507170832,0.027334134023194318,0.06049936529683784,0.0,91,0,0
mmlu_professional_law,default,1,6,posterior_mean,1534,0.01,0.1,695.045632333766,14.341590612777043,924,14.341590612777043,0.19612935264936054,0.20097202162479422,0.0,458,42,1
mmlu_professional_law,default,1,6,gaussian_lcb_1.645,1534,0.01,0.1,129.72620599739227,2.151238591916549,254,2.151238591916549,0.0729315265368119,0.08643773786416191,0.0,125,2,1
mmlu_professional_law,default,1,7,posterior_mean,1534,0.01,0.1,470.14341590612673,16.10169491525423,780,16.10169491525423,0.14200881237320723,0.2523085938550092,0.0,387,41,1
mmlu_professional_law,default,1,7,gaussian_lcb_1.645,1534,0.01,0.1,100.39113428943926,2.151238591916549,344,2.151238591916549,0.05400218071201185,0.18223154744490241,0.0,169,4,1
mmlu_professional_law,default,1,8,posterior_mean,1534,0.01,0.1,414.27640156453765,19.165580182529336,1081,18.318122555410692,0.1454865689281103,0.6850576023890459,0.0,531,8,1
mmlu_professional_law,default,1,8,gaussian_lcb_1.645,1534,0.01,0.1,115.9713168187746,1.7601043024771834,522,1.7601043024771834,0.03767611572618865,0.6171091394170483,0.0,251,0,0
mmlu_professional_law,default,1,9,posterior_mean,1534,0.01,0.1,426.140808344197,13.689700130378096,1016,13.102998696219043,0.15328067214130045,0.6161093788433384,0.0,495,9,1
mmlu_professional_law,default,1,9,gaussian_lcb_1.645,1534,0.01,0.1,130.11734028683105,1.2385919165580184,499,1.2385919165580184,0.02562799349752661,0.5260547489791936,0.0,236,0,0
mmlu_professional_law,default,1,10,posterior_mean,1534,0.01,0.1,502.02086049543766,19.7522816166884,848,19.36114732724902,0.16588218828954324,0.47213252393018895,0.0,419,24,1
mmlu_professional_law,default,1,10,gaussian_lcb_1.645,1534,0.01,0.1,142.17731421121306,1.5645371577574951,339,1.5645371577574951,0.04185521565584769,0.347637149617122,0.0,168,0,0
mmlu_professional_law,default,1,11,posterior_mean,1534,0.01,0.1,553.7809647979132,12.711864406779661,856,12.320730117340295,0.1773284395431005,0.22651313416566612,0.0,425,42,1
mmlu_professional_law,default,1,11,gaussian_lcb_1.645,1534,0.01,0.1,122.62059973924377,2.151238591916549,327,2.151238591916549,0.07026528848286524,0.163254983708875,0.0,161,2,1
mmlu_professional_law,default,1,12,posterior_mean,1534,0.01,0.1,437.8096479791381,18.904823989569746,691,18.904823989569746,0.1061288659900901,0.15991321473830847,0.0,340,20,1
mmlu_professional_law,default,1,12,gaussian_lcb_1.645,1534,0.01,0.1,49.47848761408048,1.890482398956972,172,1.890482398956972,0.019346752160046138,0.09132321774577501,0.0,86,0,0
mmlu_professional_law,default,1,13,posterior_mean,1534,0.01,0.1,708.8657105606239,26.857887874837022,852,26.857887874837022,0.14903294884732302,0.1695714810867368,0.0,423,69,1
mmlu_professional_law,default,1,13,gaussian_lcb_1.645,1534,0.01,0.1,108.27900912646638,2.7379400260756137,232,2.7379400260756137,0.0645550690851558,0.08672985934161995,0.0,114,8,1
mmlu_professional_law,default,1,14,posterior_mean,1534,0.01,0.1,396.9361147327252,11.79921773142113,885,11.408083441981754,0.1938981489508536,0.3779523077691127,0.0,433,10,1
mmlu_professional_law,default,1,14,gaussian_lcb_1.645,1534,0.01,0.1,108.08344198174696,1.3037809647979182,354,1.3037809647979182,0.05609739682618839,0.31170872617848183,0.0,175,0,0
mmlu_professional_law,default,1,15,posterior_mean,1534,0.01,0.1,448.23989569752155,15.38461538461538,714,15.38461538461538,0.15658340763858608,0.22600884687376113,0.0,337,32,1
mmlu_professional_law,default,1,15,gaussian_lcb_1.645,1534,0.01,0.1,81.35593220338946,2.151238591916549,270,2.151238591916549,0.026402367241649568,0.17616310149401862,0.0,124,2,1
mmlu_professional_law,default,1,16,posterior_mean,1534,0.01,0.1,578.6831812255524,17.144719687092575,763,16.49282920469361,0.13925254550185548,0.19104681668489615,0.0,376,40,1
mmlu_professional_law,default,1,16,gaussian_lcb_1.645,1534,0.01,0.1,143.02477183833048,2.08604954367666,323,2.08604954367666,0.04120046062016747,0.09694970404757541,0.0,160,1,1
mmlu_professional_law,default,1,17,posterior_mean,1534,0.01,0.1,545.6323337679279,22.6205997392438,899,22.229465449804437,0.27755191876907354,0.31272800348883434,0.0,442,35,1
mmlu_professional_law,default,1,17,gaussian_lcb_1.645,1534,0.01,0.1,111.34289439374207,1.6949152542372947,270,1.5645371577574951,0.04123193922765256,0.24013392762425614,0.0,134,0,0
mmlu_professional_law,default,1,18,posterior_mean,1534,0.01,0.1,573.1421121251644,21.056062581486312,971,19.23076923076923,0.14034485318157197,0.47488879080154134,0.0,481,11,1
mmlu_professional_law,default,1,18,gaussian_lcb_1.645,1534,0.01,0.1,90.28683181225601,1.8252933507170832,186,1.8252933507170832,0.03413414281202063,0.36837588580013747,0.0,92,0,0
mmlu_professional_law,default,1,19,posterior_mean,1534,0.01,0.1,524.2503259452395,11.082138200782266,835,10.234680573663624,0.20767696501902053,0.20924019266670665,0.0,415,33,1
mmlu_professional_law,default,1,19,gaussian_lcb_1.645,1534,0.01,0.1,201.36897001303709,2.151238591916549,357,2.151238591916549,0.04261070223547824,0.08791786198808903,0.0,178,1,1
mmlu_professional_medicine,dataset,1,0,posterior_mean,272,0.01,0.1,65.44117647058803,1.8382352941176516,187,1.8382352941176516,0.026992823273099553,0.19363546072023488,0.0,89,0,0
mmlu_professional_medicine,dataset,1,0,gaussian_lcb_1.645,272,0.01,0.1,11.029411764705843,1.4705882352941124,50,1.4705882352941124,0.0032439446366782183,0.17104799436114276,0.0,22,0,0
mmlu_professional_medicine,dataset,1,1,posterior_mean,272,0.01,0.1,24.99999999999991,1.4705882352941124,82,1.4705882352941124,0.01205465846469328,0.14781974881455828,0.0,36,0,0
mmlu_professional_medicine,dataset,1,1,gaussian_lcb_1.645,272,0.01,0.1,2.941176470588225,1.1029411764705843,16,1.1029411764705843,0.002242727156221905,0.13860854799436062,0.0,5,0,0
mmlu_professional_medicine,dataset,1,2,posterior_mean,272,0.01,0.1,57.35294117647038,1.4705882352941124,179,1.4705882352941124,0.026271946687171827,0.1889097142124823,0.0,85,0,0
mmlu_professional_medicine,dataset,1,2,gaussian_lcb_1.645,272,0.01,0.1,12.499999999999956,1.1029411764705843,41,1.1029411764705843,0.0031237985390233864,0.16580161476355204,0.0,19,0,0
mmlu_professional_medicine,dataset,1,3,posterior_mean,272,0.01,0.1,69.4852941176469,1.8382352941176516,199,1.8382352941176516,0.04497468922209435,0.08994937844418828,0.0,96,0,0
mmlu_professional_medicine,dataset,1,3,gaussian_lcb_1.645,272,0.01,0.1,16.911764705882305,1.8382352941176516,54,1.8382352941176516,0.010693002691272662,0.05590798410867606,0.0,26,0,0
mmlu_professional_medicine,dataset,1,4,posterior_mean,272,0.01,0.1,32.352941176470495,1.8382352941176516,93,1.8382352941176516,0.02046488530052515,0.056508714596949464,0.0,43,0,0
mmlu_professional_medicine,dataset,1,4,gaussian_lcb_1.645,272,0.01,0.1,7.352941176470562,1.1029411764705843,22,1.1029411764705843,0.003804626425733725,0.04121011149557851,0.0,10,0,0
mmlu_professional_medicine,dataset,1,5,posterior_mean,272,0.01,0.1,39.33823529411756,1.8382352941176516,133,1.8382352941176516,0.02426951172625912,0.10829168268614603,0.0,45,0,0
mmlu_professional_medicine,dataset,1,5,gaussian_lcb_1.645,272,0.01,0.1,10.294117647058787,0.7352941176470562,62,0.7352941176470562,0.0028835063437140217,0.08778674868640243,0.0,15,0,0
mmlu_professional_medicine,dataset,1,6,posterior_mean,272,0.01,0.1,44.117647058823415,2.2058823529411797,186,2.2058823529411797,0.023788927335639854,0.3325643983083412,0.0,77,2,1
mmlu_professional_medicine,dataset,1,6,gaussian_lcb_1.645,272,0.01,0.1,8.455882352941146,1.1029411764705843,60,1.1029411764705843,0.006167499679610321,0.31618448032807767,0.0,16,0,0
mmlu_professional_medicine,dataset,1,7,posterior_mean,272,0.01,0.1,45.220588235294024,15.808823529411764,113,15.808823529411764,0.022026784570036474,0.045295078815839274,0.0,37,2,1
mmlu_professional_medicine,dataset,1,7,gaussian_lcb_1.645,272,0.01,0.1,9.55882352941173,1.1029411764705843,47,1.1029411764705843,0.003924772523388649,0.028234332948865938,0.0,14,0,0
mmlu_professional_medicine,dataset,1,8,posterior_mean,272,0.01,0.1,34.55882352941168,1.8382352941176516,94,1.8382352941176516,0.01974400871459696,0.038006215558118624,0.0,39,0,0
mmlu_professional_medicine,dataset,1,8,gaussian_lcb_1.645,272,0.01,0.1,4.779411764705877,1.8382352941176516,18,1.8382352941176516,0.0014017044726386146,0.023508586441112193,0.0,6,0,0
mmlu_professional_medicine,dataset,1,9,posterior_mean,272,0.01,0.1,58.455882352941025,1.8382352941176516,207,1.8382352941176516,0.03392124823785729,0.268526528258362,0.0,77,0,0
mmlu_professional_medicine,dataset,1,9,gaussian_lcb_1.645,272,0.01,0.1,17.64705882352938,1.8382352941176516,63,1.8382352941176516,0.006167499679610512,0.2440567730360116,0.0,22,0,0
mmlu_professional_medicine,dataset,1,10,posterior_mean,272,0.01,0.1,43.74999999999996,1.8382352941176516,125,1.8382352941176516,0.02483019351531467,0.08578431372549002,0.0,47,0,0
mmlu_professional_medicine,dataset,1,10,gaussian_lcb_1.645,272,0.01,0.1,8.088235294117618,0.7352941176470562,41,0.7352941176470562,0.00316384723824168,0.06419806484685352,0.0,16,0,0
mmlu_professional_medicine,dataset,1,11,posterior_mean,272,0.01,0.1,37.499999999999886,1.8382352941176516,165,1.8382352941176516,0.023708829937203316,0.10348583877995582,0.0,46,0,0
mmlu_professional_medicine,dataset,1,11,gaussian_lcb_1.645,272,0.01,0.1,11.7647058823529,1.4705882352941124,67,1.4705882352941124,0.0028835063437139077,0.08402217095988686,0.0,14,0,0
mmlu_professional_medicine,dataset,1,12,posterior_mean,272,0.01,0.1,54.77941176470582,2.2058823529411797,159,2.2058823529411797,0.03283993335896443,0.17657471485326112,0.0,68,1,1
mmlu_professional_medicine,dataset,1,12,gaussian_lcb_1.645,272,0.01,0.1,8.088235294117618,1.4705882352941124,41,1.4705882352941124,0.006127450980392261,0.15082340125592691,0.0,14,0,0
mmlu_professional_medicine,dataset,1,13,posterior_mean,272,0.01,0.1,85.66176470588213,1.8382352941176516,206,1.8382352941176516,0.03484236831987685,0.06812283737024197,0.0,102,0,0
mmlu_professional_medicine,dataset,1,13,gaussian_lcb_1.645,272,0.01,0.1,11.7647058823529,1.4705882352941124,32,1.4705882352941124,0.006367743175701555,0.041370306292451385,0.0,15,0,0
mmlu_professional_medicine,dataset,1,14,posterior_mean,272,0.01,0.1,47.058823529411654,1.4705882352941124,165,1.4705882352941124,0.022427271562219707,0.22391227732923197,0.0,72,0,0
mmlu_professional_medicine,dataset,1,14,gaussian_lcb_1.645,272,0.01,0.1,12.867647058823495,1.1029411764705954,67,1.1029411764705954,0.0038046264257337193,0.20633089837242047,0.0,24,0,0
mmlu_professional_medicine,dataset,1,15,posterior_mean,272,0.01,0.1,64.70588235294102,1.8382352941176516,186,1.8382352941176516,0.030437011405869928,0.08129885941304646,0.0,72,0,0
mmlu_professional_medicine,dataset,1,15,gaussian_lcb_1.645,272,0.01,0.1,6.9852941176470456,1.8382352941176516,32,1.8382352941176516,0.0031237985390233235,0.05746988337818755,0.0,10,0,0
mmlu_professional_medicine,dataset,1,16,posterior_mean,272,0.01,0.1,60.66176470588219,1.8382352941176516,151,1.8382352941176516,0.024509803921568016,0.046336344995513847,0.0,68,0,0
mmlu_professional_medicine,dataset,1,16,gaussian_lcb_1.645,272,0.01,0.1,9.191176470588204,0.7352941176470562,37,0.7352941176470562,0.0024429706523133167,0.025070485710624136,0.0,14,0,0
mmlu_professional_medicine,dataset,1,17,posterior_mean,272,0.01,0.1,70.95588235294098,1.8382352941176516,158,1.8382352941176516,0.026752531077790766,0.06912405485069845,0.0,72,0,0
mmlu_professional_medicine,dataset,1,17,gaussian_lcb_1.645,272,0.01,0.1,6.985294117647034,1.4705882352941124,28,1.4705882352941124,0.0012415096757658263,0.045214981417403495,0.0,9,0,0
mmlu_professional_medicine,dataset,1,18,posterior_mean,272,0.01,0.1,71.69117647058803,2.2058823529411797,175,2.2058823529411797,0.0274333589645007,0.04449410483147487,0.0,84,2,1
mmlu_professional_medicine,dataset,1,18,gaussian_lcb_1.645,272,0.01,0.1,10.661764705882316,1.1029411764705843,31,1.1029411764705843,0.003524285531205755,0.022106881968473404,0.0,15,0,0
mmlu_professional_medicine,dataset,1,19,posterior_mean,272,0.01,0.1,59.19117647058807,2.2058823529411797,164,2.2058823529411797,0.02458990132000565,0.07689350249903915,0.0,74,1,1
mmlu_professional_medicine,dataset,1,19,gaussian_lcb_1.645,272,0.01,0.1,8.455882352941158,1.1029411764705954,28,1.1029411764705954,0.0026031654491862084,0.05666890939382268,0.0,10,0,0
mmlu_professional_medicine,default,1,0,posterior_mean,272,0.01,0.1,81.98529411764687,1.8382352941176516,263,1.8382352941176516,0.21778482634883958,0.4942409970524137,0.0,112,0,0
mmlu_professional_medicine,default,1,0,gaussian_lcb_1.645,272,0.01,0.1,22.05882352941172,1.4705882352941124,96,1.4705882352941124,0.0755318467256179,0.43973471741637565,0.0,40,0,0
mmlu_professional_medicine,default,1,1,posterior_mean,272,0.01,0.1,99.63235294117631,2.573529411764708,272,2.573529411764708,0.18790849673202575,0.298963539664231,0.0,115,3,1
mmlu_professional_medicine,default,1,1,gaussian_lcb_1.645,272,0.01,0.1,22.79411764705874,1.4705882352941124,84,1.4705882352941124,0.15394719979495006,0.27990035883634407,0.0,30,0,0
mmlu_professional_medicine,default,1,2,posterior_mean,272,0.01,0.1,90.4411764705881,2.573529411764708,230,2.2058823529411797,0.13640586953735623,0.454032103037291,0.0,103,1,1
mmlu_professional_medicine,default,1,2,gaussian_lcb_1.645,272,0.01,0.1,26.102941176470505,1.8382352941176516,88,1.8382352941176516,0.007248814558502992,0.3879917980263987,0.0,35,0,0
mmlu_professional_medicine,default,1,3,posterior_mean,272,0.01,0.1,113.23529411764693,11.397058823529417,274,11.397058823529417,0.19091214917339452,0.3082548378828649,0.0,121,1,1
mmlu_professional_medicine,default,1,3,gaussian_lcb_1.645,272,0.01,0.1,20.58823529411764,1.4705882352941235,65,1.4705882352941235,0.08101851851851842,0.27333237216455153,0.0,28,0,0
mmlu_professional_medicine,default,1,4,posterior_mean,272,0.01,0.1,99.6323529411765,9.926470588235304,388,9.926470588235304,0.15118383954889106,0.6337706651287935,0.0,154,6,1
mmlu_professional_medicine,default,1,4,gaussian_lcb_1.645,272,0.01,0.1,20.588235294117652,1.4705882352941124,126,1.4705882352941124,0.036163975394079007,0.6230776624375206,0.0,41,0,0
mmlu_professional_medicine,default,1,5,posterior_mean,272,0.01,0.1,63.60294117647042,1.8382352941176516,226,1.8382352941176516,0.12090702293989483,0.4013280148660765,0.0,84,0,0
mmlu_professional_medicine,default,1,5,gaussian_lcb_1.645,272,0.01,0.1,14.338235294117595,1.4705882352941124,65,1.4705882352941124,0.0840622196591052,0.38234493143662596,0.0,18,0,0
mmlu_professional_medicine,default,1,6,posterior_mean,272,0.01,0.1,95.95588235294099,11.029411764705877,182,11.029411764705877,0.10016179674484156,0.38923330770216635,0.0,86,1,1
mmlu_professional_medicine,default,1,6,gaussian_lcb_1.645,272,0.01,0.1,15.80882352941173,1.8382352941176516,38,1.8382352941176516,0.017541330257593434,0.35459118287838076,0.0,18,0,0
mmlu_professional_medicine,default,1,7,posterior_mean,272,0.01,0.1,104.04411764705857,1.8382352941176516,255,1.8382352941176516,0.12651384083044892,0.2162629757785457,0.0,118,0,0
mmlu_professional_medicine,default,1,7,gaussian_lcb_1.645,272,0.01,0.1,30.514705882352867,1.8382352941176516,80,1.8382352941176516,0.08974913494809657,0.2098551839036262,0.0,34,0,0
mmlu_professional_medicine,default,1,8,posterior_mean,272,0.01,0.1,68.74999999999986,2.573529411764708,203,2.573529411764708,0.07633282070998311,0.20729206715365817,0.0,74,2,1
mmlu_professional_medicine,default,1,8,gaussian_lcb_1.645,272,0.01,0.1,18.749999999999932,1.1029411764705843,76,1.1029411764705843,0.03067730360117889,0.16195693963859992,0.0,27,0,0
mmlu_professional_medicine,default,1,9,posterior_mean,272,0.01,0.1,61.764705882352764,1.8382352941176516,219,1.8382352941176516,0.14185249263103905,0.35266884531590276,0.0,88,0,0
mmlu_professional_medicine,default,1,9,gaussian_lcb_1.645,272,0.01,0.1,17.64705882352935,1.1029411764705843,77,1.1029411764705843,0.07893598615916914,0.2996043188517223,0.0,30,0,0
mmlu_professional_medicine,default,1,10,posterior_mean,272,0.01,0.1,52.94117647058813,1.8382352941176516,262,1.4705882352941235,0.12034634115083925,0.43152473407663644,0.0,85,0,0
mmlu_professional_medicine,default,1,10,gaussian_lcb_1.645,272,0.01,0.1,11.76470588235291,1.1029411764705954,130,0.7352941176470562,0.038086312956555075,0.4116605792643848,0.0,27,0,0
mmlu_professional_medicine,default,1,11,posterior_mean,272,0.01,0.1,95.58823529411768,2.573529411764708,226,2.573529411764708,0.21826541073945888,0.35379020889401436,0.0,91,3,1
mmlu_professional_medicine,default,1,11,gaussian_lcb_1.645,272,0.01,0.1,16.54411764705881,1.8382352941176516,52,1.8382352941176516,0.1535467128027678,0.30505094194540483,0.0,15,0,0
mmlu_professional_medicine,default,1,12,posterior_mean,272,0.01,0.1,79.4117647058823,2.2058823529411797,284,2.2058823529411797,0.12955754197103603,0.5101803793412747,0.0,108,1,1
mmlu_professional_medicine,default,1,12,gaussian_lcb_1.645,272,0.01,0.1,23.529411764705856,1.4705882352941235,104,1.4705882352941235,0.013416314238113385,0.4858307702165791,0.0,37,0,0
mmlu_professional_medicine,default,1,13,posterior_mean,272,0.01,0.1,106.25000000000017,2.2058823529411797,238,2.2058823529411797,0.21726419325900295,0.3925973984364985,0.0,113,2,1
mmlu_professional_medicine,default,1,13,gaussian_lcb_1.645,272,0.01,0.1,34.19117647058827,1.8382352941176516,83,1.8382352941176516,0.14001025246699983,0.3745354350890677,0.0,36,0,0
mmlu_professional_medicine,default,1,14,posterior_mean,272,0.01,0.1,64.33823529411751,1.8382352941176516,259,1.8382352941176516,0.22687588107138246,0.5687315775983578,0.0,104,0,0
mmlu_professional_medicine,default,1,14,gaussian_lcb_1.645,272,0.01,0.1,14.705882352941124,1.1029411764705843,77,1.1029411764705843,0.09339356657695705,0.5765410739459158,0.0,26,0,0
mmlu_professional_medicine,default,1,15,posterior_mean,272,0.01,0.1,76.47058823529389,1.8382352941176516,316,1.8382352941176516,0.04729751377675296,0.4226739715494021,0.0,121,0,0
mmlu_professional_medicine,default,1,15,gaussian_lcb_1.645,272,0.01,0.1,19.48529411764699,1.4705882352941124,123,1.4705882352941124,0.03444188132769439,0.41138023836985516,0.0,32,0,0
mmlu_professional_medicine,default,1,16,posterior_mean,272,0.01,0.1,88.2352941176468,1.8382352941176516,207,1.8382352941176516,0.09311322568242963,0.32703767781622345,0.0,94,0,0
mmlu_professional_medicine,default,1,16,gaussian_lcb_1.645,272,0.01,0.1,16.91176470588229,1.4705882352941124,52,1.4705882352941124,0.07004517493271789,0.3048907471485316,0.0,24,0,0
mmlu_professional_medicine,default,1,17,posterior_mean,272,0.01,0.1,113.23529411764717,1.8382352941176516,348,1.8382352941176516,0.1130975265923367,0.5227957195950264,0.0,139,0,0
mmlu_professional_medicine,default,1,17,gaussian_lcb_1.645,272,0.01,0.1,32.35294117647065,1.1029411764705954,140,1.1029411764705954,0.04769800076893547,0.46180155068563267,0.0,48,0,0
mmlu_professional_medicine,default,1,18,posterior_mean,272,0.01,0.1,72.79411764705873,1.8382352941176516,193,1.8382352941176516,0.19051166218121138,0.392236960143533,0.0,89,0,0
mmlu_professional_medicine,default,1,18,gaussian_lcb_1.645,272,0.01,0.1,26.470588235294066,1.1029411764705954,96,1.1029411764705954,0.029716134819941037,0.3631215558118663,0.0,41,0,0
mmlu_professional_medicine,default,1,19,posterior_mean,272,0.01,0.1,95.95588235294098,12.132352941176471,235,12.132352941176471,0.20328719723183364,0.2901928745354345,0.0,102,1,1
mmlu_professional_medicine,default,1,19,gaussian_lcb_1.645,272,0.01,0.1,15.441176470588204,1.8382352941176516,70,1.8382352941176516,0.18979078559528306,0.27685665769575685,0.0,22,0,0
mmlu_professional_psychology,dataset,1,0,posterior_mean,612,0.01,0.1,137.25490196078476,2.450980392156865,300,2.450980392156865,0.08368101537395443,0.18106363016440358,0.0,143,2,1
mmlu_professional_psychology,dataset,1,0,gaussian_lcb_1.645,612,0.01,0.1,20.42483660130715,1.6339869281045805,99,1.1437908496732097,0.040701344686991124,0.15267948541475806,0.0,45,0,0
mmlu_professional_psychology,dataset,1,1,posterior_mean,612,0.01,0.1,128.59477124183044,2.1241830065359513,267,2.1241830065359513,0.05668918095762549,0.19474940787256606,0.0,128,9,1
mmlu_professional_psychology,dataset,1,1,gaussian_lcb_1.645,612,0.01,0.1,28.431372549019706,1.4705882352941235,93,1.4705882352941235,0.005885675499926167,0.1463349803731701,0.0,44,0,0
mmlu_professional_psychology,dataset,1,2,posterior_mean,612,0.01,0.1,108.33333333333405,1.9607843137254943,350,1.9607843137254943,0.046460446520252704,0.2682095996633134,0.0,155,0,0
mmlu_professional_psychology,dataset,1,2,gaussian_lcb_1.645,612,0.01,0.1,35.62091503268007,1.4705882352941235,151,1.4705882352941235,0.010212912729039238,0.2551962445593097,0.0,62,0,0
mmlu_professional_psychology,dataset,1,3,posterior_mean,612,0.01,0.1,158.0065359477132,11.274509803921562,406,11.274509803921562,0.08598307393642576,0.48841613624389413,0.0,194,1,1
mmlu_professional_psychology,dataset,1,3,gaussian_lcb_1.645,612,0.01,0.1,32.35294117647084,1.6339869281045805,102,1.6339869281045805,0.023471504312206744,0.45711288630678537,0.0,49,0,0
mmlu_professional_psychology,dataset,1,4,posterior_mean,612,0.01,0.1,151.63398692810506,1.9607843137254943,251,1.9607843137254943,0.055985114936800195,0.07206788145743244,0.0,124,0,0
mmlu_professional_psychology,dataset,1,4,gaussian_lcb_1.645,612,0.01,0.1,24.183006535947783,1.6339869281045805,57,1.6339869281045805,0.010244556145705385,0.02709467552049471,0.0,27,0,0
mmlu_professional_psychology,dataset,1,5,posterior_mean,612,0.01,0.1,140.52287581699397,2.287581699346408,263,2.287581699346408,0.06791468301998499,0.10101369685290468,0.0,130,3,1
mmlu_professional_psychology,dataset,1,5,gaussian_lcb_1.645,612,0.01,0.1,17.973856209150462,1.4705882352941235,53,1.4705882352941235,0.003362113020791474,0.049996598332708385,0.0,26,0,0
mmlu_professional_psychology,dataset,1,6,posterior_mean,612,0.01,0.1,108.49673202614424,1.9607843137254943,199,1.9607843137254943,0.04196708135364235,0.18130886664356685,0.0,99,0,0
mmlu_professional_psychology,dataset,1,6,gaussian_lcb_1.645,612,0.01,0.1,28.594771241830173,1.6339869281045805,56,1.6339869281045805,0.00565626072909585,0.16255223141463424,0.0,27,0,0
mmlu_professional_psychology,dataset,1,7,posterior_mean,612,0.01,0.1,136.76470588235375,1.6339869281045805,370,1.6339869281045805,0.0588013790200993,0.42748673745298943,0.32679738562091387,172,0,0
mmlu_professional_psychology,dataset,1,7,gaussian_lcb_1.645,612,0.01,0.1,37.581699346405465,1.4705882352941235,147,1.4705882352941235,0.015576471853972134,0.3986516740158493,0.32679738562091387,63,0,0
mmlu_professional_psychology,dataset,1,8,posterior_mean,612,0.01,0.1,168.79084967320347,2.287581699346408,426,2.287581699346408,0.09292880389467119,0.25718186895511785,0.0,192,2,1
mmlu_professional_psychology,dataset,1,8,gaussian_lcb_1.645,612,0.01,0.1,24.509803921568775,1.3071895424836666,92,1.3071895424836666,0.010458149208202684,0.2150170162473121,0.0,35,0,0
mmlu_professional_psychology,dataset,1,9,posterior_mean,612,0.01,0.1,163.5620915032685,2.450980392156865,381,2.450980392156865,0.07452024624906921,0.2628855948092142,0.0,180,1,1
mmlu_professional_psychology,dataset,1,9,gaussian_lcb_1.645,612,0.01,0.1,32.18954248366028,1.6339869281045805,80,1.6339869281045805,0.009833191729043653,0.21519896589314322,0.0,37,0,0
mmlu_professional_psychology,dataset,1,10,posterior_mean,612,0.01,0.1,153.75816993464127,12.254901960784315,412,11.764705882352933,0.09356958308216584,0.376256045870298,0.0,182,10,1
mmlu_professional_psychology,dataset,1,10,gaussian_lcb_1.645,612,0.01,0.1,23.202614379085105,1.3071895424836666,131,1.3071895424836666,0.0690696677283044,0.3597065389538371,0.0,54,0,0
mmlu_professional_psychology,dataset,1,11,posterior_mean,612,0.01,0.1,141.0130718954256,1.9607843137254943,398,1.9607843137254943,0.05882511158259883,0.3417409891415615,0.0,187,0,0
mmlu_professional_psychology,dataset,1,11,gaussian_lcb_1.645,612,0.01,0.1,35.62091503267997,1.4705882352941235,128,1.4705882352941235,0.011320432312358774,0.28900723526722005,0.0,61,0,0
mmlu_professional_psychology,dataset,1,12,posterior_mean,612,0.01,0.1,179.90196078431472,11.9281045751634,359,11.601307189542476,0.054703556561816066,0.15925340522717557,0.0,178,6,1
mmlu_professional_psychology,dataset,1,12,gaussian_lcb_1.645,612,0.01,0.1,25.653594771241984,1.3071895424836666,83,1.3071895424836666,0.016984603895621404,0.12900229889422088,0.0,40,0,0
mmlu_professional_psychology,dataset,1,13,posterior_mean,612,0.01,0.1,124.18300653594865,2.1241830065359513,404,1.6339869281045805,0.07489205639489697,0.4811381504106511,0.32679738562091387,170,0,0
mmlu_professional_psychology,dataset,1,13,gaussian_lcb_1.645,612,0.01,0.1,29.901960784314042,1.4705882352941235,150,1.4705882352941235,0.008179823208230916,0.45883745251509667,0.32679738562091387,58,0,0
mmlu_professional_psychology,dataset,1,14,posterior_mean,612,0.01,0.1,149.01960784313783,2.450980392156865,308,2.450980392156865,0.036421572582877926,0.18862640674764158,0.0,153,9,1
mmlu_professional_psychology,dataset,1,14,gaussian_lcb_1.645,612,0.01,0.1,33.82352941176487,1.1437908496732097,94,1.1437908496732097,0.008725672145723961,0.17710029222695226,0.0,46,0,0
mmlu_professional_psychology,dataset,1,15,posterior_mean,612,0.01,0.1,133.823529411765,2.450980392156865,233,2.450980392156865,0.050028241749374536,0.08081728616565649,0.0,114,8,1
mmlu_professional_psychology,dataset,1,15,gaussian_lcb_1.645,612,0.01,0.1,25.163398692810556,1.6339869281045805,60,1.6339869281045805,0.039063797874512404,0.039063797874512404,0.0,29,0,0
mmlu_professional_psychology,dataset,1,16,posterior_mean,612,0.01,0.1,125.49019607843226,2.450980392156865,378,2.450980392156865,0.042908472999464195,0.29891953553793027,0.0,151,4,1
mmlu_professional_psychology,dataset,1,16,gaussian_lcb_1.645,612,0.01,0.1,34.47712418300687,1.6339869281045805,122,1.6339869281045805,0.005577152187430455,0.2682333322258134,0.0,51,0,0
mmlu_professional_psychology,dataset,1,17,posterior_mean,612,0.01,0.1,125.6535947712429,2.777777777777779,367,2.777777777777779,0.04805052820773372,0.3580294378705246,0.0,177,2,1
mmlu_professional_psychology,dataset,1,17,gaussian_lcb_1.645,612,0.01,0.1,27.614379084967588,1.4705882352941235,132,1.4705882352941235,0.007815923916569082,0.32141800478764804,0.0,59,0,0
mmlu_professional_psychology,dataset,1,18,posterior_mean,612,0.01,0.1,174.34640522875884,2.450980392156865,398,2.450980392156865,0.07992335964483453,0.21532553955980835,0.0,189,2,1
mmlu_professional_psychology,dataset,1,18,gaussian_lcb_1.645,612,0.01,0.1,21.732026143790918,1.7973856209150374,68,1.7973856209150374,0.006716315187415748,0.17052637241453436,0.0,29,0,0
mmlu_professional_psychology,dataset,1,19,posterior_mean,612,0.01,0.1,104.41176470588289,1.6339869281045805,305,1.6339869281045805,0.03125578481210931,0.25154142993435535,0.0,139,0,0
mmlu_professional_psychology,dataset,1,19,gaussian_lcb_1.645,612,0.01,0.1,9.640522875817103,0.8169934640522958,73,0.8169934640522958,0.010442327499869534,0.23539537658039042,0.0,25,0,0
mmlu_professional_psychology,default,1,0,posterior_mean,612,0.01,0.1,192.97385620915136,2.450980392156865,405,2.1241830065359513,0.1536683421855794,0.37949158522442233,0.0,197,8,1
mmlu_professional_psychology,default,1,0,gaussian_lcb_1.645,612,0.01,0.1,27.124183006536096,1.6339869281045805,97,1.6339869281045805,0.048082171624399685,0.32879092087088996,0.0,41,0,0
mmlu_professional_psychology,default,1,1,posterior_mean,612,0.01,0.1,124.50980392156903,2.287581699346408,342,2.287581699346408,0.16433217360211363,0.26254542808005277,0.0,146,2,1
mmlu_professional_psychology,default,1,1,gaussian_lcb_1.645,612,0.01,0.1,19.117647058823785,1.4705882352941235,118,1.4705882352941235,0.01601947968730017,0.21145713187235696,0.0,52,0,0
mmlu_professional_psychology,default,1,2,posterior_mean,612,0.01,0.1,159.3137254901969,1.9607843137254943,379,1.9607843137254943,0.07963856889483878,0.45956525109842217,0.32679738562091387,177,0,0
mmlu_professional_psychology,default,1,2,gaussian_lcb_1.645,612,0.01,0.1,31.535947712418455,1.6339869281045805,94,1.6339869281045805,0.015465719895640292,0.4067049235574157,0.32679738562091387,43,0,0
mmlu_professional_psychology,default,1,3,posterior_mean,612,0.01,0.1,159.15032679738638,2.450980392156865,382,2.450980392156865,0.16890464731038982,0.23540328743455888,0.0,186,2,1
mmlu_professional_psychology,default,1,3,gaussian_lcb_1.645,612,0.01,0.1,21.405228758170136,1.4705882352941235,93,1.4705882352941235,0.007151412166577391,0.20547652612243159,0.0,44,0,0
mmlu_professional_psychology,default,1,4,posterior_mean,612,0.01,0.1,170.26143790849756,2.1241830065359513,443,1.7973856209150374,0.08069071249899236,0.2947346936838162,0.0,198,0,0
mmlu_professional_psychology,default,1,4,gaussian_lcb_1.645,612,0.01,0.1,21.56862745098055,1.3071895424836666,95,1.3071895424836666,0.0381461387911901,0.27595432589238356,0.0,42,0,0
mmlu_professional_psychology,default,1,5,posterior_mean,612,0.01,0.1,175.00000000000063,2.450980392156865,535,2.450980392156865,0.1673699416020762,0.4145366691823193,0.0,250,3,1
mmlu_professional_psychology,default,1,5,gaussian_lcb_1.645,612,0.01,0.1,50.00000000000051,1.3071895424836666,203,1.1437908496732097,0.09930495235292641,0.3620956169121407,0.0,95,0,0
mmlu_professional_psychology,default,1,6,posterior_mean,612,0.01,0.1,188.56209150326856,2.450980392156865,364,2.450980392156865,0.13839248278993813,0.24653385924691987,0.0,181,13,1
mmlu_professional_psychology,default,1,6,gaussian_lcb_1.645,612,0.01,0.1,18.137254901960908,1.4705882352941235,55,1.4705882352941235,0.048580555436892735,0.19951174208083947,0.0,26,0,0
mmlu_professional_psychology,default,1,7,posterior_mean,612,0.01,0.1,162.09150326797425,2.287581699346408,256,2.287581699346408,0.09143365245719078,0.09396512579049246,0.0,127,10,1
mmlu_professional_psychology,default,1,7,gaussian_lcb_1.645,612,0.01,0.1,25.49019607843144,1.7973856209150374,41,1.7973856209150374,0.046096547228590315,0.09126752451969253,0.0,20,0,0
mmlu_professional_psychology,default,1,8,posterior_mean,612,0.01,0.1,171.24183006536035,2.450980392156865,386,2.450980392156865,0.06591323691584407,0.27408736430907454,0.0,182,14,1
mmlu_professional_psychology,default,1,8,gaussian_lcb_1.645,612,0.01,0.1,15.35947712418313,1.1437908496732097,82,1.1437908496732097,0.008860156666555985,0.23538746572622363,0.0,36,0,0
mmlu_professional_psychology,default,1,9,posterior_mean,612,0.01,0.1,201.470588235295,12.091503267973858,445,12.091503267973858,0.09485905231131399,0.48178684045230985,0.32679738562091387,216,3,1
mmlu_professional_psychology,default,1,9,gaussian_lcb_1.645,612,0.01,0.1,29.084967320261647,1.4705882352941235,90,1.4705882352941235,0.025805206291344543,0.4149084793281465,0.32679738562091387,41,0,0
mmlu_professional_psychology,default,1,10,posterior_mean,612,0.01,0.1,231.37254901960898,2.1241830065359513,465,2.1241830065359513,0.12809255066506603,0.4112853081198592,0.0,224,9,1
mmlu_professional_psychology,default,1,10,gaussian_lcb_1.645,612,0.01,0.1,51.960784313725725,1.6339869281045805,138,1.6339869281045805,0.053342889645166966,0.3398186515790856,0.0,66,0,0
mmlu_professional_psychology,default,1,11,posterior_mean,612,0.01,0.1,190.35947712418374,2.450980392156865,431,2.450980392156865,0.14319437126904455,0.23416919418457377,0.0,206,15,1
mmlu_professional_psychology,default,1,11,gaussian_lcb_1.645,612,0.01,0.1,19.607843137255077,1.6339869281045805,75,1.6339869281045805,0.012776029479007361,0.1808025719769065,0.0,29,0,0
mmlu_professional_psychology,default,1,12,posterior_mean,612,0.01,0.1,165.84967320261526,2.450980392156865,393,2.450980392156865,0.19174328328926976,0.29238516999634473,0.0,186,1,1
mmlu_professional_psychology,default,1,12,gaussian_lcb_1.645,612,0.01,0.1,28.431372549019716,1.6339869281045805,81,1.6339869281045805,0.03561466545788844,0.22349745191387263,0.0,34,0,0
mmlu_professional_psychology,default,1,13,posterior_mean,612,0.01,0.1,221.4052287581706,2.450980392156865,372,2.450980392156865,0.19963831574750576,0.19963831574750576,0.0,184,5,1
mmlu_professional_psychology,default,1,13,gaussian_lcb_1.645,612,0.01,0.1,60.13071895424861,1.9607843137254943,93,1.9607843137254943,0.0542289053118226,0.0542289053118226,0.0,46,0,0
mmlu_professional_psychology,default,1,14,posterior_mean,612,0.01,0.1,174.50980392156907,2.287581699346408,275,1.9607843137254943,0.08807945029056644,0.14557553837318135,0.0,136,0,0
mmlu_professional_psychology,default,1,14,gaussian_lcb_1.645,612,0.01,0.1,21.732026143790872,1.4705882352941235,42,1.4705882352941235,0.08758897733223932,0.12320364279012733,0.0,21,0,0
mmlu_professional_psychology,default,1,15,posterior_mean,612,0.01,0.1,193.46405228758218,2.450980392156865,447,2.450980392156865,0.2828684124339637,0.37355053374533065,0.0,217,6,1
mmlu_professional_psychology,default,1,15,gaussian_lcb_1.645,612,0.01,0.1,43.79084967320266,1.4705882352941235,127,1.4705882352941235,0.009334807916550017,0.2995682255795892,0.0,60,0,0
mmlu_professional_psychology,default,1,16,posterior_mean,612,0.01,0.1,137.58169934640577,2.450980392156865,319,2.450980392156865,0.07987589451983551,0.16888882560205595,0.0,152,1,1
mmlu_professional_psychology,default,1,16,gaussian_lcb_1.645,612,0.01,0.1,19.11764705882364,1.1437908496732097,72,1.1437908496732097,0.05061364495770134,0.16358064245628892,0.0,35,0,0
mmlu_professional_psychology,default,1,17,posterior_mean,612,0.01,0.1,144.11764705882422,2.1241830065359513,377,1.9607843137254943,0.13128853574835983,0.2593652647050922,0.0,178,0,0
mmlu_professional_psychology,default,1,17,gaussian_lcb_1.645,612,0.01,0.1,30.392156862745246,1.7973856209150374,118,1.7973856209150374,0.021557077603897506,0.23347303901791555,0.0,44,0,0
mmlu_professional_psychology,default,1,18,posterior_mean,612,0.01,0.1,159.64052287581777,2.777777777777779,418,2.777777777777779,0.23565643476788728,0.30806448295448186,0.0,195,1,1
mmlu_professional_psychology,default,1,18,gaussian_lcb_1.645,612,0.01,0.1,37.745098039215854,1.7973856209150374,137,1.7973856209150374,0.05628572739513013,0.24306890512196141,0.0,62,0,0
mmlu_professional_psychology,default,1,19,posterior_mean,612,0.01,0.1,150.81699346405313,2.287581699346408,385,2.287581699346408,0.11791128135269281,0.20875161974739026,0.0,186,2,1
mmlu_professional_psychology,default,1,19,gaussian_lcb_1.645,612,0.01,0.1,29.08496732026178,1.4705882352941235,118,1.4705882352941235,0.06376148458253679,0.177503745789448,0.0,55,0,0
mmlu_public_relations,dataset,1,0,posterior_mean,110,0.01,0.1,232.72727272727272,17.272727272727273,120,14.54545454545454,2.850321395775953,4.6016528925619955,2.7272727272727226,54,41,1
mmlu_public_relations,dataset,1,0,gaussian_lcb_1.645,110,0.01,0.1,27.272727272727295,7.272727272727275,26,4.545454545454552,2.581205999387825,5.057851239669428,2.7272727272727226,10,7,1
mmlu_public_relations,dataset,1,1,posterior_mean,110,0.01,0.1,178.1818181818183,12.727272727272732,94,12.727272727272732,2.0564432200795832,4.283318028772578,2.7272727272727226,37,28,1
mmlu_public_relations,dataset,1,1,gaussian_lcb_1.645,110,0.01,0.1,36.36363636363639,6.363636363636371,24,5.454545454545445,1.786593204775026,5.496173859810223,4.545454545454541,11,8,1
mmlu_public_relations,dataset,1,2,posterior_mean,110,0.01,0.1,85.45454545454544,16.36363636363636,47,16.36363636363636,0.5218243036424879,1.8414447505356586,0.9090909090909038,20,12,1
mmlu_public_relations,dataset,1,2,gaussian_lcb_1.645,110,0.01,0.1,12.727272727272732,6.36363636363636,10,6.36363636363636,0.023752678298133222,1.8228344046525866,1.8181818181818188,4,2,1
mmlu_public_relations,dataset,1,3,posterior_mean,110,0.01,0.1,68.18181818181816,10.909090909090901,48,6.36363636363636,4.305111723293539,7.148454239363343,3.6363636363636376,21,12,1
mmlu_public_relations,dataset,1,3,gaussian_lcb_1.645,110,0.01,0.1,18.181818181818166,6.36363636363636,13,6.36363636363636,3.068992959902042,6.573492500765236,6.36363636363636,6,3,1
mmlu_public_relations,dataset,1,4,posterior_mean,110,0.01,0.1,156.3636363636364,13.636363636363635,110,8.18181818181819,5.3181512090603045,6.587817569635756,2.7272727272727226,48,30,1
mmlu_public_relations,dataset,1,4,gaussian_lcb_1.645,110,0.01,0.1,39.090909090909086,13.636363636363635,24,12.72727272727272,2.3598408325681066,3.609427609427611,1.8181818181818188,10,7,1
mmlu_public_relations,dataset,1,5,posterior_mean,110,0.01,0.1,191.81818181818176,16.36363636363636,94,16.36363636363636,0.5357820630547886,3.038873584328132,1.8181818181818188,47,28,1
mmlu_public_relations,dataset,1,5,gaussian_lcb_1.645,110,0.01,0.1,44.54545454545452,9.090909090909083,29,7.2727272727272645,0.5078665442301783,3.027119681665135,1.8181818181818188,14,8,1
mmlu_public_relations,dataset,1,6,posterior_mean,110,0.01,0.1,94.5454545454546,15.454545454545453,56,14.54545454545455,3.009488827670649,5.145883073155788,0.9090909090909038,21,15,1
mmlu_public_relations,dataset,1,6,gaussian_lcb_1.645,110,0.01,0.1,25.454545454545475,14.54545454545455,18,14.54545454545455,3.60428527701255,7.3563513927150135,0.9090909090909038,5,3,1
mmlu_public_relations,dataset,1,7,posterior_mean,110,0.01,0.1,118.18181818181823,8.18181818181818,73,8.18181818181818,1.8000612182430373,4.451913070094882,4.545454545454541,35,24,1
mmlu_public_relations,dataset,1,7,gaussian_lcb_1.645,110,0.01,0.1,16.36363636363638,4.545454545454552,11,4.545454545454552,0.878849097030917,3.606121824303638,7.272727272727275,6,3,1
mmlu_public_relations,dataset,1,8,posterior_mean,110,0.01,0.1,81.81818181818184,9.090909090909093,63,7.272727272727275,0.9905111723293534,2.268380777471682,0.9090909090909038,30,13,1
mmlu_public_relations,dataset,1,8,gaussian_lcb_1.645,110,0.01,0.1,33.63636363636363,9.090909090909093,32,7.272727272727275,0.9552494643403734,2.233853688399141,0.9090909090909038,15,6,1
mmlu_public_relations,dataset,1,9,posterior_mean,110,0.01,0.1,153.6363636363637,13.636363636363635,77,10.909090909090914,1.7763085399449028,2.537985919804097,6.36363636363636,38,31,1
mmlu_public_relations,dataset,1,9,gaussian_lcb_1.645,110,0.01,0.1,19.090909090909104,8.18181818181819,10,5.454545454545457,1.467523722069177,2.3766146311600846,0.9090909090909038,5,4,1
mmlu_public_relations,dataset,1,10,posterior_mean,110,0.01,0.1,215.45454545454538,16.36363636363636,106,16.36363636363636,1.8365472910927427,3.6547291092745584,2.7272727272727226,51,34,1
mmlu_public_relations,dataset,1,10,gaussian_lcb_1.645,110,0.01,0.1,42.727272727272734,8.18181818181818,27,7.272727272727275,0.46966636057545047,2.2878481787572675,2.7272727272727226,12,7,1
mmlu_public_relations,dataset,1,11,posterior_mean,110,0.01,0.1,90.00000000000001,9.999999999999998,76,7.272727272727275,3.681175390266301,6.39706152433426,3.6363636363636376,36,14,1
mmlu_public_relations,dataset,1,11,gaussian_lcb_1.645,110,0.01,0.1,35.45454545454545,9.999999999999998,16,9.999999999999998,0.5979797979797998,3.7316192225283102,3.6363636363636376,8,3,1
mmlu_public_relations,dataset,1,12,posterior_mean,110,0.01,0.1,60.909090909090935,16.36363636363637,34,16.36363636363637,0.19467401285583227,2.5357820630547887,1.8181818181818188,14,8,1
mmlu_public_relations,dataset,1,12,gaussian_lcb_1.645,110,0.01,0.1,20.000000000000007,16.36363636363637,10,16.36363636363637,0.12757881848791072,2.4701561065197413,1.8181818181818188,4,1,1
mmlu_public_relations,dataset,1,13,posterior_mean,110,0.01,0.1,121.81818181818178,19.090909090909093,65,19.090909090909093,4.732415059687782,6.130639730639724,3.6363636363636376,28,19,1
mmlu_public_relations,dataset,1,13,gaussian_lcb_1.645,110,0.01,0.1,49.09090909090907,8.18181818181818,23,8.18181818181818,4.521334557698188,6.2929905111723246,8.18181818181818,11,8,1
mmlu_public_relations,dataset,1,14,posterior_mean,110,0.01,0.1,36.36363636363635,6.36363636363636,45,5.454545454545457,0.8719926538108302,4.183287419651052,0.9090909090909038,19,5,1
mmlu_public_relations,dataset,1,14,gaussian_lcb_1.645,110,0.01,0.1,5.454545454545457,2.7272727272727226,11,1.8181818181818188,0.7987756351392669,4.1122742577288,0.9090909090909038,5,0,0
mmlu_public_relations,dataset,1,15,posterior_mean,110,0.01,0.1,183.63636363636354,19.090909090909093,110,16.36363636363636,2.111539638812374,3.894214876033057,3.6363636363636376,48,26,1
mmlu_public_relations,dataset,1,15,gaussian_lcb_1.645,110,0.01,0.1,29.090909090909058,7.272727272727275,27,7.272727272727275,1.4190388735843256,3.237220691766143,4.545454545454541,13,4,1
mmlu_public_relations,dataset,1,16,posterior_mean,110,0.01,0.1,94.5454545454546,11.818181818181817,63,11.818181818181817,2.7146617692072277,5.919069482705844,1.8181818181818188,29,17,1
mmlu_public_relations,dataset,1,16,gaussian_lcb_1.645,110,0.01,0.1,16.36363636363638,6.363636363636371,17,6.363636363636371,1.1599632690541786,5.746923783287419,2.7272727272727226,7,2,1
mmlu_public_relations,dataset,1,17,posterior_mean,110,0.01,0.1,227.27272727272725,18.181818181818176,91,15.454545454545453,2.3297214569941898,3.438016528925623,10.909090909090901,43,34,1
mmlu_public_relations,dataset,1,17,gaussian_lcb_1.645,110,0.01,0.1,46.36363636363635,9.090909090909083,21,9.090909090909083,0.4552188552188563,2.273400673400674,3.6363636363636376,11,8,1
mmlu_public_relations,dataset,1,18,posterior_mean,110,0.01,0.1,190.0,10.000000000000009,102,10.000000000000009,1.9460055096418738,6.178634833180291,0.9090909090909038,49,35,1
mmlu_public_relations,dataset,1,18,gaussian_lcb_1.645,110,0.01,0.1,20.000000000000018,7.272727272727275,16,6.36363636363636,2.0466483011937546,7.2492194674012955,0.9090909090909038,6,5,1
mmlu_public_relations,dataset,1,19,posterior_mean,110,0.01,0.1,431.81818181818164,14.54545454545454,204,11.818181818181817,3.390021426385054,7.374227119681669,1.8181818181818188,95,73,1
mmlu_public_relations,dataset,1,19,gaussian_lcb_1.645,110,0.01,0.1,62.727272727272755,10.909090909090914,33,10.909090909090914,0.4635445362718062,4.660789715335171,1.8181818181818188,13,9,1
mmlu_public_relations,default,1,0,posterior_mean,110,0.01,0.1,95.45454545454551,8.18181818181819,60,8.18181818181819,1.2339149066421795,5.203060912151823,1.8181818181818188,27,16,1
mmlu_public_relations,default,1,0,gaussian_lcb_1.645,110,0.01,0.1,30.000000000000004,7.272727272727275,30,7.272727272727275,1.2025711662075318,5.171717171717174,1.8181818181818188,11,6,1
mmlu_public_relations,default,1,1,posterior_mean,110,0.01,0.1,162.72727272727283,13.636363636363635,79,13.636363636363635,2.1277012549739838,3.443893480257118,5.454545454545457,40,30,1
mmlu_public_relations,default,1,1,gaussian_lcb_1.645,110,0.01,0.1,31.818181818181834,9.090909090909083,23,6.36363636363636,2.49843893480257,3.9642485460667296,5.454545454545457,12,6,1
mmlu_public_relations,default,1,2,posterior_mean,110,0.01,0.1,167.27272727272728,12.727272727272732,81,11.818181818181817,1.4513621059075636,3.014018977655342,0.9090909090909038,37,26,1
mmlu_public_relations,default,1,2,gaussian_lcb_1.645,110,0.01,0.1,75.45454545454547,12.727272727272732,37,10.909090909090914,1.3722681359045033,2.934925007652282,0.9090909090909038,15,11,1
mmlu_public_relations,default,1,3,posterior_mean,110,0.01,0.1,5.454545454545457,2.7272727272727337,6,2.7272727272727337,0.04138353229262324,2.7287419651055917,2.7272727272727226,3,1,1
mmlu_public_relations,default,1,3,gaussian_lcb_1.645,110,0.01,0.1,0.0,0.0,0,0.0,0.0,2.7272727272727173,2.7272727272727226,0,0,0
mmlu_public_relations,default,1,4,posterior_mean,110,0.01,0.1,39.99999999999998,7.272727272727275,27,7.272727272727275,2.244750535659627,4.062932353841446,4.545454545454541,13,7,1
mmlu_public_relations,default,1,4,gaussian_lcb_1.645,110,0.01,0.1,19.999999999999996,7.272727272727275,14,7.272727272727275,2.2408325681052954,4.059014386287114,3.6363636363636376,6,3,1
mmlu_public_relations,default,1,5,posterior_mean,110,0.01,0.1,88.18181818181823,11.818181818181817,57,11.818181818181817,1.5309458218549123,4.627609427609418,2.7272727272727226,26,10,1
mmlu_public_relations,default,1,5,gaussian_lcb_1.645,110,0.01,0.1,43.636363636363654,11.818181818181817,22,9.999999999999998,1.0544230180593803,1.9635139271502824,2.7272727272727226,11,4,1
mmlu_public_relations,default,1,6,posterior_mean,110,0.01,0.1,151.81818181818184,10.909090909090901,72,10.909090909090901,5.44132231404959,8.425099479644931,0.9090909090909038,31,25,1
mmlu_public_relations,default,1,6,gaussian_lcb_1.645,110,0.01,0.1,36.36363636363639,9.090909090909083,22,8.18181818181819,4.140312213039485,5.904621977349253,0.9090909090909038,11,7,1
mmlu_public_relations,default,1,7,posterior_mean,110,0.01,0.1,47.2727272727273,9.090909090909093,26,8.18181818181818,0.14374043464952477,2.8812978267523737,1.8181818181818188,13,6,1
mmlu_public_relations,default,1,7,gaussian_lcb_1.645,110,0.01,0.1,18.181818181818198,5.454545454545457,15,4.545454545454541,0.12513008876645343,2.8631772268135935,1.8181818181818188,8,3,1
mmlu_public_relations,default,1,8,posterior_mean,110,0.01,0.1,171.8181818181819,14.54545454545454,98,10.909090909090901,1.8590756045301498,4.290296908478726,2.7272727272727226,43,28,1
mmlu_public_relations,default,1,8,gaussian_lcb_1.645,110,0.01,0.1,43.636363636363654,9.090909090909093,27,9.090909090909093,0.8308539944903598,4.443342516069784,0.0,10,8,1
mmlu_public_relations,default,1,9,posterior_mean,110,0.01,0.1,13.636363636363635,5.454545454545457,9,3.6363636363636376,2.2459749005203546,4.064156718702179,5.454545454545457,5,3,1
mmlu_public_relations,default,1,9,gaussian_lcb_1.645,110,0.01,0.1,4.545454545454552,3.6363636363636376,3,3.6363636363636376,2.2467095194367923,4.064891337618617,5.454545454545457,2,1,1
mmlu_public_relations,default,1,10,posterior_mean,110,0.01,0.1,157.27272727272737,19.090909090909093,61,19.090909090909093,1.3509641873278277,2.26005509641873,0.9090909090909038,27,19,1
mmlu_public_relations,default,1,10,gaussian_lcb_1.645,110,0.01,0.1,60.00000000000004,19.090909090909093,21,19.090909090909093,0.8401591674318954,1.749250076522797,0.9090909090909038,9,9,1
mmlu_public_relations,default,1,11,posterior_mean,110,0.01,0.1,81.81818181818178,10.909090909090914,55,5.454545454545457,2.1215794306703426,4.535659626568716,9.090909090909093,27,18,1
mmlu_public_relations,default,1,11,gaussian_lcb_1.645,110,0.01,0.1,35.45454545454544,7.272727272727275,23,7.272727272727275,1.5884909703091505,4.489868380777472,1.8181818181818188,11,7,1
mmlu_public_relations,default,1,12,posterior_mean,110,0.01,0.1,78.18181818181822,10.909090909090914,40,7.272727272727275,2.751392715029076,4.157086011631463,4.545454545454541,19,16,1
mmlu_public_relations,default,1,12,gaussian_lcb_1.645,110,0.01,0.1,31.818181818181834,7.272727272727275,21,4.545454545454552,2.593449647995099,3.99963269054178,4.545454545454541,10,8,1
mmlu_public_relations,default,1,13,posterior_mean,110,0.01,0.1,105.45454545454547,9.090909090909093,60,9.090909090909093,2.54618916437098,7.150658096112659,5.454545454545457,26,22,1
mmlu_public_relations,default,1,13,gaussian_lcb_1.645,110,0.01,0.1,17.272727272727284,4.545454545454552,17,3.6363636363636376,0.5142332415059683,6.249280685644333,5.454545454545457,7,4,1
mmlu_public_relations,default,1,14,posterior_mean,110,0.01,0.1,88.1818181818182,10.909090909090914,62,9.090909090909093,1.635996326905418,6.994184266911541,6.36363636363636,28,18,1
mmlu_public_relations,default,1,14,gaussian_lcb_1.645,110,0.01,0.1,26.363636363636356,6.36363636363636,14,6.36363636363636,1.8767064585246407,7.995224977043161,6.36363636363636,7,6,1
mmlu_public_relations,default,1,15,posterior_mean,110,0.01,0.1,219.09090909090895,14.54545454545454,100,11.818181818181817,6.101499846954398,10.376737067646147,10.909090909090901,46,35,1
mmlu_public_relations,default,1,15,gaussian_lcb_1.645,110,0.01,0.1,24.545454545454547,9.090909090909083,26,6.36363636363636,2.9448423630241827,9.153596571778397,7.272727272727275,9,3,1
mmlu_public_relations,default,1,16,posterior_mean,110,0.01,0.1,124.54545454545452,13.636363636363635,70,9.999999999999998,2.6529537802265106,4.471135598408328,3.6363636363636376,35,22,1
mmlu_public_relations,default,1,16,gaussian_lcb_1.645,110,0.01,0.1,46.363636363636374,7.272727272727275,24,7.272727272727275,1.192776247321702,3.010958065503521,3.6363636363636376,12,9,1
mmlu_public_relations,default,1,17,posterior_mean,110,0.01,0.1,50.00000000000002,10.909090909090914,26,10.909090909090914,0.5039485766758497,5.255341291704923,0.9090909090909038,11,8,1
mmlu_public_relations,default,1,17,gaussian_lcb_1.645,110,0.01,0.1,28.181818181818173,9.999999999999998,13,9.999999999999998,2.1112947658402224,3.4360575451484627,0.9090909090909038,5,4,1
mmlu_public_relations,default,1,18,posterior_mean,110,0.01,0.1,124.54545454545452,15.454545454545453,70,11.818181818181817,6.866727884909707,8.39620446893175,3.6363636363636376,29,16,1
mmlu_public_relations,default,1,18,gaussian_lcb_1.645,110,0.01,0.1,65.45454545454544,15.454545454545453,40,10.909090909090901,4.321763085399449,6.216590143862877,3.6363636363636376,15,7,1
mmlu_public_relations,default,1,19,posterior_mean,110,0.01,0.1,104.54545454545455,17.272727272727273,48,16.36363636363636,2.1152127333945536,5.072421181512091,3.6363636363636376,21,13,1
mmlu_public_relations,default,1,19,gaussian_lcb_1.645,110,0.01,0.1,18.18181818181821,7.272727272727275,17,7.272727272727275,1.7714110805019931,5.098132843587391,3.6363636363636376,8,2,1
mmlu_security_studies,dataset,1,0,posterior_mean,245,0.01,0.1,131.83673469387747,17.551020408163264,120,17.551020408163264,0.41577737671032056,0.41577737671032056,0.0,56,26,1
mmlu_security_studies,dataset,1,0,gaussian_lcb_1.645,245,0.01,0.1,19.591836734693857,3.2653061224489743,43,2.0408163265306034,0.33936477085165023,0.33936477085165023,0.0,17,5,1
mmlu_security_studies,dataset,1,1,posterior_mean,245,0.01,0.1,168.1632653061223,15.51020408163265,189,15.51020408163265,0.4622148178999468,1.7205300260693777,0.8163265306122436,77,14,1
mmlu_security_studies,dataset,1,1,gaussian_lcb_1.645,245,0.01,0.1,48.979591836734656,6.122448979591832,92,6.122448979591832,0.41206287503663525,1.6786215620034808,0.8163265306122436,35,4,1
mmlu_security_studies,dataset,1,2,posterior_mean,245,0.01,0.1,93.87755102040795,9.795918367346946,150,9.795918367346946,0.6142625757786093,1.7110771746340203,0.0,70,9,1
mmlu_security_studies,dataset,1,2,gaussian_lcb_1.645,245,0.01,0.1,22.857142857142744,1.6326530612244872,51,1.6326530612244872,0.38097706202662357,1.675240254832086,0.0,23,0,0
mmlu_security_studies,dataset,1,3,posterior_mean,245,0.01,0.1,98.36734693877533,9.795918367346934,110,9.795918367346934,0.34094435960324954,0.8700819103151429,0.0,50,25,1
mmlu_security_studies,dataset,1,3,gaussian_lcb_1.645,245,0.01,0.1,6.530612244897938,1.224489795918371,20,1.2244897959183598,0.10519073842688971,0.8493991700988759,0.0,8,0,0
mmlu_security_studies,dataset,1,4,posterior_mean,245,0.01,0.1,105.71428571428534,7.346938775510203,156,7.346938775510203,0.044080398599348675,0.6095484905980514,0.0,70,20,1
mmlu_security_studies,dataset,1,4,gaussian_lcb_1.645,245,0.01,0.1,18.775510204081534,2.4489795918367308,50,2.4489795918367308,0.0049362148487512355,0.5724775170839294,0.0,19,3,1
mmlu_security_studies,dataset,1,5,posterior_mean,245,0.01,0.1,99.99999999999977,6.938775510204087,127,6.938775510204087,0.33630431764542484,1.0694186064448423,0.0,60,12,1
mmlu_security_studies,dataset,1,5,gaussian_lcb_1.645,245,0.01,0.1,8.979591836734658,2.0408163265306034,15,2.0408163265306034,0.24498434294352578,1.0692705199993793,0.0,6,2,1
mmlu_security_studies,dataset,1,6,posterior_mean,245,0.01,0.1,144.08163265306104,8.571428571428562,192,7.346938775510203,0.5853857189134142,1.159652613880016,0.0,83,26,1
mmlu_security_studies,dataset,1,6,gaussian_lcb_1.645,245,0.01,0.1,34.693877551020314,3.2653061224489743,78,2.857142857142847,0.5356286732380009,1.1105866382834277,0.0,31,5,1
mmlu_security_studies,dataset,1,7,posterior_mean,245,0.01,0.1,180.408163265306,18.775510204081634,181,18.775510204081634,0.12138152313079381,1.4367223533404239,0.0,83,30,1
mmlu_security_studies,dataset,1,7,gaussian_lcb_1.645,245,0.01,0.1,29.79591836734685,2.4489795918367308,59,2.0408163265306145,0.04521572801456173,1.3714655930399322,0.0,24,5,1
mmlu_security_studies,dataset,1,8,posterior_mean,245,0.01,0.1,152.24489795918365,9.795918367346946,162,9.795918367346946,0.09788514045073794,1.0950375615098615,0.8163265306122436,72,20,1
mmlu_security_studies,dataset,1,8,gaussian_lcb_1.645,245,0.01,0.1,16.73469387755099,1.6326530612244872,38,1.6326530612244872,0.006565165748839194,1.0500192820892493,0.8163265306122436,16,0,0
mmlu_security_studies,dataset,1,9,posterior_mean,245,0.01,0.1,124.89795918367346,12.244897959183676,124,11.836734693877549,0.25628827494716655,1.5390377466179164,0.0,51,20,1
mmlu_security_studies,dataset,1,9,gaussian_lcb_1.645,245,0.01,0.1,24.489795918367385,6.938775510204087,48,6.938775510204087,0.19572091875298875,1.5208231138260249,0.0,16,3,1
mmlu_security_studies,dataset,1,10,posterior_mean,245,0.01,0.1,87.75510204081615,11.020408163265305,74,11.020408163265305,0.03672543847470954,0.03672543847470954,0.0,37,21,1
mmlu_security_studies,dataset,1,10,gaussian_lcb_1.645,245,0.01,0.1,6.122448979591811,2.857142857142847,8,2.857142857142847,0.004393231215388459,0.004393231215388459,0.0,4,1,1
mmlu_security_studies,dataset,1,11,posterior_mean,245,0.01,0.1,133.87755102040822,13.061224489795919,170,11.83673469387756,0.3524951023493284,1.7691394017924582,0.0,68,14,1
mmlu_security_studies,dataset,1,11,gaussian_lcb_1.645,245,0.01,0.1,13.469387755102058,3.2653061224489743,44,2.0408163265306145,0.31626328535949344,1.7540345843552791,0.0,15,1,1
mmlu_security_studies,dataset,1,12,posterior_mean,245,0.01,0.1,116.32653061224478,10.204081632653061,88,10.204081632653061,0.09049315871473229,0.4704336156231184,0.0,44,14,1
mmlu_security_studies,dataset,1,12,gaussian_lcb_1.645,245,0.01,0.1,17.551020408163197,2.0408163265306034,31,2.0408163265306034,0.043401669057645045,0.4262051305783071,0.0,15,1,1
mmlu_security_studies,dataset,1,13,posterior_mean,245,0.01,0.1,105.30612244897948,8.163265306122458,115,8.163265306122458,0.30456445616795413,0.938436145433227,0.0,54,22,1
mmlu_security_studies,dataset,1,13,gaussian_lcb_1.645,245,0.01,0.1,32.65306122448975,2.4489795918367308,46,2.4489795918367308,0.1911796010921368,0.9392753019575145,0.0,21,7,1
mmlu_security_studies,dataset,1,14,posterior_mean,245,0.01,0.1,117.55102040816317,10.204081632653061,127,10.204081632653061,0.6904530519690848,1.0190568744504573,0.0,58,19,1
mmlu_security_studies,dataset,1,14,gaussian_lcb_1.645,245,0.01,0.1,44.48979591836735,10.204081632653061,43,10.204081632653061,0.6458790318848605,0.9748777515541333,0.0,20,6,1
mmlu_security_studies,dataset,1,15,posterior_mean,245,0.01,0.1,75.91836734693864,11.836734693877549,98,10.612244897959188,0.22316627331204503,0.931574806793462,0.0,43,17,1
mmlu_security_studies,dataset,1,15,gaussian_lcb_1.645,245,0.01,0.1,11.836734693877526,2.857142857142847,23,2.857142857142847,0.015993336109953845,0.9196785290079714,0.0,7,3,1
mmlu_security_studies,dataset,1,16,posterior_mean,245,0.01,0.1,112.65306122448959,14.28571428571429,117,13.877551020408163,0.17893778826723464,1.0245484134696925,0.0,51,17,1
mmlu_security_studies,dataset,1,16,gaussian_lcb_1.645,245,0.01,0.1,15.510204081632583,1.6326530612244872,41,1.6326530612244872,0.006219630709426402,0.963339349345177,0.0,16,0,0
mmlu_security_studies,dataset,1,17,posterior_mean,245,0.01,0.1,133.06122448979588,9.387755102040817,240,8.163265306122458,0.508133956530457,1.5507118947352139,0.0,105,15,1
mmlu_security_studies,dataset,1,17,gaussian_lcb_1.645,245,0.01,0.1,31.83673469387752,9.387755102040817,79,8.163265306122458,0.42673577367454824,1.5432582103135992,0.0,30,1,1
mmlu_security_studies,dataset,1,18,posterior_mean,245,0.01,0.1,83.26530612244876,12.244897959183676,161,12.244897959183676,0.4533172906350728,1.6140805528560578,0.0,67,14,1
mmlu_security_studies,dataset,1,18,gaussian_lcb_1.645,245,0.01,0.1,28.979591836734564,2.4489795918367308,75,2.4489795918367308,0.22247520323321995,1.642513150384865,0.0,34,3,1
mmlu_security_studies,dataset,1,19,posterior_mean,245,0.01,0.1,112.2448979591835,9.795918367346934,148,9.387755102040817,0.3056010612861918,1.2813549909759785,0.0,66,13,1
mmlu_security_studies,dataset,1,19,gaussian_lcb_1.645,245,0.01,0.1,11.836734693877526,2.0408163265306034,39,2.0408163265306034,0.06431887947922896,1.2515896154380075,0.0,13,1,1
mmlu_security_studies,default,1,0,posterior_mean,245,0.01,0.1,143.67346938775495,15.102040816326523,178,14.693877551020407,0.2432566677464597,0.9458898298548407,0.0,73,9,1
mmlu_security_studies,default,1,0,gaussian_lcb_1.645,245,0.01,0.1,5.306122448979567,2.0408163265306034,29,1.6326530612244872,0.07488237925555587,0.9278232835084114,0.0,8,0,0
mmlu_security_studies,default,1,1,posterior_mean,245,0.01,0.1,111.42857142857108,10.612244897959178,198,9.795918367346934,0.2477486232588268,1.753676708778744,0.8163265306122436,81,12,1
mmlu_security_studies,default,1,1,gaussian_lcb_1.645,245,0.01,0.1,37.551020408163126,2.4489795918367308,74,2.0408163265306034,0.1656593703240925,1.7571814213213566,0.8163265306122436,34,2,1
mmlu_security_studies,default,1,2,posterior_mean,245,0.01,0.1,151.83673469387733,10.204081632653061,149,9.387755102040817,0.17721011307017182,0.8529285637157343,0.0,68,25,1
mmlu_security_studies,default,1,2,gaussian_lcb_1.645,245,0.01,0.1,24.489795918367285,3.6734693877551017,46,3.6734693877551017,0.11096610979992878,0.6672528421799538,0.0,18,4,1
mmlu_security_studies,default,1,3,posterior_mean,245,0.01,0.1,140.81632653061195,10.612244897959178,166,8.571428571428575,0.8161537630925351,1.3041849846514522,0.0,72,37,1
mmlu_security_studies,default,1,3,gaussian_lcb_1.645,245,0.01,0.1,43.67346938775495,5.306122448979589,63,4.897959183673473,0.882693939253703,1.3707251608126199,0.0,31,10,1
mmlu_security_studies,default,1,4,posterior_mean,245,0.01,0.1,94.28571428571414,7.346938775510203,191,5.3061224489796,0.6814197787958696,1.1058602125657482,0.0,77,20,1
mmlu_security_studies,default,1,4,gaussian_lcb_1.645,245,0.01,0.1,28.163265306122387,2.857142857142847,64,2.4489795918367308,0.5351350517531254,1.075996112730803,0.0,25,7,1
mmlu_security_studies,default,1,5,posterior_mean,245,0.01,0.1,122.44897959183673,10.204081632653061,97,10.204081632653061,0.43236305860212454,1.0845974671047522,0.0,42,18,1
mmlu_security_studies,default,1,5,gaussian_lcb_1.645,245,0.01,0.1,14.693877551020428,10.204081632653061,30,9.795918367346934,0.2631989757354182,1.0712203248646361,0.0,10,1,1
mmlu_security_studies,default,1,6,posterior_mean,245,0.01,0.1,205.71428571428547,12.244897959183664,223,12.244897959183664,0.5398244558594408,1.9738195504959293,0.8163265306122436,105,31,1
mmlu_security_studies,default,1,6,gaussian_lcb_1.645,245,0.01,0.1,51.836734693877496,5.714285714285716,71,4.489795918367346,0.4922887068659667,2.030536659108082,0.8163265306122436,32,8,1
mmlu_security_studies,default,1,7,posterior_mean,245,0.01,0.1,97.14285714285695,2.857142857142858,196,2.4489795918367308,0.31024110324401843,1.5630524318570918,0.8163265306122436,89,13,1
mmlu_security_studies,default,1,7,gaussian_lcb_1.645,245,0.01,0.1,22.04081632653059,2.4489795918367308,48,2.4489795918367308,0.22504203495457042,1.5380751847224101,0.8163265306122436,22,4,1
mmlu_security_studies,default,1,8,posterior_mean,245,0.01,0.1,219.18367346938754,12.244897959183676,237,12.244897959183676,0.308315979453004,1.5113209002421775,0.0,103,28,1
mmlu_security_studies,default,1,8,gaussian_lcb_1.645,245,0.01,0.1,53.061224489795855,11.020408163265305,76,11.020408163265305,0.4499853456121669,1.682262020454435,0.0,29,6,1
mmlu_security_studies,default,1,9,posterior_mean,245,0.01,0.1,143.67346938775486,3.6734693877551017,193,3.6734693877551017,0.8743517361593142,1.1666743795023642,0.0,95,34,1
mmlu_security_studies,default,1,9,gaussian_lcb_1.645,245,0.01,0.1,61.63265306122443,3.6734693877551017,89,3.6734693877551017,1.0584725500177363,1.3513381769941493,0.0,41,16,1
mmlu_security_studies,default,1,10,posterior_mean,245,0.01,0.1,136.3265306122448,11.83673469387756,200,11.83673469387756,0.44386443919971635,1.5119502676353946,0.0,85,11,1
mmlu_security_studies,default,1,10,gaussian_lcb_1.645,245,0.01,0.1,48.97959183673467,6.530612244897959,77,6.530612244897959,0.3724867724867727,1.4411649467043013,0.0,33,4,1
mmlu_security_studies,default,1,11,posterior_mean,245,0.01,0.1,98.36734693877519,8.571428571428562,108,8.571428571428562,0.3084640658984663,0.5745507273204048,0.0,53,26,1
mmlu_security_studies,default,1,11,gaussian_lcb_1.645,245,0.01,0.1,22.04081632653049,2.0408163265306034,41,2.0408163265306034,0.26003979823221623,0.538960618260908,0.0,19,1,1
mmlu_security_studies,default,1,12,posterior_mean,245,0.01,0.1,215.10204081632645,12.244897959183676,218,12.244897959183676,0.7969148657195291,2.0672497570456705,0.0,104,32,1
mmlu_security_studies,default,1,12,gaussian_lcb_1.645,245,0.01,0.1,59.183673469387756,11.836734693877549,81,9.387755102040817,0.5649497894395843,1.976768938868058,0.0,39,9,1
mmlu_security_studies,default,1,13,posterior_mean,245,0.01,0.1,126.93877551020401,11.836734693877549,203,11.836734693877549,0.8429080475727708,2.1544726734231046,0.8163265306122436,82,14,1
mmlu_security_studies,default,1,13,gaussian_lcb_1.645,245,0.01,0.1,26.122448979591837,6.938775510204087,58,6.938775510204087,0.4880435620960404,2.1203634288182323,0.8163265306122436,21,2,1
mmlu_security_studies,default,1,14,posterior_mean,245,0.01,0.1,108.57142857142863,8.571428571428575,206,8.571428571428575,0.6309223008931455,1.72099896648001,0.0,87,14,1
mmlu_security_studies,default,1,14,gaussian_lcb_1.645,245,0.01,0.1,27.755102040816382,2.4489795918367308,75,2.0408163265306145,0.5101331235442018,1.690147623675315,0.0,26,3,1
mmlu_security_studies,default,1,15,posterior_mean,245,0.01,0.1,130.61224489795893,14.28571428571428,182,14.28571428571428,0.4696808428586841,1.4666234747867357,0.0,75,9,1
mmlu_security_studies,default,1,15,gaussian_lcb_1.645,245,0.01,0.1,15.918367346938755,1.6326530612244872,50,1.6326530612244872,0.4418899532602148,1.4433739028491175,0.0,16,0,0
mmlu_security_studies,default,1,16,posterior_mean,245,0.01,0.1,158.3673469387755,14.693877551020407,168,14.693877551020407,1.0488716121369162,1.345402378638526,0.0,76,22,1
mmlu_security_studies,default,1,16,gaussian_lcb_1.645,245,0.01,0.1,58.775510204081606,14.693877551020407,55,14.693877551020407,1.0209819982414718,1.3176608511885441,0.0,25,6,1
mmlu_security_studies,default,1,17,posterior_mean,245,0.01,0.1,94.28571428571412,7.346938775510203,167,7.346938775510203,0.3119564379039591,1.8211054036126866,0.0,77,11,1
mmlu_security_studies,default,1,17,gaussian_lcb_1.645,245,0.01,0.1,20.40816326530611,2.0408163265306145,52,1.6326530612244872,0.24557668872537666,1.6552732657688878,0.0,23,0,0
mmlu_security_studies,default,1,18,posterior_mean,245,0.01,0.1,158.3673469387753,15.510204081632661,119,15.510204081632661,0.62438181621855,1.4942786184768657,0.0,55,29,1
mmlu_security_studies,default,1,18,gaussian_lcb_1.645,245,0.01,0.1,23.67346938775504,3.2653061224489743,41,2.857142857142847,0.3448439693337632,1.4307001712249472,0.0,16,6,1
mmlu_security_studies,default,1,19,posterior_mean,245,0.01,0.1,113.06122448979572,8.163265306122447,165,8.163265306122447,0.33097320560877347,1.241951655945822,0.0,72,20,1
mmlu_security_studies,default,1,19,gaussian_lcb_1.645,245,0.01,0.1,31.42857142857136,3.2653061224489743,57,2.4489795918367308,0.15336819535070223,1.1573449334382249,0.0,22,7,1
mmlu_sociology,dataset,1,0,posterior_mean,201,0.01,0.1,22.885572139303466,6.467661691542292,51,6.467661691542292,0.012834299114342449,0.12581280074659038,0.0,17,2,1
mmlu_sociology,dataset,1,0,gaussian_lcb_1.645,201,0.01,0.1,5.970149253731327,0.9950248756218971,29,0.9950248756218971,0.0034469260478517645,0.11862559324255827,0.0,9,0,0
mmlu_sociology,dataset,1,1,posterior_mean,201,0.01,0.1,30.348258706467725,3.482587064676612,112,3.482587064676612,0.015401158937209582,0.49855751645310925,0.0,36,2,1
mmlu_sociology,dataset,1,1,gaussian_lcb_1.645,201,0.01,0.1,9.452736318407972,0.9950248756218971,52,0.9950248756218971,0.003666942604097902,0.48865677142204644,0.0,15,0,0
mmlu_sociology,dataset,1,2,posterior_mean,201,0.01,0.1,44.27860696517407,4.477611940298509,74,4.477611940298509,0.03454259933059936,0.04306824088512635,0.0,33,6,1
mmlu_sociology,dataset,1,2,gaussian_lcb_1.645,201,0.01,0.1,12.93532338308454,2.487562189054726,25,2.487562189054726,0.02647532560158454,0.03866790976020913,0.0,11,2,1
mmlu_sociology,dataset,1,3,posterior_mean,201,0.01,0.1,97.51243781094529,9.950248756218905,54,9.950248756218905,0.06028453641136449,0.11943232061545905,0.0,25,12,1
mmlu_sociology,dataset,1,3,gaussian_lcb_1.645,201,0.01,0.1,13.432835820895505,5.472636815920396,25,5.472636815920396,0.006967190947785497,0.077042464112091,0.0,11,1,1
mmlu_sociology,dataset,1,4,posterior_mean,201,0.01,0.1,48.75621890547267,5.97014925373135,79,5.97014925373135,0.016794597126767542,0.07827088988446433,0.0,24,4,1
mmlu_sociology,dataset,1,4,gaussian_lcb_1.645,201,0.01,0.1,4.477611940298509,1.4925373134328401,13,1.4925373134328401,0.0006600496687377275,0.0696169053387937,0.0,4,0,0
mmlu_sociology,dataset,1,5,posterior_mean,201,0.01,0.1,38.30845771144277,5.472636815920396,76,5.472636815920396,0.029555557389026852,0.0974673344169148,0.0,33,3,1
mmlu_sociology,dataset,1,5,gaussian_lcb_1.645,201,0.01,0.1,6.467661691542281,0.9950248756218971,28,0.9950248756218971,0.0016867935978849584,0.09160022625035887,0.0,11,0,0
mmlu_sociology,dataset,1,6,posterior_mean,201,0.01,0.1,46.2686567164179,5.472636815920396,82,5.472636815920396,0.037036120301385686,0.07053364098981739,0.0,32,5,1
mmlu_sociology,dataset,1,6,gaussian_lcb_1.645,201,0.01,0.1,5.472636815920429,0.9950248756218971,22,0.9950248756218971,0.016574580570521264,0.06143962333165572,0.0,7,0,0
mmlu_sociology,dataset,1,7,posterior_mean,201,0.01,0.1,66.66666666666663,5.472636815920406,86,5.472636815920406,0.06739840506331442,0.31330357609409976,0.0,37,8,1
mmlu_sociology,dataset,1,7,gaussian_lcb_1.645,201,0.01,0.1,13.93034825870647,1.4925373134328401,35,1.4925373134328401,0.038062864230533476,0.30314614508074933,0.0,14,0,0
mmlu_sociology,dataset,1,8,posterior_mean,201,0.01,0.1,44.27860696517419,5.97014925373135,86,4.975124378109463,0.5088249557445846,0.5506831055703589,0.0,30,7,1
mmlu_sociology,dataset,1,8,gaussian_lcb_1.645,201,0.01,0.1,2.487562189054726,0.995024875621886,20,0.995024875621886,0.008433967989424451,0.5476028737829166,0.0,3,0,0
mmlu_sociology,dataset,1,9,posterior_mean,201,0.01,0.1,52.73631840796027,4.975124378109452,82,4.975124378109452,0.05001709711989212,0.4143461795500093,0.0,33,10,1
mmlu_sociology,dataset,1,9,gaussian_lcb_1.645,201,0.01,0.1,11.442786069651723,0.995024875621886,43,0.995024875621886,0.029555557389027286,0.3967448550503406,0.0,17,0,0
mmlu_sociology,dataset,1,10,posterior_mean,201,0.01,0.1,77.61194029850745,6.965174129353235,103,6.965174129353235,0.03395588851394389,0.3831955021281997,0.0,41,12,1
mmlu_sociology,dataset,1,10,gaussian_lcb_1.645,201,0.01,0.1,4.4776119402984875,0.497512437810943,28,0.497512437810943,0.011367522072702627,0.3669326116790269,0.0,9,0,0
mmlu_sociology,dataset,1,11,posterior_mean,201,0.01,0.1,23.880597014925332,3.9800995024875663,57,3.9800995024875663,0.022588366441241493,0.0607979083759387,0.0,23,1,1
mmlu_sociology,dataset,1,11,gaussian_lcb_1.645,201,0.01,0.1,7.462686567164156,1.9900497512437831,26,1.9900497512437831,0.015694514345537765,0.056892614502574684,0.0,12,0,0
mmlu_sociology,dataset,1,12,posterior_mean,201,0.01,0.1,61.194029850746226,6.965174129353235,72,6.965174129353235,0.022295011032913023,0.022295011032913023,0.0,35,7,1
mmlu_sociology,dataset,1,12,gaussian_lcb_1.645,201,0.01,0.1,1.492537313432829,0.995024875621886,7,0.995024875621886,0.00022001655624574506,0.0009717397900857569,0.0,2,0,0
mmlu_sociology,dataset,1,13,posterior_mean,201,0.01,0.1,35.820895522388,6.467661691542292,77,6.467661691542292,0.037549492265960334,0.06943355820858918,0.0,27,4,1
mmlu_sociology,dataset,1,13,gaussian_lcb_1.645,201,0.01,0.1,16.915422885572095,3.482587064676612,46,3.482587064676612,0.006600496687375574,0.056910949215594975,0.0,17,3,1
mmlu_sociology,dataset,1,14,posterior_mean,201,0.01,0.1,51.24378109452745,5.472636815920406,131,5.472636815920406,0.023101738405815024,0.5510314651177464,0.0,37,6,1
mmlu_sociology,dataset,1,14,gaussian_lcb_1.645,201,0.01,0.1,4.975124378109463,0.995024875621886,55,0.995024875621886,0.003153570639523998,0.5330634463576681,0.0,9,0,0
mmlu_sociology,dataset,1,15,posterior_mean,201,0.01,0.1,37.81094527363189,4.477611940298509,70,4.477611940298509,0.043856633545007344,0.11241012552861224,0.0,22,5,1
mmlu_sociology,dataset,1,15,gaussian_lcb_1.645,201,0.01,0.1,10.44776119402988,1.4925373134328401,30,1.4925373134328401,0.0030802317874418545,0.09730232199973053,0.0,7,0,0
mmlu_sociology,dataset,1,16,posterior_mean,201,0.01,0.1,37.81094527363184,7.462686567164178,55,7.462686567164178,0.01892142383714355,0.2895601227325675,0.0,22,6,1
mmlu_sociology,dataset,1,16,gaussian_lcb_1.645,201,0.01,0.1,4.477611940298498,1.4925373134328401,25,1.4925373134328401,0.002566859822868332,0.2840597088264212,0.0,7,0,0
mmlu_sociology,dataset,1,17,posterior_mean,201,0.01,0.1,77.61194029850756,9.452736318407961,106,8.457711442786076,0.48333970464610654,0.5907994576591867,0.0,38,10,1
mmlu_sociology,dataset,1,17,gaussian_lcb_1.645,201,0.01,0.1,12.437810945273654,1.4925373134328401,38,1.4925373134328401,0.011880894037276416,0.5759116706865502,0.0,12,0,0
mmlu_sociology,dataset,1,18,posterior_mean,201,0.01,0.1,48.7562189054726,2.985074626865669,83,2.985074626865669,0.026988697566158407,0.034524264617579056,0.0,40,3,1
mmlu_sociology,dataset,1,18,gaussian_lcb_1.645,201,0.01,0.1,7.96019900497511,1.4925373134328401,19,1.4925373134328401,0.0030068929353600136,0.016262890449172975,0.0,8,0,0
mmlu_sociology,dataset,1,19,posterior_mean,201,0.01,0.1,51.74129353233832,5.472636815920396,81,5.472636815920396,0.0187747461329788,0.05951447846450328,0.0,33,10,1
mmlu_sociology,dataset,1,19,gaussian_lcb_1.645,201,0.01,0.1,10.945273631840813,1.9900497512437831,29,1.9900497512437831,0.006013785870720104,0.05232727096047296,0.0,9,0,0
mmlu_sociology,default,1,0,posterior_mean,201,0.01,0.1,35.82089552238812,6.467661691542292,90,5.97014925373135,0.6304941113485435,0.9813288449955816,0.995024875621886,35,2,1
mmlu_sociology,default,1,0,gaussian_lcb_1.645,201,0.01,0.1,16.41791044776122,2.985074626865669,46,2.487562189054726,0.2827579442019681,0.8028954178801925,0.995024875621886,20,1,1
mmlu_sociology,default,1,1,posterior_mean,201,0.01,0.1,92.53731343283576,7.960199004975122,107,7.960199004975122,0.43882302143236424,0.6374796370093523,0.0,43,14,1
mmlu_sociology,default,1,1,gaussian_lcb_1.645,201,0.01,0.1,14.427860696517392,4.975124378109452,29,3.482587064676612,0.04946705572927735,0.6072640299515892,0.0,9,2,1
mmlu_sociology,default,1,2,posterior_mean,201,0.01,0.1,101.99004975124389,19.402985074626866,93,17.910447761194025,1.427320739218961,1.9649861985447739,0.0,45,14,1
mmlu_sociology,default,1,2,gaussian_lcb_1.645,201,0.01,0.1,23.383084577114456,4.975124378109463,31,4.975124378109463,1.4045856950735551,1.9611725782365117,0.0,14,4,1
mmlu_sociology,default,1,3,posterior_mean,201,0.01,0.1,111.94029850746281,7.9601990049751326,136,7.9601990049751326,1.5069667325799645,1.7555671064247618,0.0,60,14,1
mmlu_sociology,default,1,3,gaussian_lcb_1.645,201,0.01,0.1,29.353233830845827,4.975124378109452,48,4.975124378109452,1.404145661961066,1.6986561572091654,0.0,20,2,1
mmlu_sociology,default,1,4,posterior_mean,201,0.01,0.1,80.59701492537312,8.955223880597018,96,8.955223880597018,1.152373382763719,1.1542985276308702,0.0,47,7,1
mmlu_sociology,default,1,4,gaussian_lcb_1.645,201,0.01,0.1,13.432835820895528,2.9850746268656803,18,2.487562189054726,0.7786385925540906,1.1473313366830853,0.0,8,2,1
mmlu_sociology,default,1,5,posterior_mean,201,0.01,0.1,56.21890547263689,7.462686567164189,98,6.965174129353235,0.891873780168631,1.6278474955240458,0.497512437810943,37,7,1
mmlu_sociology,default,1,5,gaussian_lcb_1.645,201,0.01,0.1,13.930348258706516,2.487562189054726,42,2.487562189054726,0.4723022074077787,1.6323211655010461,0.497512437810943,14,1,1
mmlu_sociology,default,1,6,posterior_mean,201,0.01,0.1,83.58208955223888,16.91542288557214,94,16.91542288557214,1.5433061337865661,2.0819433329024664,0.497512437810943,40,13,1
mmlu_sociology,default,1,6,gaussian_lcb_1.645,201,0.01,0.1,16.41791044776122,4.975124378109463,33,4.477611940298509,1.430657656988687,1.9848426927459595,0.497512437810943,13,3,1
mmlu_sociology,default,1,7,posterior_mean,201,0.01,0.1,73.63184079601987,6.467661691542292,105,6.467661691542292,0.1112917080343629,0.12504274279972905,0.497512437810943,42,10,1
mmlu_sociology,default,1,7,gaussian_lcb_1.645,201,0.01,0.1,2.985074626865658,0.497512437810943,17,0.497512437810943,0.09867742547626662,0.1137485595791079,0.497512437810943,6,0,0
mmlu_sociology,default,1,8,posterior_mean,201,0.01,0.1,45.27363184079605,5.472636815920396,96,5.472636815920396,0.29152193702575924,0.727558082079005,0.0,38,3,1
mmlu_sociology,default,1,8,gaussian_lcb_1.645,201,0.01,0.1,10.447761194029859,1.9900497512437831,41,1.9900497512437831,0.23527103747890268,0.7161905600063032,0.0,15,0,0
mmlu_sociology,default,1,9,posterior_mean,201,0.01,0.1,64.67661691542294,4.975124378109452,80,4.477611940298509,0.45565428798516705,0.70033103324358,0.0,37,12,1
mmlu_sociology,default,1,9,gaussian_lcb_1.645,201,0.01,0.1,11.442786069651746,1.4925373134328401,24,1.4925373134328401,0.42426525929409276,0.6692353599608335,0.0,11,0,0
mmlu_sociology,default,1,10,posterior_mean,201,0.01,0.1,23.880597014925453,6.467661691542292,61,5.97014925373135,0.12262256068102333,0.833899417597835,0.0,21,2,1
mmlu_sociology,default,1,10,gaussian_lcb_1.645,201,0.01,0.1,3.9800995024875996,0.995024875621886,25,0.995024875621886,0.11000827812292847,0.8338260787457538,0.0,7,0,0
mmlu_sociology,default,1,11,posterior_mean,201,0.01,0.1,75.12437810945278,7.462686567164178,101,6.965174129353235,0.7618439954273234,1.2726491001781204,0.497512437810943,42,13,1
mmlu_sociology,default,1,11,gaussian_lcb_1.645,201,0.01,0.1,17.91044776119405,2.985074626865669,38,2.487562189054726,0.5356669756065817,1.2576146355013187,0.497512437810943,15,3,1
mmlu_sociology,default,1,12,posterior_mean,201,0.01,0.1,55.72139303482599,6.965174129353235,90,5.970149253731338,0.4849898288179552,1.1833223783423041,0.0,34,8,1
mmlu_sociology,default,1,12,gaussian_lcb_1.645,201,0.01,0.1,16.41791044776123,3.4825870646766233,38,2.487562189054726,0.4735489678931701,1.1737149887195675,0.0,15,1,1
mmlu_sociology,default,1,13,posterior_mean,201,0.01,0.1,67.16417910447767,6.467661691542292,104,5.472636815920406,0.17315302976548724,0.6121960677540934,0.0,38,9,1
mmlu_sociology,default,1,13,gaussian_lcb_1.645,201,0.01,0.1,29.35323383084575,4.477611940298509,58,3.9800995024875663,0.13347671078915277,0.5794869397255445,0.0,23,2,1
mmlu_sociology,default,1,14,posterior_mean,201,0.01,0.1,129.3532338308458,8.457711442786076,102,7.9601990049751326,1.013212910938211,1.5956517394600598,0.497512437810943,46,21,1
mmlu_sociology,default,1,14,gaussian_lcb_1.645,201,0.01,0.1,43.781094527363216,5.97014925373135,36,5.97014925373135,1.0474621548604839,1.6305610330510703,0.497512437810943,16,9,1
mmlu_sociology,default,1,15,posterior_mean,201,0.01,0.1,61.691542288557386,5.97014925373135,127,3.4825870646766233,1.8792714151739989,1.9174992918217169,0.497512437810943,52,4,1
mmlu_sociology,default,1,15,gaussian_lcb_1.645,201,0.01,0.1,11.940298507462742,3.4825870646766233,30,3.4825870646766233,0.2915952758778439,1.8304460744004376,0.497512437810943,11,1,1
mmlu_sociology,default,1,16,posterior_mean,201,0.01,0.1,69.65174129353244,9.452736318407961,82,9.452736318407961,0.2851781263206723,0.9837856965403302,0.497512437810943,36,10,1
mmlu_sociology,default,1,16,gaussian_lcb_1.645,201,0.01,0.1,6.965174129353269,0.9950248756218971,27,0.9950248756218971,0.021891647346462748,1.0289624294228126,0.497512437810943,8,0,0
mmlu_sociology,default,1,17,posterior_mean,201,0.01,0.1,41.293532338308445,4.975124378109452,55,4.975124378109452,0.44524017098953333,0.4460652330754553,0.0,25,5,1
mmlu_sociology,default,1,17,gaussian_lcb_1.645,201,0.01,0.1,10.447761194029837,2.487562189054726,21,2.487562189054726,0.432405871875192,0.4343310167423433,0.0,8,1,1
mmlu_sociology,default,1,18,posterior_mean,201,0.01,0.1,25.373134328358184,5.472636815920396,75,5.472636815920396,0.3231309822730808,0.6394781207285811,0.0,19,2,1
mmlu_sociology,default,1,18,gaussian_lcb_1.645,201,0.01,0.1,5.970149253731327,1.4925373134328401,27,1.4925373134328401,0.0022001655624585875,0.6313375081474848,0.0,6,0,0
mmlu_sociology,default,1,19,posterior_mean,201,0.01,0.1,92.0398009950249,6.467661691542292,127,6.467661691542292,0.15606507723039628,0.6577394948969897,0.995024875621886,49,14,1
mmlu_sociology,default,1,19,gaussian_lcb_1.645,201,0.01,0.1,16.417910447761187,3.9800995024875663,38,3.9800995024875663,0.05984450329887339,0.5923212388398867,0.995024875621886,14,2,1
mmlu_us_foreign_policy,dataset,1,0,posterior_mean,100,0.01,0.1,28.999999999999858,2.9999999999999916,53,2.9999999999999916,0.09185185185185198,0.5362962962962958,0.0,18,9,1
mmlu_us_foreign_policy,dataset,1,0,gaussian_lcb_1.645,100,0.01,0.1,3.9999999999999925,2.0000000000000018,13,2.0000000000000018,0.0684444444444445,0.5288888888888885,0.0,3,1,1
mmlu_us_foreign_policy,dataset,1,1,posterior_mean,100,0.01,0.1,49.99999999999984,10.999999999999998,45,10.999999999999998,0.09481481481481616,0.5754074074074085,0.0,22,10,1
mmlu_us_foreign_policy,dataset,1,1,gaussian_lcb_1.645,100,0.01,0.1,0.9999999999999898,0.9999999999999898,3,0.9999999999999898,0.00029629629629630686,0.5839999999999999,0.0,1,0,0
mmlu_us_foreign_policy,dataset,1,2,posterior_mean,100,0.01,0.1,31.99999999999996,5.999999999999995,53,5.999999999999995,0.019555555555555364,0.4945185185185159,0.0,14,4,1
mmlu_us_foreign_policy,dataset,1,2,gaussian_lcb_1.645,100,0.01,0.1,5.999999999999995,5.000000000000004,27,5.000000000000004,0.01362962962962955,0.4974814814814789,0.0,2,1,1
mmlu_us_foreign_policy,dataset,1,3,posterior_mean,100,0.01,0.1,27.999999999999957,4.999999999999993,62,4.999999999999993,0.06933333333333329,0.7146666666666646,0.0,11,7,1
mmlu_us_foreign_policy,dataset,1,3,gaussian_lcb_1.645,100,0.01,0.1,3.0000000000000027,1.0000000000000009,22,1.0000000000000009,0.030814814814814837,0.7054814814814795,0.0,3,0,0
mmlu_us_foreign_policy,dataset,1,4,posterior_mean,100,0.01,0.1,37.99999999999992,8.000000000000007,34,8.000000000000007,0.15940740740740794,0.7241481481481482,0.0,14,10,1
mmlu_us_foreign_policy,dataset,1,4,gaussian_lcb_1.645,100,0.01,0.1,16.99999999999996,8.000000000000007,20,8.000000000000007,0.14192592592592593,0.7137777777777773,0.0,7,4,1
mmlu_us_foreign_policy,dataset,1,5,posterior_mean,100,0.01,0.1,22.999999999999865,3.9999999999999925,33,3.9999999999999925,0.02074074074074044,0.30074074074074036,0.0,14,6,1
mmlu_us_foreign_policy,dataset,1,5,gaussian_lcb_1.645,100,0.01,0.1,13.999999999999957,8.999999999999996,13,8.999999999999996,0.007111111111111035,0.2924444444444442,0.0,5,2,1
mmlu_us_foreign_policy,dataset,1,6,posterior_mean,100,0.01,0.1,30.99999999999986,8.000000000000007,47,8.000000000000007,0.020148148148148522,0.26844444444444443,0.0,17,4,1
mmlu_us_foreign_policy,dataset,1,6,gaussian_lcb_1.645,100,0.01,0.1,5.99999999999995,1.0000000000000009,21,1.0000000000000009,0.005925925925925858,0.2702222222222218,0.0,6,0,0
mmlu_us_foreign_policy,dataset,1,7,posterior_mean,100,0.01,0.1,25.99999999999998,6.000000000000005,47,6.000000000000005,0.08770370370370377,0.8521481481481462,0.0,18,4,1
mmlu_us_foreign_policy,dataset,1,7,gaussian_lcb_1.645,100,0.01,0.1,14.999999999999968,6.000000000000005,25,6.000000000000005,0.01955555555555568,0.8580740740740724,0.0,10,1,1
mmlu_us_foreign_policy,dataset,1,8,posterior_mean,100,0.01,0.1,50.999999999999865,6.999999999999995,51,6.999999999999995,0.03555555555555579,0.3715555555555554,0.0,24,13,1
mmlu_us_foreign_policy,dataset,1,8,gaussian_lcb_1.645,100,0.01,0.1,14.999999999999968,4.0000000000000036,19,4.0000000000000036,0.006222222222222293,0.34637037037037016,0.0,8,3,1
mmlu_us_foreign_policy,dataset,1,9,posterior_mean,100,0.01,0.1,43.99999999999984,4.999999999999993,45,4.999999999999993,0.02933333333333265,0.3321481481481468,0.0,20,12,1
mmlu_us_foreign_policy,dataset,1,9,gaussian_lcb_1.645,100,0.01,0.1,3.9999999999999813,1.9999999999999907,7,1.9999999999999907,0.001777777777777697,0.3211851851851845,0.0,2,2,1
mmlu_us_foreign_policy,dataset,1,10,posterior_mean,100,0.01,0.1,30.999999999999883,6.999999999999995,48,6.999999999999995,0.13511111111111046,0.4731851851851843,0.0,17,7,1
mmlu_us_foreign_policy,dataset,1,10,gaussian_lcb_1.645,100,0.01,0.1,12.99999999999999,6.999999999999995,14,6.999999999999995,0.1229629629629626,0.46311111111111053,0.0,3,2,1
mmlu_us_foreign_policy,dataset,1,11,posterior_mean,100,0.01,0.1,36.99999999999983,8.000000000000007,55,8.000000000000007,0.09837037037037023,0.39288888888888857,0.0,22,9,1
mmlu_us_foreign_policy,dataset,1,11,gaussian_lcb_1.645,100,0.01,0.1,23.999999999999964,9.999999999999998,19,9.999999999999998,0.09600000000000017,0.3964444444444444,0.0,7,3,1
mmlu_us_foreign_policy,dataset,1,12,posterior_mean,100,0.01,0.1,30.99999999999984,2.9999999999999916,54,2.9999999999999916,0.01777777777777786,0.34725925925925893,0.0,22,7,1
mmlu_us_foreign_policy,dataset,1,12,gaussian_lcb_1.645,100,0.01,0.1,6.999999999999984,5.000000000000004,12,5.000000000000004,0.002370370370370298,0.33748148148148105,0.0,3,1,1
mmlu_us_foreign_policy,dataset,1,13,posterior_mean,100,0.01,0.1,52.999999999999844,9.999999999999998,59,9.999999999999998,0.2634074074074071,0.8471111111111103,0.0,27,15,1
mmlu_us_foreign_policy,dataset,1,13,gaussian_lcb_1.645,100,0.01,0.1,10.999999999999988,3.0000000000000027,15,3.0000000000000027,0.198814814814815,0.8539259259259252,0.0,6,4,1
mmlu_us_foreign_policy,dataset,1,14,posterior_mean,100,0.01,0.1,55.99999999999977,5.999999999999995,64,5.999999999999995,0.026666666666666387,0.21481481481481426,0.0,28,17,1
mmlu_us_foreign_policy,dataset,1,14,gaussian_lcb_1.645,100,0.01,0.1,3.9999999999999813,1.0000000000000009,10,1.0000000000000009,0.0011851851851851763,0.19496296296296273,0.0,4,0,0
mmlu_us_foreign_policy,dataset,1,15,posterior_mean,100,0.01,0.1,34.99999999999982,4.999999999999993,60,4.999999999999993,0.03585185185185175,0.24503703703703666,0.0,24,6,1
mmlu_us_foreign_policy,dataset,1,15,gaussian_lcb_1.645,100,0.01,0.1,7.9999999999999405,1.9999999999999907,22,1.9999999999999907,0.004148148148148136,0.23407407407407382,0.0,7,1,1
mmlu_us_foreign_policy,dataset,1,16,posterior_mean,100,0.01,0.1,34.99999999999992,5.999999999999995,51,5.999999999999995,0.10044444444444456,0.6053333333333331,0.0,17,10,1
mmlu_us_foreign_policy,dataset,1,16,gaussian_lcb_1.645,100,0.01,0.1,7.000000000000006,3.0000000000000027,11,3.0000000000000027,0.09777777777777782,0.6115555555555553,0.0,3,2,1
mmlu_us_foreign_policy,dataset,1,17,posterior_mean,100,0.01,0.1,20.999999999999886,3.9999999999999925,32,3.9999999999999925,0.014518518518518275,0.25570370370370316,0.0,12,5,1
mmlu_us_foreign_policy,dataset,1,17,gaussian_lcb_1.645,100,0.01,0.1,13.999999999999979,6.000000000000005,12,6.000000000000005,0.0041481481481481395,0.2548148148148146,0.0,4,4,1
mmlu_us_foreign_policy,dataset,1,18,posterior_mean,100,0.01,0.1,39.99999999999997,7.9999999999999964,60,7.9999999999999964,0.047407407407408106,0.5819259259259242,0.0,17,7,1
mmlu_us_foreign_policy,dataset,1,18,gaussian_lcb_1.645,100,0.01,0.1,17.999999999999982,5.000000000000004,36,5.000000000000004,0.02992592592592585,0.5768888888888865,0.0,12,3,1
mmlu_us_foreign_policy,dataset,1,19,posterior_mean,100,0.01,0.1,26.999999999999925,3.9999999999999925,55,3.9999999999999925,0.07318518518518495,0.620444444444443,0.0,15,7,1
mmlu_us_foreign_policy,dataset,1,19,gaussian_lcb_1.645,100,0.01,0.1,19.000000000000007,9.000000000000007,15,9.000000000000007,0.008296296296296257,0.6293333333333323,0.0,3,2,1
mmlu_us_foreign_policy,default,1,0,posterior_mean,100,0.01,0.1,82.00000000000006,8.999999999999996,85,8.999999999999996,1.354074074074063,1.5801481481481363,0.9999999999999898,35,18,1
mmlu_us_foreign_policy,default,1,0,gaussian_lcb_1.645,100,0.01,0.1,32.00000000000003,7.000000000000006,34,7.000000000000006,0.42340740740740745,1.696888888888877,0.9999999999999898,15,6,1
mmlu_us_foreign_policy,default,1,1,posterior_mean,100,0.01,0.1,40.000000000000036,11.00000000000001,53,10.000000000000009,1.0494814814814832,2.4317037037036933,1.9999999999999907,20,6,1
mmlu_us_foreign_policy,default,1,1,gaussian_lcb_1.645,100,0.01,0.1,6.000000000000005,3.0000000000000027,21,1.0000000000000009,0.9362962962962977,2.4296296296296194,1.9999999999999907,6,0,0
mmlu_us_foreign_policy,default,1,2,posterior_mean,100,0.01,0.1,56.000000000000014,8.999999999999996,42,8.000000000000007,1.3685925925925826,1.5697777777777664,1.9999999999999907,15,9,1
mmlu_us_foreign_policy,default,1,2,gaussian_lcb_1.645,100,0.01,0.1,9.999999999999975,2.0000000000000018,22,2.0000000000000018,1.0148148148148062,1.427555555555545,1.9999999999999907,9,1,1
mmlu_us_foreign_policy,default,1,3,posterior_mean,100,0.01,0.1,12.999999999999945,3.9999999999999925,17,3.9999999999999925,0.07229629629629643,0.6894814814814811,0.0,7,4,1
mmlu_us_foreign_policy,default,1,3,gaussian_lcb_1.645,100,0.01,0.1,0.9999999999999898,0.9999999999999898,3,0.9999999999999898,0.0005925925925925752,0.6885925925925921,0.0,1,0,0
mmlu_us_foreign_policy,default,1,4,posterior_mean,100,0.01,0.1,73.00000000000007,9.000000000000007,57,8.000000000000007,1.2782222222222233,2.6056296296296226,1.9999999999999907,22,10,1
mmlu_us_foreign_policy,default,1,4,gaussian_lcb_1.645,100,0.01,0.1,86.00000000000007,9.000000000000007,32,9.000000000000007,6.9694814814814805,8.655407407407408,1.9999999999999907,14,12,1
mmlu_us_foreign_policy,default,1,5,posterior_mean,100,0.01,0.1,38.000000000000036,10.000000000000009,41,10.000000000000009,0.9884444444444461,2.206518518518507,1.9999999999999907,13,7,1
mmlu_us_foreign_policy,default,1,5,gaussian_lcb_1.645,100,0.01,0.1,9.000000000000007,4.0000000000000036,16,4.0000000000000036,0.9810370370370392,2.218074074074064,1.9999999999999907,5,2,1
mmlu_us_foreign_policy,default,1,6,posterior_mean,100,0.01,0.1,37.0,5.999999999999995,53,5.000000000000004,1.0444444444444352,1.2811851851851743,1.9999999999999907,25,6,1
mmlu_us_foreign_policy,default,1,6,gaussian_lcb_1.645,100,0.01,0.1,12.99999999999999,2.9999999999999916,23,2.0000000000000018,1.0142222222222128,1.2779259259259155,1.9999999999999907,11,2,1
mmlu_us_foreign_policy,default,1,7,posterior_mean,100,0.01,0.1,18.99999999999997,3.9999999999999925,40,3.0000000000000027,0.9374814814814727,1.1674074074073972,0.9999999999999898,13,5,1
mmlu_us_foreign_policy,default,1,7,gaussian_lcb_1.645,100,0.01,0.1,3.9999999999999813,1.9999999999999907,11,1.0000000000000009,0.8287407407407332,1.151703703703694,0.9999999999999898,4,0,0
mmlu_us_foreign_policy,default,1,8,posterior_mean,100,0.01,0.1,34.99999999999995,4.999999999999993,48,4.0000000000000036,0.956740740740732,1.1511111111111016,0.9999999999999898,16,11,1
mmlu_us_foreign_policy,default,1,8,gaussian_lcb_1.645,100,0.01,0.1,7.9999999999999964,3.9999999999999925,15,3.0000000000000027,0.9765925925925836,1.1733333333333231,0.9999999999999898,4,2,1
mmlu_us_foreign_policy,default,1,9,posterior_mean,100,0.01,0.1,20.000000000000007,5.999999999999995,35,5.000000000000004,1.151703703703694,1.3691851851851746,0.9999999999999898,12,4,1
mmlu_us_foreign_policy,default,1,9,gaussian_lcb_1.645,100,0.01,0.1,5.000000000000004,2.0000000000000018,11,2.0000000000000018,0.1991111111111113,1.3679999999999892,0.9999999999999898,4,1,1
mmlu_us_foreign_policy,default,1,10,posterior_mean,100,0.01,0.1,48.0,6.999999999999995,35,6.999999999999995,2.0829629629629527,2.2509629629629533,2.9999999999999916,17,8,1
mmlu_us_foreign_policy,default,1,10,gaussian_lcb_1.645,100,0.01,0.1,9.000000000000007,5.000000000000004,11,5.000000000000004,1.0678518518518543,2.262814814814804,2.9999999999999916,5,1,1
mmlu_us_foreign_policy,default,1,11,posterior_mean,100,0.01,0.1,20.000000000000018,5.000000000000004,22,5.000000000000004,0.11259259259259286,1.352888888888878,0.9999999999999898,8,6,1
mmlu_us_foreign_policy,default,1,11,gaussian_lcb_1.645,100,0.01,0.1,9.000000000000007,5.000000000000004,8,5.000000000000004,0.11585185185185196,1.3582222222222113,0.9999999999999898,2,2,1
mmlu_us_foreign_policy,default,1,12,posterior_mean,100,0.01,0.1,68.99999999999984,6.999999999999995,46,6.999999999999995,0.0432592592592591,0.3679999999999997,0.0,21,19,1
mmlu_us_foreign_policy,default,1,12,gaussian_lcb_1.645,100,0.01,0.1,10.999999999999977,4.999999999999993,10,4.999999999999993,0.8847407407407326,1.2124444444444353,0.0,4,3,1
mmlu_us_foreign_policy,default,1,13,posterior_mean,100,0.01,0.1,43.00000000000003,8.999999999999996,46,8.999999999999996,1.0660740740740648,1.40474074074073,0.9999999999999898,16,12,1
mmlu_us_foreign_policy,default,1,13,gaussian_lcb_1.645,100,0.01,0.1,22.000000000000007,8.999999999999996,22,8.999999999999996,1.056592592592583,1.3979259259259147,0.9999999999999898,8,5,1
mmlu_us_foreign_policy,default,1,14,posterior_mean,100,0.01,0.1,62.00000000000002,7.9999999999999964,42,7.9999999999999964,1.196148148148138,1.456888888888877,0.0,18,12,1
mmlu_us_foreign_policy,default,1,14,gaussian_lcb_1.645,100,0.01,0.1,31.000000000000007,7.9999999999999964,14,7.9999999999999964,1.2011851851851754,1.4642962962962847,0.0,6,5,1
mmlu_us_foreign_policy,default,1,15,posterior_mean,100,0.01,0.1,44.000000000000014,10.000000000000009,23,10.000000000000009,1.1374814814814722,1.4562962962962844,0.9999999999999898,9,6,1
mmlu_us_foreign_policy,default,1,15,gaussian_lcb_1.645,100,0.01,0.1,17.000000000000014,9.000000000000007,7,9.000000000000007,0.07762962962962977,1.4770370370370256,0.9999999999999898,2,2,1
mmlu_us_foreign_policy,default,1,16,posterior_mean,100,0.01,0.1,31.000000000000007,6.000000000000005,35,6.000000000000005,1.8506666666666551,2.202666666666656,1.9999999999999907,16,8,1
mmlu_us_foreign_policy,default,1,16,gaussian_lcb_1.645,100,0.01,0.1,12.0,2.9999999999999916,22,2.0000000000000018,1.8408888888888768,2.2082962962962855,1.9999999999999907,10,2,1
mmlu_us_foreign_policy,default,1,17,posterior_mean,100,0.01,0.1,29.99999999999996,2.9999999999999916,36,2.9999999999999916,0.16088888888888808,0.5739259259259247,1.9999999999999907,17,9,1
mmlu_us_foreign_policy,default,1,17,gaussian_lcb_1.645,100,0.01,0.1,11.999999999999977,2.9999999999999916,15,2.9999999999999916,0.1469629629629627,0.5641481481481474,1.9999999999999907,8,3,1
mmlu_us_foreign_policy,default,1,18,posterior_mean,100,0.01,0.1,4.999999999999993,2.9999999999999916,16,2.0000000000000018,0.917333333333325,1.5786666666666551,0.9999999999999898,4,1,1
mmlu_us_foreign_policy,default,1,18,gaussian_lcb_1.645,100,0.01,0.1,1.0000000000000009,1.0000000000000009,6,1.0000000000000009,0.00029629629629631017,1.580444444444433,0.9999999999999898,1,0,0
mmlu_us_foreign_policy,default,1,19,posterior_mean,100,0.01,0.1,21.999999999999975,8.999999999999996,22,8.999999999999996,1.011555555555547,1.425777777777767,0.9999999999999898,9,2,1
mmlu_us_foreign_policy,default,1,19,gaussian_lcb_1.645,100,0.01,0.1,7.999999999999985,6.000000000000005,10,6.000000000000005,1.0133333333333248,1.431999999999989,0.9999999999999898,3,1,1
mmlu_virology,dataset,1,0,posterior_mean,166,0.01,0.1,324.09638554216866,11.445783132530124,308,9.036144578313255,1.743627790949616,5.479266463444143,6.626506024096379,141,64,1
mmlu_virology,dataset,1,0,gaussian_lcb_1.645,166,0.01,0.1,77.71084337349396,4.216867469879515,93,3.6144578313253017,1.631264011870776,5.867539770863915,3.0120481927710774,42,17,1
mmlu_virology,dataset,1,1,posterior_mean,166,0.01,0.1,218.6746987951806,10.8433734939759,245,10.8433734939759,1.0907350956704989,5.076208448250835,4.216867469879515,104,37,1
mmlu_virology,dataset,1,1,gaussian_lcb_1.645,166,0.01,0.1,44.57831325301205,5.421686746987953,73,4.81927710843374,1.146863222636194,5.133089251248635,4.216867469879515,30,6,1
mmlu_virology,dataset,1,2,posterior_mean,166,0.01,0.1,260.2409638554216,12.048192771084338,230,11.445783132530124,0.8454702343510592,4.218265296796281,2.409638554216864,97,47,1
mmlu_virology,dataset,1,2,gaussian_lcb_1.645,166,0.01,0.1,40.361445783132524,5.421686746987953,55,3.6144578313253017,0.5396687150207254,4.052676569732738,2.409638554216864,22,8,1
mmlu_virology,dataset,1,3,posterior_mean,166,0.01,0.1,174.09638554216866,8.433734939759036,145,6.024096385542172,0.9892313564834938,4.714708902544571,2.409638554216864,66,40,1
mmlu_virology,dataset,1,3,gaussian_lcb_1.645,166,0.01,0.1,30.72289156626504,5.421686746987953,39,5.421686746987953,0.10741762229641467,4.119449686295374,2.409638554216864,14,5,1
mmlu_virology,dataset,1,4,posterior_mean,166,0.01,0.1,341.56626506024094,18.67469879518072,244,14.457831325301207,3.004252619581408,5.957000693537204,4.216867469879515,109,65,1
mmlu_virology,dataset,1,4,gaussian_lcb_1.645,166,0.01,0.1,74.09638554216865,7.228915662650609,82,7.228915662650609,2.251254012032067,5.906356349091146,4.216867469879515,33,18,1
mmlu_virology,dataset,1,5,posterior_mean,166,0.01,0.1,203.61445783132527,7.831325301204817,268,6.62650602409639,0.6532152707214391,4.560894179126136,4.216867469879515,123,27,1
mmlu_virology,dataset,1,5,gaussian_lcb_1.645,166,0.01,0.1,36.14457831325297,4.216867469879515,73,3.0120481927710885,0.48009978333682635,4.506378929372097,4.216867469879515,35,1,1
mmlu_virology,dataset,1,6,posterior_mean,166,0.01,0.1,407.22891566265037,13.253012048192769,246,13.253012048192769,0.9047165905926278,2.711945506255276,3.0120481927710774,117,74,1
mmlu_virology,dataset,1,6,gaussian_lcb_1.645,166,0.01,0.1,101.80722891566253,9.638554216867467,68,9.638554216867467,0.7816002967694051,2.5888292124320538,3.0120481927710774,34,19,1
mmlu_virology,dataset,1,7,posterior_mean,166,0.01,0.1,254.21686746987953,14.457831325301207,175,13.253012048192769,1.500728482873933,4.908092880222365,3.6144578313253017,84,51,1
mmlu_virology,dataset,1,7,gaussian_lcb_1.645,166,0.01,0.1,60.8433734939759,8.433734939759042,46,6.024096385542165,1.0686924404445117,4.840889663069951,3.0120481927710774,22,15,1
mmlu_virology,dataset,1,8,posterior_mean,166,0.01,0.1,207.2289156626507,12.65060240963855,207,10.8433734939759,1.406106353123337,3.9616565324215194,5.421686746987953,95,33,1
mmlu_virology,dataset,1,8,gaussian_lcb_1.645,166,0.01,0.1,57.83132530120489,12.048192771084338,58,10.240963855421686,0.7090208222448025,3.616285758831841,3.0120481927710774,26,6,1
mmlu_virology,dataset,1,9,posterior_mean,166,0.01,0.1,278.3132530120482,16.26506024096385,229,13.253012048192774,2.0144836373606867,4.658580775578886,2.409638554216864,102,42,1
mmlu_virology,dataset,1,9,gaussian_lcb_1.645,166,0.01,0.1,65.06024096385548,13.855421686746993,65,11.445783132530119,0.8370832728504389,4.562668344058965,2.409638554216864,30,7,1
mmlu_virology,dataset,1,10,posterior_mean,166,0.01,0.1,261.44578313253015,10.240963855421686,202,10.240963855421686,1.0457895840389646,4.274715999204307,5.421686746987953,91,52,1
mmlu_virology,dataset,1,10,gaussian_lcb_1.645,166,0.01,0.1,19.277108433734934,3.6144578313253017,39,3.0120481927710885,0.3802089213614853,4.125040993962455,3.6144578313253017,14,3,1
mmlu_virology,dataset,1,11,posterior_mean,166,0.01,0.1,221.68674698795178,13.253012048192774,230,10.8433734939759,2.0989984032515663,5.763778003580597,3.6144578313253017,101,39,1
mmlu_virology,dataset,1,11,gaussian_lcb_1.645,166,0.01,0.1,76.50602409638549,8.433734939759036,87,8.433734939759036,0.9867582780922883,5.2685171744541845,3.6144578313253017,38,15,1
mmlu_virology,dataset,1,12,posterior_mean,166,0.01,0.1,256.6265060240961,12.65060240963855,210,12.048192771084338,0.4024666268823624,3.9207432138191254,3.6144578313253017,92,54,1
mmlu_virology,dataset,1,12,gaussian_lcb_1.645,166,0.01,0.1,46.3855421686746,4.819277108433728,60,4.819277108433728,0.3502094052246478,3.879023456610909,3.6144578313253017,25,8,1
mmlu_virology,dataset,1,13,posterior_mean,166,0.01,0.1,231.3253012048193,13.253012048192774,183,13.253012048192774,0.6923544243910059,4.406864405412816,4.216867469879515,82,42,1
mmlu_virology,dataset,1,13,gaussian_lcb_1.645,166,0.01,0.1,33.13253012048194,4.216867469879515,57,4.216867469879515,0.3169841346644954,4.240415477169721,4.216867469879515,24,4,1
mmlu_virology,dataset,1,14,posterior_mean,166,0.01,0.1,251.2048192771082,13.253012048192769,232,9.638554216867467,2.8030730687139513,4.610301984376594,5.421686746987953,106,37,1
mmlu_virology,dataset,1,14,gaussian_lcb_1.645,166,0.01,0.1,68.07228915662647,10.240963855421686,53,9.638554216867467,2.7256549625543696,4.5328838782170155,5.421686746987953,23,12,1
mmlu_virology,dataset,1,15,posterior_mean,166,0.01,0.1,330.72289156626493,16.26506024096386,215,15.06024096385542,1.1828841470298903,3.5548351370676845,3.6144578313253017,99,53,1
mmlu_virology,dataset,1,15,gaussian_lcb_1.645,166,0.01,0.1,46.98795180722891,4.819277108433728,54,4.216867469879515,1.151271753681391,3.82042225125401,3.6144578313253017,24,9,1
mmlu_virology,dataset,1,16,posterior_mean,166,0.01,0.1,271.6867469879517,13.855421686746988,203,10.8433734939759,0.7392353886765257,3.8824104987554016,1.8072289156626509,94,58,1
mmlu_virology,dataset,1,16,gaussian_lcb_1.645,166,0.01,0.1,43.37349397590361,4.216867469879515,37,4.216867469879515,0.4117137895625359,3.7734875243947776,1.8072289156626509,17,10,1
mmlu_virology,dataset,1,17,posterior_mean,166,0.01,0.1,579.5180722891565,15.06024096385542,258,12.048192771084338,4.360037203701016,5.495180185265831,3.0120481927710774,120,96,1
mmlu_virology,dataset,1,17,gaussian_lcb_1.645,166,0.01,0.1,127.10843373493974,12.048192771084338,62,11.445783132530119,4.070364456487256,5.451955075993395,3.0120481927710774,28,22,1
mmlu_virology,dataset,1,18,posterior_mean,166,0.01,0.1,365.06024096385534,18.072289156626503,193,17.469879518072283,1.9969570383273394,3.234033859668927,0.0,90,52,1
mmlu_virology,dataset,1,18,gaussian_lcb_1.645,166,0.01,0.1,53.61445783132528,8.433734939759036,41,8.43373493975903,0.7596651666908568,3.1572609043940068,0.0,19,7,1
mmlu_virology,dataset,1,19,posterior_mean,166,0.01,0.1,302.409638554217,14.457831325301202,220,11.445783132530124,1.768358574861696,4.431648951898629,1.8072289156626509,98,49,1
mmlu_virology,dataset,1,19,gaussian_lcb_1.645,166,0.01,0.1,70.48192771084344,12.048192771084338,47,11.445783132530124,0.8757923259302298,4.478099815594379,1.8072289156626509,22,11,1
mmlu_virology,default,1,0,posterior_mean,166,0.01,0.1,131.92771084337355,11.445783132530124,93,11.445783132530124,3.6047805680553635,6.85187873313872,4.819277108433728,42,22,1
mmlu_virology,default,1,0,gaussian_lcb_1.645,166,0.01,0.1,32.53012048192774,6.024096385542172,30,6.024096385542172,3.3129573178927165,6.943490158760888,4.819277108433728,13,6,1
mmlu_virology,default,1,1,posterior_mean,166,0.01,0.1,177.71084337349393,10.8433734939759,109,10.240963855421686,1.5484696483390032,3.662575334806425,3.6144578313253017,54,32,1
mmlu_virology,default,1,1,gaussian_lcb_1.645,166,0.01,0.1,45.783132530120476,7.831325301204817,29,7.831325301204817,1.552985704531645,3.667091390999068,6.024096385542165,15,8,1
mmlu_virology,default,1,2,posterior_mean,166,0.01,0.1,95.7831325301205,12.65060240963855,104,11.445783132530124,0.9961129659199044,4.756751235195122,3.6144578313253017,45,12,1
mmlu_virology,default,1,2,gaussian_lcb_1.645,166,0.01,0.1,17.469879518072272,3.6144578313253017,39,2.4096385542168752,0.7132143029951108,4.7413751391106524,3.6144578313253017,16,1,1
mmlu_virology,default,1,3,posterior_mean,166,0.01,0.1,43.97590361445781,12.048192771084343,50,10.843373493975905,0.886544840674611,4.616592205502055,3.6144578313253017,23,6,1
mmlu_virology,default,1,3,gaussian_lcb_1.645,166,0.01,0.1,22.891566265060238,12.048192771084343,24,10.843373493975905,0.7410633161830716,4.610893372687532,3.6144578313253017,11,2,1
mmlu_virology,default,1,4,posterior_mean,166,0.01,0.1,53.6144578313253,8.433734939759042,53,6.62650602409639,1.4050311016488997,4.953898593033442,4.216867469879515,23,10,1
mmlu_virology,default,1,4,gaussian_lcb_1.645,166,0.01,0.1,46.987951807228924,8.433734939759042,41,6.62650602409639,1.4977177787455045,5.0480906221942625,4.216867469879515,19,9,1
mmlu_virology,default,1,5,posterior_mean,166,0.01,0.1,96.98795180722894,10.240963855421692,97,10.240963855421692,1.918678730988211,5.585071208528894,4.216867469879515,44,19,1
mmlu_virology,default,1,5,gaussian_lcb_1.645,166,0.01,0.1,40.36144578313254,9.036144578313248,44,6.6265060240963845,1.9015822325446368,5.567974710085321,4.216867469879515,20,6,1
mmlu_virology,default,1,6,posterior_mean,166,0.01,0.1,187.34939759036152,16.26506024096385,92,15.060240963855426,0.9792315177712133,3.149142755762003,1.8072289156626509,44,30,1
mmlu_virology,default,1,6,gaussian_lcb_1.645,166,0.01,0.1,74.09638554216873,11.445783132530124,46,11.445783132530124,0.9552534098912352,3.1251646478820256,1.8072289156626509,22,13,1
mmlu_virology,default,1,7,posterior_mean,166,0.01,0.1,118.67469879518073,11.445783132530124,110,11.445783132530124,0.8805234324177555,4.912178835825236,3.6144578313253017,46,14,1
mmlu_virology,default,1,7,gaussian_lcb_1.645,166,0.01,0.1,57.83132530120481,9.036144578313248,40,7.228915662650598,0.769880055698028,4.887448051913151,3.6144578313253017,17,8,1
mmlu_virology,default,1,8,posterior_mean,166,0.01,0.1,150.60240963855415,12.048192771084338,128,12.048192771084338,3.09704682182545,5.210829932850543,3.0120481927710774,49,25,1
mmlu_virology,default,1,8,gaussian_lcb_1.645,166,0.01,0.1,91.56626506024092,12.048192771084338,70,12.048192771084338,1.6683601877389063,5.243410052526033,3.0120481927710774,24,12,1
mmlu_virology,default,1,9,posterior_mean,166,0.01,0.1,147.59036144578315,13.855421686746993,113,10.843373493975905,4.362832857534553,6.94827502782212,6.626506024096379,55,29,1
mmlu_virology,default,1,9,gaussian_lcb_1.645,166,0.01,0.1,45.18072289156627,13.855421686746993,24,10.843373493975905,4.647344397671007,7.233001618253457,6.626506024096379,12,9,1
mmlu_virology,default,1,10,posterior_mean,166,0.01,0.1,222.89156626506025,14.457831325301207,144,12.650602409638555,1.925667865572056,5.604479497642516,4.216867469879515,63,36,1
mmlu_virology,default,1,10,gaussian_lcb_1.645,166,0.01,0.1,86.74698795180726,9.036144578313248,70,7.8313253012048225,0.901275785874421,4.970618753460963,4.216867469879515,31,17,1
mmlu_virology,default,1,11,posterior_mean,166,0.01,0.1,148.79518072289173,11.445783132530124,114,9.638554216867472,3.2790868964479083,7.679015929850604,4.819277108433728,46,25,1
mmlu_virology,default,1,11,gaussian_lcb_1.645,166,0.01,0.1,74.09638554216878,7.228915662650609,63,6.6265060240963845,2.291790992618395,7.26332370983265,4.819277108433728,26,12,1
mmlu_virology,default,1,12,posterior_mean,166,0.01,0.1,100.60240963855425,9.638554216867467,74,9.036144578313255,1.3664295737165537,3.4570410154674973,4.819277108433728,36,19,1
mmlu_virology,default,1,12,gaussian_lcb_1.645,166,0.01,0.1,37.951807228915676,7.228915662650598,29,7.228915662650598,1.342021365246796,3.4326328069977396,4.819277108433728,14,9,1
mmlu_virology,default,1,13,posterior_mean,166,0.01,0.1,159.63855421686745,11.445783132530119,104,9.638554216867472,3.55908238039171,7.9895485556684305,3.6144578313253017,49,35,1
mmlu_virology,default,1,13,gaussian_lcb_1.645,166,0.01,0.1,83.73493975903617,9.638554216867472,50,9.638554216867472,3.544351435191906,8.003311774541249,3.6144578313253017,24,19,1
mmlu_virology,default,1,14,posterior_mean,166,0.01,0.1,114.45783132530116,10.843373493975905,97,7.831325301204817,3.0594130202201013,6.366779030445738,5.421686746987953,45,23,1
mmlu_virology,default,1,14,gaussian_lcb_1.645,166,0.01,0.1,57.83132530120481,7.831325301204817,44,7.831325301204817,0.9527803315000292,6.370112310016498,5.421686746987953,20,10,1
mmlu_virology,default,1,15,posterior_mean,166,0.01,0.1,137.34939759036138,10.8433734939759,103,9.036144578313248,1.6586829244689578,4.65944097675844,3.6144578313253017,44,29,1
mmlu_virology,default,1,15,gaussian_lcb_1.645,166,0.01,0.1,53.61445783132528,6.62650602409639,47,6.024096385542165,1.2273995580716435,5.139702047816443,3.6144578313253017,19,11,1
mmlu_virology,default,1,16,posterior_mean,166,0.01,0.1,145.78313253012038,12.048192771084338,102,10.8433734939759,2.6543657897990873,5.578350886813648,4.819277108433728,44,32,1
mmlu_virology,default,1,16,gaussian_lcb_1.645,166,0.01,0.1,72.89156626506019,7.831325301204817,48,7.831325301204817,2.69490277038542,5.619210442842313,4.819277108433728,21,17,1
mmlu_virology,default,1,17,posterior_mean,166,0.01,0.1,139.1566265060241,10.240963855421686,115,9.638554216867472,1.9514739009585815,3.7696703816604993,0.0,48,23,1
mmlu_virology,default,1,17,gaussian_lcb_1.645,166,0.01,0.1,28.915662650602396,9.036144578313248,30,7.8313253012048225,1.7614769654252824,3.638543464352713,0.0,13,4,1
mmlu_virology,default,1,18,posterior_mean,166,0.01,0.1,120.48192771084337,13.253012048192769,103,12.65060240963855,2.804793471073043,5.138035408031047,5.421686746987953,50,17,1
mmlu_virology,default,1,18,gaussian_lcb_1.645,166,0.01,0.1,39.75903614457832,9.638554216867467,46,8.433734939759042,1.13428278038526,5.396525862486084,5.421686746987953,22,4,1
mmlu_virology,default,1,19,posterior_mean,166,0.01,0.1,128.9156626506025,10.843373493975905,107,9.036144578313255,2.1925452815277167,5.441202561249006,3.6144578313253017,52,25,1
mmlu_virology,default,1,19,gaussian_lcb_1.645,166,0.01,0.1,49.39759036144585,5.421686746987953,43,4.81927710843374,2.004483798648407,5.453245377762718,3.6144578313253017,21,12,1
mmlu_world_religions,dataset,1,0,posterior_mean,171,0.01,0.1,129.2397660818714,8.771929824561408,172,7.017543859649122,0.7355222942925153,1.740351890483552,0.5847953216374324,73,18,1
mmlu_world_religions,dataset,1,0,gaussian_lcb_1.645,171,0.01,0.1,16.959064327485397,2.92397660818714,42,2.92397660818714,0.7794991051377652,1.786760598702734,0.5847953216374324,17,1,1
mmlu_world_religions,dataset,1,1,posterior_mean,171,0.01,0.1,126.31578947368429,12.280701754385959,187,11.695906432748536,0.7220201974143344,1.814980741146053,0.5847953216374324,75,12,1
mmlu_world_religions,dataset,1,1,gaussian_lcb_1.645,171,0.01,0.1,28.0701754385965,5.847953216374268,49,5.263157894736836,0.4454425356583294,1.864935966368881,0.5847953216374324,18,2,1
mmlu_world_religions,dataset,1,2,posterior_mean,171,0.01,0.1,70.17543859649112,4.093567251461982,139,4.093567251461982,0.4728773779079858,1.0655510337463763,0.5847953216374324,66,8,1
mmlu_world_religions,dataset,1,2,gaussian_lcb_1.645,171,0.01,0.1,33.918128654970694,4.093567251461982,63,4.093567251461982,0.5344854447142335,1.1276657458388606,0.5847953216374324,29,3,1
mmlu_world_religions,dataset,1,3,posterior_mean,171,0.01,0.1,63.15789473684211,5.263157894736848,100,5.263157894736848,0.4817183381528023,1.652499597850304,1.1695906432748537,39,13,1
mmlu_world_religions,dataset,1,3,gaussian_lcb_1.645,171,0.01,0.1,6.43274853801169,2.92397660818714,24,2.3391812865497075,0.4568927191272573,1.6290925856262188,1.1695906432748537,5,2,1
mmlu_world_religions,dataset,1,4,posterior_mean,171,0.01,0.1,42.10526315789481,8.771929824561408,63,8.771929824561408,0.02756150357121512,0.7866934682023063,0.0,26,5,1
mmlu_world_religions,dataset,1,4,gaussian_lcb_1.645,171,0.01,0.1,12.865497076023392,1.754385964912275,29,1.754385964912275,0.00405316228988458,0.765110379008671,0.0,11,0,0
mmlu_world_religions,dataset,1,5,posterior_mean,171,0.01,0.1,139.76608187134522,6.432748538011701,144,6.432748538011701,0.8208666927588988,1.4588851017153723,0.0,63,23,1
mmlu_world_religions,dataset,1,5,gaussian_lcb_1.645,171,0.01,0.1,26.315789473684216,4.678362573099415,43,4.678362573099415,0.06241869926422436,0.7057062191975496,0.0,18,3,1
mmlu_world_religions,dataset,1,6,posterior_mean,171,0.01,0.1,92.39766081871352,5.263157894736836,106,5.263157894736836,0.05279243882574842,0.388140953785087,0.0,52,16,1
mmlu_world_religions,dataset,1,6,gaussian_lcb_1.645,171,0.01,0.1,15.789473684210542,2.3391812865497075,30,2.3391812865497075,0.039315674211881764,0.37699475748790395,0.0,14,1,1
mmlu_world_religions,dataset,1,7,posterior_mean,171,0.01,0.1,66.66666666666666,5.847953216374268,86,5.847953216374268,0.16283579499611833,1.0468558226842861,0.0,40,10,1
mmlu_world_religions,dataset,1,7,gaussian_lcb_1.645,171,0.01,0.1,14.035087719298255,2.3391812865497075,30,2.3391812865497075,0.0376944092959279,0.6727742755922362,0.0,14,1,1
mmlu_world_religions,dataset,1,8,posterior_mean,171,0.01,0.1,63.15789473684218,6.432748538011701,114,6.432748538011701,0.22748373351978057,1.4920957002281143,1.1695906432748537,35,9,1
mmlu_world_religions,dataset,1,8,gaussian_lcb_1.645,171,0.01,0.1,13.450292397660867,4.093567251461994,47,3.508771929824561,0.2082312126428285,1.4734511536946449,1.1695906432748537,15,2,1
mmlu_world_religions,dataset,1,9,posterior_mean,171,0.01,0.1,69.00584795321639,9.35672514619883,110,7.602339181286544,1.0654497046891318,1.120192727866887,0.0,47,5,1
mmlu_world_religions,dataset,1,9,gaussian_lcb_1.645,171,0.01,0.1,14.619883040935699,1.7543859649122862,35,1.7543859649122862,0.2795668689448,0.952923786616207,0.0,14,0,0
mmlu_world_religions,dataset,1,10,posterior_mean,171,0.01,0.1,111.11111111111116,7.602339181286554,115,5.847953216374268,0.9014232932703597,0.9014232932703597,0.0,56,16,1
mmlu_world_religions,dataset,1,10,gaussian_lcb_1.645,171,0.01,0.1,39.181286549707586,5.847953216374268,50,4.093567251461982,0.8629182515164546,0.8635008935956255,0.0,24,5,1
mmlu_world_religions,dataset,1,11,posterior_mean,171,0.01,0.1,153.21637426900577,9.941520467836252,149,8.771929824561397,0.9164199937429292,1.5170733128395317,0.5847953216374324,64,25,1
mmlu_world_religions,dataset,1,11,gaussian_lcb_1.645,171,0.01,0.1,19.298245614035093,5.847953216374268,35,4.678362573099415,0.21836411836753844,1.481912129974781,0.5847953216374324,12,3,1
mmlu_world_religions,dataset,1,12,posterior_mean,171,0.01,0.1,114.61988304093573,9.35672514619883,146,8.187134502923977,1.0339617001495862,1.0649177271385806,0.5847953216374324,63,16,1
mmlu_world_religions,dataset,1,12,gaussian_lcb_1.645,171,0.01,0.1,31.578947368421105,6.432748538011701,61,6.432748538011701,0.45750069347073763,0.9724042978719591,0.5847953216374324,23,3,1
mmlu_world_religions,dataset,1,13,posterior_mean,171,0.01,0.1,71.9298245614035,7.017543859649122,133,6.432748538011701,0.45435949269607123,1.0058428867635092,0.0,62,6,1
mmlu_world_religions,dataset,1,13,gaussian_lcb_1.645,171,0.01,0.1,15.204678362573109,3.508771929824561,49,2.3391812865497075,0.1517909277561821,1.0123279464273267,0.0,21,1,1
mmlu_world_religions,dataset,1,14,posterior_mean,171,0.01,0.1,114.6198830409357,8.771929824561408,152,8.187134502923977,0.3600728049276342,1.2642319827436619,0.5847953216374324,66,17,1
mmlu_world_religions,dataset,1,14,gaussian_lcb_1.645,171,0.01,0.1,16.959064327485407,2.3391812865497075,41,2.3391812865497075,0.2318408829814072,1.2090076465439825,0.5847953216374324,15,1,1
mmlu_world_religions,dataset,1,15,posterior_mean,171,0.01,0.1,93.56725146198828,9.35672514619883,104,8.771929824561408,0.11429917657474846,0.5071265992575151,0.0,51,14,1
mmlu_world_religions,dataset,1,15,gaussian_lcb_1.645,171,0.01,0.1,14.035087719298245,1.7543859649122862,29,1.7543859649122862,0.01560467481605613,0.4111173175158714,0.0,13,0,0
mmlu_world_religions,dataset,1,16,posterior_mean,171,0.01,0.1,62.573099415204666,5.847953216374268,128,4.678362573099415,0.7879854136822075,1.3881574197568873,0.5847953216374324,48,9,1
mmlu_world_religions,dataset,1,16,gaussian_lcb_1.645,171,0.01,0.1,15.78947368421052,2.923976608187129,42,2.3391812865497075,0.7775485207857545,1.3788351464901525,0.5847953216374324,16,1,1
mmlu_world_religions,dataset,1,17,posterior_mean,171,0.01,0.1,96.49122807017548,7.017543859649122,186,6.432748538011701,0.9128228122106585,1.8145500926527542,1.1695906432748537,75,12,1
mmlu_world_religions,dataset,1,17,gaussian_lcb_1.645,171,0.01,0.1,13.450292397660835,1.7543859649122862,48,1.754385964912275,0.883336056551745,1.7857726403945708,1.1695906432748537,16,0,0
mmlu_world_religions,dataset,1,18,posterior_mean,171,0.01,0.1,116.37426900584806,10.526315789473683,145,10.526315789473683,0.11561645431896116,0.9358498404700647,0.0,58,15,1
mmlu_world_religions,dataset,1,18,gaussian_lcb_1.645,171,0.01,0.1,14.619883040935688,2.92397660818714,45,2.3391812865497075,0.07082901101573572,0.8928863201972872,0.0,11,3,1
mmlu_world_religions,dataset,1,19,posterior_mean,171,0.01,0.1,53.80116959064336,7.017543859649122,61,6.43274853801169,0.112728576187419,0.144191248462649,0.0,29,9,1
mmlu_world_religions,dataset,1,19,gaussian_lcb_1.645,171,0.01,0.1,4.678362573099449,1.7543859649122862,21,1.1695906432748537,0.31244814802149,0.35525967470839737,0.0,7,0,0
mmlu_world_religions,default,1,0,posterior_mean,171,0.01,0.1,17.543859649122815,4.678362573099415,41,4.678362573099415,0.5999186834315577,1.1897551256670331,1.1695906432748537,17,2,1
mmlu_world_religions,default,1,0,gaussian_lcb_1.645,171,0.01,0.1,6.432748538011679,2.923976608187129,15,2.923976608187129,0.42269416230634804,1.0127332626563148,1.1695906432748537,6,1,1
mmlu_world_religions,default,1,1,posterior_mean,171,0.01,0.1,115.78947368421053,8.187134502923977,168,8.187134502923977,1.1990773989337655,1.7229992894299826,1.7543859649122862,70,12,1
mmlu_world_religions,default,1,1,gaussian_lcb_1.645,171,0.01,0.1,25.730994152046772,5.847953216374268,37,5.847953216374268,0.9191052137599823,1.5408096444996677,1.7543859649122862,17,4,1
mmlu_world_religions,default,1,2,posterior_mean,171,0.01,0.1,123.39181286549703,15.204678362573098,102,12.865497076023392,1.1619402994526953,1.7510927705517492,0.5847953216374324,46,17,1
mmlu_world_religions,default,1,2,gaussian_lcb_1.645,171,0.01,0.1,20.467836257309934,5.847953216374268,26,5.847953216374268,0.24065651096190502,1.6179463893290362,0.5847953216374324,11,3,1
mmlu_world_religions,default,1,3,posterior_mean,171,0.01,0.1,42.10526315789487,4.093567251461994,96,2.3391812865497075,0.6160806680624755,2.0882905408058416,1.1695906432748537,41,1,1
mmlu_world_religions,default,1,3,gaussian_lcb_1.645,171,0.01,0.1,16.37426900584802,1.7543859649122862,39,1.7543859649122862,0.3732962468983829,2.1068337582820638,1.1695906432748537,17,0,0
mmlu_world_religions,default,1,4,posterior_mean,171,0.01,0.1,78.3625730994152,8.187134502923977,95,7.017543859649122,1.1149236168900283,2.135509881482994,1.1695906432748537,39,13,1
mmlu_world_religions,default,1,4,gaussian_lcb_1.645,171,0.01,0.1,15.204678362573087,5.847953216374268,21,5.847953216374268,0.8465536087710401,1.431348930408471,1.1695906432748537,8,3,1
mmlu_world_religions,default,1,5,posterior_mean,171,0.01,0.1,27.485380116959035,4.678362573099415,64,4.678362573099415,0.01813790124723368,1.4301329817215034,0.5847953216374324,22,1,1
mmlu_world_religions,default,1,5,gaussian_lcb_1.645,171,0.01,0.1,4.093567251461994,1.1695906432748537,31,1.1695906432748537,0.02928409754441718,1.4443190497361007,0.5847953216374324,5,0,0
mmlu_world_religions,default,1,6,posterior_mean,171,0.01,0.1,23.976608187134484,4.093567251461994,59,2.92397660818714,0.4790331181357479,2.029013042316274,1.1695906432748537,22,1,1
mmlu_world_religions,default,1,6,gaussian_lcb_1.645,171,0.01,0.1,5.847953216374247,1.754385964912275,13,1.754385964912275,0.5738771157190499,2.1249716595292947,2.3391812865497075,6,0,0
mmlu_world_religions,default,1,7,posterior_mean,171,0.01,0.1,97.0760233918129,7.017543859649122,132,7.017543859649122,1.2439155067656131,2.5811550752558188,1.7543859649122862,53,14,1
mmlu_world_religions,default,1,7,gaussian_lcb_1.645,171,0.01,0.1,29.82456140350873,5.847953216374268,57,3.508771929824561,1.2787727024586213,2.4483633457334686,2.3391812865497075,21,4,1
mmlu_world_religions,default,1,8,posterior_mean,171,0.01,0.1,63.157894736842046,6.43274853801169,91,6.43274853801169,0.2874198708814492,1.381343040657018,1.1695906432748537,39,8,1
mmlu_world_religions,default,1,8,gaussian_lcb_1.645,171,0.01,0.1,11.695906432748515,1.754385964912275,26,1.754385964912275,0.23027028259407337,1.379620446683816,1.1695906432748537,10,0,0
mmlu_world_religions,default,1,9,posterior_mean,171,0.01,0.1,79.53216374269014,8.187134502923977,101,6.43274853801169,1.1878805381079602,1.4329701953244256,2.3391812865497075,43,13,1
mmlu_world_religions,default,1,9,gaussian_lcb_1.645,171,0.01,0.1,30.994152046783675,4.093567251461994,39,4.093567251461994,1.2052078068972172,1.450398793170929,2.3391812865497075,17,5,1
mmlu_world_religions,default,1,10,posterior_mean,171,0.01,0.1,74.85380116959072,5.847953216374268,99,5.847953216374268,0.46099654594576184,1.6305871892206112,1.7543859649122862,40,12,1
mmlu_world_religions,default,1,10,gaussian_lcb_1.645,171,0.01,0.1,33.33333333333338,5.847953216374268,46,5.847953216374268,0.4712307807277204,1.640821424002569,1.7543859649122862,20,5,1
mmlu_world_religions,default,1,11,posterior_mean,171,0.01,0.1,30.99415204678366,4.093567251461994,39,3.508771929824561,0.40643084861818957,1.7435690880511472,0.0,16,6,1
mmlu_world_religions,default,1,11,gaussian_lcb_1.645,171,0.01,0.1,5.84795321637428,1.7543859649122862,12,1.7543859649122862,0.001013290572471211,1.3392661496351521,0.0,4,0,0
mmlu_world_religions,default,1,12,posterior_mean,171,0.01,0.1,53.801169590643305,9.941520467836263,75,8.771929824561408,1.0749493038060425,2.7681578504053723,1.1695906432748537,30,9,1
mmlu_world_religions,default,1,12,gaussian_lcb_1.645,171,0.01,0.1,13.450292397660812,4.093567251461994,21,4.093567251461994,0.5337508090491913,2.73882308833233,2.3391812865497075,8,2,1
mmlu_world_religions,default,1,13,posterior_mean,171,0.01,0.1,127.4853801169591,9.941520467836263,88,9.941520467836263,4.982501738426626,5.010139238790775,1.7543859649122862,40,17,1
mmlu_world_religions,default,1,13,gaussian_lcb_1.645,171,0.01,0.1,32.74853801169591,5.847953216374268,34,5.847953216374268,2.4408649954971877,5.037194097075756,1.7543859649122862,15,5,1
mmlu_world_religions,default,1,14,posterior_mean,171,0.01,0.1,91.81286549707607,13.450292397660824,95,13.450292397660824,0.09459067494018422,0.9562929777696697,1.1695906432748537,43,12,1
mmlu_world_religions,default,1,14,gaussian_lcb_1.645,171,0.01,0.1,21.052631578947366,3.508771929824561,46,3.508771929824561,0.044230133488366366,0.9066417397185813,1.1695906432748537,21,3,1
mmlu_world_religions,default,1,15,posterior_mean,171,0.01,0.1,15.78947368421051,5.263157894736836,38,5.263157894736836,0.0747808442483735,1.7403518904835513,0.5847953216374324,13,1,1
mmlu_world_religions,default,1,15,gaussian_lcb_1.645,171,0.01,0.1,5.847953216374268,1.754385964912275,14,1.754385964912275,0.05664294300113932,1.7234299379232825,0.5847953216374324,6,0,0
mmlu_world_religions,default,1,16,posterior_mean,171,0.01,0.1,74.26900584795317,9.35672514619883,88,8.187134502923977,1.0265646789705443,2.2323044634183087,0.5847953216374324,40,13,1
mmlu_world_religions,default,1,16,gaussian_lcb_1.645,171,0.01,0.1,9.35672514619882,2.3391812865497075,22,2.3391812865497075,0.28382268934917604,2.33434282406617,0.5847953216374324,8,2,1
mmlu_world_religions,default,1,17,posterior_mean,171,0.01,0.1,111.69590643274856,10.526315789473683,92,10.526315789473683,1.0167357604175746,2.4055264867822594,0.5847953216374324,42,20,1
mmlu_world_religions,default,1,17,gaussian_lcb_1.645,171,0.01,0.1,22.22222222222222,4.678362573099415,37,4.093567251461982,0.9062870880182152,2.3505048086970715,0.5847953216374324,14,3,1
mmlu_world_religions,default,1,18,posterior_mean,171,0.01,0.1,92.39766081871355,10.526315789473683,101,10.526315789473683,0.25681849559282266,1.6873061290146893,1.7543859649122862,41,14,1
mmlu_world_religions,default,1,18,gaussian_lcb_1.645,171,0.01,0.1,12.865497076023402,4.678362573099415,33,4.678362573099415,0.20742058018485135,1.663139148861249,1.1695906432748537,12,1,1
mmlu_world_religions,default,1,19,posterior_mean,171,0.01,0.1,39.766081871345094,8.771929824561408,63,8.771929824561408,0.1342610008524327,1.3038516441272816,2.3391812865497075,25,3,1
mmlu_world_religions,default,1,19,gaussian_lcb_1.645,171,0.01,0.1,3.5087719298245834,1.1695906432748537,22,1.1695906432748537,0.09727589495723364,1.266866538232083,1.1695906432748537,5,0,0
