benchmark,prior,matrix_seed,run_seed,method,total_downward_pp,maximum_drawdown_pp,switches,largest_drop_pp,mean_drawdown_pp,mean_regret_pp,final_regret_pp,downward_jumps,jumps_ge_2pp,any_jump_ge_2pp
gsm8k,dataset,1,0,posterior_mean,4.999999999999993,2.399999999999997,13,2.399999999999997,0.54542805100182,1.1454280510018204,0.0,5,1,1
gsm8k,dataset,1,0,gaussian_lcb_1.645,6.199999999999994,2.399999999999997,15,2.399999999999997,0.5789435336976304,1.1789435336976308,0.0,6,1,1
gsm8k,dataset,1,1,posterior_mean,2.399999999999997,2.399999999999997,3,2.399999999999997,0.07344262295081956,1.031985428051001,0.0,1,1,1
gsm8k,dataset,1,1,gaussian_lcb_1.645,0.0,0.0,1,0.0,0.0,0.9853551912568302,0.0,0,0,0
gsm8k,dataset,1,2,posterior_mean,6.499999999999995,1.4000000000000012,14,1.4000000000000012,0.02899817850637514,1.1803642987249525,0.0,6,0,0
gsm8k,dataset,1,2,gaussian_lcb_1.645,1.9999999999999907,0.9999999999999953,6,0.9999999999999953,0.045173041894353096,1.2009107468123845,0.0,2,0,0
gsm8k,dataset,1,3,posterior_mean,1.0000000000000009,0.20000000000000018,12,0.20000000000000018,0.005391621129326062,0.39941712204007096,0.0,5,0,0
gsm8k,dataset,1,3,gaussian_lcb_1.645,0.8000000000000007,0.20000000000000018,10,0.20000000000000018,0.010054644808743187,0.4090346083788687,0.0,4,0,0
gsm8k,dataset,1,4,posterior_mean,7.5999999999999845,1.200000000000001,15,1.200000000000001,0.06703096539162089,0.4530418943533679,0.0,7,0,0
gsm8k,dataset,1,4,gaussian_lcb_1.645,4.800000000000004,1.200000000000001,9,1.200000000000001,0.01224043715846997,0.4017486338797797,0.0,4,0,0
gsm8k,dataset,1,5,posterior_mean,3.399999999999992,2.399999999999997,5,2.399999999999997,0.016903460837887054,0.7848451730418939,0.0,2,1,1
gsm8k,dataset,1,5,gaussian_lcb_1.645,0.0,0.0,1,0.0,0.0,0.8075774134790523,0.0,0,0,0
gsm8k,dataset,1,6,posterior_mean,0.0,0.0,1,0.0,0.0,0.19103825136611938,0.0,0,0,0
gsm8k,dataset,1,6,gaussian_lcb_1.645,4.799999999999982,1.1999999999999955,9,1.1999999999999955,0.02797814207650261,0.22950819672131045,0.0,4,0,0
gsm8k,dataset,1,7,posterior_mean,66.70000000000002,18.500000000000004,11,18.500000000000004,0.11322404371584711,0.24218579234972637,0.0,5,4,1
gsm8k,dataset,1,7,gaussian_lcb_1.645,47.00000000000001,18.500000000000004,7,18.500000000000004,0.08451730418943547,0.2134790528233147,0.0,3,3,1
gsm8k,dataset,1,8,posterior_mean,5.599999999999977,1.1999999999999955,13,1.1999999999999955,0.030601092896174978,0.981457194899817,0.0,5,0,0
gsm8k,dataset,1,8,gaussian_lcb_1.645,0.0,0.0,3,0.0,0.0,0.9875774134790515,0.0,0,0,0
gsm8k,dataset,1,9,posterior_mean,3.399999999999986,0.9999999999999953,12,0.9999999999999953,0.017194899817850575,0.32378870673952487,0.0,5,0,0
gsm8k,dataset,1,9,gaussian_lcb_1.645,2.399999999999991,0.9999999999999953,10,0.9999999999999953,0.020109289617486325,0.3608014571948982,0.0,4,0,0
gsm8k,dataset,1,10,posterior_mean,6.799999999999972,1.1999999999999955,13,1.1999999999999955,0.07985428051001793,0.2621493624772301,0.0,6,0,0
gsm8k,dataset,1,10,gaussian_lcb_1.645,1.9999999999999907,0.9999999999999953,5,0.9999999999999953,0.01602914389799634,0.2717668488160279,0.0,2,0,0
gsm8k,dataset,1,11,posterior_mean,3.399999999999986,0.9999999999999953,12,0.9999999999999953,0.006703096539162142,0.4534790528233131,0.0,5,0,0
gsm8k,dataset,1,11,gaussian_lcb_1.645,2.7999999999999914,0.9999999999999953,14,0.9999999999999953,0.013406193078324073,0.47679417122039836,0.0,6,0,0
gsm8k,dataset,1,12,posterior_mean,21.39999999999998,10.600000000000003,14,10.600000000000003,0.17369763205828753,0.23970856102003596,0.0,7,4,1
gsm8k,dataset,1,12,gaussian_lcb_1.645,13.0,10.600000000000003,4,10.600000000000003,0.0652823315118398,0.1312932604735882,0.0,2,2,1
gsm8k,dataset,1,13,posterior_mean,0.0,0.0,1,0.0,0.0,0.17355191256830527,0.0,0,0,0
gsm8k,dataset,1,13,gaussian_lcb_1.645,2.399999999999991,1.1999999999999955,5,1.1999999999999955,0.020983606557376997,0.20677595628415213,0.0,2,0,0
gsm8k,dataset,1,14,posterior_mean,15.59999999999999,11.299999999999999,17,11.299999999999999,0.16888888888888867,1.6931511839708546,0.0,8,1,1
gsm8k,dataset,1,14,gaussian_lcb_1.645,14.899999999999991,11.299999999999999,12,11.299999999999999,0.20196721311475382,1.7408014571948982,0.0,5,1,1
gsm8k,dataset,1,15,posterior_mean,6.1,1.7000000000000015,17,1.7000000000000015,0.027103825136612053,1.3384335154826943,0.0,7,0,0
gsm8k,dataset,1,15,gaussian_lcb_1.645,5.299999999999988,1.7000000000000015,16,1.7000000000000015,0.0338069216757742,1.3665573770491797,0.0,7,0,0
gsm8k,dataset,1,16,posterior_mean,7.99999999999998,1.200000000000001,15,1.200000000000001,0.03468123861566475,0.4119489981785047,0.0,7,0,0
gsm8k,dataset,1,16,gaussian_lcb_1.645,0.0,0.0,1,0.0,0.0,0.4192349726775937,0.0,0,0,0
gsm8k,dataset,1,17,posterior_mean,3.7999999999999923,1.4000000000000012,12,1.4000000000000012,0.06732240437158463,0.5480510018214912,0.0,5,0,0
gsm8k,dataset,1,17,gaussian_lcb_1.645,4.599999999999999,1.4000000000000012,16,1.4000000000000012,0.04167577413479059,0.5492167577413454,0.0,7,0,0
gsm8k,dataset,1,18,posterior_mean,0.0,0.0,1,0.0,0.0,0.22076502732240338,0.0,0,0,0
gsm8k,dataset,1,18,gaussian_lcb_1.645,0.0,0.0,1,0.0,0.0,0.22775956284152904,0.0,0,0,0
gsm8k,dataset,1,19,posterior_mean,5.999999999999983,2.399999999999997,9,2.399999999999997,0.05245901639344236,0.22775956284152898,0.0,4,1,1
gsm8k,dataset,1,19,gaussian_lcb_1.645,1.1999999999999955,1.1999999999999955,3,1.1999999999999955,0.0017486338797814162,0.23999999999999894,0.0,1,0,0
gsm8k,dataset,2,0,posterior_mean,10.499999999999988,5.099999999999999,10,5.099999999999999,0.015300546448087638,0.6840801457194903,0.0,4,1,1
gsm8k,dataset,2,0,gaussian_lcb_1.645,0.0,0.0,2,0.0,0.0,0.6859744990892531,0.0,0,0,0
gsm8k,dataset,2,1,posterior_mean,38.2,19.700000000000003,6,18.500000000000004,0.5014207650273225,0.576174863387978,0.0,3,3,1
gsm8k,dataset,2,1,gaussian_lcb_1.645,34.60000000000001,18.500000000000004,4,18.500000000000004,0.5196357012750457,0.5961384335154825,0.0,2,2,1
gsm8k,dataset,2,2,posterior_mean,1.1999999999999955,1.1999999999999955,3,1.1999999999999955,0.05071038251366103,0.23999999999999894,0.0,1,0,0
gsm8k,dataset,2,2,gaussian_lcb_1.645,0.0,0.0,1,0.0,0.0,0.24874316939890603,0.0,0,0,0
gsm8k,dataset,2,3,posterior_mean,3.300000000000003,2.100000000000002,7,2.100000000000002,0.007431693989071054,0.3986885245901622,0.0,3,1,1
gsm8k,dataset,2,3,gaussian_lcb_1.645,1.1999999999999955,1.1999999999999955,3,1.1999999999999955,0.0017486338797814626,0.403497267759561,0.0,1,0,0
gsm8k,dataset,2,4,posterior_mean,0.6000000000000005,0.6000000000000005,3,0.6000000000000005,0.0026229508196721363,0.3379234972677581,0.0,1,0,0
gsm8k,dataset,2,4,gaussian_lcb_1.645,0.0,0.0,1,0.0,0.0,0.34928961748633724,0.0,0,0,0
gsm8k,dataset,2,5,posterior_mean,10.199999999999987,3.299999999999997,9,3.299999999999997,0.04590163934426225,0.23519125683060021,0.0,4,2,1
gsm8k,dataset,2,5,gaussian_lcb_1.645,2.9999999999999916,1.799999999999996,5,1.799999999999996,0.015737704918032763,0.21377049180327778,0.0,2,0,0
gsm8k,dataset,2,6,posterior_mean,1.1999999999999955,1.1999999999999955,3,1.1999999999999955,0.0017486338797814162,0.21377049180327776,0.0,1,0,0
gsm8k,dataset,2,6,gaussian_lcb_1.645,0.0,0.0,1,0.0,0.0,0.23300546448087328,0.0,0,0,0
gsm8k,dataset,2,7,posterior_mean,47.79999999999998,22.700000000000003,15,22.700000000000003,0.131584699453552,0.20633879781420736,0.0,7,2,1
gsm8k,dataset,2,7,gaussian_lcb_1.645,22.700000000000003,22.700000000000003,3,22.700000000000003,0.033078324225865256,0.10958105646630208,0.0,1,1,1
gsm8k,dataset,2,8,posterior_mean,27.999999999999996,15.799999999999997,6,15.799999999999997,0.3650273224043711,1.0474681238615653,0.0,2,2,1
gsm8k,dataset,2,8,gaussian_lcb_1.645,29.799999999999994,15.799999999999997,8,15.799999999999997,0.4195264116575587,1.1019672131147529,0.0,3,2,1
gsm8k,dataset,2,9,posterior_mean,4.799999999999987,1.799999999999996,7,1.799999999999996,0.06732240437158458,0.24786885245901547,0.0,3,0,0
gsm8k,dataset,2,9,gaussian_lcb_1.645,0.0,0.0,1,0.0,0.0,0.2347540983606547,0.0,0,0,0
gsm8k,dataset,2,10,posterior_mean,1.8000000000000016,0.6000000000000005,7,0.6000000000000005,0.10185792349726781,0.58054644808743,0.0,3,0,0
gsm8k,dataset,2,10,gaussian_lcb_1.645,1.8000000000000016,0.6000000000000005,7,0.6000000000000005,0.11322404371584713,0.5919125683060091,0.0,3,0,0
gsm8k,dataset,2,11,posterior_mean,2.9999999999999973,1.1999999999999955,9,1.1999999999999955,0.05158469945355187,0.39562841530054493,0.0,4,0,0
gsm8k,dataset,2,11,gaussian_lcb_1.645,1.8000000000000016,0.6000000000000005,7,0.6000000000000005,0.023606557377049208,0.38688524590163775,0.0,3,0,0
gsm8k,dataset,2,12,posterior_mean,0.0,0.0,1,0.0,0.0,0.17180327868852385,0.0,0,0,0
gsm8k,dataset,2,12,gaussian_lcb_1.645,0.0,0.0,1,0.0,0.0,0.17879781420764954,0.0,0,0,0
gsm8k,dataset,2,13,posterior_mean,13.099999999999989,10.7,7,10.7,0.3940255009107454,1.3907468123861548,0.0,3,1,1
gsm8k,dataset,2,13,gaussian_lcb_1.645,1.1999999999999955,1.1999999999999955,3,1.1999999999999955,0.3785792349726761,1.3753005464480854,0.0,1,0,0
gsm8k,dataset,2,14,posterior_mean,2.399999999999997,1.1999999999999955,7,1.1999999999999955,0.04896174863387969,0.36502732240437014,0.0,3,0,0
gsm8k,dataset,2,14,gaussian_lcb_1.645,4.199999999999987,1.1999999999999955,9,1.1999999999999955,0.02098360655737698,0.3790163934426214,0.0,4,0,0
gsm8k,dataset,2,15,posterior_mean,8.700000000000003,2.100000000000002,16,2.100000000000002,0.04633879781420757,1.5856466302367926,0.0,6,3,1
gsm8k,dataset,2,15,gaussian_lcb_1.645,5.099999999999993,2.100000000000002,12,2.100000000000002,0.020546448087431675,1.6641894353369748,0.0,4,1,1
gsm8k,dataset,2,16,posterior_mean,1.1999999999999955,1.1999999999999955,3,1.1999999999999955,0.02273224043715837,0.3702732240437142,0.0,1,0,0
gsm8k,dataset,2,16,gaussian_lcb_1.645,0.0,0.0,1,0.0,0.0,0.38076502732240275,0.0,0,0,0
gsm8k,dataset,2,17,posterior_mean,4.800000000000004,2.100000000000002,10,2.100000000000002,0.3311475409836067,0.9846994535519119,0.0,4,1,1
gsm8k,dataset,2,17,gaussian_lcb_1.645,2.7000000000000024,2.100000000000002,6,2.100000000000002,0.343825136612022,1.01311475409836,0.0,2,1,1
gsm8k,dataset,2,18,posterior_mean,20.999999999999968,13.799999999999995,15,13.799999999999995,0.044590163934426,0.8439344262295077,0.0,7,1,1
gsm8k,dataset,2,18,gaussian_lcb_1.645,0.0,0.0,1,0.0,0.0,0.8395628415300542,0.0,0,0,0
gsm8k,dataset,2,19,posterior_mean,3.5999999999999863,1.1999999999999955,7,1.1999999999999955,0.02972677595628403,0.21726775956284053,0.0,3,0,0
gsm8k,dataset,2,19,gaussian_lcb_1.645,3.5999999999999863,1.1999999999999955,7,1.1999999999999955,0.034972677595628276,0.23999999999999894,0.0,3,0,0
gsm8k,dataset,3,0,posterior_mean,21.099999999999987,15.099999999999996,10,15.099999999999996,0.03657559198542807,0.7053551912568307,0.0,4,4,1
gsm8k,dataset,3,0,gaussian_lcb_1.645,0.0,0.0,2,0.0,0.0,0.6859744990892531,0.0,0,0,0
gsm8k,dataset,3,1,posterior_mean,9.299999999999986,4.099999999999998,9,4.099999999999998,0.03628415300546422,0.20459016393442522,0.0,4,3,1
gsm8k,dataset,3,1,gaussian_lcb_1.645,1.1999999999999955,1.1999999999999955,3,1.1999999999999955,0.01049180327868845,0.21551912568305912,0.0,1,0,0
gsm8k,dataset,3,2,posterior_mean,0.0,0.0,1,0.0,0.0,0.6394899817850633,0.0,0,0,0
gsm8k,dataset,3,2,gaussian_lcb_1.645,0.0,0.0,1,0.0,0.0,0.6590163934426226,0.0,0,0,0
gsm8k,dataset,3,3,posterior_mean,9.900000000000004,2.9000000000000026,9,2.9000000000000026,0.06936247723132956,0.5524225865209448,0.0,4,3,1
gsm8k,dataset,3,3,gaussian_lcb_1.645,1.1999999999999955,1.1999999999999955,3,1.1999999999999955,0.0017486338797814626,0.490054644808741,0.0,1,0,0
gsm8k,dataset,3,4,posterior_mean,3.799999999999995,2.5999999999999996,5,2.5999999999999996,0.007285974499089249,0.8641165755919854,0.0,2,1,1
gsm8k,dataset,3,4,gaussian_lcb_1.645,2.5999999999999996,2.5999999999999996,2,2.5999999999999996,0.04925318761384336,0.9060837887067394,0.0,1,1,1
gsm8k,dataset,3,5,posterior_mean,0.0,0.0,1,0.0,0.0,1.1989799635701273,0.0,0,0,0
gsm8k,dataset,3,5,gaussian_lcb_1.645,0.0,0.0,1,0.0,0.0,0.926484517304189,0.0,0,0,0
gsm8k,dataset,3,6,posterior_mean,1.1999999999999955,1.1999999999999955,3,1.1999999999999955,0.05071038251366098,0.23475409836065464,0.0,1,0,0
gsm8k,dataset,3,6,gaussian_lcb_1.645,0.0,0.0,1,0.0,0.0,0.26098360655737585,0.0,0,0,0
gsm8k,dataset,3,7,posterior_mean,4.099999999999998,4.099999999999998,3,4.099999999999998,0.005974499089253192,0.6237522768670308,0.0,1,1,1
gsm8k,dataset,3,7,gaussian_lcb_1.645,0.0,0.0,1,0.0,0.0,0.6177777777777776,0.0,0,0,0
gsm8k,dataset,3,8,posterior_mean,10.900000000000002,10.900000000000002,3,10.900000000000002,0.015883424408014594,0.6944262295081963,0.0,1,1,1
gsm8k,dataset,3,8,gaussian_lcb_1.645,0.0,0.0,1,0.0,0.0,0.6785428051001818,0.0,0,0,0
gsm8k,dataset,3,9,posterior_mean,0.0,0.0,1,0.0,0.0,0.3370491803278674,0.0,0,0,0
gsm8k,dataset,3,9,gaussian_lcb_1.645,2.399999999999991,1.1999999999999955,5,1.1999999999999955,0.010491803278688589,0.3702732240437144,0.0,2,0,0
gsm8k,dataset,3,10,posterior_mean,6.1,2.100000000000002,9,2.100000000000002,0.01180327868852453,1.6828415300546427,0.0,3,3,1
gsm8k,dataset,3,10,gaussian_lcb_1.645,14.600000000000007,2.100000000000002,17,2.100000000000002,0.057704918032786746,1.7645901639344244,0.0,7,7,1
gsm8k,dataset,3,11,posterior_mean,3.1999999999999917,1.9999999999999962,5,1.9999999999999962,0.04255009107468105,0.23533697632058187,0.0,2,1,1
gsm8k,dataset,3,11,gaussian_lcb_1.645,2.399999999999991,1.1999999999999955,5,1.1999999999999955,0.010491803278688499,0.2172677595628406,0.0,2,0,0
gsm8k,dataset,3,12,posterior_mean,1.9999999999999962,1.9999999999999962,4,1.9999999999999962,0.0029143897996356995,0.8093989071038249,0.0,1,1,1
gsm8k,dataset,3,12,gaussian_lcb_1.645,0.0,0.0,2,0.0,0.0,0.8064845173041892,0.0,0,0,0
gsm8k,dataset,3,13,posterior_mean,5.9999999999999885,1.9999999999999962,7,1.9999999999999962,0.026229508196721527,0.1997814207650268,0.0,3,3,1
gsm8k,dataset,3,13,gaussian_lcb_1.645,2.399999999999991,1.1999999999999955,5,1.1999999999999955,0.020983606557376997,0.20677595628415213,0.0,2,0,0
gsm8k,dataset,3,14,posterior_mean,2.399999999999991,1.1999999999999955,5,1.1999999999999955,0.005245901639344249,0.1945355191256822,0.0,2,0,0
gsm8k,dataset,3,14,gaussian_lcb_1.645,0.0,0.0,1,0.0,0.0,0.21901639344262197,0.0,0,0,0
gsm8k,dataset,3,15,posterior_mean,5.999999999999978,1.1999999999999955,11,1.1999999999999955,0.029726775956284028,0.7277959927140253,0.0,5,0,0
gsm8k,dataset,3,15,gaussian_lcb_1.645,1.1999999999999955,1.1999999999999955,3,1.1999999999999955,0.00174863387978137,0.7193442622950817,0.0,1,0,0
gsm8k,dataset,3,16,posterior_mean,5.700000000000002,5.700000000000002,3,5.700000000000002,0.008306010928961763,0.9016393442622945,0.0,1,1,1
gsm8k,dataset,3,16,gaussian_lcb_1.645,0.0,0.0,1,0.0,0.0,0.9714389799635696,0.0,0,0,0
gsm8k,dataset,3,17,posterior_mean,3.5999999999999863,1.1999999999999955,7,1.1999999999999955,0.006994535519125619,0.22950819672131037,0.0,3,0,0
gsm8k,dataset,3,17,gaussian_lcb_1.645,3.5999999999999863,1.1999999999999955,7,1.1999999999999955,0.02098360655737695,0.25923497267759443,0.0,3,0,0
gsm8k,dataset,3,18,posterior_mean,3.9999999999999925,1.9999999999999962,5,1.9999999999999962,0.011657559198542798,0.08116575591985399,0.0,2,2,1
gsm8k,dataset,3,18,gaussian_lcb_1.645,0.0,0.0,1,0.0,0.0,0.0712568306010926,0.0,0,0,0
gsm8k,dataset,3,19,posterior_mean,9.399999999999991,4.099999999999998,7,4.099999999999998,0.025646630236794185,0.20269581056466224,0.0,3,2,1
gsm8k,dataset,3,19,gaussian_lcb_1.645,3.5999999999999863,1.1999999999999955,7,1.1999999999999955,0.008743169398907036,0.21202185792349632,0.0,3,0,0
gsm8k,dataset,4,0,posterior_mean,23.299999999999994,14.999999999999996,10,14.999999999999996,0.14061930783242257,0.7406193078324211,0.0,4,3,1
gsm8k,dataset,4,0,gaussian_lcb_1.645,24.099999999999994,14.999999999999996,14,14.999999999999996,0.15519125683060114,0.7551912568305997,0.0,6,3,1
gsm8k,dataset,4,1,posterior_mean,12.799999999999995,12.799999999999995,3,12.799999999999995,0.018652094717668998,0.4743169398907119,0.40000000000000036,1,1,1
gsm8k,dataset,4,1,gaussian_lcb_1.645,0.0,0.0,1,0.0,0.0,0.4556648451730429,0.40000000000000036,0,0,0
gsm8k,dataset,4,2,posterior_mean,12.3,10.300000000000004,11,10.300000000000004,0.17253187613843374,1.4697632058287786,0.0,4,1,1
gsm8k,dataset,4,2,gaussian_lcb_1.645,11.500000000000005,10.300000000000004,11,10.300000000000004,0.1763205828779602,1.5021129326047349,0.0,4,1,1
gsm8k,dataset,4,3,posterior_mean,8.399999999999974,1.6000000000000014,20,1.6000000000000014,0.04721311475409836,0.4125318761384323,0.0,9,0,0
gsm8k,dataset,4,3,gaussian_lcb_1.645,2.3999999999999853,0.7999999999999952,8,0.7999999999999952,0.030309653916211148,0.4131147540983592,0.0,3,0,0
gsm8k,dataset,4,4,posterior_mean,5.900000000000002,3.5000000000000004,18,3.5000000000000004,0.023752276867031016,1.4477231329690352,0.0,7,1,1
gsm8k,dataset,4,4,gaussian_lcb_1.645,9.999999999999986,2.399999999999997,14,2.399999999999997,0.021566484517304092,1.4907103825136614,0.0,5,4,1
gsm8k,dataset,4,5,posterior_mean,5.199999999999982,1.1999999999999955,11,1.1999999999999955,0.02506375227686687,1.012932604735883,0.0,5,0,0
gsm8k,dataset,4,5,gaussian_lcb_1.645,13.100000000000001,13.100000000000001,3,13.100000000000001,0.019089253187613866,1.045136612021858,0.0,1,1,1
gsm8k,dataset,4,6,posterior_mean,0.40000000000000036,0.40000000000000036,5,0.40000000000000036,0.0005828779599271568,0.9973041894353368,0.0,1,0,0
gsm8k,dataset,4,6,gaussian_lcb_1.645,0.0,0.0,1,0.0,0.0,0.8222950819672129,0.0,0,0,0
gsm8k,dataset,4,7,posterior_mean,2.7999999999999914,1.1999999999999955,7,1.1999999999999955,0.05304189435336963,0.6874316939890711,0.0,3,0,0
gsm8k,dataset,4,7,gaussian_lcb_1.645,2.399999999999991,1.1999999999999955,5,1.1999999999999955,0.034972677595628235,0.6705282331511838,0.0,2,0,0
gsm8k,dataset,4,8,posterior_mean,12.999999999999986,6.399999999999998,11,4.199999999999998,0.2331511839708559,1.651766848816028,0.0,5,3,1
gsm8k,dataset,4,8,gaussian_lcb_1.645,4.199999999999998,4.199999999999998,4,4.199999999999998,0.012240437158469956,1.4605828779599264,0.0,1,1,1
gsm8k,dataset,4,9,posterior_mean,7.9999999999999964,2.799999999999997,17,2.799999999999997,0.027395264116575595,0.8375956284153003,0.0,8,2,1
gsm8k,dataset,4,9,gaussian_lcb_1.645,0.0,0.0,1,0.0,0.0,0.8102003642987247,0.0,0,0,0
gsm8k,dataset,4,10,posterior_mean,14.999999999999991,11.000000000000004,12,11.000000000000004,0.04371584699453546,0.1945355191256828,0.0,5,1,1
gsm8k,dataset,4,10,gaussian_lcb_1.645,11.800000000000004,11.000000000000004,8,11.000000000000004,0.03438979963570133,0.19570127504553728,0.0,3,1,1
gsm8k,dataset,4,11,posterior_mean,7.999999999999985,1.6000000000000014,16,1.6000000000000014,0.08743169398907076,0.5049180327868839,0.0,7,0,0
gsm8k,dataset,4,11,gaussian_lcb_1.645,0.8000000000000007,0.40000000000000036,6,0.40000000000000036,0.004080145719490006,0.4862659380692153,0.0,2,0,0
gsm8k,dataset,4,12,posterior_mean,19.599999999999973,13.599999999999996,13,13.599999999999996,0.4517304189435336,1.2394899817850629,0.0,6,1,1
gsm8k,dataset,4,12,gaussian_lcb_1.645,27.199999999999992,13.599999999999996,5,13.599999999999996,0.4756284153005464,1.2832058287795987,0.0,2,2,1
gsm8k,dataset,4,13,posterior_mean,1.1999999999999955,1.1999999999999955,3,1.1999999999999955,0.006994535519125619,0.24874316939890595,0.0,1,0,0
gsm8k,dataset,4,13,gaussian_lcb_1.645,0.0,0.0,1,0.0,0.0,0.2522404371584688,0.0,0,0,0
gsm8k,dataset,4,14,posterior_mean,3.1999999999999917,2.399999999999997,7,2.399999999999997,0.015154826958105667,1.2833151183970852,0.0,2,1,1
gsm8k,dataset,4,14,gaussian_lcb_1.645,0.40000000000000036,0.40000000000000036,5,0.40000000000000036,0.0029143897996356917,1.3264480874316935,0.0,1,0,0
gsm8k,dataset,4,15,posterior_mean,1.200000000000001,0.40000000000000036,7,0.40000000000000036,0.002914389799635723,0.6915846994535515,0.0,3,0,0
gsm8k,dataset,4,15,gaussian_lcb_1.645,0.0,0.0,1,0.0,0.0,0.7084881602914387,0.0,0,0,0
gsm8k,dataset,4,16,posterior_mean,0.0,0.0,1,0.0,0.0,0.2155191256830592,0.0,0,0,0
gsm8k,dataset,4,16,gaussian_lcb_1.645,0.0,0.0,1,0.0,0.0,0.2260109289617476,0.0,0,0,0
gsm8k,dataset,4,17,posterior_mean,6.700000000000003,5.900000000000002,7,5.900000000000002,0.07650273224043722,0.8218579234972664,0.0,3,1,1
gsm8k,dataset,4,17,gaussian_lcb_1.645,6.399999999999998,5.999999999999997,5,5.999999999999997,0.07606557377049188,0.8348633879781407,0.0,2,1,1
gsm8k,dataset,4,18,posterior_mean,3.1999999999999917,1.1999999999999955,9,1.1999999999999955,0.007577413479052845,0.2003642987249536,0.0,4,0,0
gsm8k,dataset,4,18,gaussian_lcb_1.645,0.40000000000000036,0.40000000000000036,3,0.40000000000000036,0.000582877959927126,0.23358834244080043,0.0,1,0,0
gsm8k,dataset,4,19,posterior_mean,6.3999999999999835,2.799999999999997,9,2.799999999999997,0.050127504553734055,0.23766848816029054,0.0,4,1,1
gsm8k,dataset,4,19,gaussian_lcb_1.645,3.5999999999999863,1.1999999999999955,7,1.1999999999999955,0.034972677595628276,0.23999999999999894,0.0,3,0,0
gsm8k,dataset,5,0,posterior_mean,3.5999999999999863,1.1999999999999955,8,1.1999999999999955,0.041967213114753994,0.7107468123861568,0.0,3,0,0
gsm8k,dataset,5,0,gaussian_lcb_1.645,2.399999999999991,1.1999999999999955,6,1.1999999999999955,0.015737704918032794,0.701712204007286,0.0,2,0,0
gsm8k,dataset,5,1,posterior_mean,22.899999999999995,18.500000000000004,7,18.500000000000004,0.07067395264116595,0.13318761384335145,0.0,3,2,1
gsm8k,dataset,5,1,gaussian_lcb_1.645,18.500000000000004,18.500000000000004,3,18.500000000000004,0.026958105646630273,0.0894717668488158,0.0,1,1,1
gsm8k,dataset,5,2,posterior_mean,1.1999999999999955,1.1999999999999955,3,1.1999999999999955,0.0017486338797814162,0.2539890710382502,0.0,1,0,0
gsm8k,dataset,5,2,gaussian_lcb_1.645,3.5999999999999863,1.1999999999999955,7,1.1999999999999955,0.008743169398907081,0.2714754098360644,0.0,3,0,0
gsm8k,dataset,5,3,posterior_mean,2.399999999999991,1.1999999999999955,5,1.1999999999999955,0.010491803278688499,0.22601092896174768,0.0,2,0,0
gsm8k,dataset,5,3,gaussian_lcb_1.645,2.399999999999991,1.1999999999999955,5,1.1999999999999955,0.03322404371584686,0.2539890710382502,0.0,2,0,0
gsm8k,dataset,5,4,posterior_mean,5.199999999999999,2.0000000000000018,9,2.0000000000000018,0.08626593806921681,1.5927140255009113,0.0,3,2,1
gsm8k,dataset,5,4,gaussian_lcb_1.645,1.1999999999999955,1.1999999999999955,5,1.1999999999999955,0.0052459016393442024,1.6941347905282345,0.0,1,0,0
gsm8k,dataset,5,5,posterior_mean,5.999999999999978,1.1999999999999955,11,1.1999999999999955,0.02273224043715846,0.20327868852458936,0.0,5,0,0
gsm8k,dataset,5,5,gaussian_lcb_1.645,1.1999999999999955,1.1999999999999955,3,1.1999999999999955,0.017486338797814163,0.20677595628415213,0.0,1,0,0
gsm8k,dataset,5,6,posterior_mean,8.899999999999986,5.299999999999999,9,5.299999999999999,0.03395264116575581,1.0588342440801453,0.0,4,1,1
gsm8k,dataset,5,6,gaussian_lcb_1.645,2.399999999999991,1.1999999999999955,5,1.1999999999999955,0.006994535519125665,1.0722404371584695,0.0,2,0,0
gsm8k,dataset,5,7,posterior_mean,5.599999999999988,3.1999999999999975,8,3.1999999999999975,0.07460837887067372,1.470928961748632,0.0,3,1,1
gsm8k,dataset,5,7,gaussian_lcb_1.645,3.1999999999999975,3.1999999999999975,4,3.1999999999999975,0.060619307832422475,1.487832422586519,0.0,1,1,1
gsm8k,dataset,5,8,posterior_mean,2.399999999999991,1.1999999999999955,5,1.1999999999999955,0.03322404371584686,0.6426229508196716,0.0,2,0,0
gsm8k,dataset,5,8,gaussian_lcb_1.645,1.1999999999999955,1.1999999999999955,3,1.1999999999999955,0.008743169398907081,0.6181420765027318,0.0,1,0,0
gsm8k,dataset,5,9,posterior_mean,3.5999999999999863,1.1999999999999955,7,1.1999999999999955,0.01748633879781435,0.8276867030965392,0.0,3,0,0
gsm8k,dataset,5,9,gaussian_lcb_1.645,0.0,0.0,1,0.0,0.0,0.8102003642987247,0.0,0,0,0
gsm8k,dataset,5,10,posterior_mean,3.1999999999999975,3.1999999999999975,13,3.1999999999999975,0.004663023679417001,0.4064116575591966,0.0,1,1,1
gsm8k,dataset,5,10,gaussian_lcb_1.645,0.0,0.0,3,0.0,0.0,0.40174863387977955,0.0,0,0,0
gsm8k,dataset,5,11,posterior_mean,0.0,0.0,11,0.0,0.0,0.5215300546448064,0.0,0,0,0
gsm8k,dataset,5,11,gaussian_lcb_1.645,1.1999999999999955,1.1999999999999955,7,1.1999999999999955,0.02273224043715837,0.5477595628415275,0.0,1,0,0
gsm8k,dataset,5,12,posterior_mean,1.1999999999999955,1.1999999999999955,3,1.1999999999999955,0.0034972677595628324,0.06251366120218554,0.0,1,0,0
gsm8k,dataset,5,12,gaussian_lcb_1.645,1.1999999999999955,1.1999999999999955,3,1.1999999999999955,0.0017486338797814162,0.06076502732240413,0.0,1,0,0
gsm8k,dataset,5,13,posterior_mean,5.199999999999999,2.0000000000000018,15,2.0000000000000018,0.009326047358834246,2.0496903460837883,0.0,3,2,1
gsm8k,dataset,5,13,gaussian_lcb_1.645,0.0,0.0,5,0.0,0.0,2.1208014571948994,0.0,0,0,0
gsm8k,dataset,5,14,posterior_mean,2.399999999999991,1.1999999999999955,5,1.1999999999999955,0.013989071038251236,0.7077231329690341,0.0,2,0,0
gsm8k,dataset,5,14,gaussian_lcb_1.645,1.1999999999999955,1.1999999999999955,3,1.1999999999999955,0.012240437158469867,0.7259380692167573,0.0,1,0,0
gsm8k,dataset,5,15,posterior_mean,2.399999999999991,1.1999999999999955,7,1.1999999999999955,0.020983606557376997,1.0653551912568293,0.0,2,0,0
gsm8k,dataset,5,15,gaussian_lcb_1.645,1.1999999999999955,1.1999999999999955,5,1.1999999999999955,0.02972677595628403,1.1089253187613828,0.0,1,0,0
gsm8k,dataset,5,16,posterior_mean,10.79999999999996,1.1999999999999955,19,1.1999999999999955,0.04371584699453532,0.22950819672131037,0.0,9,0,0
gsm8k,dataset,5,16,gaussian_lcb_1.645,7.199999999999973,1.1999999999999955,13,1.1999999999999955,0.02797814207650261,0.24349726775956176,0.0,6,0,0
gsm8k,dataset,5,17,posterior_mean,26.59999999999999,11.899999999999999,15,11.899999999999999,0.28867030965391544,1.034025500910746,0.0,7,4,1
gsm8k,dataset,5,17,gaussian_lcb_1.645,7.099999999999998,5.900000000000002,5,5.900000000000002,0.2586520947176675,1.0232422586520935,0.0,2,1,1
gsm8k,dataset,5,18,posterior_mean,0.0,0.0,1,0.0,0.0,0.06950819672131119,0.0,0,0,0
gsm8k,dataset,5,18,gaussian_lcb_1.645,0.0,0.0,1,0.0,0.0,0.0712568306010926,0.0,0,0,0
gsm8k,dataset,5,19,posterior_mean,5.999999999999978,1.1999999999999955,11,1.1999999999999955,0.017486338797814163,0.18579234972677516,0.0,5,0,0
gsm8k,dataset,5,19,gaussian_lcb_1.645,1.1999999999999955,1.1999999999999955,3,1.1999999999999955,0.003497267759562786,0.23650273224043605,0.0,1,0,0
gsm8k,default,1,0,posterior_mean,214.7,40.3,66,27.799999999999997,1.1277231329690343,1.9972677595628414,0.0,30,17,1
gsm8k,default,1,0,gaussian_lcb_1.645,13.599999999999984,9.400000000000002,11,9.400000000000002,0.11613843351548227,0.9041165755919848,0.0,5,1,1
gsm8k,default,1,1,posterior_mean,85.19999999999996,19.7,38,18.000000000000004,0.6096903460837886,1.479234972677595,0.0,15,9,1
gsm8k,default,1,1,gaussian_lcb_1.645,4.799999999999982,1.1999999999999955,10,1.1999999999999955,0.11453551912568259,0.9293989071038241,0.0,4,0,0
gsm8k,default,1,2,posterior_mean,10.199999999999958,1.1999999999999955,20,1.1999999999999955,0.07810564663023661,1.3530054644808738,0.0,9,0,0
gsm8k,default,1,2,gaussian_lcb_1.645,1.1999999999999955,1.1999999999999955,3,1.1999999999999955,0.0034972677595628324,1.3106010928961744,0.0,1,0,0
gsm8k,default,1,3,posterior_mean,25.599999999999973,10.599999999999998,30,10.599999999999998,0.26142076502732164,1.3950455373406172,0.0,14,1,1
gsm8k,default,1,3,gaussian_lcb_1.645,1.200000000000001,1.200000000000001,4,1.200000000000001,0.015737704918032818,1.3693989071038228,0.0,1,0,0
gsm8k,default,1,4,posterior_mean,11.500000000000002,4.499999999999998,16,4.499999999999998,0.07431693989071042,1.5511839708561006,0.0,7,2,1
gsm8k,default,1,4,gaussian_lcb_1.645,13.79999999999999,4.499999999999998,14,4.499999999999998,0.08903460837887064,1.6052459016393428,0.0,6,2,1
gsm8k,default,1,5,posterior_mean,31.399999999999977,13.5,40,9.500000000000004,0.9065209471766834,2.447395264116573,0.0,18,5,1
gsm8k,default,1,5,gaussian_lcb_1.645,27.59999999999999,13.5,28,9.500000000000004,0.9266302367941696,2.4692531876138415,0.0,13,5,1
gsm8k,default,1,6,posterior_mean,215.30000000000004,40.3,52,27.799999999999997,1.3272131147540966,2.196757741347904,0.0,22,16,1
gsm8k,default,1,6,gaussian_lcb_1.645,0.40000000000000036,0.20000000000000018,6,0.20000000000000018,0.0034972677595628493,1.2126775956284137,0.0,2,0,0
gsm8k,default,1,7,posterior_mean,4.5999999999999925,1.200000000000001,12,1.200000000000001,0.02360655737704911,0.789216757741345,0.0,5,0,0
gsm8k,default,1,7,gaussian_lcb_1.645,0.6000000000000005,0.20000000000000018,8,0.20000000000000018,0.0046630236794171324,0.7965027322404344,0.0,3,0,0
gsm8k,default,1,8,posterior_mean,111.09999999999994,19.7,56,18.000000000000004,0.6177049180327873,1.487249544626594,0.0,24,15,1
gsm8k,default,1,8,gaussian_lcb_1.645,3.399999999999992,2.399999999999997,5,2.399999999999997,0.012240437158469876,0.7605464480874313,0.0,2,1,1
gsm8k,default,1,9,posterior_mean,27.199999999999967,14.800000000000002,21,14.800000000000002,0.14950819672131105,0.25049180327868764,0.0,9,4,1
gsm8k,default,1,9,gaussian_lcb_1.645,8.999999999999975,2.399999999999997,14,2.399999999999997,0.06907103825136601,0.17005464480874258,0.0,6,2,1
gsm8k,default,1,10,posterior_mean,48.59999999999999,15.999999999999998,17,15.999999999999998,0.48757741347905287,1.4655737704918026,0.0,8,8,1
gsm8k,default,1,10,gaussian_lcb_1.645,41.4,15.999999999999998,11,15.999999999999998,0.47285974499089256,1.4681967213114748,0.0,5,4,1
gsm8k,default,1,11,posterior_mean,21.199999999999967,2.399999999999997,36,2.399999999999997,0.3331147540983596,0.4935519125683042,0.0,17,1,1
gsm8k,default,1,11,gaussian_lcb_1.645,2.399999999999991,1.1999999999999955,5,1.1999999999999955,0.31475409836065443,0.475191256830599,0.0,2,0,0
gsm8k,default,1,12,posterior_mean,35.6,17.700000000000003,14,17.700000000000003,0.45843351548269584,0.6153734061930777,0.0,7,3,1
gsm8k,default,1,12,gaussian_lcb_1.645,34.2,17.700000000000003,10,17.700000000000003,0.35234972677595666,0.6343169398907098,0.0,5,3,1
gsm8k,default,1,13,posterior_mean,47.79999999999996,24.999999999999996,24,15.000000000000002,0.4851001821493616,1.3843351548269565,0.0,13,6,1
gsm8k,default,1,13,gaussian_lcb_1.645,19.199999999999985,13.199999999999996,11,12.2,0.31271402550091,1.211948998178505,0.0,5,3,1
gsm8k,default,1,14,posterior_mean,13.599999999999952,2.399999999999997,28,2.399999999999997,0.058287795992713894,0.17063752276866975,0.0,13,1,1
gsm8k,default,1,14,gaussian_lcb_1.645,6.999999999999967,0.9999999999999953,16,0.9999999999999953,0.1289617486338791,0.24364298724954345,0.0,7,0,0
gsm8k,default,1,15,posterior_mean,17.399999999999977,12.4,14,12.4,0.8718397085610193,2.251803278688524,0.0,6,1,1
gsm8k,default,1,15,gaussian_lcb_1.645,13.399999999999995,12.4,6,12.4,0.9082695810564655,2.3063023679417114,0.0,2,1,1
gsm8k,default,1,16,posterior_mean,1.4000000000000012,0.20000000000000018,16,0.20000000000000018,0.009034608378870655,0.40874316939890504,0.0,7,0,0
gsm8k,default,1,16,gaussian_lcb_1.645,0.9999999999999953,0.9999999999999953,4,0.9999999999999953,0.0014571948998178068,0.4189435336976298,0.0,1,0,0
gsm8k,default,1,17,posterior_mean,184.29999999999998,40.3,44,27.799999999999997,1.078469945355191,1.9480145719489963,0.0,18,14,1
gsm8k,default,1,17,gaussian_lcb_1.645,0.0,0.0,3,0.0,0.0,1.684116575591983,0.0,0,0,0
gsm8k,default,1,18,posterior_mean,78.99999999999999,11.5,31,11.5,0.34229508196721364,1.578724954462659,0.0,14,11,1
gsm8k,default,1,18,gaussian_lcb_1.645,18.29999999999998,10.500000000000004,17,10.500000000000004,0.2166848816029141,1.4698724954462652,0.0,7,2,1
gsm8k,default,1,19,posterior_mean,94.69999999999995,19.7,55,18.000000000000004,0.6082331511839707,1.951074681238615,0.0,23,10,1
gsm8k,default,1,19,gaussian_lcb_1.645,13.999999999999982,7.499999999999998,16,7.499999999999998,0.4466302367941704,1.4648451730418932,0.0,7,1,1
gsm8k,default,2,0,posterior_mean,22.70000000000001,10.400000000000004,29,10.400000000000004,0.06673952641165753,1.8623679417122012,0.0,13,4,1
gsm8k,default,2,0,gaussian_lcb_1.645,2.400000000000002,0.6000000000000005,11,0.6000000000000005,0.009617486338797858,1.8139890710382487,0.0,4,0,0
gsm8k,default,2,1,posterior_mean,96.39999999999998,22.499999999999996,42,18.000000000000004,0.5795264116575597,1.4097267759562844,0.0,17,10,1
gsm8k,default,2,1,gaussian_lcb_1.645,17.799999999999986,10.600000000000003,10,10.600000000000003,0.031183970856102014,0.08495446265938049,0.0,5,1,1
gsm8k,default,2,2,posterior_mean,88.3,22.499999999999996,34,18.000000000000004,0.5406193078324228,1.3708196721311476,0.0,13,9,1
gsm8k,default,2,2,gaussian_lcb_1.645,1.799999999999996,1.799999999999996,3,1.799999999999996,0.0026229508196721285,0.7822950819672129,0.0,1,0,0
gsm8k,default,2,3,posterior_mean,10.799999999999981,3.599999999999998,13,3.599999999999998,0.022440801457194882,0.9963570127504554,0.0,5,1,1
gsm8k,default,2,3,gaussian_lcb_1.645,7.1999999999999895,3.599999999999998,8,3.599999999999998,0.013114754098360652,0.987030965391621,0.0,3,1,1
gsm8k,default,2,4,posterior_mean,25.8,10.400000000000004,12,10.400000000000004,0.037595628415299794,2.2037158469945344,0.0,5,2,1
gsm8k,default,2,4,gaussian_lcb_1.645,1.799999999999996,1.799999999999996,4,1.799999999999996,0.002622950819672059,2.1975956284153,0.0,1,0,0
gsm8k,default,2,5,posterior_mean,90.6,12.4,50,12.4,0.5366848816029128,2.1097632058287767,0.0,22,10,1
gsm8k,default,2,5,gaussian_lcb_1.645,8.399999999999991,2.100000000000002,17,2.100000000000002,0.030601092896174808,1.916684881602912,0.0,6,2,1
gsm8k,default,2,6,posterior_mean,136.49999999999997,40.199999999999996,43,27.6,1.2881602914389794,2.1183606557377046,0.0,18,13,1
gsm8k,default,2,6,gaussian_lcb_1.645,12.899999999999995,10.300000000000004,10,8.100000000000001,0.05901639344262305,1.3046265938069204,0.0,5,2,1
gsm8k,default,2,7,posterior_mean,5.3999999999999995,2.100000000000002,7,2.100000000000002,0.007868852459016367,0.4874316939890688,0.0,3,2,1
gsm8k,default,2,7,gaussian_lcb_1.645,0.0,0.0,1,0.0,0.0,0.4935519125683038,0.0,0,0,0
gsm8k,default,2,8,posterior_mean,110.39999999999996,22.499999999999996,46,18.000000000000004,0.7026593806921676,1.5328597449908925,0.0,19,10,1
gsm8k,default,2,8,gaussian_lcb_1.645,1.799999999999996,1.799999999999996,3,1.799999999999996,0.002622950819672059,0.6433879781420759,0.0,1,0,0
gsm8k,default,2,9,posterior_mean,19.79999999999999,16.200000000000003,13,12.7,0.33457194899817766,0.5247358834244062,0.0,6,2,1
gsm8k,default,2,9,gaussian_lcb_1.645,3.299999999999997,2.100000000000002,5,2.100000000000002,0.09836065573770482,0.4887431693989052,0.0,2,1,1
gsm8k,default,2,10,posterior_mean,28.999999999999993,15.999999999999998,24,15.999999999999998,0.3105282331511832,1.3111111111111096,0.0,12,2,1
gsm8k,default,2,10,gaussian_lcb_1.645,24.899999999999995,15.999999999999998,16,15.999999999999998,0.0960291438979965,1.334280510018214,0.0,8,2,1
gsm8k,default,2,11,posterior_mean,20.400000000000006,2.100000000000002,40,2.100000000000002,0.18273224043715866,0.8668852459016385,0.0,19,1,1
gsm8k,default,2,11,gaussian_lcb_1.645,6.6000000000000005,2.100000000000002,15,1.5000000000000013,0.2557377049180329,0.9556284153005454,0.0,7,0,0
gsm8k,default,2,12,posterior_mean,8.400000000000007,2.100000000000002,9,2.100000000000002,0.1377049180327871,0.6461202185792334,0.0,4,4,1
gsm8k,default,2,12,gaussian_lcb_1.645,6.300000000000006,2.100000000000002,7,2.100000000000002,0.055081967213114945,0.5652459016393423,0.0,3,3,1
gsm8k,default,2,13,posterior_mean,11.299999999999983,3.299999999999997,12,3.299999999999997,0.061930783242258765,0.98040072859745,0.0,6,2,1
gsm8k,default,2,13,gaussian_lcb_1.645,5.8999999999999995,3.299999999999997,4,3.299999999999997,0.06630236794171211,0.9847723132969033,0.0,2,2,1
gsm8k,default,2,14,posterior_mean,20.099999999999994,3.299999999999997,21,3.299999999999997,0.4126775956284146,0.5224043715846981,0.0,10,7,1
gsm8k,default,2,14,gaussian_lcb_1.645,9.600000000000003,3.299999999999997,8,3.299999999999997,0.33683060109289653,0.6222950819672122,0.0,4,4,1
gsm8k,default,2,15,posterior_mean,291.70000000000005,40.199999999999996,63,32.5,2.788925318761384,3.6191256830601115,0.0,26,20,1
gsm8k,default,2,15,gaussian_lcb_1.645,38.999999999999986,13.199999999999996,15,12.2,1.586885245901638,2.6337340619307827,0.0,6,3,1
gsm8k,default,2,16,posterior_mean,14.000000000000002,9.500000000000004,10,8.900000000000002,0.04225865209471768,0.2778870673952631,0.0,5,2,1
gsm8k,default,2,16,gaussian_lcb_1.645,2.7000000000000024,2.100000000000002,4,2.100000000000002,0.02928961748633881,0.2736612021857913,0.0,2,1,1
gsm8k,default,2,17,posterior_mean,255.59999999999997,40.199999999999996,57,32.5,1.3433879781420772,2.173588342440802,0.0,24,18,1
gsm8k,default,2,17,gaussian_lcb_1.645,0.0,0.0,2,0.0,0.0,1.811183970856101,0.0,0,0,0
gsm8k,default,2,18,posterior_mean,26.1,14.800000000000002,10,14.800000000000002,0.27817850637522756,2.3132969034608344,0.0,4,2,1
gsm8k,default,2,18,gaussian_lcb_1.645,26.1,14.800000000000002,10,14.800000000000002,0.279927140255009,2.3202914389799605,0.0,4,2,1
gsm8k,default,2,19,posterior_mean,144.7,22.499999999999996,46,18.000000000000004,0.8947176684881591,2.0701275045537337,0.0,19,14,1
gsm8k,default,2,19,gaussian_lcb_1.645,4.799999999999987,1.799999999999996,8,1.799999999999996,0.2644808743169394,1.3658652094717671,0.0,3,0,0
gsm8k,default,3,0,posterior_mean,183.7,39.199999999999996,64,27.699999999999996,1.7624772313296897,2.612531876138435,0.0,29,18,1
gsm8k,default,3,0,gaussian_lcb_1.645,4.099999999999998,4.099999999999998,6,4.099999999999998,0.753952641165755,1.6471402550091057,0.0,1,1,1
gsm8k,default,3,1,posterior_mean,111.80000000000001,20.8,52,19.599999999999998,1.0072131147540972,1.857267759562839,0.0,22,11,1
gsm8k,default,3,1,gaussian_lcb_1.645,6.0,1.9999999999999962,14,1.9999999999999962,0.4528961748633865,1.3311475409836049,0.0,6,1,1
gsm8k,default,3,2,posterior_mean,102.99999999999999,20.8,42,18.3,0.678834244080146,1.5288888888888887,0.0,19,13,1
gsm8k,default,3,2,gaussian_lcb_1.645,0.0,0.0,1,0.0,0.0,0.600437158469945,0.0,0,0,0
gsm8k,default,3,3,posterior_mean,13.199999999999962,1.9999999999999962,21,1.9999999999999962,0.17952641165755845,1.2487431693989064,0.0,10,3,1
gsm8k,default,3,3,gaussian_lcb_1.645,7.599999999999979,1.9999999999999962,12,1.9999999999999962,0.1471766848816024,1.2324225865209464,0.0,5,2,1
gsm8k,default,3,4,posterior_mean,37.1,12.2,17,12.2,1.297777777777776,2.503169398907102,0.0,6,3,1
gsm8k,default,3,4,gaussian_lcb_1.645,8.100000000000001,8.100000000000001,6,8.100000000000001,0.2124590163934426,2.487285974499088,0.0,1,1,1
gsm8k,default,3,5,posterior_mean,39.49999999999999,10.600000000000003,26,9.800000000000002,0.4622222222222217,2.508451730418941,0.0,10,6,1
gsm8k,default,3,5,gaussian_lcb_1.645,18.2,9.499999999999996,17,9.499999999999996,0.20925318761384326,2.46765027322404,0.0,6,4,1
gsm8k,default,3,6,posterior_mean,274.90000000000003,39.199999999999996,64,33.900000000000006,1.9817122040072865,2.83176684881603,0.0,29,24,1
gsm8k,default,3,6,gaussian_lcb_1.645,16.499999999999996,12.4,6,12.4,0.36692167577413476,1.370928961748633,0.0,2,2,1
gsm8k,default,3,7,posterior_mean,34.099999999999994,23.1,12,23.1,0.1703460837887068,0.45755919854280414,0.0,6,3,1
gsm8k,default,3,7,gaussian_lcb_1.645,7.59999999999999,1.9999999999999962,10,1.9999999999999962,0.14513661202185785,0.4428415300546437,0.0,5,3,1
gsm8k,default,3,8,posterior_mean,93.60000000000002,20.8,36,18.3,0.5964298724954465,1.4464845173041896,0.0,16,11,1
gsm8k,default,3,8,gaussian_lcb_1.645,4.099999999999998,4.099999999999998,3,4.099999999999998,0.3285974499089251,1.0007285974499083,0.0,1,1,1
gsm8k,default,3,9,posterior_mean,39.400000000000006,10.600000000000003,27,10.600000000000003,0.4082331511839706,0.8519489981785051,0.0,13,10,1
gsm8k,default,3,9,gaussian_lcb_1.645,18.9,2.9000000000000026,17,2.9000000000000026,0.3256102003642986,0.8147905282331501,0.0,8,6,1
gsm8k,default,3,10,posterior_mean,30.49999999999998,15.999999999999998,23,15.999999999999998,0.18841530054644814,1.4252094717668464,0.0,11,2,1
gsm8k,default,3,10,gaussian_lcb_1.645,26.499999999999996,15.999999999999998,18,15.999999999999998,0.09267759562841531,1.3992714025500894,0.0,9,2,1
gsm8k,default,3,11,posterior_mean,27.800000000000015,13.8,20,13.0,0.11351548269581072,0.8221493624772304,0.0,10,5,1
gsm8k,default,3,11,gaussian_lcb_1.645,11.500000000000005,2.9000000000000026,13,2.9000000000000026,0.0477959927140257,0.7651730418943521,0.0,6,3,1
gsm8k,default,3,12,posterior_mean,37.699999999999996,16.400000000000002,20,10.400000000000004,0.34579234972677575,0.5551912568306001,0.0,10,6,1
gsm8k,default,3,12,gaussian_lcb_1.645,15.999999999999998,10.400000000000004,12,10.400000000000004,0.41617486338797804,0.6360655737704911,0.0,5,3,1
gsm8k,default,3,13,posterior_mean,34.39999999999998,19.099999999999998,20,11.899999999999999,0.15344262295081953,1.052677595628415,0.0,10,9,1
gsm8k,default,3,13,gaussian_lcb_1.645,6.099999999999994,4.099999999999998,5,4.099999999999998,0.06863387978142073,0.9678688524590162,0.0,2,2,1
gsm8k,default,3,14,posterior_mean,17.30000000000001,2.9000000000000026,15,2.9000000000000026,0.24757741347905307,0.5111839708561012,0.0,7,6,1
gsm8k,default,3,14,gaussian_lcb_1.645,6.600000000000006,2.9000000000000026,7,2.9000000000000026,0.16597449908925346,0.4330783242258644,0.0,3,2,1
gsm8k,default,3,15,posterior_mean,21.699999999999992,4.499999999999998,16,4.499999999999998,0.16029143897996365,1.463752276867031,0.0,6,6,1
gsm8k,default,3,15,gaussian_lcb_1.645,14.69999999999999,4.499999999999998,11,4.499999999999998,0.06324225865209476,1.3667030965391622,0.0,4,4,1
gsm8k,default,3,16,posterior_mean,4.799999999999994,1.9999999999999962,8,1.9999999999999962,0.054790528233151115,0.15577413479052776,0.0,4,1,1
gsm8k,default,3,16,gaussian_lcb_1.645,6.799999999999989,1.9999999999999962,9,1.9999999999999962,0.02797814207650271,0.12896174863387935,0.0,4,3,1
gsm8k,default,3,17,posterior_mean,265.5,39.199999999999996,58,33.900000000000006,1.516138433515483,2.3661930783242258,0.0,26,21,1
gsm8k,default,3,17,gaussian_lcb_1.645,0.0,0.0,2,0.0,0.0,1.6302732240437152,0.0,0,0,0
gsm8k,default,3,18,posterior_mean,71.39999999999999,14.800000000000002,21,14.800000000000002,0.7766848816029136,2.10710382513661,0.0,9,7,1
gsm8k,default,3,18,gaussian_lcb_1.645,38.6,14.800000000000002,8,14.800000000000002,0.5691803278688521,2.2845901639344253,0.0,3,3,1
gsm8k,default,3,19,posterior_mean,129.1,20.8,50,18.3,1.2220036429872478,2.396429872495445,0.0,22,16,1
gsm8k,default,3,19,gaussian_lcb_1.645,22.699999999999996,7.499999999999998,16,7.499999999999998,0.8890346083788689,1.7714389799635675,0.0,7,6,1
gsm8k,default,4,0,posterior_mean,251.9,39.3,66,34.3,1.2757741347905291,2.1055373406193088,0.0,29,18,1
gsm8k,default,4,0,gaussian_lcb_1.645,0.0,0.0,2,0.0,0.0,1.02870673952641,0.0,0,0,0
gsm8k,default,4,1,posterior_mean,101.39999999999998,21.9,50,18.200000000000003,0.6563205828779601,1.486083788706739,0.0,22,12,1
gsm8k,default,4,1,gaussian_lcb_1.645,4.799999999999999,2.799999999999997,14,2.799999999999997,0.03497267759562835,0.7457923497267755,0.0,6,1,1
gsm8k,default,4,2,posterior_mean,6.7999999999999785,2.399999999999997,18,2.399999999999997,0.1393078324225863,0.9734426229508181,0.0,8,1,1
gsm8k,default,4,2,gaussian_lcb_1.645,5.199999999999971,0.7999999999999952,16,0.7999999999999952,0.018652094717668436,0.9536247723132952,0.0,7,0,0
gsm8k,default,4,3,posterior_mean,28.59999999999999,18.799999999999997,21,18.799999999999997,0.10462659380692178,1.2557377049180336,0.0,11,2,1
gsm8k,default,4,3,gaussian_lcb_1.645,0.40000000000000036,0.40000000000000036,3,0.40000000000000036,0.07373406193078326,1.2248451730418948,0.0,1,0,0
gsm8k,default,4,4,posterior_mean,103.19999999999996,15.999999999999998,49,15.999999999999998,0.9308561020036429,2.2399999999999993,0.0,24,12,1
gsm8k,default,4,4,gaussian_lcb_1.645,20.199999999999996,13.200000000000001,11,9.000000000000002,1.0188706739526414,2.376976320582877,0.0,5,4,1
gsm8k,default,4,5,posterior_mean,16.799999999999994,10.799999999999999,20,10.799999999999999,0.08714025500910744,1.5399999999999996,0.0,9,2,1
gsm8k,default,4,5,gaussian_lcb_1.645,1.200000000000001,0.40000000000000036,9,0.40000000000000036,0.049836065573770544,1.506775956284153,0.0,3,0,0
gsm8k,default,4,6,posterior_mean,225.2,39.3,59,27.400000000000002,1.2703825136612026,2.1001457194899813,0.0,26,16,1
gsm8k,default,4,6,gaussian_lcb_1.645,1.5999999999999903,0.7999999999999952,8,0.7999999999999952,0.06353369763205792,1.140692167577411,0.0,2,0,0
gsm8k,default,4,7,posterior_mean,62.0,18.299999999999997,21,14.800000000000002,0.4279781420765023,0.6003642987249533,0.0,10,7,1
gsm8k,default,4,7,gaussian_lcb_1.645,40.6,15.599999999999998,12,14.800000000000002,0.39825136612021844,0.5892896174863382,0.0,5,3,1
gsm8k,default,4,8,posterior_mean,100.19999999999996,21.9,46,18.200000000000003,0.6892531876138436,1.5190163934426226,0.0,20,12,1
gsm8k,default,4,8,gaussian_lcb_1.645,6.399999999999989,2.799999999999997,13,2.799999999999997,0.17690346083788647,1.0999635701275035,0.0,6,1,1
gsm8k,default,4,9,posterior_mean,0.8000000000000007,0.40000000000000036,6,0.40000000000000036,0.00174863387978144,1.1389435336976308,0.0,2,0,0
gsm8k,default,4,9,gaussian_lcb_1.645,3.5999999999999863,1.1999999999999955,8,1.1999999999999955,0.01398907103825133,1.1581785063752261,0.0,3,0,0
gsm8k,default,4,10,posterior_mean,30.39999999999997,15.999999999999998,28,15.999999999999998,0.11511839708561011,0.9976684881602905,0.0,13,4,1
gsm8k,default,4,10,gaussian_lcb_1.645,23.99999999999999,15.999999999999998,18,15.999999999999998,0.09763205828779607,0.9801821493624763,0.0,8,3,1
gsm8k,default,4,11,posterior_mean,12.799999999999972,2.799999999999997,26,2.799999999999997,0.08160291438979943,0.3667759562841521,0.0,12,2,1
gsm8k,default,4,11,gaussian_lcb_1.645,4.799999999999982,0.7999999999999952,18,0.7999999999999952,0.11074681238615611,0.4134061930783228,0.0,8,0,0
gsm8k,default,4,12,posterior_mean,7.999999999999985,2.799999999999997,17,2.799999999999997,0.09034608378870657,0.19307832422586468,0.0,8,1,1
gsm8k,default,4,12,gaussian_lcb_1.645,1.9999999999999962,1.1999999999999955,7,1.1999999999999955,0.09938069216757739,0.20211293260473562,0.0,3,0,0
gsm8k,default,4,13,posterior_mean,23.99999999999999,10.800000000000004,16,10.800000000000004,0.27948998178506324,1.1979599271402548,0.0,8,5,1
gsm8k,default,4,13,gaussian_lcb_1.645,19.199999999999996,10.800000000000004,8,10.800000000000004,0.040218579234972705,0.9586885245901637,0.0,4,4,1
gsm8k,default,4,14,posterior_mean,3.599999999999992,1.1999999999999955,15,1.1999999999999955,0.12415300546448052,0.2181420765027317,0.0,6,0,0
gsm8k,default,4,14,gaussian_lcb_1.645,10.799999999999944,1.1999999999999955,30,1.1999999999999955,0.21158469945355118,0.3061566484517293,0.0,14,0,0
gsm8k,default,4,15,posterior_mean,284.79999999999995,39.3,83,34.3,1.7213843351548277,2.55114754098361,0.0,38,22,1
gsm8k,default,4,15,gaussian_lcb_1.645,42.09999999999997,17.299999999999997,38,13.100000000000001,0.5806921675774135,1.6129690346083783,0.0,18,6,1
gsm8k,default,4,16,posterior_mean,15.500000000000009,10.700000000000005,9,10.700000000000005,0.024918032786885293,0.22207650273223967,0.0,4,1,1
gsm8k,default,4,16,gaussian_lcb_1.645,1.6000000000000014,1.6000000000000014,3,1.6000000000000014,0.0023315118397085662,0.2012386156648443,0.0,1,0,0
gsm8k,default,4,17,posterior_mean,55.19999999999998,15.999999999999998,21,15.999999999999998,0.773624772313296,1.924808743169398,0.0,9,7,1
gsm8k,default,4,17,gaussian_lcb_1.645,45.199999999999996,15.999999999999998,11,15.999999999999998,0.685173041894353,1.8975591985428042,0.0,4,4,1
gsm8k,default,4,18,posterior_mean,3.9999999999999867,0.7999999999999952,17,0.7999999999999952,0.03730418943533687,1.2594535519125698,0.0,7,0,0
gsm8k,default,4,18,gaussian_lcb_1.645,1.9999999999999962,0.7999999999999952,11,0.7999999999999952,0.008160291438979941,1.2489617486338809,0.0,4,0,0
gsm8k,default,4,19,posterior_mean,147.0,21.9,51,19.9,0.8370127504553736,2.0366120218579247,0.0,22,13,1
gsm8k,default,4,19,gaussian_lcb_1.645,30.799999999999994,19.9,16,19.9,0.1133697632058287,1.446302367941713,0.0,7,2,1
gsm8k,default,5,0,posterior_mean,203.7,39.699999999999996,62,27.6,1.6081602914389788,2.4593806921675774,0.0,22,17,1
gsm8k,default,5,0,gaussian_lcb_1.645,6.799999999999984,3.1999999999999975,17,2.0000000000000018,0.5231329690346066,1.302367941712202,0.0,5,1,1
gsm8k,default,5,1,posterior_mean,98.29999999999994,19.9,55,18.1,0.767067395264116,1.6182877959927136,0.0,24,11,1
gsm8k,default,5,1,gaussian_lcb_1.645,16.59999999999998,10.600000000000003,17,10.600000000000003,0.24801457194899737,0.30178506375227565,0.0,6,1,1
gsm8k,default,5,2,posterior_mean,22.79999999999997,3.1999999999999975,20,3.1999999999999975,0.21333333333333301,1.303315118397086,0.0,10,6,1
gsm8k,default,5,2,gaussian_lcb_1.645,9.599999999999993,3.1999999999999975,8,3.1999999999999975,0.11424408014571938,1.204225865209472,0.0,4,3,1
gsm8k,default,5,3,posterior_mean,17.19999999999997,3.1999999999999975,21,3.1999999999999975,0.4316211293260467,1.3265573770491799,0.0,10,4,1
gsm8k,default,5,3,gaussian_lcb_1.645,13.599999999999984,3.1999999999999975,14,3.1999999999999975,0.1707832422586519,1.081457194899817,0.0,6,4,1
gsm8k,default,5,4,posterior_mean,19.49999999999999,15.999999999999998,9,15.999999999999998,0.06397085610200365,1.5269945355191252,0.0,4,1,1
gsm8k,default,5,4,gaussian_lcb_1.645,3.499999999999992,1.1999999999999955,7,1.1999999999999955,0.020837887067395217,1.5538069216757737,0.0,3,0,0
gsm8k,default,5,5,posterior_mean,37.8,12.2,15,11.000000000000004,0.4263752276867026,1.8209471766848806,0.0,7,3,1
gsm8k,default,5,5,gaussian_lcb_1.645,37.99999999999999,12.4,11,12.4,0.5560655737704909,1.9593806921675758,0.0,5,3,1
gsm8k,default,5,6,posterior_mean,292.5,39.699999999999996,63,33.800000000000004,1.5329690346083786,2.384189435336976,0.0,28,22,1
gsm8k,default,5,6,gaussian_lcb_1.645,25.200000000000006,11.000000000000004,10,11.000000000000004,0.04429872495446272,1.0448087431693982,0.0,4,4,1
gsm8k,default,5,7,posterior_mean,25.09999999999995,11.899999999999999,25,11.899999999999999,0.13100182149362385,0.26870673952641,0.0,12,1,1
gsm8k,default,5,7,gaussian_lcb_1.645,7.199999999999973,1.1999999999999955,13,1.1999999999999955,0.01398907103825133,0.15519125683060042,0.0,6,0,0
gsm8k,default,5,8,posterior_mean,124.29999999999998,19.9,54,18.1,0.7664845173041895,1.6177049180327876,0.0,24,18,1
gsm8k,default,5,8,gaussian_lcb_1.645,4.399999999999993,3.1999999999999975,5,3.1999999999999975,0.02506375227686699,0.6344626593806917,0.0,2,1,1
gsm8k,default,5,9,posterior_mean,19.599999999999984,14.800000000000002,13,14.800000000000002,0.10258652094717655,0.21581056466302304,0.0,5,1,1
gsm8k,default,5,9,gaussian_lcb_1.645,3.5999999999999863,1.1999999999999955,7,1.1999999999999955,0.01923497267759563,0.13245901639344212,0.0,3,0,0
gsm8k,default,5,10,posterior_mean,20.39999999999998,3.1999999999999975,32,3.1999999999999975,0.4342440801457183,1.2746812386156627,0.0,12,6,1
gsm8k,default,5,10,gaussian_lcb_1.645,15.200000000000008,3.1999999999999975,29,2.0000000000000018,0.6248451730418929,1.4652823315118375,0.0,8,7,1
gsm8k,default,5,11,posterior_mean,9.199999999999974,2.0000000000000018,29,2.0000000000000018,0.029143897996356995,0.9589799635701263,0.0,7,1,1
gsm8k,default,5,11,gaussian_lcb_1.645,0.0,0.0,7,0.0,0.0,0.9805464480874306,0.0,0,0,0
gsm8k,default,5,12,posterior_mean,31.999999999999996,14.800000000000002,13,14.800000000000002,0.2165391621129322,1.329253187613843,0.0,5,3,1
gsm8k,default,5,12,gaussian_lcb_1.645,14.800000000000002,10.700000000000005,7,10.700000000000005,0.0670309653916212,1.3483424408014566,0.0,2,2,1
gsm8k,default,5,13,posterior_mean,20.39999999999999,15.999999999999998,9,15.999999999999998,0.3654644808743163,1.2646994535519123,0.0,3,2,1
gsm8k,default,5,13,gaussian_lcb_1.645,18.399999999999988,15.999999999999998,10,13.199999999999996,0.3654644808743163,1.264699453551912,0.0,4,2,1
gsm8k,default,5,14,posterior_mean,5.999999999999978,1.1999999999999955,19,1.1999999999999955,0.13377049180327824,0.3999999999999983,0.0,5,0,0
gsm8k,default,5,14,gaussian_lcb_1.645,3.5999999999999863,1.1999999999999955,17,1.1999999999999955,0.03846994535519106,0.4419672131147522,0.0,3,0,0
gsm8k,default,5,15,posterior_mean,245.89999999999998,39.699999999999996,65,33.800000000000004,1.4962477231329696,2.3474681238615687,0.0,26,16,1
gsm8k,default,5,15,gaussian_lcb_1.645,0.0,0.0,5,0.0,0.0,1.3432422586520942,0.0,0,0,0
gsm8k,default,5,16,posterior_mean,9.199999999999974,2.0000000000000018,15,2.0000000000000018,0.088597449908925,0.18958105646630158,0.0,7,1,1
gsm8k,default,5,16,gaussian_lcb_1.645,3.5999999999999863,1.1999999999999955,7,1.1999999999999955,0.08743169398907072,0.18841530054644726,0.0,3,0,0
gsm8k,default,5,17,posterior_mean,200.39999999999995,39.699999999999996,53,27.6,1.0962477231329697,1.9474681238615668,0.0,25,15,1
gsm8k,default,5,17,gaussian_lcb_1.645,8.700000000000003,8.700000000000003,5,7.500000000000001,0.09267759562841542,1.6790163934426223,0.0,2,1,1
gsm8k,default,5,18,posterior_mean,55.399999999999984,14.800000000000002,24,14.800000000000002,0.11511839708561009,1.415519125683059,0.0,11,5,1
gsm8k,default,5,18,gaussian_lcb_1.645,17.900000000000006,14.800000000000002,8,14.800000000000002,0.028998178506375274,1.3661202185792343,0.0,3,2,1
gsm8k,default,5,19,posterior_mean,140.3,19.299999999999997,53,18.1,1.682987249544626,3.4497632058287793,0.0,19,14,1
gsm8k,default,5,19,gaussian_lcb_1.645,30.5,13.4,24,8.700000000000003,0.681967213114754,2.467832422586523,0.0,8,6,1
piqa,dataset,1,0,posterior_mean,2.0000000000000018,1.0000000000000009,13,1.0000000000000009,0.005177993527508144,0.4538295577130533,0.0,2,0,0
piqa,dataset,1,0,gaussian_lcb_1.645,1.0000000000000009,1.0000000000000009,6,1.0000000000000009,0.0034519956850054294,0.5399568500539379,0.0,1,0,0
piqa,dataset,1,1,posterior_mean,4.600000000000004,2.9000000000000026,12,2.9000000000000026,0.025544768069039984,0.5178640776699035,0.0,2,1,1
piqa,dataset,1,1,gaussian_lcb_1.645,1.7000000000000015,1.7000000000000015,4,1.7000000000000015,0.02640776699029127,0.5263214670981666,0.0,1,0,0
piqa,dataset,1,2,posterior_mean,8.400000000000007,1.200000000000001,27,1.200000000000001,0.2417259978425029,2.9450269687162933,2.200000000000002,12,0,0
piqa,dataset,1,2,gaussian_lcb_1.645,1.7000000000000015,1.200000000000001,15,1.200000000000001,0.012340884573894286,2.873225458468182,2.200000000000002,6,0,0
piqa,dataset,1,3,posterior_mean,12.900000000000011,3.0000000000000027,16,3.0000000000000027,0.18019417475728153,0.63730312837109,0.0,7,3,1
piqa,dataset,1,3,gaussian_lcb_1.645,3.9000000000000035,2.9000000000000026,5,2.9000000000000026,0.12237324703344134,0.5812081984897522,0.0,2,1,1
piqa,dataset,1,4,posterior_mean,20.700000000000017,3.300000000000003,44,3.300000000000003,0.35512405609493025,2.3703559870550204,0.0,21,1,1
piqa,dataset,1,4,gaussian_lcb_1.645,7.100000000000007,3.300000000000003,16,3.300000000000003,0.041078748651564356,2.223559870550168,0.0,7,2,1
piqa,dataset,1,5,posterior_mean,18.700000000000017,7.700000000000006,20,7.700000000000006,0.04384034519956814,1.2176483279395907,0.0,8,4,1
piqa,dataset,1,5,gaussian_lcb_1.645,5.100000000000005,2.200000000000002,12,2.200000000000002,0.008802588996763845,1.2433656957928816,0.0,3,2,1
piqa,dataset,1,6,posterior_mean,30.300000000000026,3.9000000000000035,42,3.9000000000000035,0.3821359223300964,2.018122977346282,0.0,20,6,1
piqa,dataset,1,6,gaussian_lcb_1.645,8.100000000000007,3.0000000000000027,14,3.0000000000000027,0.15533980582524268,2.0771521035598757,0.0,6,2,1
piqa,dataset,1,7,posterior_mean,18.500000000000018,3.200000000000003,31,1.9000000000000017,0.33941747572815545,2.389471413160733,0.0,15,0,0
piqa,dataset,1,7,gaussian_lcb_1.645,4.600000000000004,2.200000000000002,13,2.200000000000002,0.028651564185544945,2.471326860841423,0.0,5,1,1
piqa,dataset,1,8,posterior_mean,32.40000000000003,7.400000000000007,24,6.400000000000006,0.45203883495145714,0.8121467098166139,0.0,10,9,1
piqa,dataset,1,8,gaussian_lcb_1.645,10.80000000000001,6.400000000000006,12,6.400000000000006,0.3357065803667747,0.8178425026968723,0.0,3,3,1
piqa,dataset,1,9,posterior_mean,0.8000000000000007,0.8000000000000007,9,0.8000000000000007,0.1760517799352752,0.6891477885652646,0.0,1,0,0
piqa,dataset,1,9,gaussian_lcb_1.645,0.8000000000000007,0.8000000000000007,7,0.8000000000000007,0.17743257820927735,0.6943257820927726,0.0,1,0,0
piqa,dataset,1,10,posterior_mean,34.20000000000003,10.30000000000001,26,10.30000000000001,0.12099244875943899,0.12099244875943899,0.0,8,8,1
piqa,dataset,1,10,gaussian_lcb_1.645,4.400000000000004,2.200000000000002,10,2.200000000000002,0.007594390507011945,0.007594390507011945,0.0,2,2,1
piqa,dataset,1,11,posterior_mean,13.600000000000001,9.099999999999998,15,9.099999999999998,0.09363538295577115,0.9275512405609491,0.0,4,3,1
piqa,dataset,1,11,gaussian_lcb_1.645,2.9000000000000026,2.9000000000000026,5,2.9000000000000026,0.005005393743257872,0.8746494066882416,0.0,1,1,1
piqa,dataset,1,12,posterior_mean,9.500000000000009,7.300000000000006,13,4.0000000000000036,0.4308090614886735,0.8508737864077677,0.0,3,3,1
piqa,dataset,1,12,gaussian_lcb_1.645,7.300000000000006,7.300000000000006,15,4.0000000000000036,0.43961165048543716,0.8798705501618128,0.0,2,2,1
piqa,dataset,1,13,posterior_mean,20.000000000000007,12.2,9,12.2,0.04125134843581456,0.04125134843581456,0.0,3,3,1
piqa,dataset,1,13,gaussian_lcb_1.645,0.0,0.0,3,0.0,0.0,0.0,0.0,0,0,0
piqa,dataset,1,14,posterior_mean,10.80000000000001,3.9000000000000035,13,3.9000000000000035,0.03883495145631079,0.9955339805825246,0.0,3,3,1
piqa,dataset,1,14,gaussian_lcb_1.645,3.9000000000000035,3.9000000000000035,12,3.9000000000000035,0.006731391585760587,1.0980582524271847,0.0,1,1,1
piqa,dataset,1,15,posterior_mean,6.2000000000000055,4.200000000000004,9,4.200000000000004,0.2614886731391585,1.011240560949299,0.0,3,1,1
piqa,dataset,1,15,gaussian_lcb_1.645,8.800000000000008,3.9000000000000035,7,3.9000000000000035,0.16103559870550158,1.0694066882416398,0.0,3,2,1
piqa,dataset,1,16,posterior_mean,29.600000000000026,10.30000000000001,29,7.400000000000007,0.7788565264293424,0.7788565264293421,4.200000000000004,13,5,1
piqa,dataset,1,16,gaussian_lcb_1.645,4.900000000000004,3.9000000000000035,8,2.9000000000000026,0.802761596548005,0.8027615965480047,0.0,3,1,1
piqa,dataset,1,17,posterior_mean,12.0,10.599999999999998,12,9.199999999999998,0.4653290183387269,2.0641423948220075,0.0,3,1,1
piqa,dataset,1,17,gaussian_lcb_1.645,15.000000000000002,9.199999999999998,14,9.199999999999998,0.5114131607335488,2.1252427184466027,0.0,3,3,1
piqa,dataset,1,18,posterior_mean,8.000000000000007,3.9000000000000035,15,3.9000000000000035,0.04953613807982738,0.718597626752967,0.0,4,2,1
piqa,dataset,1,18,gaussian_lcb_1.645,0.9000000000000008,0.9000000000000008,7,0.9000000000000008,0.02330097087378644,0.7094498381877028,0.0,1,0,0
piqa,dataset,1,19,posterior_mean,8.700000000000008,2.9000000000000026,16,2.9000000000000026,0.1301402373247034,0.1301402373247034,0.0,3,3,1
piqa,dataset,1,19,gaussian_lcb_1.645,0.0,0.0,3,0.0,0.0,0.26437971952535083,0.0,0,0,0
piqa,dataset,2,0,posterior_mean,3.9000000000000035,3.9000000000000035,3,3.9000000000000035,0.006731391585760438,0.46194174757281575,0.0,1,1,1
piqa,dataset,2,0,gaussian_lcb_1.645,0.0,0.0,1,0.0,0.0,0.5023300970873791,0.0,0,0,0
piqa,dataset,2,1,posterior_mean,5.000000000000004,1.0000000000000009,24,0.5000000000000004,0.15715210355987064,2.8388133764832775,0.0,11,0,0
piqa,dataset,2,1,gaussian_lcb_1.645,4.5000000000000036,0.5000000000000004,23,0.5000000000000004,0.022783171521035532,2.9168284789643995,0.0,10,0,0
piqa,dataset,2,2,posterior_mean,10.80000000000001,3.9000000000000035,19,3.9000000000000035,0.04245954692556595,0.04245954692556595,0.0,3,3,1
piqa,dataset,2,2,gaussian_lcb_1.645,0.0,0.0,3,0.0,0.0,0.0,0.0,0,0,0
piqa,dataset,2,3,posterior_mean,11.40000000000001,3.8000000000000034,8,3.8000000000000034,0.08526429341963337,0.6009492988133772,0.0,3,3,1
piqa,dataset,2,3,gaussian_lcb_1.645,7.600000000000007,3.8000000000000034,8,3.8000000000000034,0.08526429341963337,0.6009492988133772,0.0,2,2,1
piqa,dataset,2,4,posterior_mean,10.600000000000009,4.800000000000004,10,4.800000000000004,0.11253505933117597,0.4476159654800435,0.0,5,2,1
piqa,dataset,2,4,gaussian_lcb_1.645,2.9000000000000026,1.9000000000000017,7,1.0000000000000009,0.0878532901833874,0.4313915857605182,0.0,3,0,0
piqa,dataset,2,5,posterior_mean,18.300000000000015,3.9000000000000035,24,3.9000000000000035,0.1195253505933119,1.6581014023732492,0.0,10,4,1
piqa,dataset,2,5,gaussian_lcb_1.645,4.800000000000004,3.300000000000003,16,3.300000000000003,0.1240129449838187,1.7024595469255681,0.0,2,1,1
piqa,dataset,2,6,posterior_mean,10.500000000000009,4.800000000000004,13,3.9000000000000035,0.8015533980582531,0.801553398058253,0.0,5,2,1
piqa,dataset,2,6,gaussian_lcb_1.645,0.0,0.0,7,0.0,0.0,0.8620280474649411,0.0,0,0,0
piqa,dataset,2,7,posterior_mean,10.600000000000009,4.800000000000004,10,4.800000000000004,0.16120819848975199,0.16120819848975199,0.0,3,2,1
piqa,dataset,2,7,gaussian_lcb_1.645,10.600000000000009,4.800000000000004,8,4.800000000000004,0.05333333333333344,0.05333333333333344,0.0,3,3,1
piqa,dataset,2,8,posterior_mean,12.300000000000011,3.9000000000000035,24,3.0000000000000027,0.7704854368932045,1.1961812297734638,0.0,9,2,1
piqa,dataset,2,8,gaussian_lcb_1.645,7.800000000000007,3.0000000000000027,10,3.0000000000000027,0.1328155339805826,1.316051779935276,0.0,4,2,1
piqa,dataset,2,9,posterior_mean,15.600000000000014,9.300000000000008,6,9.300000000000008,0.24957928802589047,0.2495792880258904,0.0,3,3,1
piqa,dataset,2,9,gaussian_lcb_1.645,12.300000000000011,3.300000000000003,8,3.300000000000003,0.6151456310679618,0.6151456310679618,0.0,4,4,1
piqa,dataset,2,10,posterior_mean,0.0,0.0,2,0.0,0.0,0.6092772384034524,0.0,0,0,0
piqa,dataset,2,10,gaussian_lcb_1.645,0.0,0.0,2,0.0,0.0,0.6092772384034524,0.0,0,0,0
piqa,dataset,2,11,posterior_mean,17.300000000000015,6.600000000000006,17,6.600000000000006,0.13738942826321449,0.6399568500539379,0.0,4,4,1
piqa,dataset,2,11,gaussian_lcb_1.645,6.600000000000006,6.600000000000006,11,6.600000000000006,0.12530744336569583,0.6344336569579292,0.0,1,1,1
piqa,dataset,2,12,posterior_mean,10.499999999999998,4.199999999999992,20,4.199999999999992,0.06765911542610566,2.2207766990291313,0.0,9,1,1
piqa,dataset,2,12,gaussian_lcb_1.645,4.900000000000004,2.9000000000000026,8,2.9000000000000026,0.018468176914779047,2.2226752966558854,0.0,3,1,1
piqa,dataset,2,13,posterior_mean,20.500000000000018,3.9000000000000035,12,3.9000000000000035,0.606084142394823,0.6060841423948232,0.0,6,6,1
piqa,dataset,2,13,gaussian_lcb_1.645,3.9000000000000035,3.9000000000000035,2,3.9000000000000035,0.5822653721682852,0.5822653721682852,0.0,1,1,1
piqa,dataset,2,14,posterior_mean,11.50000000000001,3.9000000000000035,6,3.9000000000000035,0.09855447680690414,0.09855447680690414,0.0,3,3,1
piqa,dataset,2,14,gaussian_lcb_1.645,0.0,0.0,0,0.0,0.0,0.0,0.0,0,0,0
piqa,dataset,2,15,posterior_mean,3.9000000000000035,3.9000000000000035,8,3.9000000000000035,0.10770226537216833,0.10770226537216833,0.0,1,1,1
piqa,dataset,2,15,gaussian_lcb_1.645,0.0,0.0,2,0.0,0.0,0.0,0.0,0,0,0
piqa,dataset,2,16,posterior_mean,11.10000000000001,3.9000000000000035,18,3.9000000000000035,0.067831715210356,0.067831715210356,0.0,3,3,1
piqa,dataset,2,16,gaussian_lcb_1.645,0.0,0.0,8,0.0,0.0,0.0,0.0,0,0,0
piqa,dataset,2,17,posterior_mean,9.000000000000007,3.8000000000000034,19,3.8000000000000034,0.05764832793959004,1.360388349514564,0.0,7,2,1
piqa,dataset,2,17,gaussian_lcb_1.645,0.0,0.0,3,0.0,0.0,1.4207982740021587,0.0,0,0,0
piqa,dataset,2,18,posterior_mean,31.100000000000012,19.400000000000002,11,19.400000000000002,0.08716289104638628,0.5221790722761601,0.0,5,5,1
piqa,dataset,2,18,gaussian_lcb_1.645,0.0,0.0,1,0.0,0.0,0.4417475728155343,0.0,0,0,0
piqa,dataset,2,19,posterior_mean,7.9000000000000075,5.400000000000005,6,3.0000000000000027,0.13566343042071205,0.7698597626752972,0.0,3,3,1
piqa,dataset,2,19,gaussian_lcb_1.645,11.20000000000001,6.300000000000006,6,6.300000000000006,0.15861920172599808,0.806105717367854,0.0,3,3,1
piqa,dataset,3,0,posterior_mean,14.600000000000012,3.9000000000000035,27,2.6000000000000023,0.6948867313915862,0.9714347357065811,0.0,11,1,1
piqa,dataset,3,0,gaussian_lcb_1.645,10.70000000000001,3.9000000000000035,17,2.6000000000000023,0.7605609492988138,1.0415965480043154,0.0,6,3,1
piqa,dataset,3,1,posterior_mean,25.600000000000023,6.900000000000006,18,6.900000000000006,0.08008629989212547,0.7451779935275089,0.0,6,5,1
piqa,dataset,3,1,gaussian_lcb_1.645,0.0,0.0,8,0.0,0.0,0.7177346278317157,0.0,0,0,0
piqa,dataset,3,2,posterior_mean,5.400000000000005,4.700000000000005,16,2.7000000000000024,0.4239050701186626,0.9976914778856536,0.0,7,2,1
piqa,dataset,3,2,gaussian_lcb_1.645,5.800000000000005,2.6000000000000023,18,2.6000000000000023,0.012427184466019316,1.011844660194176,0.0,8,2,1
piqa,dataset,3,3,posterior_mean,24.100000000000023,8.900000000000007,31,8.900000000000007,0.8594606256742188,1.2675512405609495,0.0,10,3,1
piqa,dataset,3,3,gaussian_lcb_1.645,9.100000000000009,2.6000000000000023,13,2.6000000000000023,0.20530744336569615,1.3560949298813374,0.0,4,3,1
piqa,dataset,3,4,posterior_mean,20.000000000000007,11.899999999999999,10,11.899999999999999,0.06437971952535045,0.3841855447680692,0.0,4,4,1
piqa,dataset,3,4,gaussian_lcb_1.645,8.100000000000007,2.7000000000000024,7,2.7000000000000024,0.018640776699029107,0.01864077669902911,0.0,3,3,1
piqa,dataset,3,5,posterior_mean,9.600000000000009,2.400000000000002,36,2.400000000000002,0.1567206040992449,1.5983387270765912,0.0,13,2,1
piqa,dataset,3,5,gaussian_lcb_1.645,7.000000000000006,2.400000000000002,22,2.400000000000002,0.04781014023732447,1.5329234088457397,0.0,9,1,1
piqa,dataset,3,6,posterior_mean,0.0,0.0,15,0.0,0.0,0.0,0.0,0,0,0
piqa,dataset,3,6,gaussian_lcb_1.645,0.0,0.0,9,0.0,0.0,0.0,0.0,0,0,0
piqa,dataset,3,7,posterior_mean,5.300000000000004,2.9000000000000026,11,2.9000000000000026,0.009147788565264386,1.0880043149946075,0.0,2,2,1
piqa,dataset,3,7,gaussian_lcb_1.645,0.0,0.0,3,0.0,0.0,1.1099244875943919,0.0,0,0,0
piqa,dataset,3,8,posterior_mean,9.200000000000008,5.900000000000006,17,5.900000000000006,0.036936353829557726,0.38392664509169394,0.0,3,2,1
piqa,dataset,3,8,gaussian_lcb_1.645,0.9000000000000008,0.9000000000000008,9,0.9000000000000008,0.09165048543689326,0.4505501618122981,0.0,1,0,0
piqa,dataset,3,9,posterior_mean,23.90000000000001,10.999999999999998,12,10.999999999999998,0.05177993527508094,0.05177993527508094,0.0,4,4,1
piqa,dataset,3,9,gaussian_lcb_1.645,0.0,0.0,8,0.0,0.0,0.0,0.0,0,0,0
piqa,dataset,3,10,posterior_mean,28.800000000000026,3.200000000000003,30,3.200000000000003,0.4093203883495147,1.6288457389428268,0.0,12,9,1
piqa,dataset,3,10,gaussian_lcb_1.645,1.6000000000000014,0.40000000000000036,13,0.40000000000000036,0.01933117583603022,1.661121898597629,0.0,4,0,0
piqa,dataset,3,11,posterior_mean,11.10000000000001,3.9000000000000035,21,2.9000000000000026,1.30468176914779,1.6524487594390511,0.0,9,3,1
piqa,dataset,3,11,gaussian_lcb_1.645,1.100000000000001,0.30000000000000027,15,0.30000000000000027,0.03883495145631071,1.7007766990291269,0.0,6,0,0
piqa,dataset,3,12,posterior_mean,27.500000000000025,7.200000000000006,17,7.200000000000006,0.6924703344120821,1.0452211434735712,0.0,8,7,1
piqa,dataset,3,12,gaussian_lcb_1.645,10.20000000000001,7.200000000000006,5,7.200000000000006,0.6192880258899683,0.9772168284789654,0.0,2,2,1
piqa,dataset,3,13,posterior_mean,5.400000000000005,2.7000000000000024,11,2.7000000000000024,0.03728155339805832,0.03728155339805832,0.0,2,2,1
piqa,dataset,3,13,gaussian_lcb_1.645,0.0,0.0,7,0.0,0.0,0.0,0.0,0,0,0
piqa,dataset,3,14,posterior_mean,6.500000000000005,3.9000000000000035,11,3.9000000000000035,0.038144552319309695,0.5741316073354914,0.0,2,2,1
piqa,dataset,3,14,gaussian_lcb_1.645,0.0,0.0,3,0.0,0.0,0.64368932038835,0.0,0,0,0
piqa,dataset,3,15,posterior_mean,16.800000000000015,1.5000000000000013,36,1.5000000000000013,0.09113268608414246,1.5071197411003243,0.0,14,0,0
piqa,dataset,3,15,gaussian_lcb_1.645,3.600000000000003,2.400000000000002,16,2.400000000000002,0.026407766990291223,1.3877022653721693,0.0,5,1,1
piqa,dataset,3,16,posterior_mean,15.600000000000014,4.700000000000005,26,4.700000000000005,0.6785760517799355,0.6785760517799355,0.0,10,4,1
piqa,dataset,3,16,gaussian_lcb_1.645,8.400000000000007,2.9000000000000026,16,2.6000000000000023,0.7181014023732477,0.7181014023732475,0.0,5,3,1
piqa,dataset,3,17,posterior_mean,4.100000000000003,4.100000000000003,7,4.100000000000003,0.007076591154260972,0.8980582524271846,0.0,1,1,1
piqa,dataset,3,17,gaussian_lcb_1.645,0.0,0.0,3,0.0,0.0,0.9015102481121903,0.0,0,0,0
piqa,dataset,3,18,posterior_mean,18.200000000000017,9.800000000000008,13,9.800000000000008,0.05160733549083079,0.05160733549083079,0.0,3,3,1
piqa,dataset,3,18,gaussian_lcb_1.645,0.0,0.0,17,0.0,0.0,0.0,0.0,0,0,0
piqa,dataset,3,19,posterior_mean,30.900000000000027,7.400000000000007,30,7.400000000000007,0.2418985976267528,1.7801725997842497,0.0,13,8,1
piqa,dataset,3,19,gaussian_lcb_1.645,7.100000000000007,2.300000000000002,11,2.300000000000002,0.2289536138079829,1.7953613807982736,0.0,4,3,1
piqa,dataset,4,0,posterior_mean,23.00000000000002,6.100000000000005,25,6.000000000000005,0.5429126213592237,3.4332470334412064,0.0,7,4,1
piqa,dataset,4,0,gaussian_lcb_1.645,4.600000000000004,1.4000000000000012,27,1.4000000000000012,0.04453074433656962,3.2256094929881325,0.0,4,0,0
piqa,dataset,4,1,posterior_mean,16.500000000000014,3.9000000000000035,22,3.9000000000000035,0.23732470334412145,0.7927076591154271,0.0,7,5,1
piqa,dataset,4,1,gaussian_lcb_1.645,7.800000000000007,3.9000000000000035,14,3.9000000000000035,0.026925566343042044,0.026925566343042044,0.0,2,2,1
piqa,dataset,4,2,posterior_mean,27.800000000000026,3.9000000000000035,18,3.9000000000000035,0.20073354908306368,0.20073354908306368,0.0,9,9,1
piqa,dataset,4,2,gaussian_lcb_1.645,15.000000000000014,3.0000000000000027,10,3.0000000000000027,0.41682847896440145,0.4168284789644014,0.0,5,5,1
piqa,dataset,4,3,posterior_mean,25.00000000000002,6.700000000000006,38,6.600000000000006,0.25656957928802604,1.7438403451995717,0.0,13,6,1
piqa,dataset,4,3,gaussian_lcb_1.645,3.8000000000000034,2.9000000000000026,12,2.9000000000000026,0.09924487594390512,1.6423516720604132,0.0,2,1,1
piqa,dataset,4,4,posterior_mean,9.300000000000008,3.400000000000003,13,3.400000000000003,0.02640776699029142,0.02640776699029142,0.0,3,3,1
piqa,dataset,4,4,gaussian_lcb_1.645,0.0,0.0,1,0.0,0.0,0.0,0.0,0,0,0
piqa,dataset,4,5,posterior_mean,10.000000000000009,2.300000000000002,39,2.300000000000002,0.24681769147788574,1.8009708737864092,0.0,18,1,1
piqa,dataset,4,5,gaussian_lcb_1.645,13.700000000000012,2.400000000000002,22,2.400000000000002,0.23404530744336546,1.8016612729234096,0.0,10,4,1
piqa,dataset,4,6,posterior_mean,17.500000000000014,3.9000000000000035,18,3.8000000000000034,0.5062351672060414,0.5062351672060414,0.0,6,5,1
piqa,dataset,4,6,gaussian_lcb_1.645,3.0000000000000027,3.0000000000000027,2,3.0000000000000027,0.4038834951456313,0.4038834951456313,0.0,1,1,1
piqa,dataset,4,7,posterior_mean,17.200000000000017,3.0000000000000027,17,3.0000000000000027,0.43201725997842527,1.42114347357066,0.0,7,6,1
piqa,dataset,4,7,gaussian_lcb_1.645,2.400000000000002,2.400000000000002,4,2.400000000000002,0.008284789644013031,1.3282847896440144,0.0,1,1,1
piqa,dataset,4,8,posterior_mean,14.700000000000014,3.0000000000000027,27,3.0000000000000027,0.08940668824163972,1.3925782092772396,0.0,12,2,1
piqa,dataset,4,8,gaussian_lcb_1.645,2.500000000000002,1.0000000000000009,12,1.0000000000000009,0.029341963322545864,1.3561812297734634,0.0,4,0,0
piqa,dataset,4,9,posterior_mean,6.300000000000006,2.9000000000000026,16,2.9000000000000026,0.026235167206040924,0.4306364617044232,0.0,3,2,1
piqa,dataset,4,9,gaussian_lcb_1.645,4.400000000000004,3.400000000000003,7,2.400000000000002,0.28064724919093875,0.28064724919093875,0.0,3,1,1
piqa,dataset,4,10,posterior_mean,4.600000000000004,2.300000000000002,19,2.300000000000002,0.023818770226537198,0.7545631067961167,0.0,2,2,1
piqa,dataset,4,10,gaussian_lcb_1.645,3.0000000000000027,3.0000000000000027,5,3.0000000000000027,0.0051779935275081445,0.7928802588996768,0.0,1,1,1
piqa,dataset,4,11,posterior_mean,11.10000000000001,2.9000000000000026,15,2.9000000000000026,0.0541963322545847,0.41303128371089576,0.0,4,4,1
piqa,dataset,4,11,gaussian_lcb_1.645,2.9000000000000026,2.9000000000000026,5,2.9000000000000026,0.005005393743257649,0.3721251348435816,0.0,1,1,1
piqa,dataset,4,12,posterior_mean,34.00000000000001,12.0,22,8.999999999999996,0.9492988133764846,1.3046386192017279,0.0,8,8,1
piqa,dataset,4,12,gaussian_lcb_1.645,12.0,12.0,8,8.999999999999996,0.9113268608414249,1.277022653721684,0.0,2,2,1
piqa,dataset,4,13,posterior_mean,14.600000000000012,3.400000000000003,13,3.400000000000003,0.09354908306364602,0.09354908306364602,0.0,5,5,1
piqa,dataset,4,13,gaussian_lcb_1.645,0.0,0.0,3,0.0,0.0,0.0,0.0,0,0,0
piqa,dataset,4,14,posterior_mean,3.7000000000000033,0.9000000000000008,15,0.9000000000000008,0.12332254584681786,0.9187270765911546,0.0,5,0,0
piqa,dataset,4,14,gaussian_lcb_1.645,5.700000000000005,3.9000000000000035,9,3.9000000000000035,0.21203883495145634,1.0193527508090614,0.0,3,1,1
piqa,dataset,4,15,posterior_mean,1.0000000000000009,1.0000000000000009,6,0.9000000000000008,0.017950377562028046,0.43984897518878124,0.0,2,0,0
piqa,dataset,4,15,gaussian_lcb_1.645,0.9000000000000008,0.9000000000000008,6,0.9000000000000008,0.010873786407766999,0.4469255663430424,0.0,1,0,0
piqa,dataset,4,16,posterior_mean,21.10000000000002,7.100000000000007,33,4.200000000000004,0.8056094929881347,2.5889751887810153,0.0,15,3,1
piqa,dataset,4,16,gaussian_lcb_1.645,8.700000000000008,3.8000000000000034,23,3.8000000000000034,0.893117583603021,2.705480043149947,0.0,10,1,1
piqa,dataset,4,17,posterior_mean,5.500000000000005,1.5000000000000013,17,1.5000000000000013,0.15551240560949312,1.5499460625674222,0.0,8,0,0
piqa,dataset,4,17,gaussian_lcb_1.645,2.9000000000000026,2.400000000000002,5,2.400000000000002,0.005868392664509229,1.4790075512405612,0.0,2,1,1
piqa,dataset,4,18,posterior_mean,22.30000000000002,6.900000000000006,14,6.000000000000005,0.17294498381877027,1.116008629989213,0.0,6,4,1
piqa,dataset,4,18,gaussian_lcb_1.645,13.900000000000013,6.900000000000006,10,6.000000000000005,0.11063646170442311,1.1771089536138089,0.0,4,2,1
piqa,dataset,4,19,posterior_mean,6.800000000000006,3.400000000000003,8,3.400000000000003,0.01760517799352756,0.01760517799352756,0.0,2,2,1
piqa,dataset,4,19,gaussian_lcb_1.645,0.0,0.0,2,0.0,0.0,0.0,0.0,0,0,0
piqa,dataset,5,0,posterior_mean,3.0000000000000027,1.0000000000000009,8,1.0000000000000009,0.09838187702265376,2.202092772384032,0.0,3,0,0
piqa,dataset,5,0,gaussian_lcb_1.645,1.0000000000000009,1.0000000000000009,4,1.0000000000000009,0.1234088457389429,2.2285005393743225,0.0,1,0,0
piqa,dataset,5,1,posterior_mean,15.900000000000015,3.9000000000000035,26,3.9000000000000035,0.9423085221143482,1.4311758360302056,0.0,11,3,1
piqa,dataset,5,1,gaussian_lcb_1.645,2.500000000000002,1.8000000000000016,6,1.8000000000000016,0.007939590075512433,1.501596548004314,0.0,2,0,0
piqa,dataset,5,2,posterior_mean,5.600000000000005,2.8000000000000025,8,2.8000000000000025,0.009665587918014985,0.009665587918014985,0.0,2,2,1
piqa,dataset,5,2,gaussian_lcb_1.645,0.0,0.0,14,0.0,0.0,0.0,0.0,0,0,0
piqa,dataset,5,3,posterior_mean,8.000000000000007,5.900000000000006,5,5.900000000000006,0.02468176914778866,0.41930960086299934,0.0,2,2,1
piqa,dataset,5,3,gaussian_lcb_1.645,0.0,0.0,1,0.0,0.0,0.39462783171521065,0.0,0,0,0
piqa,dataset,5,4,posterior_mean,23.00000000000002,3.0000000000000027,20,3.0000000000000027,0.09441208198489723,0.09441208198489723,0.0,8,8,1
piqa,dataset,5,4,gaussian_lcb_1.645,3.0000000000000027,3.0000000000000027,6,3.0000000000000027,0.0051779935275080855,0.0051779935275080855,0.0,1,1,1
piqa,dataset,5,5,posterior_mean,16.700000000000003,14.600000000000001,5,14.600000000000001,0.13756202804746523,0.1978209277238407,0.0,2,2,1
piqa,dataset,5,5,gaussian_lcb_1.645,0.0,0.0,1,0.0,0.0,0.576763754045308,0.0,0,0,0
piqa,dataset,5,6,posterior_mean,0.0,0.0,1,0.0,0.0,0.04938511326860845,0.0,0,0,0
piqa,dataset,5,6,gaussian_lcb_1.645,0.0,0.0,1,0.0,0.0,0.46440129449838236,0.0,0,0,0
piqa,dataset,5,7,posterior_mean,6.000000000000005,1.6000000000000014,16,1.100000000000001,0.3503775620280477,1.78163969795038,0.0,7,0,0
piqa,dataset,5,7,gaussian_lcb_1.645,1.6000000000000014,1.6000000000000014,8,1.0000000000000009,0.2582092772384037,2.6415533980582504,0.0,2,0,0
piqa,dataset,5,8,posterior_mean,6.800000000000006,3.9000000000000035,4,3.9000000000000035,0.011736785329018458,0.011736785329018458,0.0,2,2,1
piqa,dataset,5,8,gaussian_lcb_1.645,0.0,0.0,0,0.0,0.0,0.0,0.0,0,0,0
piqa,dataset,5,9,posterior_mean,19.700000000000017,7.100000000000007,19,7.100000000000007,0.160862998921251,0.7414023732470335,0.0,8,4,1
piqa,dataset,5,9,gaussian_lcb_1.645,2.8000000000000025,2.8000000000000025,3,2.8000000000000025,0.03382955771305299,0.7980151024811223,0.0,1,1,1
piqa,dataset,5,10,posterior_mean,4.900000000000004,2.400000000000002,21,2.400000000000002,0.008457389428263117,1.6288457389428252,0.0,3,1,1
piqa,dataset,5,10,gaussian_lcb_1.645,0.0,0.0,5,0.0,0.0,1.6390291262135916,0.0,0,0,0
piqa,dataset,5,11,posterior_mean,20.000000000000018,3.9000000000000035,14,3.9000000000000035,0.08457389428263164,0.08457389428263164,0.0,7,7,1
piqa,dataset,5,11,gaussian_lcb_1.645,3.9000000000000035,3.9000000000000035,2,3.9000000000000035,0.04711974110032366,0.04711974110032366,0.0,1,1,1
piqa,dataset,5,12,posterior_mean,32.60000000000003,10.20000000000001,16,10.20000000000001,0.3422653721682852,0.3422653721682852,0.0,8,8,1
piqa,dataset,5,12,gaussian_lcb_1.645,5.900000000000006,3.0000000000000027,4,3.0000000000000027,0.27546925566343067,0.27546925566343067,0.0,2,2,1
piqa,dataset,5,13,posterior_mean,16.100000000000016,3.0000000000000027,13,3.0000000000000027,0.10528586839266407,0.10528586839266407,0.0,6,6,1
piqa,dataset,5,13,gaussian_lcb_1.645,4.200000000000004,2.100000000000002,5,2.100000000000002,0.03624595469255668,0.03624595469255668,0.0,2,2,1
piqa,dataset,5,14,posterior_mean,4.800000000000004,1.9000000000000017,23,1.9000000000000017,0.036418554476807044,2.1226968716289165,0.0,9,0,0
piqa,dataset,5,14,gaussian_lcb_1.645,8.900000000000007,2.8000000000000025,15,2.8000000000000025,0.02675296655879205,2.1957065803667803,0.0,6,3,1
piqa,dataset,5,15,posterior_mean,6.500000000000005,5.900000000000006,6,4.5000000000000036,0.30688241639697983,0.6947788565264301,0.0,3,1,1
piqa,dataset,5,15,gaussian_lcb_1.645,3.400000000000003,2.0000000000000018,5,2.0000000000000018,0.07352750809061502,0.7172168284789653,0.0,2,1,1
piqa,dataset,5,16,posterior_mean,10.100000000000009,3.8000000000000034,11,3.8000000000000034,0.0900970873786411,0.8607766990291273,0.0,4,4,1
piqa,dataset,5,16,gaussian_lcb_1.645,0.0,0.0,5,0.0,0.0,0.8540453074433668,0.0,0,0,0
piqa,dataset,5,17,posterior_mean,15.200000000000014,6.300000000000006,23,6.300000000000006,0.6127292340884578,2.958899676375405,2.100000000000002,7,2,1
piqa,dataset,5,17,gaussian_lcb_1.645,9.600000000000009,2.6000000000000023,17,2.6000000000000023,0.6194606256742184,2.984617044228697,2.100000000000002,6,1,1
piqa,dataset,5,18,posterior_mean,6.300000000000006,2.100000000000002,6,2.100000000000002,0.010873786407766779,0.010873786407766779,0.0,3,3,1
piqa,dataset,5,18,gaussian_lcb_1.645,0.0,0.0,0,0.0,0.0,0.0,0.0,0,0,0
piqa,dataset,5,19,posterior_mean,27.39999999999999,9.099999999999998,18,7.299999999999995,0.11029126213592269,1.1151456310679624,0.0,7,4,1
piqa,dataset,5,19,gaussian_lcb_1.645,6.000000000000005,2.100000000000002,14,2.100000000000002,0.03210355987055012,1.0949514563106806,0.0,3,2,1
piqa,default,1,0,posterior_mean,16.500000000000014,2.200000000000002,27,2.200000000000002,0.1543905070118663,2.19214670981661,0.0,12,1,1
piqa,default,1,0,gaussian_lcb_1.645,2.0000000000000018,1.7000000000000015,7,1.7000000000000015,0.019848975188780964,2.0740021574973015,0.0,2,0,0
piqa,default,1,1,posterior_mean,54.50000000000005,6.2000000000000055,29,6.2000000000000055,0.3105933117583609,0.612340884573895,0.0,13,13,1
piqa,default,1,1,gaussian_lcb_1.645,0.0,0.0,3,0.0,0.0,0.3017475728155343,0.0,0,0,0
piqa,default,1,2,posterior_mean,41.50000000000003,10.599999999999998,53,9.899999999999999,0.9795900755124066,1.8711758360302084,0.0,22,7,1
piqa,default,1,2,gaussian_lcb_1.645,21.90000000000001,10.599999999999998,31,9.899999999999999,0.23818770226537242,1.885587918015106,0.0,11,2,1
piqa,default,1,3,posterior_mean,13.300000000000011,3.0000000000000027,21,3.0000000000000027,0.5863214670981666,0.7443797195253511,0.0,7,4,1
piqa,default,1,3,gaussian_lcb_1.645,3.600000000000003,2.9000000000000026,22,2.9000000000000026,0.6521682847896445,0.8102265372168288,0.0,2,1,1
piqa,default,1,4,posterior_mean,18.200000000000017,3.600000000000003,18,3.600000000000003,0.08025889967637584,0.7778640776699037,0.0,6,6,1
piqa,default,1,4,gaussian_lcb_1.645,0.0,0.0,2,0.0,0.0,0.697605177993528,0.0,0,0,0
piqa,default,1,5,posterior_mean,27.700000000000024,9.90000000000001,21,9.90000000000001,0.13186623516720636,0.13186623516720639,0.0,6,6,1
piqa,default,1,5,gaussian_lcb_1.645,15.000000000000014,4.200000000000004,18,4.200000000000004,0.051779935275081276,0.051779935275081276,0.0,5,5,1
piqa,default,1,6,posterior_mean,34.60000000000002,12.0,26,7.799999999999995,0.644314994606257,1.4102049622437973,0.0,10,8,1
piqa,default,1,6,gaussian_lcb_1.645,15.800000000000015,4.200000000000004,17,4.200000000000004,0.8686947141316078,1.6345846817691483,0.0,5,5,1
piqa,default,1,7,posterior_mean,27.600000000000012,8.499999999999996,20,8.499999999999996,0.4755987055016185,1.4595037756202818,0.0,7,7,1
piqa,default,1,7,gaussian_lcb_1.645,14.3,8.499999999999996,9,8.499999999999996,0.5127076591154264,1.49661272923409,0.0,3,3,1
piqa,default,1,8,posterior_mean,17.500000000000014,6.2000000000000055,26,3.9000000000000035,0.9850269687162899,1.25848975188781,0.0,8,5,1
piqa,default,1,8,gaussian_lcb_1.645,28.400000000000027,6.2000000000000055,31,4.0000000000000036,1.1374325782092782,1.4108953613807982,0.0,10,9,1
piqa,default,1,9,posterior_mean,52.700000000000045,4.200000000000004,36,4.200000000000004,0.4914778856526437,0.4914778856526438,0.0,16,15,1
piqa,default,1,9,gaussian_lcb_1.645,3.9000000000000035,3.9000000000000035,8,3.9000000000000035,0.06731391585760511,0.06731391585760511,0.0,1,1,1
piqa,default,1,10,posterior_mean,21.000000000000018,3.9000000000000035,22,3.0000000000000027,0.4820711974110035,0.7282847896440132,0.0,10,6,1
piqa,default,1,10,gaussian_lcb_1.645,6.900000000000006,3.9000000000000035,7,3.9000000000000035,0.032621359223301075,0.2788349514563108,0.0,2,2,1
piqa,default,1,11,posterior_mean,43.20000000000004,4.200000000000004,33,4.200000000000004,0.39879180151024834,0.39879180151024834,0.0,14,13,1
piqa,default,1,11,gaussian_lcb_1.645,9.700000000000008,3.9000000000000035,7,3.9000000000000035,0.056785329018338854,0.056785329018338875,0.0,3,3,1
piqa,default,1,12,posterior_mean,21.70000000000002,6.2000000000000055,12,6.2000000000000055,1.008845738942827,1.539892125134845,0.0,5,5,1
piqa,default,1,12,gaussian_lcb_1.645,4.200000000000004,4.200000000000004,4,4.200000000000004,0.007249190938511402,1.7066235167206063,0.0,1,1,1
piqa,default,1,13,posterior_mean,35.60000000000002,12.1,34,12.1,0.18071197411003204,1.0709169363538287,0.0,10,10,1
piqa,default,1,13,gaussian_lcb_1.645,17.200000000000003,12.1,21,12.1,0.08854368932038843,0.9787486515641852,0.0,3,3,1
piqa,default,1,14,posterior_mean,26.100000000000012,13.5,20,11.299999999999999,0.2433656957928804,0.24336569579288037,0.0,8,6,1
piqa,default,1,14,gaussian_lcb_1.645,2.200000000000002,2.200000000000002,8,2.200000000000002,0.011391585760517832,0.2848543689320391,0.0,1,1,1
piqa,default,1,15,posterior_mean,55.000000000000036,12.1,37,9.90000000000001,0.5239266450916937,0.7973894282632148,0.0,14,12,1
piqa,default,1,15,gaussian_lcb_1.645,11.00000000000001,3.9000000000000035,15,3.9000000000000035,0.4963106796116508,0.923387270765912,0.0,5,3,1
piqa,default,1,16,posterior_mean,26.500000000000025,4.200000000000004,34,4.200000000000004,0.8692125134843589,1.490658036677456,0.0,15,5,1
piqa,default,1,16,gaussian_lcb_1.645,12.400000000000011,3.9000000000000035,17,3.9000000000000035,0.9876159654800438,1.6432362459546948,0.0,6,3,1
piqa,default,1,17,posterior_mean,41.10000000000002,12.4,25,9.90000000000001,0.3224163969795038,0.3224163969795037,0.0,8,8,1
piqa,default,1,17,gaussian_lcb_1.645,25.700000000000024,9.90000000000001,12,9.90000000000001,0.22110032362459578,0.22110032362459578,0.0,4,4,1
piqa,default,1,18,posterior_mean,21.500000000000018,3.9000000000000035,28,3.9000000000000035,0.32647249190938454,0.8660841423948216,0.0,9,7,1
piqa,default,1,18,gaussian_lcb_1.645,0.0,0.0,8,0.0,0.0,0.5572168284789649,0.0,0,0,0
piqa,default,1,19,posterior_mean,60.800000000000054,10.20000000000001,18,10.20000000000001,0.3959439050701184,0.3959439050701184,0.0,9,9,1
piqa,default,1,19,gaussian_lcb_1.645,13.00000000000001,6.100000000000005,6,6.100000000000005,0.2645954692556636,0.26459546925566363,0.0,3,3,1
piqa,default,2,0,posterior_mean,26.100000000000023,4.800000000000004,20,4.800000000000004,0.3419201725997851,1.3109385113268617,0.0,9,7,1
piqa,default,2,0,gaussian_lcb_1.645,13.500000000000012,4.800000000000004,10,4.800000000000004,0.32103559870550197,1.2900539374325788,0.0,4,3,1
piqa,default,2,1,posterior_mean,30.300000000000026,6.300000000000006,26,6.300000000000006,0.1579288025889972,0.1579288025889972,0.0,8,7,1
piqa,default,2,1,gaussian_lcb_1.645,11.70000000000001,3.9000000000000035,8,3.9000000000000035,0.04711974110032381,0.04711974110032381,0.0,3,3,1
piqa,default,2,2,posterior_mean,33.30000000000002,10.599999999999998,26,9.300000000000008,0.30791801510248135,1.054347357065804,0.0,11,5,1
piqa,default,2,2,gaussian_lcb_1.645,22.50000000000002,6.400000000000006,19,6.000000000000005,0.2691693635382958,1.030614886731392,0.0,8,5,1
piqa,default,2,3,posterior_mean,20.700000000000017,3.9000000000000035,35,3.9000000000000035,1.1959439050701195,1.4402157497303143,0.0,15,4,1
piqa,default,2,3,gaussian_lcb_1.645,6.600000000000006,3.8000000000000034,26,3.400000000000003,1.091175836030206,1.4352103559870557,0.0,9,1,1
piqa,default,2,4,posterior_mean,30.50000000000003,6.900000000000006,27,6.900000000000006,0.4171736785329027,0.9224811218985985,0.0,10,8,1
piqa,default,2,4,gaussian_lcb_1.645,13.700000000000012,6.900000000000006,11,6.900000000000006,0.3348435814455235,0.8624163969795043,0.0,3,3,1
piqa,default,2,5,posterior_mean,14.300000000000013,3.9000000000000035,8,3.9000000000000035,0.05885652642934219,0.05885652642934219,0.0,4,4,1
piqa,default,2,5,gaussian_lcb_1.645,3.300000000000003,3.300000000000003,2,3.300000000000003,0.03987055016181233,0.03987055016181233,0.0,1,1,1
piqa,default,2,6,posterior_mean,27.200000000000024,3.9000000000000035,27,3.9000000000000035,0.5318662351672059,0.7985976267529664,0.0,10,8,1
piqa,default,2,6,gaussian_lcb_1.645,10.500000000000009,3.9000000000000035,9,3.9000000000000035,0.1341100323624596,0.40084142394822025,0.0,3,3,1
piqa,default,2,7,posterior_mean,20.30000000000002,4.800000000000004,19,4.800000000000004,0.3465803667745413,0.7608845738942828,0.0,8,5,1
piqa,default,2,7,gaussian_lcb_1.645,10.500000000000009,4.800000000000004,12,2.9000000000000026,0.467659115426106,0.8836893203883497,0.0,5,2,1
piqa,default,2,8,posterior_mean,50.40000000000001,14.600000000000001,35,12.0,0.9429126213592239,1.2163754045307449,0.0,10,8,1
piqa,default,2,8,gaussian_lcb_1.645,23.70000000000001,12.0,24,12.0,0.9517152103559876,1.2251779935275087,0.0,5,4,1
piqa,default,2,9,posterior_mean,32.70000000000003,4.800000000000004,30,4.800000000000004,0.2708090614886735,0.2708090614886735,0.0,9,9,1
piqa,default,2,9,gaussian_lcb_1.645,10.600000000000009,4.800000000000004,16,4.800000000000004,0.1425674217907229,0.14256742179072296,0.0,3,3,1
piqa,default,2,10,posterior_mean,27.700000000000024,9.300000000000008,26,9.300000000000008,0.13600862998921276,0.13600862998921276,0.0,7,6,1
piqa,default,2,10,gaussian_lcb_1.645,6.800000000000006,3.400000000000003,16,3.400000000000003,0.05177993527508099,0.05177993527508099,0.0,3,2,1
piqa,default,2,11,posterior_mean,37.200000000000024,11.2,23,7.799999999999995,0.29618122977346323,0.29618122977346323,0.0,9,9,1
piqa,default,2,11,gaussian_lcb_1.645,14.700000000000003,11.2,11,7.799999999999995,0.6286084142394828,0.6286084142394828,0.0,3,3,1
piqa,default,2,12,posterior_mean,18.100000000000016,9.90000000000001,14,5.100000000000005,0.9261704422869481,1.3961596548004331,0.0,7,3,1
piqa,default,2,12,gaussian_lcb_1.645,12.400000000000011,4.800000000000004,12,4.800000000000004,0.9347141316073364,1.404703344120821,0.0,5,2,1
piqa,default,2,13,posterior_mean,20.80000000000002,6.300000000000006,22,6.300000000000006,0.042459546925566624,1.0543473570658035,0.0,5,5,1
piqa,default,2,13,gaussian_lcb_1.645,0.0,0.0,3,0.0,0.0,1.2034735706580364,0.0,0,0,0
piqa,default,2,14,posterior_mean,10.80000000000001,3.9000000000000035,12,3.9000000000000035,0.553786407766991,0.5537864077669911,0.0,3,3,1
piqa,default,2,14,gaussian_lcb_1.645,7.800000000000007,3.9000000000000035,6,3.9000000000000035,0.5822653721682852,0.8557281553398061,0.0,2,2,1
piqa,default,2,15,posterior_mean,28.200000000000024,3.9000000000000035,22,3.9000000000000035,0.252686084142395,0.5194174757281557,0.0,10,8,1
piqa,default,2,15,gaussian_lcb_1.645,11.70000000000001,3.9000000000000035,10,3.9000000000000035,0.11978425026968735,0.3865156418554479,0.0,4,3,1
piqa,default,2,16,posterior_mean,42.30000000000004,4.800000000000004,44,3.9000000000000035,0.5283279395900763,0.82334412081985,0.0,15,12,1
piqa,default,2,16,gaussian_lcb_1.645,28.800000000000026,3.400000000000003,27,3.400000000000003,0.7775620280474653,1.0984681769147795,0.0,12,9,1
piqa,default,2,17,posterior_mean,24.900000000000013,13.5,20,13.5,0.5119309600862996,0.5119309600862996,0.0,4,4,1
piqa,default,2,17,gaussian_lcb_1.645,13.5,13.5,16,13.5,0.46601941747572795,0.46601941747572795,0.0,1,1,1
piqa,default,2,18,posterior_mean,33.40000000000003,5.900000000000006,81,5.400000000000005,0.2998921251348441,2.896202804746494,0.0,37,5,1
piqa,default,2,18,gaussian_lcb_1.645,12.300000000000011,3.400000000000003,48,3.400000000000003,0.19641855447680717,2.9561812297734615,0.0,22,1,1
piqa,default,2,19,posterior_mean,33.90000000000003,3.9000000000000035,20,3.9000000000000035,0.3805825242718449,0.3805825242718448,0.0,10,10,1
piqa,default,2,19,gaussian_lcb_1.645,3.9000000000000035,3.9000000000000035,2,3.9000000000000035,0.006731391585760587,0.006731391585760587,0.0,1,1,1
piqa,default,3,0,posterior_mean,47.40000000000004,8.900000000000007,33,5.900000000000006,0.2159223300970874,0.5385760517799355,0.0,16,14,1
piqa,default,3,0,gaussian_lcb_1.645,6.300000000000006,3.9000000000000035,6,3.9000000000000035,0.057993527508090614,0.4065372168284792,0.0,2,2,1
piqa,default,3,1,posterior_mean,33.60000000000003,4.700000000000005,39,4.700000000000005,0.4123408845738938,0.4123408845738938,0.0,12,10,1
piqa,default,3,1,gaussian_lcb_1.645,4.800000000000004,4.5000000000000036,7,4.5000000000000036,0.14740021574973047,0.14740021574973047,0.0,2,1,1
piqa,default,3,2,posterior_mean,36.50000000000002,10.899999999999999,28,9.599999999999998,0.24612729234088457,0.5452642934196335,0.0,12,8,1
piqa,default,3,2,gaussian_lcb_1.645,25.900000000000013,10.599999999999998,28,9.599999999999998,0.21074433656957933,0.5098813376483282,0.0,7,4,1
piqa,default,3,3,posterior_mean,23.90000000000002,3.9000000000000035,28,3.0000000000000027,0.36858683926645097,1.0433225458468183,0.0,9,8,1
piqa,default,3,3,gaussian_lcb_1.645,5.400000000000005,2.7000000000000024,11,2.7000000000000024,0.01398058252427178,0.6932038834951461,0.0,2,2,1
piqa,default,3,4,posterior_mean,35.60000000000002,12.0,37,12.0,0.11253505933117647,0.9941316073354919,0.0,9,8,1
piqa,default,3,4,gaussian_lcb_1.645,0.10000000000000009,0.10000000000000009,7,0.10000000000000009,0.006903991370010794,0.8885005393743264,0.0,1,0,0
piqa,default,3,5,posterior_mean,16.100000000000016,6.100000000000005,13,6.100000000000005,0.13997842502696886,0.13997842502696883,0.0,4,4,1
piqa,default,3,5,gaussian_lcb_1.645,7.800000000000007,2.6000000000000023,7,2.6000000000000023,0.1301402373247034,0.1301402373247034,0.0,3,3,1
piqa,default,3,6,posterior_mean,19.100000000000016,3.9000000000000035,19,3.9000000000000035,0.06558791801510275,0.3323193096008634,0.0,7,6,1
piqa,default,3,6,gaussian_lcb_1.645,3.9000000000000035,3.9000000000000035,5,3.9000000000000035,0.006731391585760587,0.27346278317152123,0.0,1,1,1
piqa,default,3,7,posterior_mean,32.60000000000003,7.100000000000007,31,5.900000000000006,0.34623516720604114,0.7074649406688245,0.0,12,9,1
piqa,default,3,7,gaussian_lcb_1.645,8.600000000000009,6.100000000000005,21,3.9000000000000035,0.22627831715210384,0.5880258899676379,0.0,3,2,1
piqa,default,3,8,posterior_mean,33.80000000000001,9.899999999999999,20,7.099999999999995,0.3151672060409927,1.8123624595469296,0.0,9,6,1
piqa,default,3,8,gaussian_lcb_1.645,18.100000000000016,6.300000000000006,12,6.300000000000006,0.25665587918015087,1.815641855447685,0.0,5,4,1
piqa,default,3,9,posterior_mean,39.400000000000034,4.5000000000000036,34,4.5000000000000036,0.13738942826321485,0.13738942826321485,0.0,13,13,1
piqa,default,3,9,gaussian_lcb_1.645,0.0,0.0,6,0.0,0.0,0.0,0.0,0,0,0
piqa,default,3,10,posterior_mean,32.20000000000002,12.0,24,8.099999999999996,0.31067961165048547,0.4885005393743258,0.0,8,7,1
piqa,default,3,10,gaussian_lcb_1.645,7.800000000000007,3.9000000000000035,12,3.9000000000000035,0.20194174757281566,0.37976267529665614,0.0,2,2,1
piqa,default,3,11,posterior_mean,17.500000000000014,6.100000000000005,13,6.100000000000005,0.04884573894282618,0.04884573894282618,0.0,5,5,1
piqa,default,3,11,gaussian_lcb_1.645,0.0,0.0,1,0.0,0.0,0.0,0.0,0,0,0
piqa,default,3,12,posterior_mean,4.600000000000004,2.400000000000002,26,2.400000000000002,0.07145631067961165,1.0194174757281564,0.0,11,1,1
piqa,default,3,12,gaussian_lcb_1.645,6.000000000000005,2.400000000000002,16,2.400000000000002,0.08517799352750803,1.0621359223300983,0.0,7,2,1
piqa,default,3,13,posterior_mean,2.9000000000000026,2.9000000000000026,14,2.9000000000000026,0.005005393743257872,1.2920172599784245,0.0,1,1,1
piqa,default,3,13,gaussian_lcb_1.645,0.0,0.0,4,0.0,0.0,1.2870118662351666,0.0,0,0,0
piqa,default,3,14,posterior_mean,10.80000000000001,2.6000000000000023,24,2.6000000000000023,0.4480690399137004,0.4480690399137004,0.0,7,4,1
piqa,default,3,14,gaussian_lcb_1.645,2.400000000000002,2.400000000000002,7,2.400000000000002,0.5281553398058256,0.8016181229773475,0.0,1,1,1
piqa,default,3,15,posterior_mean,25.800000000000022,4.5000000000000036,25,4.5000000000000036,0.25216828478964476,0.5188996763754055,0.0,8,8,1
piqa,default,3,15,gaussian_lcb_1.645,2.9000000000000026,2.9000000000000026,15,2.9000000000000026,0.06006472491909391,0.3267961165048545,0.0,1,1,1
piqa,default,3,16,posterior_mean,18.900000000000016,4.5000000000000036,32,2.6000000000000023,0.8075943905070123,1.1694066882416407,0.0,15,4,1
piqa,default,3,16,gaussian_lcb_1.645,2.9000000000000026,2.100000000000002,8,1.7000000000000015,0.08353829557713059,1.2486299892125143,0.0,4,0,0
piqa,default,3,17,posterior_mean,25.50000000000002,10.80000000000001,30,10.80000000000001,0.076116504854369,0.076116504854369,0.0,6,6,1
piqa,default,3,17,gaussian_lcb_1.645,0.0,0.0,9,0.0,0.0,0.0,0.0,0,0,0
piqa,default,3,18,posterior_mean,42.90000000000003,8.399999999999997,53,8.399999999999997,0.2497518878101411,2.2419633225458444,0.0,25,9,1
piqa,default,3,18,gaussian_lcb_1.645,13.600000000000012,6.300000000000006,18,6.300000000000006,0.11443365695792902,2.23954692556634,0.0,8,1,1
piqa,default,3,19,posterior_mean,24.40000000000002,6.100000000000005,30,3.500000000000003,0.5360949298813382,0.5360949298813383,0.0,10,9,1
piqa,default,3,19,gaussian_lcb_1.645,13.00000000000001,3.0000000000000027,14,3.0000000000000027,0.6289536138079832,0.6289536138079836,0.0,5,5,1
piqa,default,4,0,posterior_mean,35.30000000000002,12.1,19,12.1,0.435555555555556,0.7582092772384039,0.0,9,8,1
piqa,default,4,0,gaussian_lcb_1.645,8.700000000000008,2.9000000000000026,8,2.9000000000000026,0.03003236245954701,0.37339805825242756,0.0,3,3,1
piqa,default,4,1,posterior_mean,31.80000000000003,3.9000000000000035,30,3.9000000000000035,0.27236245954692606,0.272362459546926,0.0,10,10,1
piqa,default,4,1,gaussian_lcb_1.645,9.000000000000007,3.0000000000000027,8,3.0000000000000027,0.015533980582523971,0.015533980582523971,0.0,3,3,1
piqa,default,4,2,posterior_mean,23.10000000000001,10.599999999999998,25,9.599999999999998,0.144638619201726,0.8574973031283715,0.0,8,3,1
piqa,default,4,2,gaussian_lcb_1.645,17.800000000000004,10.599999999999998,14,9.599999999999998,0.17337648327939598,0.9939374325782094,0.0,4,2,1
piqa,default,4,3,posterior_mean,32.70000000000003,6.800000000000006,21,6.800000000000006,0.41579288025890054,0.6888025889967648,0.0,10,8,1
piqa,default,4,3,gaussian_lcb_1.645,17.500000000000014,3.9000000000000035,12,3.9000000000000035,0.26649406688241667,0.539503775620281,0.0,5,5,1
piqa,default,4,4,posterior_mean,50.200000000000045,3.9000000000000035,43,3.9000000000000035,0.2973894282632149,1.0671413160733558,0.0,15,15,1
piqa,default,4,4,gaussian_lcb_1.645,0.0,0.0,3,0.0,0.0,0.7828694714131611,0.0,0,0,0
piqa,default,4,5,posterior_mean,32.20000000000003,9.600000000000009,19,9.600000000000009,0.7694498381877033,0.7694498381877034,0.0,6,6,1
piqa,default,4,5,gaussian_lcb_1.645,3.0000000000000027,3.0000000000000027,3,3.0000000000000027,0.0051779935275081445,0.0051779935275081445,0.0,1,1,1
piqa,default,4,6,posterior_mean,41.30000000000004,5.300000000000004,40,5.300000000000004,0.43633225458468206,0.7030636461704427,0.0,13,11,1
piqa,default,4,6,gaussian_lcb_1.645,17.200000000000017,3.9000000000000035,14,3.9000000000000035,0.3712621359223305,0.6379935275080911,0.0,5,5,1
piqa,default,4,7,posterior_mean,6.600000000000006,3.8000000000000034,21,3.0000000000000027,0.14463861920172613,0.6350593311758366,0.0,4,1,1
piqa,default,4,7,gaussian_lcb_1.645,5.200000000000005,3.8000000000000034,13,3.8000000000000034,0.07456310679611647,0.5831067961165053,0.0,2,1,1
piqa,default,4,8,posterior_mean,87.30000000000008,6.700000000000006,92,6.700000000000006,0.8234735706580373,2.9925997842502725,0.0,45,16,1
piqa,default,4,8,gaussian_lcb_1.645,52.700000000000045,6.700000000000006,43,6.700000000000006,0.5763106796116514,2.8132686084142424,0.0,19,13,1
piqa,default,4,9,posterior_mean,43.40000000000004,3.8000000000000034,36,3.8000000000000034,0.17812297734627794,0.17812297734627794,0.0,14,14,1
piqa,default,4,9,gaussian_lcb_1.645,5.800000000000005,3.400000000000003,5,3.400000000000003,0.02243797195253498,0.26084142394822013,0.0,2,2,1
piqa,default,4,10,posterior_mean,32.40000000000003,5.300000000000004,29,3.9000000000000035,0.5561165048543693,0.816008629989213,0.0,13,10,1
piqa,default,4,10,gaussian_lcb_1.645,8.300000000000008,3.9000000000000035,13,3.9000000000000035,0.8306364617044235,1.1167637540453077,0.0,5,1,1
piqa,default,4,11,posterior_mean,38.20000000000003,5.400000000000005,43,3.9000000000000035,0.8659331175836033,0.8659331175836031,0.0,19,8,1
piqa,default,4,11,gaussian_lcb_1.645,9.000000000000007,3.0000000000000027,11,3.0000000000000027,0.937216828478965,0.9372168284789649,0.0,3,3,1
piqa,default,4,12,posterior_mean,8.500000000000007,5.300000000000004,12,5.300000000000004,0.11201725997842514,0.5087810140237329,0.0,4,2,1
piqa,default,4,12,gaussian_lcb_1.645,3.1000000000000028,3.0000000000000027,8,3.0000000000000027,0.11357065803667747,0.5103344120819852,0.0,2,1,1
piqa,default,4,13,posterior_mean,25.70000000000001,12.0,15,12.0,0.04435814455231847,1.0812729234088445,0.0,4,3,1
piqa,default,4,13,gaussian_lcb_1.645,0.10000000000000009,0.10000000000000009,11,0.10000000000000009,0.0001725997842502676,1.0370873786407764,0.0,1,0,0
piqa,default,4,14,posterior_mean,23.70000000000002,9.600000000000009,20,9.600000000000009,0.19210355987055058,0.1921035598705506,0.0,5,5,1
piqa,default,4,14,gaussian_lcb_1.645,12.50000000000001,5.700000000000005,18,5.700000000000005,0.021574973031283674,0.4835167206040996,0.0,3,3,1
piqa,default,4,15,posterior_mean,30.300000000000026,9.90000000000001,22,9.90000000000001,0.5523193096008631,0.8190507011866238,0.0,9,7,1
piqa,default,4,15,gaussian_lcb_1.645,3.9000000000000035,3.9000000000000035,5,3.9000000000000035,0.7001510248112196,0.9668824163969798,0.0,1,1,1
piqa,default,4,16,posterior_mean,17.600000000000016,3.9000000000000035,20,3.9000000000000035,0.05661272923408874,0.36621359223301025,0.0,5,5,1
piqa,default,4,16,gaussian_lcb_1.645,0.0,0.0,6,0.0,0.0,0.3147788565264297,0.0,0,0,0
piqa,default,4,17,posterior_mean,61.800000000000054,10.600000000000009,33,10.100000000000009,1.0535490830636467,1.0535490830636465,0.0,12,10,1
piqa,default,4,17,gaussian_lcb_1.645,23.800000000000022,10.100000000000009,17,10.100000000000009,1.124660194174758,1.1246601941747578,0.0,5,3,1
piqa,default,4,18,posterior_mean,26.100000000000023,7.500000000000007,55,6.000000000000005,0.4538511326860849,3.10660194174757,2.400000000000002,25,1,1
piqa,default,4,18,gaussian_lcb_1.645,12.20000000000001,1.6000000000000014,21,1.6000000000000014,0.1712189859762677,3.265480043149945,2.400000000000002,10,0,0
piqa,default,4,19,posterior_mean,42.20000000000004,10.20000000000001,30,6.800000000000006,1.3438619201726012,1.7131823085221145,0.0,12,10,1
piqa,default,4,19,gaussian_lcb_1.645,24.00000000000002,10.20000000000001,21,6.800000000000006,1.7524056094929896,2.121725997842504,0.0,7,5,1
piqa,default,5,0,posterior_mean,70.10000000000002,19.5,31,18.9,1.1636677454153201,1.6392017259978469,0.0,14,8,1
piqa,default,5,0,gaussian_lcb_1.645,57.70000000000001,19.5,17,18.9,1.146580366774543,1.712211434735711,0.0,8,5,1
piqa,default,5,1,posterior_mean,26.100000000000023,4.5000000000000036,33,3.9000000000000035,0.2592448759439053,0.5825458468176918,0.0,12,8,1
piqa,default,5,1,gaussian_lcb_1.645,5.800000000000005,2.9000000000000026,11,2.9000000000000026,0.36539374325782126,0.6886947141316078,0.0,2,2,1
piqa,default,5,2,posterior_mean,31.600000000000016,10.599999999999998,27,9.599999999999998,0.33449838187702313,0.7699892125134851,0.0,13,5,1
piqa,default,5,2,gaussian_lcb_1.645,19.600000000000005,10.599999999999998,16,9.599999999999998,0.30722761596548054,0.8008845738942831,0.0,8,3,1
piqa,default,5,3,posterior_mean,45.70000000000004,4.5000000000000036,34,4.5000000000000036,0.4697303128371097,0.673074433656959,0.0,15,14,1
piqa,default,5,3,gaussian_lcb_1.645,6.800000000000006,3.9000000000000035,16,3.9000000000000035,0.27201725997842535,0.4753613807982745,0.0,2,2,1
piqa,default,5,4,posterior_mean,58.00000000000004,9.499999999999996,40,9.499999999999996,0.48172599784250336,1.1974541531823093,0.0,19,18,1
piqa,default,5,4,gaussian_lcb_1.645,19.500000000000007,9.499999999999996,19,9.499999999999996,0.07352750809061487,0.789255663430421,0.0,5,5,1
piqa,default,5,5,posterior_mean,14.400000000000013,2.9000000000000026,10,2.9000000000000026,0.08992448759439044,0.08992448759439044,0.0,5,5,1
piqa,default,5,5,gaussian_lcb_1.645,5.800000000000005,2.9000000000000026,4,2.9000000000000026,0.08008629989212518,0.08008629989212518,0.0,2,2,1
piqa,default,5,6,posterior_mean,51.10000000000004,9.499999999999996,31,9.499999999999996,0.3355339805825249,0.6541747572815543,0.0,14,11,1
piqa,default,5,6,gaussian_lcb_1.645,29.800000000000015,9.499999999999996,17,9.499999999999996,0.2135059331175839,0.5357713052858688,0.0,7,7,1
piqa,default,5,7,posterior_mean,63.80000000000005,12.0,43,12.0,0.3527076591154255,0.9192448759439049,0.0,18,11,1
piqa,default,5,7,gaussian_lcb_1.645,16.400000000000013,7.400000000000007,17,7.400000000000007,0.10822006472491884,0.678381877022654,0.0,5,2,1
piqa,default,5,8,posterior_mean,56.20000000000005,9.90000000000001,28,9.90000000000001,0.4746494066882421,0.6653937432578215,0.0,14,11,1
piqa,default,5,8,gaussian_lcb_1.645,27.900000000000023,6.700000000000006,16,6.700000000000006,0.391456310679612,0.6401941747572819,0.0,8,6,1
piqa,default,5,9,posterior_mean,18.200000000000017,4.5000000000000036,30,4.5000000000000036,0.07801510248112202,0.07801510248112202,0.0,6,6,1
piqa,default,5,9,gaussian_lcb_1.645,2.9000000000000026,2.9000000000000026,12,2.9000000000000026,0.005005393743257872,0.005005393743257872,0.0,1,1,1
piqa,default,5,10,posterior_mean,22.60000000000002,5.900000000000006,30,5.900000000000006,0.03900755124056083,0.03900755124056082,0.0,6,6,1
piqa,default,5,10,gaussian_lcb_1.645,2.100000000000002,2.100000000000002,19,2.100000000000002,0.00362459546925562,0.00362459546925562,0.0,1,1,1
piqa,default,5,11,posterior_mean,55.80000000000005,9.500000000000009,33,9.500000000000009,0.8409924487594396,0.8409924487594396,0.0,13,11,1
piqa,default,5,11,gaussian_lcb_1.645,47.00000000000004,9.500000000000009,25,9.500000000000009,1.0481121898597634,1.0481121898597638,0.0,10,9,1
piqa,default,5,12,posterior_mean,11.900000000000011,7.100000000000007,43,7.000000000000006,0.4292556634304211,1.6236677454153212,0.0,7,2,1
piqa,default,5,12,gaussian_lcb_1.645,7.400000000000007,7.100000000000007,28,7.000000000000006,0.04401294498381891,1.675792880258903,0.0,5,1,1
piqa,default,5,13,posterior_mean,30.600000000000026,3.9000000000000035,37,2.9000000000000026,0.6141100323624604,1.643257820927725,0.0,14,10,1
piqa,default,5,13,gaussian_lcb_1.645,14.400000000000013,3.9000000000000035,27,3.9000000000000035,1.0040129449838193,2.033160733549085,0.0,9,2,1
piqa,default,5,14,posterior_mean,25.20000000000001,11.5,17,11.5,0.08215749730312874,0.08215749730312874,0.0,5,5,1
piqa,default,5,14,gaussian_lcb_1.645,3.9000000000000035,3.9000000000000035,8,3.9000000000000035,0.020194174757281462,0.29365695792880275,0.0,1,1,1
piqa,default,5,15,posterior_mean,27.700000000000024,10.20000000000001,23,10.20000000000001,0.2288673139158575,0.49559870550161805,0.0,6,6,1
piqa,default,5,15,gaussian_lcb_1.645,2.9000000000000026,2.9000000000000026,7,2.9000000000000026,0.21022653721682866,0.47695792880258925,0.0,1,1,1
piqa,default,5,16,posterior_mean,20.10000000000002,3.0000000000000027,25,3.0000000000000027,0.18847896440129444,0.4769147788565266,0.0,9,7,1
piqa,default,5,16,gaussian_lcb_1.645,3.1000000000000028,3.0000000000000027,10,3.0000000000000027,0.06455231930960093,0.3529881337648331,0.0,2,1,1
piqa,default,5,17,posterior_mean,20.200000000000017,4.700000000000005,18,2.9000000000000026,0.17760517799352782,0.17760517799352782,0.0,9,9,1
piqa,default,5,17,gaussian_lcb_1.645,4.200000000000004,2.100000000000002,7,2.100000000000002,0.10148867313915866,0.10148867313915866,0.0,2,2,1
piqa,default,5,18,posterior_mean,6.500000000000005,2.9000000000000026,30,2.9000000000000026,0.06558791801510257,0.7263646170442294,0.0,5,1,1
piqa,default,5,18,gaussian_lcb_1.645,6.300000000000006,1.8000000000000016,19,1.8000000000000016,0.024854368932038816,0.6908090614886736,0.0,5,0,0
piqa,default,5,19,posterior_mean,63.400000000000055,10.20000000000001,34,10.20000000000001,0.5212513484358149,0.5212513484358151,0.0,15,13,1
piqa,default,5,19,gaussian_lcb_1.645,17.700000000000017,10.20000000000001,16,7.300000000000006,0.28617044228694744,0.28617044228694744,0.0,7,4,1
mmlu_computer_security,dataset,1,0,posterior_mean,58.99999999999992,14.000000000000002,39,9.999999999999998,3.018962962962968,4.562370370370352,2.0000000000000018,18,15,1
mmlu_computer_security,dataset,1,0,gaussian_lcb_1.645,8.999999999999975,3.9999999999999925,11,3.9999999999999925,0.0029629629629632074,4.049777777777732,2.0000000000000018,5,2,1
mmlu_computer_security,dataset,1,1,posterior_mean,35.999999999999986,7.9999999999999964,34,5.000000000000004,0.8154074074074049,3.9934814814814525,3.9999999999999925,15,9,1
mmlu_computer_security,dataset,1,1,gaussian_lcb_1.645,3.9999999999999813,1.9999999999999907,6,1.9999999999999907,0.5469629629629607,3.994074074074046,3.9999999999999925,2,2,1
mmlu_computer_security,dataset,1,2,posterior_mean,15.999999999999947,4.999999999999993,13,4.999999999999993,0.005629629629630406,2.0388148148148053,2.0000000000000018,6,4,1
mmlu_computer_security,dataset,1,2,gaussian_lcb_1.645,0.9999999999999898,0.9999999999999898,3,0.9999999999999898,0.0005925925925926137,2.034666666666656,2.0000000000000018,1,0,0
mmlu_computer_security,dataset,1,3,posterior_mean,25.00000000000002,8.000000000000007,30,6.000000000000005,1.3682962962962977,4.3682962962962995,6.999999999999995,12,8,1
mmlu_computer_security,dataset,1,3,gaussian_lcb_1.645,9.000000000000007,4.0000000000000036,13,2.0000000000000018,1.346666666666668,4.3466666666666685,3.9999999999999925,7,2,1
mmlu_computer_security,dataset,1,4,posterior_mean,58.00000000000002,6.000000000000005,43,6.000000000000005,1.8731851851851824,4.554666666666614,2.0000000000000018,21,13,1
mmlu_computer_security,dataset,1,4,gaussian_lcb_1.645,10.999999999999998,5.000000000000004,7,5.000000000000004,1.2228148148148164,3.9768888888888307,2.0000000000000018,3,2,1
mmlu_computer_security,dataset,1,5,posterior_mean,93.99999999999997,16.000000000000004,57,16.000000000000004,0.4533333333333276,1.9851851851851674,0.0,27,20,1
mmlu_computer_security,dataset,1,5,gaussian_lcb_1.645,30.99999999999997,7.9999999999999964,21,7.000000000000006,0.14962962962962864,1.9570370370370203,0.0,10,7,1
mmlu_computer_security,dataset,1,6,posterior_mean,72.99999999999991,8.999999999999996,54,7.000000000000006,1.2017777777777716,2.421925925925923,3.9999999999999925,24,20,1
mmlu_computer_security,dataset,1,6,gaussian_lcb_1.645,31.99999999999994,5.999999999999995,20,5.999999999999995,0.6358518518518517,2.41096296296296,3.9999999999999925,10,9,1
mmlu_computer_security,dataset,1,7,posterior_mean,8.999999999999996,4.0000000000000036,17,3.0000000000000027,0.13599999999999948,3.4071111111110874,2.0000000000000018,6,2,1
mmlu_computer_security,dataset,1,7,gaussian_lcb_1.645,2.9999999999999916,1.9999999999999907,7,1.9999999999999907,0.0011851851851853914,3.410962962962939,2.0000000000000018,2,1,1
mmlu_computer_security,dataset,1,8,posterior_mean,125.0,14.000000000000002,53,8.999999999999996,2.61007407407408,4.341037037036981,2.0000000000000018,24,22,1
mmlu_computer_security,dataset,1,8,gaussian_lcb_1.645,38.0,8.999999999999996,21,8.999999999999996,1.202370370370368,4.325629629629572,2.0000000000000018,7,7,1
mmlu_computer_security,dataset,1,9,posterior_mean,227.99999999999994,15.999999999999993,125,15.999999999999993,4.8628148148148105,5.426370370370339,4.999999999999993,59,44,1
mmlu_computer_security,dataset,1,9,gaussian_lcb_1.645,62.999999999999986,8.999999999999996,39,8.999999999999996,4.841185185185181,5.405925925925894,4.999999999999993,18,14,1
mmlu_computer_security,dataset,1,10,posterior_mean,96.99999999999996,12.0,63,8.000000000000007,1.702814814814814,3.028740740740745,1.0000000000000009,29,23,1
mmlu_computer_security,dataset,1,10,gaussian_lcb_1.645,28.999999999999993,5.999999999999995,23,5.999999999999995,0.5727407407407406,2.9828148148148195,1.0000000000000009,9,7,1
mmlu_computer_security,dataset,1,11,posterior_mean,120.00000000000006,15.999999999999993,84,15.000000000000002,1.3762962962962855,3.410962962962926,3.9999999999999925,36,24,1
mmlu_computer_security,dataset,1,11,gaussian_lcb_1.645,21.000000000000007,4.0000000000000036,21,4.0000000000000036,0.7211851851851825,3.3671111111110745,3.9999999999999925,10,6,1
mmlu_computer_security,dataset,1,12,posterior_mean,58.99999999999993,8.999999999999996,31,8.999999999999996,1.436148148148144,2.347555555555528,0.0,14,13,1
mmlu_computer_security,dataset,1,12,gaussian_lcb_1.645,8.999999999999986,2.9999999999999916,11,2.9999999999999916,0.7437037037037045,2.3365925925925675,0.0,5,3,1
mmlu_computer_security,dataset,1,13,posterior_mean,90.99999999999991,8.999999999999996,55,7.9999999999999964,1.2124444444444413,1.548444444444437,0.0,24,17,1
mmlu_computer_security,dataset,1,13,gaussian_lcb_1.645,26.999999999999957,8.999999999999996,23,7.9999999999999964,1.1834074074074055,1.5205925925925872,0.0,10,5,1
mmlu_computer_security,dataset,1,14,posterior_mean,51.000000000000036,9.999999999999998,50,6.000000000000005,3.0053333333333274,5.064592592592542,3.9999999999999925,19,14,1
mmlu_computer_security,dataset,1,14,gaussian_lcb_1.645,6.000000000000005,3.0000000000000027,16,2.0000000000000018,0.6894814814814816,4.727999999999975,3.9999999999999925,3,3,1
mmlu_computer_security,dataset,1,15,posterior_mean,247.99999999999974,24.0,110,24.0,1.3481481481481503,2.630518518518511,2.0000000000000018,52,45,1
mmlu_computer_security,dataset,1,15,gaussian_lcb_1.645,84.99999999999994,9.999999999999998,40,9.999999999999998,0.5757037037037037,2.575703703703696,2.0000000000000018,19,16,1
mmlu_computer_security,dataset,1,16,posterior_mean,110.00000000000003,20.999999999999996,45,18.000000000000004,2.1837037037037024,2.937481481481442,2.0000000000000018,22,17,1
mmlu_computer_security,dataset,1,16,gaussian_lcb_1.645,9.000000000000007,4.0000000000000036,7,4.0000000000000036,0.0035555555555551828,2.64029629629626,2.0000000000000018,3,3,1
mmlu_computer_security,dataset,1,17,posterior_mean,138.99999999999997,17.999999999999993,73,15.000000000000002,2.634074074074072,4.499555555555563,0.0,32,29,1
mmlu_computer_security,dataset,1,17,gaussian_lcb_1.645,62.999999999999936,8.999999999999996,23,8.999999999999996,0.025185185185184845,1.8977777777777782,0.0,11,11,1
mmlu_computer_security,dataset,1,18,posterior_mean,15.99999999999998,6.999999999999995,28,5.000000000000004,1.466370370370362,3.0038518518518105,2.9999999999999916,10,3,1
mmlu_computer_security,dataset,1,18,gaussian_lcb_1.645,0.9999999999999898,0.9999999999999898,2,0.9999999999999898,0.4488888888888844,2.9994074074073653,2.9999999999999916,1,0,0
mmlu_computer_security,dataset,1,19,posterior_mean,85.99999999999999,13.0,60,11.00000000000001,1.3718518518518443,3.371851851851826,3.9999999999999925,25,18,1
mmlu_computer_security,dataset,1,19,gaussian_lcb_1.645,17.99999999999995,6.999999999999995,11,6.999999999999995,0.7161481481481445,2.716148148148152,3.9999999999999925,6,6,1
mmlu_computer_security,default,1,0,posterior_mean,57.99999999999994,12.0,37,10.999999999999998,2.5591111111111107,4.779851851851796,3.9999999999999925,17,14,1
mmlu_computer_security,default,1,0,gaussian_lcb_1.645,18.99999999999997,5.999999999999995,15,4.999999999999993,2.551703703703701,4.775407407407352,3.9999999999999925,6,5,1
mmlu_computer_security,default,1,1,posterior_mean,65.00000000000004,11.00000000000001,33,11.00000000000001,1.9330370370370287,4.420740740740728,7.9999999999999964,16,13,1
mmlu_computer_security,default,1,1,gaussian_lcb_1.645,21.000000000000018,6.000000000000005,13,5.000000000000004,0.7943703703703716,4.409777777777766,7.9999999999999964,6,5,1
mmlu_computer_security,default,1,2,posterior_mean,27.000000000000025,9.000000000000007,15,9.000000000000007,0.9339259259259269,3.9339259259259207,4.999999999999993,8,5,1
mmlu_computer_security,default,1,2,gaussian_lcb_1.645,12.00000000000001,9.000000000000007,7,7.000000000000006,0.9277037037037043,3.9277037037036977,4.999999999999993,4,3,1
mmlu_computer_security,default,1,3,posterior_mean,14.999999999999968,3.9999999999999925,15,3.9999999999999925,1.5357037037036982,3.6032592592592305,2.0000000000000018,7,4,1
mmlu_computer_security,default,1,3,gaussian_lcb_1.645,2.9999999999999916,2.9999999999999916,3,2.9999999999999916,1.5351111111111058,3.6035555555555274,2.0000000000000018,1,1,1
mmlu_computer_security,default,1,4,posterior_mean,14.000000000000002,4.0000000000000036,10,4.0000000000000036,0.4340740740740742,3.083851851851824,2.0000000000000018,5,3,1
mmlu_computer_security,default,1,4,gaussian_lcb_1.645,5.999999999999995,4.0000000000000036,6,4.0000000000000036,0.43200000000000055,3.0817777777777495,2.0000000000000018,3,1,1
mmlu_computer_security,default,1,5,posterior_mean,84.00000000000003,16.000000000000004,45,15.000000000000002,2.3330370370370392,4.750814814814793,0.0,19,17,1
mmlu_computer_security,default,1,5,gaussian_lcb_1.645,28.000000000000025,5.000000000000004,22,5.000000000000004,1.9875555555555582,4.7445925925925705,0.0,8,7,1
mmlu_computer_security,default,1,6,posterior_mean,11.00000000000001,5.000000000000004,18,4.0000000000000036,0.9505185185185203,4.243259259259236,3.9999999999999925,8,1,1
mmlu_computer_security,default,1,6,gaussian_lcb_1.645,3.0000000000000027,1.0000000000000009,8,1.0000000000000009,0.2254814814814815,4.242666666666644,3.9999999999999925,3,0,0
mmlu_computer_security,default,1,7,posterior_mean,42.00000000000001,12.0,24,7.000000000000006,2.248888888888887,4.77925925925929,2.9999999999999916,12,9,1
mmlu_computer_security,default,1,7,gaussian_lcb_1.645,17.000000000000004,4.999999999999993,10,4.999999999999993,1.7893333333333343,4.783111111111141,2.9999999999999916,5,4,1
mmlu_computer_security,default,1,8,posterior_mean,94.0,14.000000000000002,48,12.00000000000001,0.9896296296296248,2.0382222222222106,3.9999999999999925,22,16,1
mmlu_computer_security,default,1,8,gaussian_lcb_1.645,41.99999999999998,10.999999999999998,24,9.999999999999998,0.9718518518518466,2.0210370370370248,3.9999999999999925,10,6,1
mmlu_computer_security,default,1,9,posterior_mean,9.999999999999986,4.0000000000000036,14,4.0000000000000036,1.6071111111111087,4.752592592592584,2.9999999999999916,4,3,1
mmlu_computer_security,default,1,9,gaussian_lcb_1.645,2.9999999999999916,2.9999999999999916,7,2.9999999999999916,1.1733333333333305,4.751111111111102,4.999999999999993,1,1,1
mmlu_computer_security,default,1,10,posterior_mean,104.0,8.999999999999996,77,7.000000000000006,2.1848888888888838,4.609481481481432,3.9999999999999925,31,29,1
mmlu_computer_security,default,1,10,gaussian_lcb_1.645,30.000000000000014,7.000000000000006,24,5.000000000000004,1.3122962962962945,4.7552592592592005,3.9999999999999925,10,10,1
mmlu_computer_security,default,1,11,posterior_mean,24.0,4.999999999999993,20,4.0000000000000036,0.7321481481481443,3.2530370370370045,2.9999999999999916,10,6,1
mmlu_computer_security,default,1,11,gaussian_lcb_1.645,13.0,3.9999999999999925,10,3.0000000000000027,0.6020740740740711,3.2491851851851514,2.9999999999999916,5,4,1
mmlu_computer_security,default,1,12,posterior_mean,31.999999999999986,10.000000000000009,27,9.000000000000007,1.0441481481481438,3.2814814814814763,3.9999999999999925,11,7,1
mmlu_computer_security,default,1,12,gaussian_lcb_1.645,3.9999999999999925,1.9999999999999907,7,1.9999999999999907,1.0367407407407365,3.2746666666666613,3.9999999999999925,3,1,1
mmlu_computer_security,default,1,13,posterior_mean,28.999999999999957,7.9999999999999964,21,6.999999999999995,1.7614814814814785,3.4485925925925818,3.9999999999999925,9,8,1
mmlu_computer_security,default,1,13,gaussian_lcb_1.645,13.999999999999979,5.999999999999995,11,3.0000000000000027,2.3087407407407357,3.9976296296296003,3.9999999999999925,5,5,1
mmlu_computer_security,default,1,14,posterior_mean,27.000000000000014,5.999999999999995,28,3.9999999999999925,3.6082962962962815,5.668740740740678,5.999999999999995,13,10,1
mmlu_computer_security,default,1,14,gaussian_lcb_1.645,7.000000000000006,2.0000000000000018,8,2.0000000000000018,1.632888888888892,5.671999999999937,5.999999999999995,4,3,1
mmlu_computer_security,default,1,15,posterior_mean,83.00000000000006,11.00000000000001,52,11.00000000000001,1.5031111111111068,4.834370370370319,2.9999999999999916,19,14,1
mmlu_computer_security,default,1,15,gaussian_lcb_1.645,51.000000000000036,11.00000000000001,31,11.00000000000001,0.9448888888888873,4.2767407407407,2.9999999999999916,12,7,1
mmlu_computer_security,default,1,16,posterior_mean,124.99999999999996,15.000000000000002,60,15.000000000000002,0.39911111111110753,2.179259259259236,2.9999999999999916,27,25,1
mmlu_computer_security,default,1,16,gaussian_lcb_1.645,54.99999999999997,7.9999999999999964,28,7.9999999999999964,0.36770370370370115,2.1481481481481257,2.9999999999999916,13,12,1
mmlu_computer_security,default,1,17,posterior_mean,34.9999999999999,7.9999999999999964,42,7.9999999999999964,0.22874074074073733,2.7434074074073687,2.9999999999999916,15,10,1
mmlu_computer_security,default,1,17,gaussian_lcb_1.645,9.999999999999964,2.9999999999999916,24,2.0000000000000018,0.22014814814814596,2.735111111111073,2.9999999999999916,7,3,1
mmlu_computer_security,default,1,18,posterior_mean,59.00000000000002,15.000000000000002,47,13.0,1.9333333333333376,5.426962962962941,4.999999999999993,21,13,1
mmlu_computer_security,default,1,18,gaussian_lcb_1.645,19.000000000000018,7.000000000000006,22,5.000000000000004,1.1469629629629639,5.192888888888893,4.999999999999993,10,4,1
mmlu_computer_security,default,1,19,posterior_mean,21.000000000000018,5.000000000000004,31,4.0000000000000036,0.4020740740740739,4.0023703703703415,3.9999999999999925,11,5,1
mmlu_computer_security,default,1,19,gaussian_lcb_1.645,7.000000000000006,2.0000000000000018,15,2.0000000000000018,0.39851851851851866,3.9988148148147866,3.9999999999999925,6,1,1
mmlu_anatomy,dataset,1,0,posterior_mean,29.62962962962966,11.851851851851858,47,8.888888888888891,1.0257785906619925,5.668607427729563,2.2222222222222254,15,4,1
mmlu_anatomy,dataset,1,0,gaussian_lcb_1.645,3.703703703703709,1.4814814814814836,13,1.4814814814814836,0.19175938627241812,5.398729868414497,2.2222222222222254,3,0,0
mmlu_anatomy,dataset,1,1,posterior_mean,141.48148148148155,14.074074074074073,90,10.370370370370374,2.348341208149163,4.308123761621703,1.4814814814814836,35,21,1
mmlu_anatomy,dataset,1,1,gaussian_lcb_1.645,49.62962962962965,8.888888888888891,32,8.888888888888891,0.7105420921607475,2.6708123761621856,1.4814814814814836,13,5,1
mmlu_anatomy,dataset,1,2,posterior_mean,54.07407407407414,10.370370370370374,79,10.370370370370374,0.8345069349184586,2.0287964233094407,2.2222222222222254,37,5,1
mmlu_anatomy,dataset,1,2,gaussian_lcb_1.645,14.074074074074094,1.4814814814814836,27,1.4814814814814836,0.6676218056190633,2.1491032871005564,2.2222222222222254,12,0,0
mmlu_anatomy,dataset,1,3,posterior_mean,63.70370370370375,12.592592592592599,84,11.851851851851858,0.6916018899558019,2.6187877864146802,2.9629629629629672,30,10,1
mmlu_anatomy,dataset,1,3,gaussian_lcb_1.645,9.629629629629644,2.9629629629629672,26,2.9629629629629672,0.2256566580297722,2.665935070873364,2.9629629629629672,9,1,1
mmlu_anatomy,dataset,1,4,posterior_mean,80.00000000000001,16.296296296296298,65,14.074074074074073,1.1114565869024027,3.372453386170821,1.4814814814814836,22,7,1
mmlu_anatomy,dataset,1,4,gaussian_lcb_1.645,7.407407407407418,1.4814814814814836,20,1.4814814814814836,0.1482700807803694,2.966499009297334,1.4814814814814836,6,0,0
mmlu_anatomy,dataset,1,5,posterior_mean,66.66666666666673,17.777777777777782,95,17.037037037037038,0.8042676421277256,2.285749123609232,1.4814814814814836,39,5,1
mmlu_anatomy,dataset,1,5,gaussian_lcb_1.645,15.555555555555578,3.703703703703709,35,2.2222222222222254,0.8185744043082867,2.3000558857898024,2.9629629629629672,13,1,1
mmlu_anatomy,dataset,1,6,posterior_mean,91.1111111111112,8.888888888888891,59,8.148148148148149,0.252644413961285,1.5762231367169712,0.0,25,20,1
mmlu_anatomy,dataset,1,6,gaussian_lcb_1.645,15.555555555555578,3.703703703703709,15,2.9629629629629672,0.2254940811868116,1.549560534471381,0.0,7,4,1
mmlu_anatomy,dataset,1,7,posterior_mean,25.18518518518521,6.666666666666665,62,6.666666666666665,0.5469897881420526,2.528476350149884,2.2222222222222254,13,4,1
mmlu_anatomy,dataset,1,7,gaussian_lcb_1.645,4.444444444444451,1.4814814814814836,27,1.4814814814814836,0.591535843113348,2.5735101356500674,2.2222222222222254,5,0,0
mmlu_anatomy,dataset,1,8,posterior_mean,45.18518518518522,10.370370370370374,60,8.888888888888891,0.6335619570187468,5.068495656150052,2.2222222222222254,22,5,1
mmlu_anatomy,dataset,1,8,gaussian_lcb_1.645,14.814814814814836,2.9629629629629672,40,2.2222222222222254,0.3755525072397506,4.992897424173216,2.2222222222222254,11,1,1
mmlu_anatomy,dataset,1,9,posterior_mean,80.7407407407408,13.33333333333333,79,12.592592592592588,0.7359040796626555,2.6536605192298044,2.2222222222222254,30,11,1
mmlu_anatomy,dataset,1,9,gaussian_lcb_1.645,14.074074074074094,3.703703703703709,20,2.9629629629629672,0.8089823705735913,2.7267388101407604,2.9629629629629672,9,2,1
mmlu_anatomy,dataset,1,10,posterior_mean,66.6666666666667,17.777777777777782,56,14.814814814814813,0.674043590916021,2.5019356805364863,1.4814814814814836,22,8,1
mmlu_anatomy,dataset,1,10,gaussian_lcb_1.645,22.222222222222232,7.4074074074074066,30,7.4074074074074066,1.2160747853477607,3.0441294518111195,1.4814814814814836,10,4,1
mmlu_anatomy,dataset,1,11,posterior_mean,57.777777777777814,15.555555555555555,61,13.33333333333333,0.9062033226642264,2.1112635269013853,1.4814814814814836,26,7,1
mmlu_anatomy,dataset,1,11,gaussian_lcb_1.645,11.111111111111127,4.444444444444451,20,2.9629629629629672,0.8384087791495206,2.0831377330691483,1.4814814814814836,9,1,1
mmlu_anatomy,dataset,1,12,posterior_mean,100.00000000000007,21.48148148148148,99,21.48148148148148,0.6323426306965417,3.0600213382106887,2.2222222222222254,42,11,1
mmlu_anatomy,dataset,1,12,gaussian_lcb_1.645,43.70370370370373,21.48148148148148,41,21.48148148148148,0.6053548747650261,3.0705888330031508,2.2222222222222254,18,2,1
mmlu_anatomy,dataset,1,13,posterior_mean,170.3703703703704,22.962962962962962,101,22.962962962962962,0.9506680892140446,3.2303205812122084,2.2222222222222254,39,17,1
mmlu_anatomy,dataset,1,13,gaussian_lcb_1.645,48.88888888888891,6.666666666666665,44,6.666666666666665,1.0805669867398255,3.3608697861098284,2.2222222222222254,21,7,1
mmlu_anatomy,dataset,1,14,posterior_mean,73.33333333333339,11.111111111111116,75,11.111111111111116,0.10681298582533252,1.8545546918660971,1.4814814814814836,31,5,1
mmlu_anatomy,dataset,1,14,gaussian_lcb_1.645,11.851851851851869,1.4814814814814836,27,1.4814814814814836,0.009917187420616825,1.7578214703043529,1.4814814814814836,11,0,0
mmlu_anatomy,dataset,1,15,posterior_mean,137.03703703703707,14.814814814814813,80,14.074074074074073,0.29735304577554317,2.666382157191436,1.4814814814814836,35,20,1
mmlu_anatomy,dataset,1,15,gaussian_lcb_1.645,33.33333333333335,9.629629629629633,27,9.629629629629633,0.36482243560432887,1.846303917085827,1.4814814814814836,10,4,1
mmlu_anatomy,dataset,1,16,posterior_mean,45.92592592592596,10.370370370370374,52,9.629629629629633,0.2158207590306359,2.4847431793933863,2.2222222222222254,18,6,1
mmlu_anatomy,dataset,1,16,gaussian_lcb_1.645,2.2222222222222254,0.7407407407407418,16,0.7407407407407418,0.1976121526190115,2.4678351877254454,2.2222222222222254,3,0,0
mmlu_anatomy,dataset,1,17,posterior_mean,82.22222222222229,16.296296296296298,63,16.296296296296298,0.5048010973936922,3.5941675557587898,0.0,29,13,1
mmlu_anatomy,dataset,1,17,gaussian_lcb_1.645,21.481481481481513,2.2222222222222254,28,2.2222222222222254,0.415383833765179,1.9389320733627968,0.0,13,7,1
mmlu_anatomy,dataset,1,18,posterior_mean,82.962962962963,17.037037037037038,77,17.037037037037038,0.5377229080932786,2.019204389574759,2.2222222222222254,29,10,1
mmlu_anatomy,dataset,1,18,gaussian_lcb_1.645,17.037037037037052,8.148148148148149,20,5.925925925925924,0.6885942183610235,2.170075699842477,2.2222222222222254,8,3,1
mmlu_anatomy,dataset,1,19,posterior_mean,205.1851851851853,25.185185185185187,105,25.185185185185187,1.3634506934918484,3.106477671086775,5.185185185185192,47,31,1
mmlu_anatomy,dataset,1,19,gaussian_lcb_1.645,20.000000000000018,6.666666666666665,37,6.666666666666665,0.7173703195651083,2.7645379261291874,2.2222222222222254,12,4,1
mmlu_anatomy,default,1,0,posterior_mean,39.259259259259274,14.074074074074073,34,14.074074074074073,0.5759284661890987,2.5179494995681573,2.2222222222222254,12,4,1
mmlu_anatomy,default,1,0,gaussian_lcb_1.645,3.703703703703709,2.2222222222222254,9,2.2222222222222254,0.26825179088553597,2.490474013107759,2.2222222222222254,2,1,1
mmlu_anatomy,default,1,1,posterior_mean,59.2592592592593,14.814814814814813,41,14.814814814814813,0.32092668800487717,4.897424173144279,0.0,17,8,1
mmlu_anatomy,default,1,1,gaussian_lcb_1.645,17.037037037037063,5.185185185185192,26,5.185185185185192,0.3036935426510181,4.8827922572777975,0.0,10,4,1
mmlu_anatomy,default,1,2,posterior_mean,65.92592592592598,13.333333333333341,61,10.370370370370374,2.0332672864908856,4.244840725499206,2.2222222222222254,24,15,1
mmlu_anatomy,default,1,2,gaussian_lcb_1.645,24.44444444444448,3.703703703703709,31,3.703703703703709,1.0223644769598152,4.191190367322097,2.2222222222222254,11,7,1
mmlu_anatomy,default,1,3,posterior_mean,76.29629629629635,14.074074074074073,47,12.592592592592588,1.0416298328506846,2.5231113143322035,2.9629629629629672,22,15,1
mmlu_anatomy,default,1,3,gaussian_lcb_1.645,31.851851851851887,9.629629629629633,25,9.629629629629633,1.032037799115989,2.513519280597508,2.9629629629629672,11,7,1
mmlu_anatomy,default,1,4,posterior_mean,82.22222222222224,11.111111111111116,69,9.629629629629633,0.7438703449677379,4.972737895645976,2.2222222222222254,29,12,1
mmlu_anatomy,default,1,4,gaussian_lcb_1.645,22.222222222222232,5.925925925925924,29,5.925925925925924,0.20801707056851124,4.802845094751846,2.2222222222222254,12,3,1
mmlu_anatomy,default,1,5,posterior_mean,18.518518518518544,2.2222222222222254,29,2.2222222222222254,0.6439668749682472,4.0511710613219005,1.4814814814814836,14,3,1
mmlu_anatomy,default,1,5,gaussian_lcb_1.645,3.703703703703709,1.4814814814814836,8,1.4814814814814836,0.04909820657420127,3.471259462480229,1.4814814814814836,4,0,0
mmlu_anatomy,default,1,6,posterior_mean,71.11111111111116,11.851851851851858,79,11.851851851851858,0.6262459990855055,2.4438957475994365,1.4814814814814836,30,8,1
mmlu_anatomy,default,1,6,gaussian_lcb_1.645,21.481481481481513,2.2222222222222254,53,2.2222222222222254,0.6067367779301948,2.4243865264441244,1.4814814814814836,20,2,1
mmlu_anatomy,default,1,7,posterior_mean,155.55555555555563,14.814814814814813,109,12.592592592592588,1.167626886145401,3.2197530864197486,2.9629629629629672,45,19,1
mmlu_anatomy,default,1,7,gaussian_lcb_1.645,22.962962962962997,2.9629629629629672,42,2.2222222222222254,0.6816847025351829,2.780998831478905,2.9629629629629672,18,2,1
mmlu_anatomy,default,1,8,posterior_mean,94.81481481481488,28.148148148148156,80,26.66666666666667,1.0554488645023627,3.5764060356653182,2.9629629629629672,29,16,1
mmlu_anatomy,default,1,8,gaussian_lcb_1.645,14.074074074074094,2.9629629629629672,28,2.9629629629629672,0.7309454859523454,3.8509983234263165,2.9629629629629672,10,2,1
mmlu_anatomy,default,1,9,posterior_mean,97.77777777777783,17.777777777777782,73,15.555555555555555,1.429213026469542,5.941086216532019,1.4814814814814836,31,9,1
mmlu_anatomy,default,1,9,gaussian_lcb_1.645,38.51851851851854,8.888888888888891,42,8.888888888888891,1.232657623329778,5.897027892089607,1.4814814814814836,17,3,1
mmlu_anatomy,default,1,10,posterior_mean,116.29629629629635,11.851851851851858,68,11.851851851851858,1.7746075293400407,3.875100340395298,2.9629629629629672,30,14,1
mmlu_anatomy,default,1,10,gaussian_lcb_1.645,21.481481481481502,7.4074074074074066,30,7.4074074074074066,1.1147894121831048,3.4660976477163317,2.9629629629629672,13,2,1
mmlu_anatomy,default,1,11,posterior_mean,133.33333333333343,11.851851851851858,76,10.370370370370374,1.7459940049789187,2.9100035563684328,1.4814814814814836,36,22,1
mmlu_anatomy,default,1,11,gaussian_lcb_1.645,51.85185185185189,11.851851851851858,37,10.370370370370374,1.6474724381445938,2.8114819895341094,1.4814814814814836,17,9,1
mmlu_anatomy,default,1,12,posterior_mean,60.74074074074082,10.370370370370374,36,10.370370370370374,0.5532489965960494,2.6365899507188884,0.0,18,15,1
mmlu_anatomy,default,1,12,gaussian_lcb_1.645,20.74074074074077,5.185185185185192,14,5.185185185185192,0.5395925417873298,2.622933495910169,0.0,7,4,1
mmlu_anatomy,default,1,13,posterior_mean,117.77777777777783,18.518518518518523,72,17.777777777777782,1.3453233755017024,3.068028247726428,1.4814814814814836,33,13,1
mmlu_anatomy,default,1,13,gaussian_lcb_1.645,64.44444444444446,18.518518518518523,38,17.777777777777782,0.9990346999949196,2.7217395722196778,1.4814814814814836,17,6,1
mmlu_anatomy,default,1,14,posterior_mean,91.11111111111117,20.000000000000007,63,20.000000000000007,3.7682060661484518,5.850124472895497,2.2222222222222254,21,10,1
mmlu_anatomy,default,1,14,gaussian_lcb_1.645,45.925925925925945,20.000000000000007,34,20.000000000000007,3.710003556368438,5.830615251740188,2.2222222222222254,7,4,1
mmlu_anatomy,default,1,15,posterior_mean,91.85185185185193,16.296296296296298,84,14.074074074074073,1.1265762332977682,3.275395010923173,2.2222222222222254,36,16,1
mmlu_anatomy,default,1,15,gaussian_lcb_1.645,40.00000000000005,5.185185185185182,47,5.185185185185182,0.916445663770767,3.2677538993040134,2.2222222222222254,20,8,1
mmlu_anatomy,default,1,16,posterior_mean,120.74074074074079,20.740740740740737,59,20.740740740740737,1.0717065487984556,2.1026469542244377,0.0,27,16,1
mmlu_anatomy,default,1,16,gaussian_lcb_1.645,54.81481481481485,14.074074074074073,35,14.074074074074073,1.0790225067316979,2.1478433165675757,0.0,15,9,1
mmlu_anatomy,default,1,17,posterior_mean,62.2222222222223,10.370370370370374,52,10.370370370370374,1.037565411776661,1.037565411776667,0.0,22,19,1
mmlu_anatomy,default,1,17,gaussian_lcb_1.645,20.74074074074077,5.9259259259259345,16,4.444444444444451,0.7598841639993913,0.7598841639993984,0.0,8,6,1
mmlu_anatomy,default,1,18,posterior_mean,44.444444444444485,15.555555555555555,41,15.555555555555555,0.32490982065742186,1.6728344256464933,3.703703703703709,21,10,1
mmlu_anatomy,default,1,18,gaussian_lcb_1.645,8.888888888888902,3.703703703703709,16,2.2222222222222254,0.3137733069145973,1.6831580551745122,2.9629629629629672,8,2,1
mmlu_anatomy,default,1,19,posterior_mean,71.8518518518519,11.111111111111116,56,9.629629629629633,1.3418279733780445,2.7502718081593014,2.2222222222222254,23,11,1
mmlu_anatomy,default,1,19,gaussian_lcb_1.645,17.777777777777793,8.888888888888891,19,8.888888888888891,0.5966570136666159,2.708570847939821,1.4814814814814836,6,4,1
mmlu_business_ethics,dataset,1,0,posterior_mean,27.000000000000025,3.0000000000000027,69,3.0000000000000027,0.7208888888888899,0.7905185185185188,1.0000000000000009,20,6,1
mmlu_business_ethics,dataset,1,0,gaussian_lcb_1.645,10.000000000000009,2.0000000000000018,25,1.0000000000000009,0.6957037037037045,0.767703703703704,1.0000000000000009,10,0,0
mmlu_business_ethics,dataset,1,1,posterior_mean,42.000000000000014,17.999999999999993,49,17.999999999999993,0.1490370370370379,0.14903703703703808,1.0000000000000009,17,5,1
mmlu_business_ethics,dataset,1,1,gaussian_lcb_1.645,12.00000000000001,2.0000000000000018,23,2.0000000000000018,0.13333333333333378,0.13333333333333383,1.0000000000000009,9,3,1
mmlu_business_ethics,dataset,1,2,posterior_mean,19.000000000000018,3.0000000000000027,50,2.0000000000000018,0.4850370370370375,1.0029629629629577,1.0000000000000009,18,1,1
mmlu_business_ethics,dataset,1,2,gaussian_lcb_1.645,4.0000000000000036,2.0000000000000018,18,1.0000000000000009,0.3570370370370373,0.9976296296296241,1.0000000000000009,4,0,0
mmlu_business_ethics,dataset,1,3,posterior_mean,45.00000000000004,4.0000000000000036,87,4.0000000000000036,0.3274074074074076,0.32740740740740853,0.0,31,9,1
mmlu_business_ethics,dataset,1,3,gaussian_lcb_1.645,17.000000000000014,4.0000000000000036,34,4.0000000000000036,0.3226666666666671,0.3226666666666681,0.0,12,2,1
mmlu_business_ethics,dataset,1,4,posterior_mean,55.00000000000003,14.000000000000002,47,14.000000000000002,0.5066666666666682,0.5066666666666689,0.0,19,11,1
mmlu_business_ethics,dataset,1,4,gaussian_lcb_1.645,5.000000000000004,2.0000000000000018,7,2.0000000000000018,0.4897777777777782,0.489777777777779,0.0,3,2,1
mmlu_business_ethics,dataset,1,5,posterior_mean,42.000000000000036,4.0000000000000036,67,3.0000000000000027,0.6820740740740739,0.6820740740740744,0.0,24,17,1
mmlu_business_ethics,dataset,1,5,gaussian_lcb_1.645,22.00000000000002,2.0000000000000018,37,2.0000000000000018,0.6770370370370373,0.677037037037038,0.0,13,9,1
mmlu_business_ethics,dataset,1,6,posterior_mean,37.000000000000036,4.0000000000000036,72,4.0000000000000036,1.0782222222222217,1.07940740740741,0.0,23,12,1
mmlu_business_ethics,dataset,1,6,gaussian_lcb_1.645,14.000000000000012,2.0000000000000018,27,2.0000000000000018,1.2026666666666668,1.2038518518518488,0.0,10,4,1
mmlu_business_ethics,dataset,1,7,posterior_mean,46.00000000000004,4.0000000000000036,61,4.0000000000000036,0.655111111111112,0.6551111111111101,1.0000000000000009,27,15,1
mmlu_business_ethics,dataset,1,7,gaussian_lcb_1.645,24.00000000000002,4.0000000000000036,29,4.0000000000000036,0.6385185185185195,0.6385185185185179,1.0000000000000009,12,9,1
mmlu_business_ethics,dataset,1,8,posterior_mean,29.000000000000025,3.0000000000000027,67,2.0000000000000018,0.4699259259259259,1.0749629629629707,0.0,19,10,1
mmlu_business_ethics,dataset,1,8,gaussian_lcb_1.645,11.00000000000001,2.0000000000000018,25,2.0000000000000018,0.23555555555555532,1.0648888888888968,0.0,8,3,1
mmlu_business_ethics,dataset,1,9,posterior_mean,28.000000000000025,3.0000000000000027,57,3.0000000000000027,0.29540740740740806,0.2954074074074086,0.0,21,6,1
mmlu_business_ethics,dataset,1,9,gaussian_lcb_1.645,8.000000000000007,2.0000000000000018,17,2.0000000000000018,0.28474074074074124,0.2847407407407417,0.0,6,2,1
mmlu_business_ethics,dataset,1,10,posterior_mean,33.00000000000003,3.0000000000000027,66,2.0000000000000018,0.8797037037037053,0.8797037037037013,0.0,26,7,1
mmlu_business_ethics,dataset,1,10,gaussian_lcb_1.645,16.000000000000014,3.0000000000000027,34,2.0000000000000018,0.8044444444444456,0.8044444444444412,0.0,13,3,1
mmlu_business_ethics,dataset,1,11,posterior_mean,26.00000000000002,4.0000000000000036,51,3.0000000000000027,0.34192592592592624,0.8613333333333314,0.0,17,7,1
mmlu_business_ethics,dataset,1,11,gaussian_lcb_1.645,9.000000000000007,3.0000000000000027,21,3.0000000000000027,0.11466666666666664,0.6355555555555573,0.0,6,2,1
mmlu_business_ethics,dataset,1,12,posterior_mean,32.00000000000003,4.0000000000000036,58,4.0000000000000036,0.791703703703705,0.8628148148148107,0.0,21,7,1
mmlu_business_ethics,dataset,1,12,gaussian_lcb_1.645,5.000000000000004,2.0000000000000018,16,1.0000000000000009,0.30400000000000005,0.8479999999999955,0.0,5,0,0
mmlu_business_ethics,dataset,1,13,posterior_mean,29.000000000000014,12.0,40,9.999999999999998,0.871111111111112,0.8711111111111068,0.0,17,4,1
mmlu_business_ethics,dataset,1,13,gaussian_lcb_1.645,9.000000000000007,2.0000000000000018,14,2.0000000000000018,0.864592592592594,0.864592592592589,0.0,7,2,1
mmlu_business_ethics,dataset,1,14,posterior_mean,31.00000000000003,4.0000000000000036,49,3.0000000000000027,0.26785185185185256,0.26785185185185284,2.0000000000000018,17,10,1
mmlu_business_ethics,dataset,1,14,gaussian_lcb_1.645,7.000000000000006,2.0000000000000018,15,2.0000000000000018,0.22044444444444472,0.2204444444444448,2.0000000000000018,5,2,1
mmlu_business_ethics,dataset,1,15,posterior_mean,25.00000000000002,2.0000000000000018,53,2.0000000000000018,0.5768888888888896,1.7567407407407332,0.0,18,7,1
mmlu_business_ethics,dataset,1,15,gaussian_lcb_1.645,16.000000000000014,2.0000000000000018,27,2.0000000000000018,0.5807407407407412,1.7617777777777697,0.0,11,5,1
mmlu_business_ethics,dataset,1,16,posterior_mean,44.00000000000004,3.0000000000000027,52,3.0000000000000027,0.03585185185185268,0.03585185185185268,0.0,22,14,1
mmlu_business_ethics,dataset,1,16,gaussian_lcb_1.645,27.000000000000025,3.0000000000000027,26,3.0000000000000027,0.013629629629629419,0.013629629629629417,0.0,11,9,1
mmlu_business_ethics,dataset,1,17,posterior_mean,34.00000000000003,2.0000000000000018,45,2.0000000000000018,0.018962962962963077,0.020740740740740823,0.0,21,13,1
mmlu_business_ethics,dataset,1,17,gaussian_lcb_1.645,8.000000000000007,2.0000000000000018,12,2.0000000000000018,0.0023703703703704814,0.0023703703703704814,0.0,5,3,1
mmlu_business_ethics,dataset,1,18,posterior_mean,26.00000000000002,4.0000000000000036,53,4.0000000000000036,0.6814814814814824,0.6814814814814812,1.0000000000000009,14,7,1
mmlu_business_ethics,dataset,1,18,gaussian_lcb_1.645,12.00000000000001,4.0000000000000036,21,4.0000000000000036,0.6651851851851858,0.6651851851851847,1.0000000000000009,7,3,1
mmlu_business_ethics,dataset,1,19,posterior_mean,50.000000000000036,13.0,79,13.0,0.18162962962962928,0.18162962962962945,1.0000000000000009,29,6,1
mmlu_business_ethics,dataset,1,19,gaussian_lcb_1.645,9.000000000000007,1.0000000000000009,27,1.0000000000000009,0.1727407407407408,0.172740740740741,1.0000000000000009,9,0,0
mmlu_business_ethics,default,1,0,posterior_mean,22.00000000000002,3.0000000000000027,44,3.0000000000000027,0.4171851851851854,1.387851851851848,1.0000000000000009,19,2,1
mmlu_business_ethics,default,1,0,gaussian_lcb_1.645,11.00000000000001,2.0000000000000018,27,1.0000000000000009,0.2761481481481482,1.2471111111111073,1.0000000000000009,11,0,0
mmlu_business_ethics,default,1,1,posterior_mean,35.00000000000002,9.999999999999998,48,9.999999999999998,0.24029629629629629,0.2402962962962966,1.0000000000000009,21,5,1
mmlu_business_ethics,default,1,1,gaussian_lcb_1.645,11.00000000000001,2.0000000000000018,24,2.0000000000000018,0.23259259259259277,0.23259259259259304,1.0000000000000009,10,1,1
mmlu_business_ethics,default,1,2,posterior_mean,28.000000000000025,4.0000000000000036,46,2.0000000000000018,0.8260740740740742,1.710222222222213,2.0000000000000018,19,9,1
mmlu_business_ethics,default,1,2,gaussian_lcb_1.645,12.00000000000001,2.0000000000000018,24,2.0000000000000018,0.8299259259259262,1.714074074074065,2.0000000000000018,8,4,1
mmlu_business_ethics,default,1,3,posterior_mean,32.00000000000003,4.0000000000000036,46,4.0000000000000036,0.3946666666666675,0.8628148148148169,2.0000000000000018,20,10,1
mmlu_business_ethics,default,1,3,gaussian_lcb_1.645,23.00000000000002,4.0000000000000036,28,2.0000000000000018,0.8014814814814821,1.2725925925925923,2.0000000000000018,14,9,1
mmlu_business_ethics,default,1,4,posterior_mean,15.000000000000014,2.0000000000000018,29,2.0000000000000018,0.8130370370370384,0.813037037037037,1.0000000000000009,11,4,1
mmlu_business_ethics,default,1,4,gaussian_lcb_1.645,12.00000000000001,2.0000000000000018,18,2.0000000000000018,0.7961481481481496,0.7961481481481476,1.0000000000000009,9,3,1
mmlu_business_ethics,default,1,5,posterior_mean,53.000000000000014,17.999999999999993,43,16.999999999999993,0.4767407407407394,0.9348148148148163,0.0,20,8,1
mmlu_business_ethics,default,1,5,gaussian_lcb_1.645,3.0000000000000027,1.0000000000000009,7,1.0000000000000009,0.0008888888888889882,0.9170370370370399,0.0,3,0,0
mmlu_business_ethics,default,1,6,posterior_mean,20.000000000000018,3.0000000000000027,38,3.0000000000000027,0.5268148148148152,0.5268148148148157,0.0,10,8,1
mmlu_business_ethics,default,1,6,gaussian_lcb_1.645,10.000000000000009,2.0000000000000018,18,2.0000000000000018,0.523851851851852,0.5238518518518527,0.0,5,5,1
mmlu_business_ethics,default,1,7,posterior_mean,19.000000000000018,2.0000000000000018,47,2.0000000000000018,0.8657777777777782,1.7611851851851767,1.0000000000000009,15,4,1
mmlu_business_ethics,default,1,7,gaussian_lcb_1.645,16.000000000000014,2.0000000000000018,29,2.0000000000000018,0.8725925925925933,1.7679999999999916,1.0000000000000009,13,3,1
mmlu_business_ethics,default,1,8,posterior_mean,36.00000000000002,17.000000000000004,58,15.000000000000002,1.6394074074074092,1.6394074074074003,0.0,18,5,1
mmlu_business_ethics,default,1,8,gaussian_lcb_1.645,25.00000000000001,17.000000000000004,33,15.000000000000002,1.6225185185185207,1.6225185185185127,0.0,10,2,1
mmlu_business_ethics,default,1,9,posterior_mean,27.000000000000025,4.0000000000000036,51,3.0000000000000027,0.4287407407407404,1.3037037037037014,1.0000000000000009,18,6,1
mmlu_business_ethics,default,1,9,gaussian_lcb_1.645,10.000000000000009,3.0000000000000027,18,3.0000000000000027,0.421333333333333,1.29659259259259,1.0000000000000009,7,2,1
mmlu_business_ethics,default,1,10,posterior_mean,51.00000000000004,4.0000000000000036,77,4.0000000000000036,0.7650370370370378,0.7650370370370421,0.0,30,10,1
mmlu_business_ethics,default,1,10,gaussian_lcb_1.645,24.00000000000002,4.0000000000000036,36,4.0000000000000036,0.7724444444444448,0.7724444444444492,0.0,14,5,1
mmlu_business_ethics,default,1,11,posterior_mean,41.00000000000003,14.000000000000002,48,10.999999999999998,2.588444444444445,2.6506666666666296,0.0,18,9,1
mmlu_business_ethics,default,1,11,gaussian_lcb_1.645,26.00000000000002,4.0000000000000036,34,4.0000000000000036,2.5863703703703718,2.6494814814814456,0.0,14,7,1
mmlu_business_ethics,default,1,12,posterior_mean,15.000000000000014,2.0000000000000018,31,2.0000000000000018,0.37125925925925984,2.1531851851851695,0.0,10,5,1
mmlu_business_ethics,default,1,12,gaussian_lcb_1.645,7.000000000000006,2.0000000000000018,16,2.0000000000000018,0.39200000000000057,2.175111111111095,0.0,5,2,1
mmlu_business_ethics,default,1,13,posterior_mean,32.00000000000003,4.0000000000000036,65,4.0000000000000036,0.020148148148148165,0.9845925925925968,0.0,20,7,1
mmlu_business_ethics,default,1,13,gaussian_lcb_1.645,8.000000000000007,3.0000000000000027,32,3.0000000000000027,0.010074074074074006,0.9754074074074117,0.0,6,1,1
mmlu_business_ethics,default,1,14,posterior_mean,26.00000000000002,4.0000000000000036,42,4.0000000000000036,1.9247407407407402,1.9825185185185243,0.0,16,8,1
mmlu_business_ethics,default,1,14,gaussian_lcb_1.645,10.000000000000009,4.0000000000000036,19,4.0000000000000036,1.9300740740740734,1.9896296296296354,0.0,6,2,1
mmlu_business_ethics,default,1,15,posterior_mean,18.000000000000014,2.0000000000000018,46,2.0000000000000018,0.5297777777777787,1.0687407407407437,0.0,17,1,1
mmlu_business_ethics,default,1,15,gaussian_lcb_1.645,9.000000000000007,2.0000000000000018,20,2.0000000000000018,0.29807407407407427,1.064592592592595,0.0,7,2,1
mmlu_business_ethics,default,1,16,posterior_mean,19.000000000000018,3.0000000000000027,33,3.0000000000000027,1.6992592592592621,1.741925925925919,1.0000000000000009,14,4,1
mmlu_business_ethics,default,1,16,gaussian_lcb_1.645,8.000000000000007,2.0000000000000018,13,2.0000000000000018,0.887703703703706,1.743407407407401,1.0000000000000009,6,2,1
mmlu_business_ethics,default,1,17,posterior_mean,45.00000000000003,15.000000000000002,45,13.0,1.2382222222222241,2.2524444444444223,0.0,21,10,1
mmlu_business_ethics,default,1,17,gaussian_lcb_1.645,13.00000000000001,3.0000000000000027,21,3.0000000000000027,1.1469629629629636,2.2485925925925696,0.0,10,2,1
mmlu_business_ethics,default,1,18,posterior_mean,29.000000000000004,21.999999999999996,21,21.999999999999996,0.05688888888888822,0.5682962962962971,0.0,6,3,1
mmlu_business_ethics,default,1,18,gaussian_lcb_1.645,4.0000000000000036,2.0000000000000018,14,1.0000000000000009,0.04711111111111123,0.5591111111111129,0.0,4,0,0
mmlu_business_ethics,default,1,19,posterior_mean,16.000000000000014,2.0000000000000018,40,2.0000000000000018,0.6337777777777777,0.6477037037037038,1.0000000000000009,13,3,1
mmlu_business_ethics,default,1,19,gaussian_lcb_1.645,9.000000000000007,2.0000000000000018,24,2.0000000000000018,0.6308148148148153,0.6447407407407414,1.0000000000000009,8,1,1
