prior_tag,matrix_seed,run_seed,method_key,method_label,family,parameter,final_evaluations,final_budget_fraction,final_recommended_arm,final_regret,final_coverage,top1_correct,final_selected_n,final_selected_variance,final_score,paired_final_delta
dataset,1,0,posterior_mean,Current posterior mean,baseline,,10300,0.1,19,0.0,1,1.0,548.0,0.00044603033006244426,0.6690455079078674,0.0
dataset,1,0,empirical_mean,Observed sample mean,baseline,,10300,0.1,19,0.0,1,1.0,548.0,0.00044603033006244426,0.6751824817518248,0.0
dataset,1,0,variance_gate_0.5,Variance gate: v/v0 <= 0.5,variance_gate,0.5,10300,0.1,19,0.0,1,1.0,548.0,0.00044603033006244426,0.6690454950936664,0.0
dataset,1,0,variance_gate_0.2,Variance gate: v/v0 <= 0.2,variance_gate,0.2,10300,0.1,19,0.0,1,1.0,548.0,0.00044603033006244426,0.6690454950936664,0.0
dataset,1,0,variance_gate_0.1,Variance gate: v/v0 <= 0.1,variance_gate,0.1,10300,0.1,19,0.0,1,1.0,548.0,0.00044603033006244426,0.6690454950936664,0.0
dataset,1,0,variance_gate_0.05,Variance gate: v/v0 <= 0.05,variance_gate,0.05,10300,0.1,19,0.0,1,1.0,548.0,0.00044603033006244426,0.6690454950936664,0.0
dataset,1,0,mean_variance_1,Mean - 1 x variance,mean_variance,1.0,10300,0.1,19,0.0,1,1.0,548.0,0.00044603033006244426,0.668599464763604,0.0
dataset,1,0,mean_variance_5,Mean - 5 x variance,mean_variance,5.0,10300,0.1,20,0.0,1,1.0,1000.0,0.0002469135802469136,0.6674074074074074,0.0
dataset,1,0,mean_variance_10,Mean - 10 x variance,mean_variance,10.0,10300,0.1,20,0.0,1,1.0,1000.0,0.0002469135802469136,0.6661728395061729,0.0
dataset,1,0,mean_variance_20,Mean - 20 x variance,mean_variance,20.0,10300,0.1,20,0.0,1,1.0,1000.0,0.0002469135802469136,0.6637037037037037,0.0
dataset,1,0,gaussian_lcb_1,Gaussian lower bound: mean - 1 x SD,gaussian_lcb,1.0,10300,0.1,20,0.0,1,1.0,1000.0,0.0002469135802469136,0.6529284912822743,0.0
dataset,1,0,gaussian_lcb_1.645,Gaussian lower bound: mean - 1.645 x SD,gaussian_lcb,1.645,10300,0.1,20,0.0,1,1.0,1000.0,0.0002469135802469136,0.6427932940852671,0.0
dataset,1,0,gaussian_lcb_1.96,Gaussian lower bound: mean - 1.96 x SD,gaussian_lcb,1.96,10300,0.1,20,0.0,1,1.0,1000.0,0.0002469135802469136,0.6378435466169613,0.0
dataset,1,0,gaussian_lcb_2.576,Gaussian lower bound: mean - 2.576 x SD,gaussian_lcb,2.576,10300,0.1,20,0.0,1,1.0,1000.0,0.0002469135802469136,0.6281640404567187,0.0
dataset,1,0,finite_gaussian_lcb_1,Finite-row Gaussian bound: mean - 1 x SD,finite_gaussian_lcb,1.0,10300,0.1,20,0.0,1,1.0,1000.0,0.0002469135802469136,0.672,0.0
dataset,1,0,finite_gaussian_lcb_1.645,Finite-row Gaussian bound: mean - 1.645 x SD,finite_gaussian_lcb,1.645,10300,0.1,20,0.0,1,1.0,1000.0,0.0002469135802469136,0.672,0.0
dataset,1,0,finite_gaussian_lcb_1.96,Finite-row Gaussian bound: mean - 1.96 x SD,finite_gaussian_lcb,1.96,10300,0.1,20,0.0,1,1.0,1000.0,0.0002469135802469136,0.672,0.0
dataset,1,0,finite_population_lcb,Anytime finite-population lower bound (delta=0.05),confidence,0.05,10300,0.1,20,0.0,1,1.0,1000.0,0.0002469135802469136,0.672,0.0
dataset,1,1,posterior_mean,Current posterior mean,baseline,,10300,0.1,19,0.0,1,1.0,1000.0,0.0002469135802469136,0.668641984462738,0.0
dataset,1,1,empirical_mean,Observed sample mean,baseline,,10300,0.1,19,0.0,1,1.0,1000.0,0.0002469135802469136,0.672,0.0
dataset,1,1,variance_gate_0.5,Variance gate: v/v0 <= 0.5,variance_gate,0.5,10300,0.1,19,0.0,1,1.0,1000.0,0.0002469135802469136,0.668641975308642,0.0
dataset,1,1,variance_gate_0.2,Variance gate: v/v0 <= 0.2,variance_gate,0.2,10300,0.1,19,0.0,1,1.0,1000.0,0.0002469135802469136,0.668641975308642,0.0
dataset,1,1,variance_gate_0.1,Variance gate: v/v0 <= 0.1,variance_gate,0.1,10300,0.1,19,0.0,1,1.0,1000.0,0.0002469135802469136,0.668641975308642,0.0
dataset,1,1,variance_gate_0.05,Variance gate: v/v0 <= 0.05,variance_gate,0.05,10300,0.1,19,0.0,1,1.0,1000.0,0.0002469135802469136,0.668641975308642,0.0
dataset,1,1,mean_variance_1,Mean - 1 x variance,mean_variance,1.0,10300,0.1,19,0.0,1,1.0,1000.0,0.0002469135802469136,0.6683950617283951,0.0
dataset,1,1,mean_variance_5,Mean - 5 x variance,mean_variance,5.0,10300,0.1,19,0.0,1,1.0,1000.0,0.0002469135802469136,0.6674074074074074,0.0
dataset,1,1,mean_variance_10,Mean - 10 x variance,mean_variance,10.0,10300,0.1,19,0.0,1,1.0,1000.0,0.0002469135802469136,0.6661728395061729,0.0
dataset,1,1,mean_variance_20,Mean - 20 x variance,mean_variance,20.0,10300,0.1,19,0.0,1,1.0,1000.0,0.0002469135802469136,0.6637037037037037,0.0
dataset,1,1,gaussian_lcb_1,Gaussian lower bound: mean - 1 x SD,gaussian_lcb,1.0,10300,0.1,19,0.0,1,1.0,1000.0,0.0002469135802469136,0.6529284912822743,0.0
dataset,1,1,gaussian_lcb_1.645,Gaussian lower bound: mean - 1.645 x SD,gaussian_lcb,1.645,10300,0.1,19,0.0,1,1.0,1000.0,0.0002469135802469136,0.6427932940852671,0.0
dataset,1,1,gaussian_lcb_1.96,Gaussian lower bound: mean - 1.96 x SD,gaussian_lcb,1.96,10300,0.1,19,0.0,1,1.0,1000.0,0.0002469135802469136,0.6378435466169613,0.0
dataset,1,1,gaussian_lcb_2.576,Gaussian lower bound: mean - 2.576 x SD,gaussian_lcb,2.576,10300,0.1,19,0.0,1,1.0,1000.0,0.0002469135802469136,0.6281640404567187,0.0
dataset,1,1,finite_gaussian_lcb_1,Finite-row Gaussian bound: mean - 1 x SD,finite_gaussian_lcb,1.0,10300,0.1,19,0.0,1,1.0,1000.0,0.0002469135802469136,0.672,0.0
dataset,1,1,finite_gaussian_lcb_1.645,Finite-row Gaussian bound: mean - 1.645 x SD,finite_gaussian_lcb,1.645,10300,0.1,19,0.0,1,1.0,1000.0,0.0002469135802469136,0.672,0.0
dataset,1,1,finite_gaussian_lcb_1.96,Finite-row Gaussian bound: mean - 1.96 x SD,finite_gaussian_lcb,1.96,10300,0.1,19,0.0,1,1.0,1000.0,0.0002469135802469136,0.672,0.0
dataset,1,1,finite_population_lcb,Anytime finite-population lower bound (delta=0.05),confidence,0.05,10300,0.1,19,0.0,1,1.0,1000.0,0.0002469135802469136,0.672,0.0
dataset,1,2,posterior_mean,Current posterior mean,baseline,,10300,0.1,24,0.02200000000000002,1,0.0,1000.0,0.0002469135802469136,0.6469135880470276,0.0
dataset,1,2,empirical_mean,Observed sample mean,baseline,,10300,0.1,24,0.02200000000000002,1,0.0,1000.0,0.0002469135802469136,0.65,0.0
dataset,1,2,variance_gate_0.5,Variance gate: v/v0 <= 0.5,variance_gate,0.5,10300,0.1,24,0.02200000000000002,1,0.0,1000.0,0.0002469135802469136,0.6469135802469136,0.0
dataset,1,2,variance_gate_0.2,Variance gate: v/v0 <= 0.2,variance_gate,0.2,10300,0.1,24,0.02200000000000002,1,0.0,1000.0,0.0002469135802469136,0.6469135802469136,0.0
dataset,1,2,variance_gate_0.1,Variance gate: v/v0 <= 0.1,variance_gate,0.1,10300,0.1,24,0.02200000000000002,1,0.0,1000.0,0.0002469135802469136,0.6469135802469136,0.0
dataset,1,2,variance_gate_0.05,Variance gate: v/v0 <= 0.05,variance_gate,0.05,10300,0.1,24,0.02200000000000002,1,0.0,1000.0,0.0002469135802469136,0.6469135802469136,0.0
dataset,1,2,mean_variance_1,Mean - 1 x variance,mean_variance,1.0,10300,0.1,24,0.02200000000000002,1,0.0,1000.0,0.0002469135802469136,0.6466666666666667,0.0
dataset,1,2,mean_variance_5,Mean - 5 x variance,mean_variance,5.0,10300,0.1,24,0.02200000000000002,1,0.0,1000.0,0.0002469135802469136,0.645679012345679,0.0
dataset,1,2,mean_variance_10,Mean - 10 x variance,mean_variance,10.0,10300,0.1,24,0.02200000000000002,1,0.0,1000.0,0.0002469135802469136,0.6444444444444445,0.0
dataset,1,2,mean_variance_20,Mean - 20 x variance,mean_variance,20.0,10300,0.1,24,0.02200000000000002,1,0.0,1000.0,0.0002469135802469136,0.6419753086419753,0.0
dataset,1,2,gaussian_lcb_1,Gaussian lower bound: mean - 1 x SD,gaussian_lcb,1.0,10300,0.1,24,0.02200000000000002,1,0.0,1000.0,0.0002469135802469136,0.6312000962205458,0.0
dataset,1,2,gaussian_lcb_1.645,Gaussian lower bound: mean - 1.645 x SD,gaussian_lcb,1.645,10300,0.1,24,0.02200000000000002,1,0.0,1000.0,0.0002469135802469136,0.6210648990235387,0.0
dataset,1,2,gaussian_lcb_1.96,Gaussian lower bound: mean - 1.96 x SD,gaussian_lcb,1.96,10300,0.1,24,0.02200000000000002,1,0.0,1000.0,0.0002469135802469136,0.6161151515552329,0.0
dataset,1,2,gaussian_lcb_2.576,Gaussian lower bound: mean - 2.576 x SD,gaussian_lcb,2.576,10300,0.1,24,0.02200000000000002,1,0.0,1000.0,0.0002469135802469136,0.6064356453949903,0.0
dataset,1,2,finite_gaussian_lcb_1,Finite-row Gaussian bound: mean - 1 x SD,finite_gaussian_lcb,1.0,10300,0.1,24,0.02200000000000002,1,0.0,1000.0,0.0002469135802469136,0.65,0.0
dataset,1,2,finite_gaussian_lcb_1.645,Finite-row Gaussian bound: mean - 1.645 x SD,finite_gaussian_lcb,1.645,10300,0.1,24,0.02200000000000002,1,0.0,1000.0,0.0002469135802469136,0.65,0.0
dataset,1,2,finite_gaussian_lcb_1.96,Finite-row Gaussian bound: mean - 1.96 x SD,finite_gaussian_lcb,1.96,10300,0.1,24,0.02200000000000002,1,0.0,1000.0,0.0002469135802469136,0.65,0.0
dataset,1,2,finite_population_lcb,Anytime finite-population lower bound (delta=0.05),confidence,0.05,10300,0.1,24,0.02200000000000002,1,0.0,1000.0,0.0002469135802469136,0.65,0.0
dataset,1,3,posterior_mean,Current posterior mean,baseline,,10300,0.1,20,0.0,1,1.0,1000.0,0.0002469135802469136,0.668641984462738,0.0
dataset,1,3,empirical_mean,Observed sample mean,baseline,,10300,0.1,20,0.0,1,1.0,1000.0,0.0002469135802469136,0.672,0.0
dataset,1,3,variance_gate_0.5,Variance gate: v/v0 <= 0.5,variance_gate,0.5,10300,0.1,20,0.0,1,1.0,1000.0,0.0002469135802469136,0.668641975308642,0.0
dataset,1,3,variance_gate_0.2,Variance gate: v/v0 <= 0.2,variance_gate,0.2,10300,0.1,20,0.0,1,1.0,1000.0,0.0002469135802469136,0.668641975308642,0.0
dataset,1,3,variance_gate_0.1,Variance gate: v/v0 <= 0.1,variance_gate,0.1,10300,0.1,20,0.0,1,1.0,1000.0,0.0002469135802469136,0.668641975308642,0.0
dataset,1,3,variance_gate_0.05,Variance gate: v/v0 <= 0.05,variance_gate,0.05,10300,0.1,20,0.0,1,1.0,1000.0,0.0002469135802469136,0.668641975308642,0.0
dataset,1,3,mean_variance_1,Mean - 1 x variance,mean_variance,1.0,10300,0.1,20,0.0,1,1.0,1000.0,0.0002469135802469136,0.6683950617283951,0.0
dataset,1,3,mean_variance_5,Mean - 5 x variance,mean_variance,5.0,10300,0.1,20,0.0,1,1.0,1000.0,0.0002469135802469136,0.6674074074074074,0.0
dataset,1,3,mean_variance_10,Mean - 10 x variance,mean_variance,10.0,10300,0.1,20,0.0,1,1.0,1000.0,0.0002469135802469136,0.6661728395061729,0.0
dataset,1,3,mean_variance_20,Mean - 20 x variance,mean_variance,20.0,10300,0.1,20,0.0,1,1.0,1000.0,0.0002469135802469136,0.6637037037037037,0.0
dataset,1,3,gaussian_lcb_1,Gaussian lower bound: mean - 1 x SD,gaussian_lcb,1.0,10300,0.1,20,0.0,1,1.0,1000.0,0.0002469135802469136,0.6529284912822743,0.0
dataset,1,3,gaussian_lcb_1.645,Gaussian lower bound: mean - 1.645 x SD,gaussian_lcb,1.645,10300,0.1,20,0.0,1,1.0,1000.0,0.0002469135802469136,0.6427932940852671,0.0
dataset,1,3,gaussian_lcb_1.96,Gaussian lower bound: mean - 1.96 x SD,gaussian_lcb,1.96,10300,0.1,20,0.0,1,1.0,1000.0,0.0002469135802469136,0.6378435466169613,0.0
dataset,1,3,gaussian_lcb_2.576,Gaussian lower bound: mean - 2.576 x SD,gaussian_lcb,2.576,10300,0.1,20,0.0,1,1.0,1000.0,0.0002469135802469136,0.6281640404567187,0.0
dataset,1,3,finite_gaussian_lcb_1,Finite-row Gaussian bound: mean - 1 x SD,finite_gaussian_lcb,1.0,10300,0.1,20,0.0,1,1.0,1000.0,0.0002469135802469136,0.672,0.0
dataset,1,3,finite_gaussian_lcb_1.645,Finite-row Gaussian bound: mean - 1.645 x SD,finite_gaussian_lcb,1.645,10300,0.1,20,0.0,1,1.0,1000.0,0.0002469135802469136,0.672,0.0
dataset,1,3,finite_gaussian_lcb_1.96,Finite-row Gaussian bound: mean - 1.96 x SD,finite_gaussian_lcb,1.96,10300,0.1,20,0.0,1,1.0,1000.0,0.0002469135802469136,0.672,0.0
dataset,1,3,finite_population_lcb,Anytime finite-population lower bound (delta=0.05),confidence,0.05,10300,0.1,20,0.0,1,1.0,1000.0,0.0002469135802469136,0.672,0.0
dataset,1,4,posterior_mean,Current posterior mean,baseline,,10300,0.1,19,0.0,1,1.0,1000.0,0.0002469135802469136,0.668641984462738,0.0
dataset,1,4,empirical_mean,Observed sample mean,baseline,,10300,0.1,19,0.0,1,1.0,1000.0,0.0002469135802469136,0.672,0.0
dataset,1,4,variance_gate_0.5,Variance gate: v/v0 <= 0.5,variance_gate,0.5,10300,0.1,19,0.0,1,1.0,1000.0,0.0002469135802469136,0.668641975308642,0.0
dataset,1,4,variance_gate_0.2,Variance gate: v/v0 <= 0.2,variance_gate,0.2,10300,0.1,19,0.0,1,1.0,1000.0,0.0002469135802469136,0.668641975308642,0.0
dataset,1,4,variance_gate_0.1,Variance gate: v/v0 <= 0.1,variance_gate,0.1,10300,0.1,19,0.0,1,1.0,1000.0,0.0002469135802469136,0.668641975308642,0.0
dataset,1,4,variance_gate_0.05,Variance gate: v/v0 <= 0.05,variance_gate,0.05,10300,0.1,19,0.0,1,1.0,1000.0,0.0002469135802469136,0.668641975308642,0.0
dataset,1,4,mean_variance_1,Mean - 1 x variance,mean_variance,1.0,10300,0.1,19,0.0,1,1.0,1000.0,0.0002469135802469136,0.6683950617283951,0.0
dataset,1,4,mean_variance_5,Mean - 5 x variance,mean_variance,5.0,10300,0.1,19,0.0,1,1.0,1000.0,0.0002469135802469136,0.6674074074074074,0.0
dataset,1,4,mean_variance_10,Mean - 10 x variance,mean_variance,10.0,10300,0.1,19,0.0,1,1.0,1000.0,0.0002469135802469136,0.6661728395061729,0.0
dataset,1,4,mean_variance_20,Mean - 20 x variance,mean_variance,20.0,10300,0.1,19,0.0,1,1.0,1000.0,0.0002469135802469136,0.6637037037037037,0.0
dataset,1,4,gaussian_lcb_1,Gaussian lower bound: mean - 1 x SD,gaussian_lcb,1.0,10300,0.1,19,0.0,1,1.0,1000.0,0.0002469135802469136,0.6529284912822743,0.0
dataset,1,4,gaussian_lcb_1.645,Gaussian lower bound: mean - 1.645 x SD,gaussian_lcb,1.645,10300,0.1,19,0.0,1,1.0,1000.0,0.0002469135802469136,0.6427932940852671,0.0
dataset,1,4,gaussian_lcb_1.96,Gaussian lower bound: mean - 1.96 x SD,gaussian_lcb,1.96,10300,0.1,19,0.0,1,1.0,1000.0,0.0002469135802469136,0.6378435466169613,0.0
dataset,1,4,gaussian_lcb_2.576,Gaussian lower bound: mean - 2.576 x SD,gaussian_lcb,2.576,10300,0.1,19,0.0,1,1.0,1000.0,0.0002469135802469136,0.6281640404567187,0.0
dataset,1,4,finite_gaussian_lcb_1,Finite-row Gaussian bound: mean - 1 x SD,finite_gaussian_lcb,1.0,10300,0.1,19,0.0,1,1.0,1000.0,0.0002469135802469136,0.672,0.0
dataset,1,4,finite_gaussian_lcb_1.645,Finite-row Gaussian bound: mean - 1.645 x SD,finite_gaussian_lcb,1.645,10300,0.1,19,0.0,1,1.0,1000.0,0.0002469135802469136,0.672,0.0
dataset,1,4,finite_gaussian_lcb_1.96,Finite-row Gaussian bound: mean - 1.96 x SD,finite_gaussian_lcb,1.96,10300,0.1,19,0.0,1,1.0,1000.0,0.0002469135802469136,0.672,0.0
dataset,1,4,finite_population_lcb,Anytime finite-population lower bound (delta=0.05),confidence,0.05,10300,0.1,19,0.0,1,1.0,1000.0,0.0002469135802469136,0.672,0.0
dataset,1,5,posterior_mean,Current posterior mean,baseline,,10300,0.1,19,0.0,1,1.0,1000.0,0.0002469135802469136,0.668641984462738,0.0
dataset,1,5,empirical_mean,Observed sample mean,baseline,,10300,0.1,19,0.0,1,1.0,1000.0,0.0002469135802469136,0.672,0.0
dataset,1,5,variance_gate_0.5,Variance gate: v/v0 <= 0.5,variance_gate,0.5,10300,0.1,19,0.0,1,1.0,1000.0,0.0002469135802469136,0.668641975308642,0.0
dataset,1,5,variance_gate_0.2,Variance gate: v/v0 <= 0.2,variance_gate,0.2,10300,0.1,19,0.0,1,1.0,1000.0,0.0002469135802469136,0.668641975308642,0.0
dataset,1,5,variance_gate_0.1,Variance gate: v/v0 <= 0.1,variance_gate,0.1,10300,0.1,19,0.0,1,1.0,1000.0,0.0002469135802469136,0.668641975308642,0.0
dataset,1,5,variance_gate_0.05,Variance gate: v/v0 <= 0.05,variance_gate,0.05,10300,0.1,19,0.0,1,1.0,1000.0,0.0002469135802469136,0.668641975308642,0.0
dataset,1,5,mean_variance_1,Mean - 1 x variance,mean_variance,1.0,10300,0.1,19,0.0,1,1.0,1000.0,0.0002469135802469136,0.6683950617283951,0.0
dataset,1,5,mean_variance_5,Mean - 5 x variance,mean_variance,5.0,10300,0.1,19,0.0,1,1.0,1000.0,0.0002469135802469136,0.6674074074074074,0.0
dataset,1,5,mean_variance_10,Mean - 10 x variance,mean_variance,10.0,10300,0.1,19,0.0,1,1.0,1000.0,0.0002469135802469136,0.6661728395061729,0.0
dataset,1,5,mean_variance_20,Mean - 20 x variance,mean_variance,20.0,10300,0.1,19,0.0,1,1.0,1000.0,0.0002469135802469136,0.6637037037037037,0.0
dataset,1,5,gaussian_lcb_1,Gaussian lower bound: mean - 1 x SD,gaussian_lcb,1.0,10300,0.1,19,0.0,1,1.0,1000.0,0.0002469135802469136,0.6529284912822743,0.0
dataset,1,5,gaussian_lcb_1.645,Gaussian lower bound: mean - 1.645 x SD,gaussian_lcb,1.645,10300,0.1,19,0.0,1,1.0,1000.0,0.0002469135802469136,0.6427932940852671,0.0
dataset,1,5,gaussian_lcb_1.96,Gaussian lower bound: mean - 1.96 x SD,gaussian_lcb,1.96,10300,0.1,19,0.0,1,1.0,1000.0,0.0002469135802469136,0.6378435466169613,0.0
dataset,1,5,gaussian_lcb_2.576,Gaussian lower bound: mean - 2.576 x SD,gaussian_lcb,2.576,10300,0.1,19,0.0,1,1.0,1000.0,0.0002469135802469136,0.6281640404567187,0.0
dataset,1,5,finite_gaussian_lcb_1,Finite-row Gaussian bound: mean - 1 x SD,finite_gaussian_lcb,1.0,10300,0.1,19,0.0,1,1.0,1000.0,0.0002469135802469136,0.672,0.0
dataset,1,5,finite_gaussian_lcb_1.645,Finite-row Gaussian bound: mean - 1.645 x SD,finite_gaussian_lcb,1.645,10300,0.1,19,0.0,1,1.0,1000.0,0.0002469135802469136,0.672,0.0
dataset,1,5,finite_gaussian_lcb_1.96,Finite-row Gaussian bound: mean - 1.96 x SD,finite_gaussian_lcb,1.96,10300,0.1,19,0.0,1,1.0,1000.0,0.0002469135802469136,0.672,0.0
dataset,1,5,finite_population_lcb,Anytime finite-population lower bound (delta=0.05),confidence,0.05,10300,0.1,19,0.0,1,1.0,1000.0,0.0002469135802469136,0.672,0.0
dataset,1,6,posterior_mean,Current posterior mean,baseline,,10300,0.1,19,0.0,1,1.0,1000.0,0.0002469135802469136,0.668641984462738,0.0
dataset,1,6,empirical_mean,Observed sample mean,baseline,,10300,0.1,19,0.0,1,1.0,1000.0,0.0002469135802469136,0.672,0.0
dataset,1,6,variance_gate_0.5,Variance gate: v/v0 <= 0.5,variance_gate,0.5,10300,0.1,19,0.0,1,1.0,1000.0,0.0002469135802469136,0.668641975308642,0.0
dataset,1,6,variance_gate_0.2,Variance gate: v/v0 <= 0.2,variance_gate,0.2,10300,0.1,19,0.0,1,1.0,1000.0,0.0002469135802469136,0.668641975308642,0.0
dataset,1,6,variance_gate_0.1,Variance gate: v/v0 <= 0.1,variance_gate,0.1,10300,0.1,19,0.0,1,1.0,1000.0,0.0002469135802469136,0.668641975308642,0.0
dataset,1,6,variance_gate_0.05,Variance gate: v/v0 <= 0.05,variance_gate,0.05,10300,0.1,19,0.0,1,1.0,1000.0,0.0002469135802469136,0.668641975308642,0.0
dataset,1,6,mean_variance_1,Mean - 1 x variance,mean_variance,1.0,10300,0.1,19,0.0,1,1.0,1000.0,0.0002469135802469136,0.6683950617283951,0.0
dataset,1,6,mean_variance_5,Mean - 5 x variance,mean_variance,5.0,10300,0.1,19,0.0,1,1.0,1000.0,0.0002469135802469136,0.6674074074074074,0.0
dataset,1,6,mean_variance_10,Mean - 10 x variance,mean_variance,10.0,10300,0.1,19,0.0,1,1.0,1000.0,0.0002469135802469136,0.6661728395061729,0.0
dataset,1,6,mean_variance_20,Mean - 20 x variance,mean_variance,20.0,10300,0.1,19,0.0,1,1.0,1000.0,0.0002469135802469136,0.6637037037037037,0.0
dataset,1,6,gaussian_lcb_1,Gaussian lower bound: mean - 1 x SD,gaussian_lcb,1.0,10300,0.1,19,0.0,1,1.0,1000.0,0.0002469135802469136,0.6529284912822743,0.0
dataset,1,6,gaussian_lcb_1.645,Gaussian lower bound: mean - 1.645 x SD,gaussian_lcb,1.645,10300,0.1,19,0.0,1,1.0,1000.0,0.0002469135802469136,0.6427932940852671,0.0
dataset,1,6,gaussian_lcb_1.96,Gaussian lower bound: mean - 1.96 x SD,gaussian_lcb,1.96,10300,0.1,19,0.0,1,1.0,1000.0,0.0002469135802469136,0.6378435466169613,0.0
dataset,1,6,gaussian_lcb_2.576,Gaussian lower bound: mean - 2.576 x SD,gaussian_lcb,2.576,10300,0.1,19,0.0,1,1.0,1000.0,0.0002469135802469136,0.6281640404567187,0.0
dataset,1,6,finite_gaussian_lcb_1,Finite-row Gaussian bound: mean - 1 x SD,finite_gaussian_lcb,1.0,10300,0.1,19,0.0,1,1.0,1000.0,0.0002469135802469136,0.672,0.0
dataset,1,6,finite_gaussian_lcb_1.645,Finite-row Gaussian bound: mean - 1.645 x SD,finite_gaussian_lcb,1.645,10300,0.1,19,0.0,1,1.0,1000.0,0.0002469135802469136,0.672,0.0
dataset,1,6,finite_gaussian_lcb_1.96,Finite-row Gaussian bound: mean - 1.96 x SD,finite_gaussian_lcb,1.96,10300,0.1,19,0.0,1,1.0,1000.0,0.0002469135802469136,0.672,0.0
dataset,1,6,finite_population_lcb,Anytime finite-population lower bound (delta=0.05),confidence,0.05,10300,0.1,19,0.0,1,1.0,1000.0,0.0002469135802469136,0.672,0.0
dataset,1,7,posterior_mean,Current posterior mean,baseline,,10300,0.1,19,0.0,1,1.0,1000.0,0.0002469135802469136,0.668641984462738,0.0
dataset,1,7,empirical_mean,Observed sample mean,baseline,,10300,0.1,19,0.0,1,1.0,1000.0,0.0002469135802469136,0.672,0.0
dataset,1,7,variance_gate_0.5,Variance gate: v/v0 <= 0.5,variance_gate,0.5,10300,0.1,19,0.0,1,1.0,1000.0,0.0002469135802469136,0.668641975308642,0.0
dataset,1,7,variance_gate_0.2,Variance gate: v/v0 <= 0.2,variance_gate,0.2,10300,0.1,19,0.0,1,1.0,1000.0,0.0002469135802469136,0.668641975308642,0.0
dataset,1,7,variance_gate_0.1,Variance gate: v/v0 <= 0.1,variance_gate,0.1,10300,0.1,19,0.0,1,1.0,1000.0,0.0002469135802469136,0.668641975308642,0.0
dataset,1,7,variance_gate_0.05,Variance gate: v/v0 <= 0.05,variance_gate,0.05,10300,0.1,19,0.0,1,1.0,1000.0,0.0002469135802469136,0.668641975308642,0.0
dataset,1,7,mean_variance_1,Mean - 1 x variance,mean_variance,1.0,10300,0.1,19,0.0,1,1.0,1000.0,0.0002469135802469136,0.6683950617283951,0.0
dataset,1,7,mean_variance_5,Mean - 5 x variance,mean_variance,5.0,10300,0.1,19,0.0,1,1.0,1000.0,0.0002469135802469136,0.6674074074074074,0.0
dataset,1,7,mean_variance_10,Mean - 10 x variance,mean_variance,10.0,10300,0.1,19,0.0,1,1.0,1000.0,0.0002469135802469136,0.6661728395061729,0.0
dataset,1,7,mean_variance_20,Mean - 20 x variance,mean_variance,20.0,10300,0.1,19,0.0,1,1.0,1000.0,0.0002469135802469136,0.6637037037037037,0.0
dataset,1,7,gaussian_lcb_1,Gaussian lower bound: mean - 1 x SD,gaussian_lcb,1.0,10300,0.1,19,0.0,1,1.0,1000.0,0.0002469135802469136,0.6529284912822743,0.0
dataset,1,7,gaussian_lcb_1.645,Gaussian lower bound: mean - 1.645 x SD,gaussian_lcb,1.645,10300,0.1,19,0.0,1,1.0,1000.0,0.0002469135802469136,0.6427932940852671,0.0
dataset,1,7,gaussian_lcb_1.96,Gaussian lower bound: mean - 1.96 x SD,gaussian_lcb,1.96,10300,0.1,19,0.0,1,1.0,1000.0,0.0002469135802469136,0.6378435466169613,0.0
dataset,1,7,gaussian_lcb_2.576,Gaussian lower bound: mean - 2.576 x SD,gaussian_lcb,2.576,10300,0.1,19,0.0,1,1.0,1000.0,0.0002469135802469136,0.6281640404567187,0.0
dataset,1,7,finite_gaussian_lcb_1,Finite-row Gaussian bound: mean - 1 x SD,finite_gaussian_lcb,1.0,10300,0.1,19,0.0,1,1.0,1000.0,0.0002469135802469136,0.672,0.0
dataset,1,7,finite_gaussian_lcb_1.645,Finite-row Gaussian bound: mean - 1.645 x SD,finite_gaussian_lcb,1.645,10300,0.1,19,0.0,1,1.0,1000.0,0.0002469135802469136,0.672,0.0
dataset,1,7,finite_gaussian_lcb_1.96,Finite-row Gaussian bound: mean - 1.96 x SD,finite_gaussian_lcb,1.96,10300,0.1,19,0.0,1,1.0,1000.0,0.0002469135802469136,0.672,0.0
dataset,1,7,finite_population_lcb,Anytime finite-population lower bound (delta=0.05),confidence,0.05,10300,0.1,19,0.0,1,1.0,1000.0,0.0002469135802469136,0.672,0.0
dataset,1,8,posterior_mean,Current posterior mean,baseline,,10300,0.1,19,0.0,1,1.0,1000.0,0.0002469135802469136,0.668641984462738,0.0
dataset,1,8,empirical_mean,Observed sample mean,baseline,,10300,0.1,19,0.0,1,1.0,1000.0,0.0002469135802469136,0.672,0.0
dataset,1,8,variance_gate_0.5,Variance gate: v/v0 <= 0.5,variance_gate,0.5,10300,0.1,19,0.0,1,1.0,1000.0,0.0002469135802469136,0.668641975308642,0.0
dataset,1,8,variance_gate_0.2,Variance gate: v/v0 <= 0.2,variance_gate,0.2,10300,0.1,19,0.0,1,1.0,1000.0,0.0002469135802469136,0.668641975308642,0.0
dataset,1,8,variance_gate_0.1,Variance gate: v/v0 <= 0.1,variance_gate,0.1,10300,0.1,19,0.0,1,1.0,1000.0,0.0002469135802469136,0.668641975308642,0.0
dataset,1,8,variance_gate_0.05,Variance gate: v/v0 <= 0.05,variance_gate,0.05,10300,0.1,19,0.0,1,1.0,1000.0,0.0002469135802469136,0.668641975308642,0.0
dataset,1,8,mean_variance_1,Mean - 1 x variance,mean_variance,1.0,10300,0.1,19,0.0,1,1.0,1000.0,0.0002469135802469136,0.6683950617283951,0.0
dataset,1,8,mean_variance_5,Mean - 5 x variance,mean_variance,5.0,10300,0.1,19,0.0,1,1.0,1000.0,0.0002469135802469136,0.6674074074074074,0.0
dataset,1,8,mean_variance_10,Mean - 10 x variance,mean_variance,10.0,10300,0.1,19,0.0,1,1.0,1000.0,0.0002469135802469136,0.6661728395061729,0.0
dataset,1,8,mean_variance_20,Mean - 20 x variance,mean_variance,20.0,10300,0.1,19,0.0,1,1.0,1000.0,0.0002469135802469136,0.6637037037037037,0.0
dataset,1,8,gaussian_lcb_1,Gaussian lower bound: mean - 1 x SD,gaussian_lcb,1.0,10300,0.1,19,0.0,1,1.0,1000.0,0.0002469135802469136,0.6529284912822743,0.0
dataset,1,8,gaussian_lcb_1.645,Gaussian lower bound: mean - 1.645 x SD,gaussian_lcb,1.645,10300,0.1,19,0.0,1,1.0,1000.0,0.0002469135802469136,0.6427932940852671,0.0
dataset,1,8,gaussian_lcb_1.96,Gaussian lower bound: mean - 1.96 x SD,gaussian_lcb,1.96,10300,0.1,19,0.0,1,1.0,1000.0,0.0002469135802469136,0.6378435466169613,0.0
dataset,1,8,gaussian_lcb_2.576,Gaussian lower bound: mean - 2.576 x SD,gaussian_lcb,2.576,10300,0.1,19,0.0,1,1.0,1000.0,0.0002469135802469136,0.6281640404567187,0.0
dataset,1,8,finite_gaussian_lcb_1,Finite-row Gaussian bound: mean - 1 x SD,finite_gaussian_lcb,1.0,10300,0.1,19,0.0,1,1.0,1000.0,0.0002469135802469136,0.672,0.0
dataset,1,8,finite_gaussian_lcb_1.645,Finite-row Gaussian bound: mean - 1.645 x SD,finite_gaussian_lcb,1.645,10300,0.1,19,0.0,1,1.0,1000.0,0.0002469135802469136,0.672,0.0
dataset,1,8,finite_gaussian_lcb_1.96,Finite-row Gaussian bound: mean - 1.96 x SD,finite_gaussian_lcb,1.96,10300,0.1,19,0.0,1,1.0,1000.0,0.0002469135802469136,0.672,0.0
dataset,1,8,finite_population_lcb,Anytime finite-population lower bound (delta=0.05),confidence,0.05,10300,0.1,19,0.0,1,1.0,1000.0,0.0002469135802469136,0.672,0.0
dataset,1,9,posterior_mean,Current posterior mean,baseline,,10300,0.1,19,0.0,1,1.0,1000.0,0.0002469135802469136,0.668641984462738,0.0
dataset,1,9,empirical_mean,Observed sample mean,baseline,,10300,0.1,19,0.0,1,1.0,1000.0,0.0002469135802469136,0.672,0.0
dataset,1,9,variance_gate_0.5,Variance gate: v/v0 <= 0.5,variance_gate,0.5,10300,0.1,19,0.0,1,1.0,1000.0,0.0002469135802469136,0.668641975308642,0.0
dataset,1,9,variance_gate_0.2,Variance gate: v/v0 <= 0.2,variance_gate,0.2,10300,0.1,19,0.0,1,1.0,1000.0,0.0002469135802469136,0.668641975308642,0.0
dataset,1,9,variance_gate_0.1,Variance gate: v/v0 <= 0.1,variance_gate,0.1,10300,0.1,19,0.0,1,1.0,1000.0,0.0002469135802469136,0.668641975308642,0.0
dataset,1,9,variance_gate_0.05,Variance gate: v/v0 <= 0.05,variance_gate,0.05,10300,0.1,19,0.0,1,1.0,1000.0,0.0002469135802469136,0.668641975308642,0.0
dataset,1,9,mean_variance_1,Mean - 1 x variance,mean_variance,1.0,10300,0.1,19,0.0,1,1.0,1000.0,0.0002469135802469136,0.6683950617283951,0.0
dataset,1,9,mean_variance_5,Mean - 5 x variance,mean_variance,5.0,10300,0.1,19,0.0,1,1.0,1000.0,0.0002469135802469136,0.6674074074074074,0.0
dataset,1,9,mean_variance_10,Mean - 10 x variance,mean_variance,10.0,10300,0.1,19,0.0,1,1.0,1000.0,0.0002469135802469136,0.6661728395061729,0.0
dataset,1,9,mean_variance_20,Mean - 20 x variance,mean_variance,20.0,10300,0.1,19,0.0,1,1.0,1000.0,0.0002469135802469136,0.6637037037037037,0.0
dataset,1,9,gaussian_lcb_1,Gaussian lower bound: mean - 1 x SD,gaussian_lcb,1.0,10300,0.1,19,0.0,1,1.0,1000.0,0.0002469135802469136,0.6529284912822743,0.0
dataset,1,9,gaussian_lcb_1.645,Gaussian lower bound: mean - 1.645 x SD,gaussian_lcb,1.645,10300,0.1,19,0.0,1,1.0,1000.0,0.0002469135802469136,0.6427932940852671,0.0
dataset,1,9,gaussian_lcb_1.96,Gaussian lower bound: mean - 1.96 x SD,gaussian_lcb,1.96,10300,0.1,19,0.0,1,1.0,1000.0,0.0002469135802469136,0.6378435466169613,0.0
dataset,1,9,gaussian_lcb_2.576,Gaussian lower bound: mean - 2.576 x SD,gaussian_lcb,2.576,10300,0.1,19,0.0,1,1.0,1000.0,0.0002469135802469136,0.6281640404567187,0.0
dataset,1,9,finite_gaussian_lcb_1,Finite-row Gaussian bound: mean - 1 x SD,finite_gaussian_lcb,1.0,10300,0.1,19,0.0,1,1.0,1000.0,0.0002469135802469136,0.672,0.0
dataset,1,9,finite_gaussian_lcb_1.645,Finite-row Gaussian bound: mean - 1.645 x SD,finite_gaussian_lcb,1.645,10300,0.1,19,0.0,1,1.0,1000.0,0.0002469135802469136,0.672,0.0
dataset,1,9,finite_gaussian_lcb_1.96,Finite-row Gaussian bound: mean - 1.96 x SD,finite_gaussian_lcb,1.96,10300,0.1,19,0.0,1,1.0,1000.0,0.0002469135802469136,0.672,0.0
dataset,1,9,finite_population_lcb,Anytime finite-population lower bound (delta=0.05),confidence,0.05,10300,0.1,19,0.0,1,1.0,1000.0,0.0002469135802469136,0.672,0.0
dataset,1,10,posterior_mean,Current posterior mean,baseline,,10300,0.1,19,0.0,1,1.0,1000.0,0.0002469135802469136,0.668641984462738,0.0
dataset,1,10,empirical_mean,Observed sample mean,baseline,,10300,0.1,19,0.0,1,1.0,1000.0,0.0002469135802469136,0.672,0.0
dataset,1,10,variance_gate_0.5,Variance gate: v/v0 <= 0.5,variance_gate,0.5,10300,0.1,19,0.0,1,1.0,1000.0,0.0002469135802469136,0.668641975308642,0.0
dataset,1,10,variance_gate_0.2,Variance gate: v/v0 <= 0.2,variance_gate,0.2,10300,0.1,19,0.0,1,1.0,1000.0,0.0002469135802469136,0.668641975308642,0.0
dataset,1,10,variance_gate_0.1,Variance gate: v/v0 <= 0.1,variance_gate,0.1,10300,0.1,19,0.0,1,1.0,1000.0,0.0002469135802469136,0.668641975308642,0.0
dataset,1,10,variance_gate_0.05,Variance gate: v/v0 <= 0.05,variance_gate,0.05,10300,0.1,19,0.0,1,1.0,1000.0,0.0002469135802469136,0.668641975308642,0.0
dataset,1,10,mean_variance_1,Mean - 1 x variance,mean_variance,1.0,10300,0.1,19,0.0,1,1.0,1000.0,0.0002469135802469136,0.6683950617283951,0.0
dataset,1,10,mean_variance_5,Mean - 5 x variance,mean_variance,5.0,10300,0.1,19,0.0,1,1.0,1000.0,0.0002469135802469136,0.6674074074074074,0.0
dataset,1,10,mean_variance_10,Mean - 10 x variance,mean_variance,10.0,10300,0.1,19,0.0,1,1.0,1000.0,0.0002469135802469136,0.6661728395061729,0.0
dataset,1,10,mean_variance_20,Mean - 20 x variance,mean_variance,20.0,10300,0.1,19,0.0,1,1.0,1000.0,0.0002469135802469136,0.6637037037037037,0.0
dataset,1,10,gaussian_lcb_1,Gaussian lower bound: mean - 1 x SD,gaussian_lcb,1.0,10300,0.1,19,0.0,1,1.0,1000.0,0.0002469135802469136,0.6529284912822743,0.0
dataset,1,10,gaussian_lcb_1.645,Gaussian lower bound: mean - 1.645 x SD,gaussian_lcb,1.645,10300,0.1,19,0.0,1,1.0,1000.0,0.0002469135802469136,0.6427932940852671,0.0
dataset,1,10,gaussian_lcb_1.96,Gaussian lower bound: mean - 1.96 x SD,gaussian_lcb,1.96,10300,0.1,19,0.0,1,1.0,1000.0,0.0002469135802469136,0.6378435466169613,0.0
dataset,1,10,gaussian_lcb_2.576,Gaussian lower bound: mean - 2.576 x SD,gaussian_lcb,2.576,10300,0.1,19,0.0,1,1.0,1000.0,0.0002469135802469136,0.6281640404567187,0.0
dataset,1,10,finite_gaussian_lcb_1,Finite-row Gaussian bound: mean - 1 x SD,finite_gaussian_lcb,1.0,10300,0.1,19,0.0,1,1.0,1000.0,0.0002469135802469136,0.672,0.0
dataset,1,10,finite_gaussian_lcb_1.645,Finite-row Gaussian bound: mean - 1.645 x SD,finite_gaussian_lcb,1.645,10300,0.1,19,0.0,1,1.0,1000.0,0.0002469135802469136,0.672,0.0
dataset,1,10,finite_gaussian_lcb_1.96,Finite-row Gaussian bound: mean - 1.96 x SD,finite_gaussian_lcb,1.96,10300,0.1,19,0.0,1,1.0,1000.0,0.0002469135802469136,0.672,0.0
dataset,1,10,finite_population_lcb,Anytime finite-population lower bound (delta=0.05),confidence,0.05,10300,0.1,19,0.0,1,1.0,1000.0,0.0002469135802469136,0.672,0.0
dataset,1,11,posterior_mean,Current posterior mean,baseline,,10300,0.1,19,0.0,1,1.0,1000.0,0.0002469135802469136,0.668641984462738,0.0
dataset,1,11,empirical_mean,Observed sample mean,baseline,,10300,0.1,19,0.0,1,1.0,1000.0,0.0002469135802469136,0.672,0.0
dataset,1,11,variance_gate_0.5,Variance gate: v/v0 <= 0.5,variance_gate,0.5,10300,0.1,19,0.0,1,1.0,1000.0,0.0002469135802469136,0.668641975308642,0.0
dataset,1,11,variance_gate_0.2,Variance gate: v/v0 <= 0.2,variance_gate,0.2,10300,0.1,19,0.0,1,1.0,1000.0,0.0002469135802469136,0.668641975308642,0.0
dataset,1,11,variance_gate_0.1,Variance gate: v/v0 <= 0.1,variance_gate,0.1,10300,0.1,19,0.0,1,1.0,1000.0,0.0002469135802469136,0.668641975308642,0.0
dataset,1,11,variance_gate_0.05,Variance gate: v/v0 <= 0.05,variance_gate,0.05,10300,0.1,19,0.0,1,1.0,1000.0,0.0002469135802469136,0.668641975308642,0.0
dataset,1,11,mean_variance_1,Mean - 1 x variance,mean_variance,1.0,10300,0.1,19,0.0,1,1.0,1000.0,0.0002469135802469136,0.6683950617283951,0.0
dataset,1,11,mean_variance_5,Mean - 5 x variance,mean_variance,5.0,10300,0.1,19,0.0,1,1.0,1000.0,0.0002469135802469136,0.6674074074074074,0.0
dataset,1,11,mean_variance_10,Mean - 10 x variance,mean_variance,10.0,10300,0.1,19,0.0,1,1.0,1000.0,0.0002469135802469136,0.6661728395061729,0.0
dataset,1,11,mean_variance_20,Mean - 20 x variance,mean_variance,20.0,10300,0.1,19,0.0,1,1.0,1000.0,0.0002469135802469136,0.6637037037037037,0.0
dataset,1,11,gaussian_lcb_1,Gaussian lower bound: mean - 1 x SD,gaussian_lcb,1.0,10300,0.1,19,0.0,1,1.0,1000.0,0.0002469135802469136,0.6529284912822743,0.0
dataset,1,11,gaussian_lcb_1.645,Gaussian lower bound: mean - 1.645 x SD,gaussian_lcb,1.645,10300,0.1,19,0.0,1,1.0,1000.0,0.0002469135802469136,0.6427932940852671,0.0
dataset,1,11,gaussian_lcb_1.96,Gaussian lower bound: mean - 1.96 x SD,gaussian_lcb,1.96,10300,0.1,19,0.0,1,1.0,1000.0,0.0002469135802469136,0.6378435466169613,0.0
dataset,1,11,gaussian_lcb_2.576,Gaussian lower bound: mean - 2.576 x SD,gaussian_lcb,2.576,10300,0.1,19,0.0,1,1.0,1000.0,0.0002469135802469136,0.6281640404567187,0.0
dataset,1,11,finite_gaussian_lcb_1,Finite-row Gaussian bound: mean - 1 x SD,finite_gaussian_lcb,1.0,10300,0.1,19,0.0,1,1.0,1000.0,0.0002469135802469136,0.672,0.0
dataset,1,11,finite_gaussian_lcb_1.645,Finite-row Gaussian bound: mean - 1.645 x SD,finite_gaussian_lcb,1.645,10300,0.1,19,0.0,1,1.0,1000.0,0.0002469135802469136,0.672,0.0
dataset,1,11,finite_gaussian_lcb_1.96,Finite-row Gaussian bound: mean - 1.96 x SD,finite_gaussian_lcb,1.96,10300,0.1,19,0.0,1,1.0,1000.0,0.0002469135802469136,0.672,0.0
dataset,1,11,finite_population_lcb,Anytime finite-population lower bound (delta=0.05),confidence,0.05,10300,0.1,19,0.0,1,1.0,1000.0,0.0002469135802469136,0.672,0.0
dataset,1,12,posterior_mean,Current posterior mean,baseline,,10300,0.1,19,0.0,1,1.0,1000.0,0.0002469135802469136,0.668641984462738,0.0
dataset,1,12,empirical_mean,Observed sample mean,baseline,,10300,0.1,19,0.0,1,1.0,1000.0,0.0002469135802469136,0.672,0.0
dataset,1,12,variance_gate_0.5,Variance gate: v/v0 <= 0.5,variance_gate,0.5,10300,0.1,19,0.0,1,1.0,1000.0,0.0002469135802469136,0.668641975308642,0.0
dataset,1,12,variance_gate_0.2,Variance gate: v/v0 <= 0.2,variance_gate,0.2,10300,0.1,19,0.0,1,1.0,1000.0,0.0002469135802469136,0.668641975308642,0.0
dataset,1,12,variance_gate_0.1,Variance gate: v/v0 <= 0.1,variance_gate,0.1,10300,0.1,19,0.0,1,1.0,1000.0,0.0002469135802469136,0.668641975308642,0.0
dataset,1,12,variance_gate_0.05,Variance gate: v/v0 <= 0.05,variance_gate,0.05,10300,0.1,19,0.0,1,1.0,1000.0,0.0002469135802469136,0.668641975308642,0.0
dataset,1,12,mean_variance_1,Mean - 1 x variance,mean_variance,1.0,10300,0.1,19,0.0,1,1.0,1000.0,0.0002469135802469136,0.6683950617283951,0.0
dataset,1,12,mean_variance_5,Mean - 5 x variance,mean_variance,5.0,10300,0.1,19,0.0,1,1.0,1000.0,0.0002469135802469136,0.6674074074074074,0.0
dataset,1,12,mean_variance_10,Mean - 10 x variance,mean_variance,10.0,10300,0.1,19,0.0,1,1.0,1000.0,0.0002469135802469136,0.6661728395061729,0.0
dataset,1,12,mean_variance_20,Mean - 20 x variance,mean_variance,20.0,10300,0.1,19,0.0,1,1.0,1000.0,0.0002469135802469136,0.6637037037037037,0.0
dataset,1,12,gaussian_lcb_1,Gaussian lower bound: mean - 1 x SD,gaussian_lcb,1.0,10300,0.1,19,0.0,1,1.0,1000.0,0.0002469135802469136,0.6529284912822743,0.0
dataset,1,12,gaussian_lcb_1.645,Gaussian lower bound: mean - 1.645 x SD,gaussian_lcb,1.645,10300,0.1,19,0.0,1,1.0,1000.0,0.0002469135802469136,0.6427932940852671,0.0
dataset,1,12,gaussian_lcb_1.96,Gaussian lower bound: mean - 1.96 x SD,gaussian_lcb,1.96,10300,0.1,19,0.0,1,1.0,1000.0,0.0002469135802469136,0.6378435466169613,0.0
dataset,1,12,gaussian_lcb_2.576,Gaussian lower bound: mean - 2.576 x SD,gaussian_lcb,2.576,10300,0.1,19,0.0,1,1.0,1000.0,0.0002469135802469136,0.6281640404567187,0.0
dataset,1,12,finite_gaussian_lcb_1,Finite-row Gaussian bound: mean - 1 x SD,finite_gaussian_lcb,1.0,10300,0.1,19,0.0,1,1.0,1000.0,0.0002469135802469136,0.672,0.0
dataset,1,12,finite_gaussian_lcb_1.645,Finite-row Gaussian bound: mean - 1.645 x SD,finite_gaussian_lcb,1.645,10300,0.1,19,0.0,1,1.0,1000.0,0.0002469135802469136,0.672,0.0
dataset,1,12,finite_gaussian_lcb_1.96,Finite-row Gaussian bound: mean - 1.96 x SD,finite_gaussian_lcb,1.96,10300,0.1,19,0.0,1,1.0,1000.0,0.0002469135802469136,0.672,0.0
dataset,1,12,finite_population_lcb,Anytime finite-population lower bound (delta=0.05),confidence,0.05,10300,0.1,19,0.0,1,1.0,1000.0,0.0002469135802469136,0.672,0.0
dataset,1,13,posterior_mean,Current posterior mean,baseline,,10300,0.1,19,0.0,1,1.0,1000.0,0.0002469135802469136,0.668641984462738,0.0
dataset,1,13,empirical_mean,Observed sample mean,baseline,,10300,0.1,19,0.0,1,1.0,1000.0,0.0002469135802469136,0.672,0.0
dataset,1,13,variance_gate_0.5,Variance gate: v/v0 <= 0.5,variance_gate,0.5,10300,0.1,19,0.0,1,1.0,1000.0,0.0002469135802469136,0.668641975308642,0.0
dataset,1,13,variance_gate_0.2,Variance gate: v/v0 <= 0.2,variance_gate,0.2,10300,0.1,19,0.0,1,1.0,1000.0,0.0002469135802469136,0.668641975308642,0.0
dataset,1,13,variance_gate_0.1,Variance gate: v/v0 <= 0.1,variance_gate,0.1,10300,0.1,19,0.0,1,1.0,1000.0,0.0002469135802469136,0.668641975308642,0.0
dataset,1,13,variance_gate_0.05,Variance gate: v/v0 <= 0.05,variance_gate,0.05,10300,0.1,19,0.0,1,1.0,1000.0,0.0002469135802469136,0.668641975308642,0.0
dataset,1,13,mean_variance_1,Mean - 1 x variance,mean_variance,1.0,10300,0.1,19,0.0,1,1.0,1000.0,0.0002469135802469136,0.6683950617283951,0.0
dataset,1,13,mean_variance_5,Mean - 5 x variance,mean_variance,5.0,10300,0.1,19,0.0,1,1.0,1000.0,0.0002469135802469136,0.6674074074074074,0.0
dataset,1,13,mean_variance_10,Mean - 10 x variance,mean_variance,10.0,10300,0.1,19,0.0,1,1.0,1000.0,0.0002469135802469136,0.6661728395061729,0.0
dataset,1,13,mean_variance_20,Mean - 20 x variance,mean_variance,20.0,10300,0.1,19,0.0,1,1.0,1000.0,0.0002469135802469136,0.6637037037037037,0.0
dataset,1,13,gaussian_lcb_1,Gaussian lower bound: mean - 1 x SD,gaussian_lcb,1.0,10300,0.1,19,0.0,1,1.0,1000.0,0.0002469135802469136,0.6529284912822743,0.0
dataset,1,13,gaussian_lcb_1.645,Gaussian lower bound: mean - 1.645 x SD,gaussian_lcb,1.645,10300,0.1,19,0.0,1,1.0,1000.0,0.0002469135802469136,0.6427932940852671,0.0
dataset,1,13,gaussian_lcb_1.96,Gaussian lower bound: mean - 1.96 x SD,gaussian_lcb,1.96,10300,0.1,19,0.0,1,1.0,1000.0,0.0002469135802469136,0.6378435466169613,0.0
dataset,1,13,gaussian_lcb_2.576,Gaussian lower bound: mean - 2.576 x SD,gaussian_lcb,2.576,10300,0.1,19,0.0,1,1.0,1000.0,0.0002469135802469136,0.6281640404567187,0.0
dataset,1,13,finite_gaussian_lcb_1,Finite-row Gaussian bound: mean - 1 x SD,finite_gaussian_lcb,1.0,10300,0.1,19,0.0,1,1.0,1000.0,0.0002469135802469136,0.672,0.0
dataset,1,13,finite_gaussian_lcb_1.645,Finite-row Gaussian bound: mean - 1.645 x SD,finite_gaussian_lcb,1.645,10300,0.1,19,0.0,1,1.0,1000.0,0.0002469135802469136,0.672,0.0
dataset,1,13,finite_gaussian_lcb_1.96,Finite-row Gaussian bound: mean - 1.96 x SD,finite_gaussian_lcb,1.96,10300,0.1,19,0.0,1,1.0,1000.0,0.0002469135802469136,0.672,0.0
dataset,1,13,finite_population_lcb,Anytime finite-population lower bound (delta=0.05),confidence,0.05,10300,0.1,19,0.0,1,1.0,1000.0,0.0002469135802469136,0.672,0.0
dataset,1,14,posterior_mean,Current posterior mean,baseline,,10300,0.1,20,0.0,1,1.0,1000.0,0.0002469135802469136,0.668641984462738,0.0
dataset,1,14,empirical_mean,Observed sample mean,baseline,,10300,0.1,20,0.0,1,1.0,1000.0,0.0002469135802469136,0.672,0.0
dataset,1,14,variance_gate_0.5,Variance gate: v/v0 <= 0.5,variance_gate,0.5,10300,0.1,20,0.0,1,1.0,1000.0,0.0002469135802469136,0.668641975308642,0.0
dataset,1,14,variance_gate_0.2,Variance gate: v/v0 <= 0.2,variance_gate,0.2,10300,0.1,20,0.0,1,1.0,1000.0,0.0002469135802469136,0.668641975308642,0.0
dataset,1,14,variance_gate_0.1,Variance gate: v/v0 <= 0.1,variance_gate,0.1,10300,0.1,20,0.0,1,1.0,1000.0,0.0002469135802469136,0.668641975308642,0.0
dataset,1,14,variance_gate_0.05,Variance gate: v/v0 <= 0.05,variance_gate,0.05,10300,0.1,20,0.0,1,1.0,1000.0,0.0002469135802469136,0.668641975308642,0.0
dataset,1,14,mean_variance_1,Mean - 1 x variance,mean_variance,1.0,10300,0.1,20,0.0,1,1.0,1000.0,0.0002469135802469136,0.6683950617283951,0.0
dataset,1,14,mean_variance_5,Mean - 5 x variance,mean_variance,5.0,10300,0.1,20,0.0,1,1.0,1000.0,0.0002469135802469136,0.6674074074074074,0.0
dataset,1,14,mean_variance_10,Mean - 10 x variance,mean_variance,10.0,10300,0.1,20,0.0,1,1.0,1000.0,0.0002469135802469136,0.6661728395061729,0.0
dataset,1,14,mean_variance_20,Mean - 20 x variance,mean_variance,20.0,10300,0.1,20,0.0,1,1.0,1000.0,0.0002469135802469136,0.6637037037037037,0.0
dataset,1,14,gaussian_lcb_1,Gaussian lower bound: mean - 1 x SD,gaussian_lcb,1.0,10300,0.1,20,0.0,1,1.0,1000.0,0.0002469135802469136,0.6529284912822743,0.0
dataset,1,14,gaussian_lcb_1.645,Gaussian lower bound: mean - 1.645 x SD,gaussian_lcb,1.645,10300,0.1,20,0.0,1,1.0,1000.0,0.0002469135802469136,0.6427932940852671,0.0
dataset,1,14,gaussian_lcb_1.96,Gaussian lower bound: mean - 1.96 x SD,gaussian_lcb,1.96,10300,0.1,20,0.0,1,1.0,1000.0,0.0002469135802469136,0.6378435466169613,0.0
dataset,1,14,gaussian_lcb_2.576,Gaussian lower bound: mean - 2.576 x SD,gaussian_lcb,2.576,10300,0.1,20,0.0,1,1.0,1000.0,0.0002469135802469136,0.6281640404567187,0.0
dataset,1,14,finite_gaussian_lcb_1,Finite-row Gaussian bound: mean - 1 x SD,finite_gaussian_lcb,1.0,10300,0.1,20,0.0,1,1.0,1000.0,0.0002469135802469136,0.672,0.0
dataset,1,14,finite_gaussian_lcb_1.645,Finite-row Gaussian bound: mean - 1.645 x SD,finite_gaussian_lcb,1.645,10300,0.1,20,0.0,1,1.0,1000.0,0.0002469135802469136,0.672,0.0
dataset,1,14,finite_gaussian_lcb_1.96,Finite-row Gaussian bound: mean - 1.96 x SD,finite_gaussian_lcb,1.96,10300,0.1,20,0.0,1,1.0,1000.0,0.0002469135802469136,0.672,0.0
dataset,1,14,finite_population_lcb,Anytime finite-population lower bound (delta=0.05),confidence,0.05,10300,0.1,20,0.0,1,1.0,1000.0,0.0002469135802469136,0.672,0.0
dataset,1,15,posterior_mean,Current posterior mean,baseline,,10300,0.1,20,0.0,1,1.0,1000.0,0.0002469135802469136,0.668641984462738,0.0
dataset,1,15,empirical_mean,Observed sample mean,baseline,,10300,0.1,20,0.0,1,1.0,1000.0,0.0002469135802469136,0.672,0.0
dataset,1,15,variance_gate_0.5,Variance gate: v/v0 <= 0.5,variance_gate,0.5,10300,0.1,20,0.0,1,1.0,1000.0,0.0002469135802469136,0.668641975308642,0.0
dataset,1,15,variance_gate_0.2,Variance gate: v/v0 <= 0.2,variance_gate,0.2,10300,0.1,20,0.0,1,1.0,1000.0,0.0002469135802469136,0.668641975308642,0.0
dataset,1,15,variance_gate_0.1,Variance gate: v/v0 <= 0.1,variance_gate,0.1,10300,0.1,20,0.0,1,1.0,1000.0,0.0002469135802469136,0.668641975308642,0.0
dataset,1,15,variance_gate_0.05,Variance gate: v/v0 <= 0.05,variance_gate,0.05,10300,0.1,20,0.0,1,1.0,1000.0,0.0002469135802469136,0.668641975308642,0.0
dataset,1,15,mean_variance_1,Mean - 1 x variance,mean_variance,1.0,10300,0.1,20,0.0,1,1.0,1000.0,0.0002469135802469136,0.6683950617283951,0.0
dataset,1,15,mean_variance_5,Mean - 5 x variance,mean_variance,5.0,10300,0.1,20,0.0,1,1.0,1000.0,0.0002469135802469136,0.6674074074074074,0.0
dataset,1,15,mean_variance_10,Mean - 10 x variance,mean_variance,10.0,10300,0.1,20,0.0,1,1.0,1000.0,0.0002469135802469136,0.6661728395061729,0.0
dataset,1,15,mean_variance_20,Mean - 20 x variance,mean_variance,20.0,10300,0.1,20,0.0,1,1.0,1000.0,0.0002469135802469136,0.6637037037037037,0.0
dataset,1,15,gaussian_lcb_1,Gaussian lower bound: mean - 1 x SD,gaussian_lcb,1.0,10300,0.1,20,0.0,1,1.0,1000.0,0.0002469135802469136,0.6529284912822743,0.0
dataset,1,15,gaussian_lcb_1.645,Gaussian lower bound: mean - 1.645 x SD,gaussian_lcb,1.645,10300,0.1,20,0.0,1,1.0,1000.0,0.0002469135802469136,0.6427932940852671,0.0
dataset,1,15,gaussian_lcb_1.96,Gaussian lower bound: mean - 1.96 x SD,gaussian_lcb,1.96,10300,0.1,20,0.0,1,1.0,1000.0,0.0002469135802469136,0.6378435466169613,0.0
dataset,1,15,gaussian_lcb_2.576,Gaussian lower bound: mean - 2.576 x SD,gaussian_lcb,2.576,10300,0.1,20,0.0,1,1.0,1000.0,0.0002469135802469136,0.6281640404567187,0.0
dataset,1,15,finite_gaussian_lcb_1,Finite-row Gaussian bound: mean - 1 x SD,finite_gaussian_lcb,1.0,10300,0.1,20,0.0,1,1.0,1000.0,0.0002469135802469136,0.672,0.0
dataset,1,15,finite_gaussian_lcb_1.645,Finite-row Gaussian bound: mean - 1.645 x SD,finite_gaussian_lcb,1.645,10300,0.1,20,0.0,1,1.0,1000.0,0.0002469135802469136,0.672,0.0
dataset,1,15,finite_gaussian_lcb_1.96,Finite-row Gaussian bound: mean - 1.96 x SD,finite_gaussian_lcb,1.96,10300,0.1,20,0.0,1,1.0,1000.0,0.0002469135802469136,0.672,0.0
dataset,1,15,finite_population_lcb,Anytime finite-population lower bound (delta=0.05),confidence,0.05,10300,0.1,20,0.0,1,1.0,1000.0,0.0002469135802469136,0.672,0.0
dataset,1,16,posterior_mean,Current posterior mean,baseline,,10300,0.1,14,0.04200000000000004,1,0.0,300.0,0.0008,0.671999990940094,0.0
dataset,1,16,empirical_mean,Observed sample mean,baseline,,10300,0.1,14,0.04200000000000004,1,0.0,300.0,0.0008,0.6833333333333333,0.0
dataset,1,16,variance_gate_0.5,Variance gate: v/v0 <= 0.5,variance_gate,0.5,10300,0.1,14,0.04200000000000004,1,0.0,300.0,0.0008,0.672,0.0
dataset,1,16,variance_gate_0.2,Variance gate: v/v0 <= 0.2,variance_gate,0.2,10300,0.1,14,0.04200000000000004,1,0.0,300.0,0.0008,0.672,0.0
dataset,1,16,variance_gate_0.1,Variance gate: v/v0 <= 0.1,variance_gate,0.1,10300,0.1,14,0.04200000000000004,1,0.0,300.0,0.0008,0.672,0.0
dataset,1,16,variance_gate_0.05,Variance gate: v/v0 <= 0.05,variance_gate,0.05,10300,0.1,14,0.04200000000000004,1,0.0,300.0,0.0008,0.672,0.0
dataset,1,16,mean_variance_1,Mean - 1 x variance,mean_variance,1.0,10300,0.1,14,0.04200000000000004,1,0.0,300.0,0.0008,0.6712,0.0
dataset,1,16,mean_variance_5,Mean - 5 x variance,mean_variance,5.0,10300,0.1,14,0.04200000000000004,1,0.0,300.0,0.0008,0.668,0.0
dataset,1,16,mean_variance_10,Mean - 10 x variance,mean_variance,10.0,10300,0.1,19,0.0,1,1.0,1000.0,0.0002469135802469136,0.6661728395061729,-0.04200000000000004
dataset,1,16,mean_variance_20,Mean - 20 x variance,mean_variance,20.0,10300,0.1,19,0.0,1,1.0,1000.0,0.0002469135802469136,0.6637037037037037,-0.04200000000000004
dataset,1,16,gaussian_lcb_1,Gaussian lower bound: mean - 1 x SD,gaussian_lcb,1.0,10300,0.1,19,0.0,1,1.0,1000.0,0.0002469135802469136,0.6529284912822743,-0.04200000000000004
dataset,1,16,gaussian_lcb_1.645,Gaussian lower bound: mean - 1.645 x SD,gaussian_lcb,1.645,10300,0.1,19,0.0,1,1.0,1000.0,0.0002469135802469136,0.6427932940852671,-0.04200000000000004
dataset,1,16,gaussian_lcb_1.96,Gaussian lower bound: mean - 1.96 x SD,gaussian_lcb,1.96,10300,0.1,19,0.0,1,1.0,1000.0,0.0002469135802469136,0.6378435466169613,-0.04200000000000004
dataset,1,16,gaussian_lcb_2.576,Gaussian lower bound: mean - 2.576 x SD,gaussian_lcb,2.576,10300,0.1,19,0.0,1,1.0,1000.0,0.0002469135802469136,0.6281640404567187,-0.04200000000000004
dataset,1,16,finite_gaussian_lcb_1,Finite-row Gaussian bound: mean - 1 x SD,finite_gaussian_lcb,1.0,10300,0.1,19,0.0,1,1.0,1000.0,0.0002469135802469136,0.672,-0.04200000000000004
dataset,1,16,finite_gaussian_lcb_1.645,Finite-row Gaussian bound: mean - 1.645 x SD,finite_gaussian_lcb,1.645,10300,0.1,19,0.0,1,1.0,1000.0,0.0002469135802469136,0.672,-0.04200000000000004
dataset,1,16,finite_gaussian_lcb_1.96,Finite-row Gaussian bound: mean - 1.96 x SD,finite_gaussian_lcb,1.96,10300,0.1,19,0.0,1,1.0,1000.0,0.0002469135802469136,0.672,-0.04200000000000004
dataset,1,16,finite_population_lcb,Anytime finite-population lower bound (delta=0.05),confidence,0.05,10300,0.1,19,0.0,1,1.0,1000.0,0.0002469135802469136,0.672,-0.04200000000000004
dataset,1,17,posterior_mean,Current posterior mean,baseline,,10300,0.1,19,0.0,1,1.0,1000.0,0.0002469135802469136,0.668641984462738,0.0
dataset,1,17,empirical_mean,Observed sample mean,baseline,,10300,0.1,19,0.0,1,1.0,1000.0,0.0002469135802469136,0.672,0.0
dataset,1,17,variance_gate_0.5,Variance gate: v/v0 <= 0.5,variance_gate,0.5,10300,0.1,19,0.0,1,1.0,1000.0,0.0002469135802469136,0.668641975308642,0.0
dataset,1,17,variance_gate_0.2,Variance gate: v/v0 <= 0.2,variance_gate,0.2,10300,0.1,19,0.0,1,1.0,1000.0,0.0002469135802469136,0.668641975308642,0.0
dataset,1,17,variance_gate_0.1,Variance gate: v/v0 <= 0.1,variance_gate,0.1,10300,0.1,19,0.0,1,1.0,1000.0,0.0002469135802469136,0.668641975308642,0.0
dataset,1,17,variance_gate_0.05,Variance gate: v/v0 <= 0.05,variance_gate,0.05,10300,0.1,19,0.0,1,1.0,1000.0,0.0002469135802469136,0.668641975308642,0.0
dataset,1,17,mean_variance_1,Mean - 1 x variance,mean_variance,1.0,10300,0.1,19,0.0,1,1.0,1000.0,0.0002469135802469136,0.6683950617283951,0.0
dataset,1,17,mean_variance_5,Mean - 5 x variance,mean_variance,5.0,10300,0.1,19,0.0,1,1.0,1000.0,0.0002469135802469136,0.6674074074074074,0.0
dataset,1,17,mean_variance_10,Mean - 10 x variance,mean_variance,10.0,10300,0.1,19,0.0,1,1.0,1000.0,0.0002469135802469136,0.6661728395061729,0.0
dataset,1,17,mean_variance_20,Mean - 20 x variance,mean_variance,20.0,10300,0.1,19,0.0,1,1.0,1000.0,0.0002469135802469136,0.6637037037037037,0.0
dataset,1,17,gaussian_lcb_1,Gaussian lower bound: mean - 1 x SD,gaussian_lcb,1.0,10300,0.1,19,0.0,1,1.0,1000.0,0.0002469135802469136,0.6529284912822743,0.0
dataset,1,17,gaussian_lcb_1.645,Gaussian lower bound: mean - 1.645 x SD,gaussian_lcb,1.645,10300,0.1,19,0.0,1,1.0,1000.0,0.0002469135802469136,0.6427932940852671,0.0
dataset,1,17,gaussian_lcb_1.96,Gaussian lower bound: mean - 1.96 x SD,gaussian_lcb,1.96,10300,0.1,19,0.0,1,1.0,1000.0,0.0002469135802469136,0.6378435466169613,0.0
dataset,1,17,gaussian_lcb_2.576,Gaussian lower bound: mean - 2.576 x SD,gaussian_lcb,2.576,10300,0.1,19,0.0,1,1.0,1000.0,0.0002469135802469136,0.6281640404567187,0.0
dataset,1,17,finite_gaussian_lcb_1,Finite-row Gaussian bound: mean - 1 x SD,finite_gaussian_lcb,1.0,10300,0.1,19,0.0,1,1.0,1000.0,0.0002469135802469136,0.672,0.0
dataset,1,17,finite_gaussian_lcb_1.645,Finite-row Gaussian bound: mean - 1.645 x SD,finite_gaussian_lcb,1.645,10300,0.1,19,0.0,1,1.0,1000.0,0.0002469135802469136,0.672,0.0
dataset,1,17,finite_gaussian_lcb_1.96,Finite-row Gaussian bound: mean - 1.96 x SD,finite_gaussian_lcb,1.96,10300,0.1,19,0.0,1,1.0,1000.0,0.0002469135802469136,0.672,0.0
dataset,1,17,finite_population_lcb,Anytime finite-population lower bound (delta=0.05),confidence,0.05,10300,0.1,19,0.0,1,1.0,1000.0,0.0002469135802469136,0.672,0.0
dataset,1,18,posterior_mean,Current posterior mean,baseline,,10300,0.1,19,0.0,1,1.0,1000.0,0.0002469135802469136,0.668641984462738,0.0
dataset,1,18,empirical_mean,Observed sample mean,baseline,,10300,0.1,19,0.0,1,1.0,1000.0,0.0002469135802469136,0.672,0.0
dataset,1,18,variance_gate_0.5,Variance gate: v/v0 <= 0.5,variance_gate,0.5,10300,0.1,19,0.0,1,1.0,1000.0,0.0002469135802469136,0.668641975308642,0.0
dataset,1,18,variance_gate_0.2,Variance gate: v/v0 <= 0.2,variance_gate,0.2,10300,0.1,19,0.0,1,1.0,1000.0,0.0002469135802469136,0.668641975308642,0.0
dataset,1,18,variance_gate_0.1,Variance gate: v/v0 <= 0.1,variance_gate,0.1,10300,0.1,19,0.0,1,1.0,1000.0,0.0002469135802469136,0.668641975308642,0.0
dataset,1,18,variance_gate_0.05,Variance gate: v/v0 <= 0.05,variance_gate,0.05,10300,0.1,19,0.0,1,1.0,1000.0,0.0002469135802469136,0.668641975308642,0.0
dataset,1,18,mean_variance_1,Mean - 1 x variance,mean_variance,1.0,10300,0.1,19,0.0,1,1.0,1000.0,0.0002469135802469136,0.6683950617283951,0.0
dataset,1,18,mean_variance_5,Mean - 5 x variance,mean_variance,5.0,10300,0.1,19,0.0,1,1.0,1000.0,0.0002469135802469136,0.6674074074074074,0.0
dataset,1,18,mean_variance_10,Mean - 10 x variance,mean_variance,10.0,10300,0.1,19,0.0,1,1.0,1000.0,0.0002469135802469136,0.6661728395061729,0.0
dataset,1,18,mean_variance_20,Mean - 20 x variance,mean_variance,20.0,10300,0.1,19,0.0,1,1.0,1000.0,0.0002469135802469136,0.6637037037037037,0.0
dataset,1,18,gaussian_lcb_1,Gaussian lower bound: mean - 1 x SD,gaussian_lcb,1.0,10300,0.1,19,0.0,1,1.0,1000.0,0.0002469135802469136,0.6529284912822743,0.0
dataset,1,18,gaussian_lcb_1.645,Gaussian lower bound: mean - 1.645 x SD,gaussian_lcb,1.645,10300,0.1,19,0.0,1,1.0,1000.0,0.0002469135802469136,0.6427932940852671,0.0
dataset,1,18,gaussian_lcb_1.96,Gaussian lower bound: mean - 1.96 x SD,gaussian_lcb,1.96,10300,0.1,19,0.0,1,1.0,1000.0,0.0002469135802469136,0.6378435466169613,0.0
dataset,1,18,gaussian_lcb_2.576,Gaussian lower bound: mean - 2.576 x SD,gaussian_lcb,2.576,10300,0.1,19,0.0,1,1.0,1000.0,0.0002469135802469136,0.6281640404567187,0.0
dataset,1,18,finite_gaussian_lcb_1,Finite-row Gaussian bound: mean - 1 x SD,finite_gaussian_lcb,1.0,10300,0.1,19,0.0,1,1.0,1000.0,0.0002469135802469136,0.672,0.0
dataset,1,18,finite_gaussian_lcb_1.645,Finite-row Gaussian bound: mean - 1.645 x SD,finite_gaussian_lcb,1.645,10300,0.1,19,0.0,1,1.0,1000.0,0.0002469135802469136,0.672,0.0
dataset,1,18,finite_gaussian_lcb_1.96,Finite-row Gaussian bound: mean - 1.96 x SD,finite_gaussian_lcb,1.96,10300,0.1,19,0.0,1,1.0,1000.0,0.0002469135802469136,0.672,0.0
dataset,1,18,finite_population_lcb,Anytime finite-population lower bound (delta=0.05),confidence,0.05,10300,0.1,19,0.0,1,1.0,1000.0,0.0002469135802469136,0.672,0.0
dataset,1,19,posterior_mean,Current posterior mean,baseline,,10300,0.1,19,0.0,1,1.0,1000.0,0.0002469135802469136,0.668641984462738,0.0
dataset,1,19,empirical_mean,Observed sample mean,baseline,,10300,0.1,19,0.0,1,1.0,1000.0,0.0002469135802469136,0.672,0.0
dataset,1,19,variance_gate_0.5,Variance gate: v/v0 <= 0.5,variance_gate,0.5,10300,0.1,19,0.0,1,1.0,1000.0,0.0002469135802469136,0.668641975308642,0.0
dataset,1,19,variance_gate_0.2,Variance gate: v/v0 <= 0.2,variance_gate,0.2,10300,0.1,19,0.0,1,1.0,1000.0,0.0002469135802469136,0.668641975308642,0.0
dataset,1,19,variance_gate_0.1,Variance gate: v/v0 <= 0.1,variance_gate,0.1,10300,0.1,19,0.0,1,1.0,1000.0,0.0002469135802469136,0.668641975308642,0.0
dataset,1,19,variance_gate_0.05,Variance gate: v/v0 <= 0.05,variance_gate,0.05,10300,0.1,19,0.0,1,1.0,1000.0,0.0002469135802469136,0.668641975308642,0.0
dataset,1,19,mean_variance_1,Mean - 1 x variance,mean_variance,1.0,10300,0.1,19,0.0,1,1.0,1000.0,0.0002469135802469136,0.6683950617283951,0.0
dataset,1,19,mean_variance_5,Mean - 5 x variance,mean_variance,5.0,10300,0.1,19,0.0,1,1.0,1000.0,0.0002469135802469136,0.6674074074074074,0.0
dataset,1,19,mean_variance_10,Mean - 10 x variance,mean_variance,10.0,10300,0.1,19,0.0,1,1.0,1000.0,0.0002469135802469136,0.6661728395061729,0.0
dataset,1,19,mean_variance_20,Mean - 20 x variance,mean_variance,20.0,10300,0.1,19,0.0,1,1.0,1000.0,0.0002469135802469136,0.6637037037037037,0.0
dataset,1,19,gaussian_lcb_1,Gaussian lower bound: mean - 1 x SD,gaussian_lcb,1.0,10300,0.1,19,0.0,1,1.0,1000.0,0.0002469135802469136,0.6529284912822743,0.0
dataset,1,19,gaussian_lcb_1.645,Gaussian lower bound: mean - 1.645 x SD,gaussian_lcb,1.645,10300,0.1,19,0.0,1,1.0,1000.0,0.0002469135802469136,0.6427932940852671,0.0
dataset,1,19,gaussian_lcb_1.96,Gaussian lower bound: mean - 1.96 x SD,gaussian_lcb,1.96,10300,0.1,19,0.0,1,1.0,1000.0,0.0002469135802469136,0.6378435466169613,0.0
dataset,1,19,gaussian_lcb_2.576,Gaussian lower bound: mean - 2.576 x SD,gaussian_lcb,2.576,10300,0.1,19,0.0,1,1.0,1000.0,0.0002469135802469136,0.6281640404567187,0.0
dataset,1,19,finite_gaussian_lcb_1,Finite-row Gaussian bound: mean - 1 x SD,finite_gaussian_lcb,1.0,10300,0.1,19,0.0,1,1.0,1000.0,0.0002469135802469136,0.672,0.0
dataset,1,19,finite_gaussian_lcb_1.645,Finite-row Gaussian bound: mean - 1.645 x SD,finite_gaussian_lcb,1.645,10300,0.1,19,0.0,1,1.0,1000.0,0.0002469135802469136,0.672,0.0
dataset,1,19,finite_gaussian_lcb_1.96,Finite-row Gaussian bound: mean - 1.96 x SD,finite_gaussian_lcb,1.96,10300,0.1,19,0.0,1,1.0,1000.0,0.0002469135802469136,0.672,0.0
dataset,1,19,finite_population_lcb,Anytime finite-population lower bound (delta=0.05),confidence,0.05,10300,0.1,19,0.0,1,1.0,1000.0,0.0002469135802469136,0.672,0.0
dataset,2,0,posterior_mean,Current posterior mean,baseline,,10300,0.1,19,0.0,1,1.0,1000.0,0.0002469135802469136,0.668641984462738,0.0
dataset,2,0,empirical_mean,Observed sample mean,baseline,,10300,0.1,19,0.0,1,1.0,1000.0,0.0002469135802469136,0.672,0.0
dataset,2,0,variance_gate_0.5,Variance gate: v/v0 <= 0.5,variance_gate,0.5,10300,0.1,19,0.0,1,1.0,1000.0,0.0002469135802469136,0.668641975308642,0.0
dataset,2,0,variance_gate_0.2,Variance gate: v/v0 <= 0.2,variance_gate,0.2,10300,0.1,19,0.0,1,1.0,1000.0,0.0002469135802469136,0.668641975308642,0.0
dataset,2,0,variance_gate_0.1,Variance gate: v/v0 <= 0.1,variance_gate,0.1,10300,0.1,19,0.0,1,1.0,1000.0,0.0002469135802469136,0.668641975308642,0.0
dataset,2,0,variance_gate_0.05,Variance gate: v/v0 <= 0.05,variance_gate,0.05,10300,0.1,19,0.0,1,1.0,1000.0,0.0002469135802469136,0.668641975308642,0.0
dataset,2,0,mean_variance_1,Mean - 1 x variance,mean_variance,1.0,10300,0.1,19,0.0,1,1.0,1000.0,0.0002469135802469136,0.6683950617283951,0.0
dataset,2,0,mean_variance_5,Mean - 5 x variance,mean_variance,5.0,10300,0.1,19,0.0,1,1.0,1000.0,0.0002469135802469136,0.6674074074074074,0.0
dataset,2,0,mean_variance_10,Mean - 10 x variance,mean_variance,10.0,10300,0.1,19,0.0,1,1.0,1000.0,0.0002469135802469136,0.6661728395061729,0.0
dataset,2,0,mean_variance_20,Mean - 20 x variance,mean_variance,20.0,10300,0.1,19,0.0,1,1.0,1000.0,0.0002469135802469136,0.6637037037037037,0.0
dataset,2,0,gaussian_lcb_1,Gaussian lower bound: mean - 1 x SD,gaussian_lcb,1.0,10300,0.1,19,0.0,1,1.0,1000.0,0.0002469135802469136,0.6529284912822743,0.0
dataset,2,0,gaussian_lcb_1.645,Gaussian lower bound: mean - 1.645 x SD,gaussian_lcb,1.645,10300,0.1,19,0.0,1,1.0,1000.0,0.0002469135802469136,0.6427932940852671,0.0
dataset,2,0,gaussian_lcb_1.96,Gaussian lower bound: mean - 1.96 x SD,gaussian_lcb,1.96,10300,0.1,19,0.0,1,1.0,1000.0,0.0002469135802469136,0.6378435466169613,0.0
dataset,2,0,gaussian_lcb_2.576,Gaussian lower bound: mean - 2.576 x SD,gaussian_lcb,2.576,10300,0.1,19,0.0,1,1.0,1000.0,0.0002469135802469136,0.6281640404567187,0.0
dataset,2,0,finite_gaussian_lcb_1,Finite-row Gaussian bound: mean - 1 x SD,finite_gaussian_lcb,1.0,10300,0.1,19,0.0,1,1.0,1000.0,0.0002469135802469136,0.672,0.0
dataset,2,0,finite_gaussian_lcb_1.645,Finite-row Gaussian bound: mean - 1.645 x SD,finite_gaussian_lcb,1.645,10300,0.1,19,0.0,1,1.0,1000.0,0.0002469135802469136,0.672,0.0
dataset,2,0,finite_gaussian_lcb_1.96,Finite-row Gaussian bound: mean - 1.96 x SD,finite_gaussian_lcb,1.96,10300,0.1,19,0.0,1,1.0,1000.0,0.0002469135802469136,0.672,0.0
dataset,2,0,finite_population_lcb,Anytime finite-population lower bound (delta=0.05),confidence,0.05,10300,0.1,19,0.0,1,1.0,1000.0,0.0002469135802469136,0.672,0.0
dataset,2,1,posterior_mean,Current posterior mean,baseline,,10300,0.1,19,0.0,1,1.0,1000.0,0.0002469135802469136,0.668641984462738,0.0
dataset,2,1,empirical_mean,Observed sample mean,baseline,,10300,0.1,19,0.0,1,1.0,1000.0,0.0002469135802469136,0.672,0.0
dataset,2,1,variance_gate_0.5,Variance gate: v/v0 <= 0.5,variance_gate,0.5,10300,0.1,19,0.0,1,1.0,1000.0,0.0002469135802469136,0.668641975308642,0.0
dataset,2,1,variance_gate_0.2,Variance gate: v/v0 <= 0.2,variance_gate,0.2,10300,0.1,19,0.0,1,1.0,1000.0,0.0002469135802469136,0.668641975308642,0.0
dataset,2,1,variance_gate_0.1,Variance gate: v/v0 <= 0.1,variance_gate,0.1,10300,0.1,19,0.0,1,1.0,1000.0,0.0002469135802469136,0.668641975308642,0.0
dataset,2,1,variance_gate_0.05,Variance gate: v/v0 <= 0.05,variance_gate,0.05,10300,0.1,19,0.0,1,1.0,1000.0,0.0002469135802469136,0.668641975308642,0.0
dataset,2,1,mean_variance_1,Mean - 1 x variance,mean_variance,1.0,10300,0.1,19,0.0,1,1.0,1000.0,0.0002469135802469136,0.6683950617283951,0.0
dataset,2,1,mean_variance_5,Mean - 5 x variance,mean_variance,5.0,10300,0.1,19,0.0,1,1.0,1000.0,0.0002469135802469136,0.6674074074074074,0.0
dataset,2,1,mean_variance_10,Mean - 10 x variance,mean_variance,10.0,10300,0.1,19,0.0,1,1.0,1000.0,0.0002469135802469136,0.6661728395061729,0.0
dataset,2,1,mean_variance_20,Mean - 20 x variance,mean_variance,20.0,10300,0.1,19,0.0,1,1.0,1000.0,0.0002469135802469136,0.6637037037037037,0.0
dataset,2,1,gaussian_lcb_1,Gaussian lower bound: mean - 1 x SD,gaussian_lcb,1.0,10300,0.1,19,0.0,1,1.0,1000.0,0.0002469135802469136,0.6529284912822743,0.0
dataset,2,1,gaussian_lcb_1.645,Gaussian lower bound: mean - 1.645 x SD,gaussian_lcb,1.645,10300,0.1,19,0.0,1,1.0,1000.0,0.0002469135802469136,0.6427932940852671,0.0
dataset,2,1,gaussian_lcb_1.96,Gaussian lower bound: mean - 1.96 x SD,gaussian_lcb,1.96,10300,0.1,19,0.0,1,1.0,1000.0,0.0002469135802469136,0.6378435466169613,0.0
dataset,2,1,gaussian_lcb_2.576,Gaussian lower bound: mean - 2.576 x SD,gaussian_lcb,2.576,10300,0.1,19,0.0,1,1.0,1000.0,0.0002469135802469136,0.6281640404567187,0.0
dataset,2,1,finite_gaussian_lcb_1,Finite-row Gaussian bound: mean - 1 x SD,finite_gaussian_lcb,1.0,10300,0.1,19,0.0,1,1.0,1000.0,0.0002469135802469136,0.672,0.0
dataset,2,1,finite_gaussian_lcb_1.645,Finite-row Gaussian bound: mean - 1.645 x SD,finite_gaussian_lcb,1.645,10300,0.1,19,0.0,1,1.0,1000.0,0.0002469135802469136,0.672,0.0
dataset,2,1,finite_gaussian_lcb_1.96,Finite-row Gaussian bound: mean - 1.96 x SD,finite_gaussian_lcb,1.96,10300,0.1,19,0.0,1,1.0,1000.0,0.0002469135802469136,0.672,0.0
dataset,2,1,finite_population_lcb,Anytime finite-population lower bound (delta=0.05),confidence,0.05,10300,0.1,19,0.0,1,1.0,1000.0,0.0002469135802469136,0.672,0.0
dataset,2,2,posterior_mean,Current posterior mean,baseline,,10300,0.1,19,0.0,1,1.0,1000.0,0.0002469135802469136,0.668641984462738,0.0
dataset,2,2,empirical_mean,Observed sample mean,baseline,,10300,0.1,19,0.0,1,1.0,1000.0,0.0002469135802469136,0.672,0.0
dataset,2,2,variance_gate_0.5,Variance gate: v/v0 <= 0.5,variance_gate,0.5,10300,0.1,19,0.0,1,1.0,1000.0,0.0002469135802469136,0.668641975308642,0.0
dataset,2,2,variance_gate_0.2,Variance gate: v/v0 <= 0.2,variance_gate,0.2,10300,0.1,19,0.0,1,1.0,1000.0,0.0002469135802469136,0.668641975308642,0.0
dataset,2,2,variance_gate_0.1,Variance gate: v/v0 <= 0.1,variance_gate,0.1,10300,0.1,19,0.0,1,1.0,1000.0,0.0002469135802469136,0.668641975308642,0.0
dataset,2,2,variance_gate_0.05,Variance gate: v/v0 <= 0.05,variance_gate,0.05,10300,0.1,19,0.0,1,1.0,1000.0,0.0002469135802469136,0.668641975308642,0.0
dataset,2,2,mean_variance_1,Mean - 1 x variance,mean_variance,1.0,10300,0.1,19,0.0,1,1.0,1000.0,0.0002469135802469136,0.6683950617283951,0.0
dataset,2,2,mean_variance_5,Mean - 5 x variance,mean_variance,5.0,10300,0.1,19,0.0,1,1.0,1000.0,0.0002469135802469136,0.6674074074074074,0.0
dataset,2,2,mean_variance_10,Mean - 10 x variance,mean_variance,10.0,10300,0.1,19,0.0,1,1.0,1000.0,0.0002469135802469136,0.6661728395061729,0.0
dataset,2,2,mean_variance_20,Mean - 20 x variance,mean_variance,20.0,10300,0.1,19,0.0,1,1.0,1000.0,0.0002469135802469136,0.6637037037037037,0.0
dataset,2,2,gaussian_lcb_1,Gaussian lower bound: mean - 1 x SD,gaussian_lcb,1.0,10300,0.1,19,0.0,1,1.0,1000.0,0.0002469135802469136,0.6529284912822743,0.0
dataset,2,2,gaussian_lcb_1.645,Gaussian lower bound: mean - 1.645 x SD,gaussian_lcb,1.645,10300,0.1,19,0.0,1,1.0,1000.0,0.0002469135802469136,0.6427932940852671,0.0
dataset,2,2,gaussian_lcb_1.96,Gaussian lower bound: mean - 1.96 x SD,gaussian_lcb,1.96,10300,0.1,19,0.0,1,1.0,1000.0,0.0002469135802469136,0.6378435466169613,0.0
dataset,2,2,gaussian_lcb_2.576,Gaussian lower bound: mean - 2.576 x SD,gaussian_lcb,2.576,10300,0.1,19,0.0,1,1.0,1000.0,0.0002469135802469136,0.6281640404567187,0.0
dataset,2,2,finite_gaussian_lcb_1,Finite-row Gaussian bound: mean - 1 x SD,finite_gaussian_lcb,1.0,10300,0.1,19,0.0,1,1.0,1000.0,0.0002469135802469136,0.672,0.0
dataset,2,2,finite_gaussian_lcb_1.645,Finite-row Gaussian bound: mean - 1.645 x SD,finite_gaussian_lcb,1.645,10300,0.1,19,0.0,1,1.0,1000.0,0.0002469135802469136,0.672,0.0
dataset,2,2,finite_gaussian_lcb_1.96,Finite-row Gaussian bound: mean - 1.96 x SD,finite_gaussian_lcb,1.96,10300,0.1,19,0.0,1,1.0,1000.0,0.0002469135802469136,0.672,0.0
dataset,2,2,finite_population_lcb,Anytime finite-population lower bound (delta=0.05),confidence,0.05,10300,0.1,19,0.0,1,1.0,1000.0,0.0002469135802469136,0.672,0.0
dataset,2,3,posterior_mean,Current posterior mean,baseline,,10300,0.1,19,0.0,1,1.0,1000.0,0.0002469135802469136,0.668641984462738,0.0
dataset,2,3,empirical_mean,Observed sample mean,baseline,,10300,0.1,19,0.0,1,1.0,1000.0,0.0002469135802469136,0.672,0.0
dataset,2,3,variance_gate_0.5,Variance gate: v/v0 <= 0.5,variance_gate,0.5,10300,0.1,19,0.0,1,1.0,1000.0,0.0002469135802469136,0.668641975308642,0.0
dataset,2,3,variance_gate_0.2,Variance gate: v/v0 <= 0.2,variance_gate,0.2,10300,0.1,19,0.0,1,1.0,1000.0,0.0002469135802469136,0.668641975308642,0.0
dataset,2,3,variance_gate_0.1,Variance gate: v/v0 <= 0.1,variance_gate,0.1,10300,0.1,19,0.0,1,1.0,1000.0,0.0002469135802469136,0.668641975308642,0.0
dataset,2,3,variance_gate_0.05,Variance gate: v/v0 <= 0.05,variance_gate,0.05,10300,0.1,19,0.0,1,1.0,1000.0,0.0002469135802469136,0.668641975308642,0.0
dataset,2,3,mean_variance_1,Mean - 1 x variance,mean_variance,1.0,10300,0.1,19,0.0,1,1.0,1000.0,0.0002469135802469136,0.6683950617283951,0.0
dataset,2,3,mean_variance_5,Mean - 5 x variance,mean_variance,5.0,10300,0.1,19,0.0,1,1.0,1000.0,0.0002469135802469136,0.6674074074074074,0.0
dataset,2,3,mean_variance_10,Mean - 10 x variance,mean_variance,10.0,10300,0.1,19,0.0,1,1.0,1000.0,0.0002469135802469136,0.6661728395061729,0.0
dataset,2,3,mean_variance_20,Mean - 20 x variance,mean_variance,20.0,10300,0.1,19,0.0,1,1.0,1000.0,0.0002469135802469136,0.6637037037037037,0.0
dataset,2,3,gaussian_lcb_1,Gaussian lower bound: mean - 1 x SD,gaussian_lcb,1.0,10300,0.1,19,0.0,1,1.0,1000.0,0.0002469135802469136,0.6529284912822743,0.0
dataset,2,3,gaussian_lcb_1.645,Gaussian lower bound: mean - 1.645 x SD,gaussian_lcb,1.645,10300,0.1,19,0.0,1,1.0,1000.0,0.0002469135802469136,0.6427932940852671,0.0
dataset,2,3,gaussian_lcb_1.96,Gaussian lower bound: mean - 1.96 x SD,gaussian_lcb,1.96,10300,0.1,19,0.0,1,1.0,1000.0,0.0002469135802469136,0.6378435466169613,0.0
dataset,2,3,gaussian_lcb_2.576,Gaussian lower bound: mean - 2.576 x SD,gaussian_lcb,2.576,10300,0.1,19,0.0,1,1.0,1000.0,0.0002469135802469136,0.6281640404567187,0.0
dataset,2,3,finite_gaussian_lcb_1,Finite-row Gaussian bound: mean - 1 x SD,finite_gaussian_lcb,1.0,10300,0.1,19,0.0,1,1.0,1000.0,0.0002469135802469136,0.672,0.0
dataset,2,3,finite_gaussian_lcb_1.645,Finite-row Gaussian bound: mean - 1.645 x SD,finite_gaussian_lcb,1.645,10300,0.1,19,0.0,1,1.0,1000.0,0.0002469135802469136,0.672,0.0
dataset,2,3,finite_gaussian_lcb_1.96,Finite-row Gaussian bound: mean - 1.96 x SD,finite_gaussian_lcb,1.96,10300,0.1,19,0.0,1,1.0,1000.0,0.0002469135802469136,0.672,0.0
dataset,2,3,finite_population_lcb,Anytime finite-population lower bound (delta=0.05),confidence,0.05,10300,0.1,19,0.0,1,1.0,1000.0,0.0002469135802469136,0.672,0.0
dataset,2,4,posterior_mean,Current posterior mean,baseline,,10300,0.1,19,0.0,1,1.0,1000.0,0.0002469135802469136,0.668641984462738,0.0
dataset,2,4,empirical_mean,Observed sample mean,baseline,,10300,0.1,19,0.0,1,1.0,1000.0,0.0002469135802469136,0.672,0.0
dataset,2,4,variance_gate_0.5,Variance gate: v/v0 <= 0.5,variance_gate,0.5,10300,0.1,19,0.0,1,1.0,1000.0,0.0002469135802469136,0.668641975308642,0.0
dataset,2,4,variance_gate_0.2,Variance gate: v/v0 <= 0.2,variance_gate,0.2,10300,0.1,19,0.0,1,1.0,1000.0,0.0002469135802469136,0.668641975308642,0.0
dataset,2,4,variance_gate_0.1,Variance gate: v/v0 <= 0.1,variance_gate,0.1,10300,0.1,19,0.0,1,1.0,1000.0,0.0002469135802469136,0.668641975308642,0.0
dataset,2,4,variance_gate_0.05,Variance gate: v/v0 <= 0.05,variance_gate,0.05,10300,0.1,19,0.0,1,1.0,1000.0,0.0002469135802469136,0.668641975308642,0.0
dataset,2,4,mean_variance_1,Mean - 1 x variance,mean_variance,1.0,10300,0.1,19,0.0,1,1.0,1000.0,0.0002469135802469136,0.6683950617283951,0.0
dataset,2,4,mean_variance_5,Mean - 5 x variance,mean_variance,5.0,10300,0.1,19,0.0,1,1.0,1000.0,0.0002469135802469136,0.6674074074074074,0.0
dataset,2,4,mean_variance_10,Mean - 10 x variance,mean_variance,10.0,10300,0.1,19,0.0,1,1.0,1000.0,0.0002469135802469136,0.6661728395061729,0.0
dataset,2,4,mean_variance_20,Mean - 20 x variance,mean_variance,20.0,10300,0.1,19,0.0,1,1.0,1000.0,0.0002469135802469136,0.6637037037037037,0.0
dataset,2,4,gaussian_lcb_1,Gaussian lower bound: mean - 1 x SD,gaussian_lcb,1.0,10300,0.1,19,0.0,1,1.0,1000.0,0.0002469135802469136,0.6529284912822743,0.0
dataset,2,4,gaussian_lcb_1.645,Gaussian lower bound: mean - 1.645 x SD,gaussian_lcb,1.645,10300,0.1,19,0.0,1,1.0,1000.0,0.0002469135802469136,0.6427932940852671,0.0
dataset,2,4,gaussian_lcb_1.96,Gaussian lower bound: mean - 1.96 x SD,gaussian_lcb,1.96,10300,0.1,19,0.0,1,1.0,1000.0,0.0002469135802469136,0.6378435466169613,0.0
dataset,2,4,gaussian_lcb_2.576,Gaussian lower bound: mean - 2.576 x SD,gaussian_lcb,2.576,10300,0.1,19,0.0,1,1.0,1000.0,0.0002469135802469136,0.6281640404567187,0.0
dataset,2,4,finite_gaussian_lcb_1,Finite-row Gaussian bound: mean - 1 x SD,finite_gaussian_lcb,1.0,10300,0.1,19,0.0,1,1.0,1000.0,0.0002469135802469136,0.672,0.0
dataset,2,4,finite_gaussian_lcb_1.645,Finite-row Gaussian bound: mean - 1.645 x SD,finite_gaussian_lcb,1.645,10300,0.1,19,0.0,1,1.0,1000.0,0.0002469135802469136,0.672,0.0
dataset,2,4,finite_gaussian_lcb_1.96,Finite-row Gaussian bound: mean - 1.96 x SD,finite_gaussian_lcb,1.96,10300,0.1,19,0.0,1,1.0,1000.0,0.0002469135802469136,0.672,0.0
dataset,2,4,finite_population_lcb,Anytime finite-population lower bound (delta=0.05),confidence,0.05,10300,0.1,19,0.0,1,1.0,1000.0,0.0002469135802469136,0.672,0.0
dataset,2,5,posterior_mean,Current posterior mean,baseline,,10300,0.1,19,0.0,1,1.0,1000.0,0.0002469135802469136,0.668641984462738,0.0
dataset,2,5,empirical_mean,Observed sample mean,baseline,,10300,0.1,19,0.0,1,1.0,1000.0,0.0002469135802469136,0.672,0.0
dataset,2,5,variance_gate_0.5,Variance gate: v/v0 <= 0.5,variance_gate,0.5,10300,0.1,19,0.0,1,1.0,1000.0,0.0002469135802469136,0.668641975308642,0.0
dataset,2,5,variance_gate_0.2,Variance gate: v/v0 <= 0.2,variance_gate,0.2,10300,0.1,19,0.0,1,1.0,1000.0,0.0002469135802469136,0.668641975308642,0.0
dataset,2,5,variance_gate_0.1,Variance gate: v/v0 <= 0.1,variance_gate,0.1,10300,0.1,19,0.0,1,1.0,1000.0,0.0002469135802469136,0.668641975308642,0.0
dataset,2,5,variance_gate_0.05,Variance gate: v/v0 <= 0.05,variance_gate,0.05,10300,0.1,19,0.0,1,1.0,1000.0,0.0002469135802469136,0.668641975308642,0.0
dataset,2,5,mean_variance_1,Mean - 1 x variance,mean_variance,1.0,10300,0.1,19,0.0,1,1.0,1000.0,0.0002469135802469136,0.6683950617283951,0.0
dataset,2,5,mean_variance_5,Mean - 5 x variance,mean_variance,5.0,10300,0.1,19,0.0,1,1.0,1000.0,0.0002469135802469136,0.6674074074074074,0.0
dataset,2,5,mean_variance_10,Mean - 10 x variance,mean_variance,10.0,10300,0.1,19,0.0,1,1.0,1000.0,0.0002469135802469136,0.6661728395061729,0.0
dataset,2,5,mean_variance_20,Mean - 20 x variance,mean_variance,20.0,10300,0.1,19,0.0,1,1.0,1000.0,0.0002469135802469136,0.6637037037037037,0.0
dataset,2,5,gaussian_lcb_1,Gaussian lower bound: mean - 1 x SD,gaussian_lcb,1.0,10300,0.1,19,0.0,1,1.0,1000.0,0.0002469135802469136,0.6529284912822743,0.0
dataset,2,5,gaussian_lcb_1.645,Gaussian lower bound: mean - 1.645 x SD,gaussian_lcb,1.645,10300,0.1,19,0.0,1,1.0,1000.0,0.0002469135802469136,0.6427932940852671,0.0
dataset,2,5,gaussian_lcb_1.96,Gaussian lower bound: mean - 1.96 x SD,gaussian_lcb,1.96,10300,0.1,19,0.0,1,1.0,1000.0,0.0002469135802469136,0.6378435466169613,0.0
dataset,2,5,gaussian_lcb_2.576,Gaussian lower bound: mean - 2.576 x SD,gaussian_lcb,2.576,10300,0.1,19,0.0,1,1.0,1000.0,0.0002469135802469136,0.6281640404567187,0.0
dataset,2,5,finite_gaussian_lcb_1,Finite-row Gaussian bound: mean - 1 x SD,finite_gaussian_lcb,1.0,10300,0.1,19,0.0,1,1.0,1000.0,0.0002469135802469136,0.672,0.0
dataset,2,5,finite_gaussian_lcb_1.645,Finite-row Gaussian bound: mean - 1.645 x SD,finite_gaussian_lcb,1.645,10300,0.1,19,0.0,1,1.0,1000.0,0.0002469135802469136,0.672,0.0
dataset,2,5,finite_gaussian_lcb_1.96,Finite-row Gaussian bound: mean - 1.96 x SD,finite_gaussian_lcb,1.96,10300,0.1,19,0.0,1,1.0,1000.0,0.0002469135802469136,0.672,0.0
dataset,2,5,finite_population_lcb,Anytime finite-population lower bound (delta=0.05),confidence,0.05,10300,0.1,19,0.0,1,1.0,1000.0,0.0002469135802469136,0.672,0.0
dataset,2,6,posterior_mean,Current posterior mean,baseline,,10300,0.1,19,0.0,1,1.0,1000.0,0.0002469135802469136,0.668641984462738,0.0
dataset,2,6,empirical_mean,Observed sample mean,baseline,,10300,0.1,19,0.0,1,1.0,1000.0,0.0002469135802469136,0.672,0.0
dataset,2,6,variance_gate_0.5,Variance gate: v/v0 <= 0.5,variance_gate,0.5,10300,0.1,19,0.0,1,1.0,1000.0,0.0002469135802469136,0.668641975308642,0.0
dataset,2,6,variance_gate_0.2,Variance gate: v/v0 <= 0.2,variance_gate,0.2,10300,0.1,19,0.0,1,1.0,1000.0,0.0002469135802469136,0.668641975308642,0.0
dataset,2,6,variance_gate_0.1,Variance gate: v/v0 <= 0.1,variance_gate,0.1,10300,0.1,19,0.0,1,1.0,1000.0,0.0002469135802469136,0.668641975308642,0.0
dataset,2,6,variance_gate_0.05,Variance gate: v/v0 <= 0.05,variance_gate,0.05,10300,0.1,19,0.0,1,1.0,1000.0,0.0002469135802469136,0.668641975308642,0.0
dataset,2,6,mean_variance_1,Mean - 1 x variance,mean_variance,1.0,10300,0.1,19,0.0,1,1.0,1000.0,0.0002469135802469136,0.6683950617283951,0.0
dataset,2,6,mean_variance_5,Mean - 5 x variance,mean_variance,5.0,10300,0.1,19,0.0,1,1.0,1000.0,0.0002469135802469136,0.6674074074074074,0.0
dataset,2,6,mean_variance_10,Mean - 10 x variance,mean_variance,10.0,10300,0.1,19,0.0,1,1.0,1000.0,0.0002469135802469136,0.6661728395061729,0.0
dataset,2,6,mean_variance_20,Mean - 20 x variance,mean_variance,20.0,10300,0.1,19,0.0,1,1.0,1000.0,0.0002469135802469136,0.6637037037037037,0.0
dataset,2,6,gaussian_lcb_1,Gaussian lower bound: mean - 1 x SD,gaussian_lcb,1.0,10300,0.1,19,0.0,1,1.0,1000.0,0.0002469135802469136,0.6529284912822743,0.0
dataset,2,6,gaussian_lcb_1.645,Gaussian lower bound: mean - 1.645 x SD,gaussian_lcb,1.645,10300,0.1,19,0.0,1,1.0,1000.0,0.0002469135802469136,0.6427932940852671,0.0
dataset,2,6,gaussian_lcb_1.96,Gaussian lower bound: mean - 1.96 x SD,gaussian_lcb,1.96,10300,0.1,19,0.0,1,1.0,1000.0,0.0002469135802469136,0.6378435466169613,0.0
dataset,2,6,gaussian_lcb_2.576,Gaussian lower bound: mean - 2.576 x SD,gaussian_lcb,2.576,10300,0.1,19,0.0,1,1.0,1000.0,0.0002469135802469136,0.6281640404567187,0.0
dataset,2,6,finite_gaussian_lcb_1,Finite-row Gaussian bound: mean - 1 x SD,finite_gaussian_lcb,1.0,10300,0.1,19,0.0,1,1.0,1000.0,0.0002469135802469136,0.672,0.0
dataset,2,6,finite_gaussian_lcb_1.645,Finite-row Gaussian bound: mean - 1.645 x SD,finite_gaussian_lcb,1.645,10300,0.1,19,0.0,1,1.0,1000.0,0.0002469135802469136,0.672,0.0
dataset,2,6,finite_gaussian_lcb_1.96,Finite-row Gaussian bound: mean - 1.96 x SD,finite_gaussian_lcb,1.96,10300,0.1,19,0.0,1,1.0,1000.0,0.0002469135802469136,0.672,0.0
dataset,2,6,finite_population_lcb,Anytime finite-population lower bound (delta=0.05),confidence,0.05,10300,0.1,19,0.0,1,1.0,1000.0,0.0002469135802469136,0.672,0.0
dataset,2,7,posterior_mean,Current posterior mean,baseline,,10300,0.1,20,0.0,1,1.0,1000.0,0.0002469135802469136,0.668641984462738,0.0
dataset,2,7,empirical_mean,Observed sample mean,baseline,,10300,0.1,20,0.0,1,1.0,1000.0,0.0002469135802469136,0.672,0.0
dataset,2,7,variance_gate_0.5,Variance gate: v/v0 <= 0.5,variance_gate,0.5,10300,0.1,20,0.0,1,1.0,1000.0,0.0002469135802469136,0.668641975308642,0.0
dataset,2,7,variance_gate_0.2,Variance gate: v/v0 <= 0.2,variance_gate,0.2,10300,0.1,20,0.0,1,1.0,1000.0,0.0002469135802469136,0.668641975308642,0.0
dataset,2,7,variance_gate_0.1,Variance gate: v/v0 <= 0.1,variance_gate,0.1,10300,0.1,20,0.0,1,1.0,1000.0,0.0002469135802469136,0.668641975308642,0.0
dataset,2,7,variance_gate_0.05,Variance gate: v/v0 <= 0.05,variance_gate,0.05,10300,0.1,20,0.0,1,1.0,1000.0,0.0002469135802469136,0.668641975308642,0.0
dataset,2,7,mean_variance_1,Mean - 1 x variance,mean_variance,1.0,10300,0.1,20,0.0,1,1.0,1000.0,0.0002469135802469136,0.6683950617283951,0.0
dataset,2,7,mean_variance_5,Mean - 5 x variance,mean_variance,5.0,10300,0.1,20,0.0,1,1.0,1000.0,0.0002469135802469136,0.6674074074074074,0.0
dataset,2,7,mean_variance_10,Mean - 10 x variance,mean_variance,10.0,10300,0.1,20,0.0,1,1.0,1000.0,0.0002469135802469136,0.6661728395061729,0.0
dataset,2,7,mean_variance_20,Mean - 20 x variance,mean_variance,20.0,10300,0.1,20,0.0,1,1.0,1000.0,0.0002469135802469136,0.6637037037037037,0.0
dataset,2,7,gaussian_lcb_1,Gaussian lower bound: mean - 1 x SD,gaussian_lcb,1.0,10300,0.1,20,0.0,1,1.0,1000.0,0.0002469135802469136,0.6529284912822743,0.0
dataset,2,7,gaussian_lcb_1.645,Gaussian lower bound: mean - 1.645 x SD,gaussian_lcb,1.645,10300,0.1,20,0.0,1,1.0,1000.0,0.0002469135802469136,0.6427932940852671,0.0
dataset,2,7,gaussian_lcb_1.96,Gaussian lower bound: mean - 1.96 x SD,gaussian_lcb,1.96,10300,0.1,20,0.0,1,1.0,1000.0,0.0002469135802469136,0.6378435466169613,0.0
dataset,2,7,gaussian_lcb_2.576,Gaussian lower bound: mean - 2.576 x SD,gaussian_lcb,2.576,10300,0.1,20,0.0,1,1.0,1000.0,0.0002469135802469136,0.6281640404567187,0.0
dataset,2,7,finite_gaussian_lcb_1,Finite-row Gaussian bound: mean - 1 x SD,finite_gaussian_lcb,1.0,10300,0.1,20,0.0,1,1.0,1000.0,0.0002469135802469136,0.672,0.0
dataset,2,7,finite_gaussian_lcb_1.645,Finite-row Gaussian bound: mean - 1.645 x SD,finite_gaussian_lcb,1.645,10300,0.1,20,0.0,1,1.0,1000.0,0.0002469135802469136,0.672,0.0
dataset,2,7,finite_gaussian_lcb_1.96,Finite-row Gaussian bound: mean - 1.96 x SD,finite_gaussian_lcb,1.96,10300,0.1,20,0.0,1,1.0,1000.0,0.0002469135802469136,0.672,0.0
dataset,2,7,finite_population_lcb,Anytime finite-population lower bound (delta=0.05),confidence,0.05,10300,0.1,20,0.0,1,1.0,1000.0,0.0002469135802469136,0.672,0.0
dataset,2,8,posterior_mean,Current posterior mean,baseline,,10300,0.1,19,0.0,1,1.0,1000.0,0.0002469135802469136,0.668641984462738,0.0
dataset,2,8,empirical_mean,Observed sample mean,baseline,,10300,0.1,19,0.0,1,1.0,1000.0,0.0002469135802469136,0.672,0.0
dataset,2,8,variance_gate_0.5,Variance gate: v/v0 <= 0.5,variance_gate,0.5,10300,0.1,19,0.0,1,1.0,1000.0,0.0002469135802469136,0.668641975308642,0.0
dataset,2,8,variance_gate_0.2,Variance gate: v/v0 <= 0.2,variance_gate,0.2,10300,0.1,19,0.0,1,1.0,1000.0,0.0002469135802469136,0.668641975308642,0.0
dataset,2,8,variance_gate_0.1,Variance gate: v/v0 <= 0.1,variance_gate,0.1,10300,0.1,19,0.0,1,1.0,1000.0,0.0002469135802469136,0.668641975308642,0.0
dataset,2,8,variance_gate_0.05,Variance gate: v/v0 <= 0.05,variance_gate,0.05,10300,0.1,19,0.0,1,1.0,1000.0,0.0002469135802469136,0.668641975308642,0.0
dataset,2,8,mean_variance_1,Mean - 1 x variance,mean_variance,1.0,10300,0.1,19,0.0,1,1.0,1000.0,0.0002469135802469136,0.6683950617283951,0.0
dataset,2,8,mean_variance_5,Mean - 5 x variance,mean_variance,5.0,10300,0.1,19,0.0,1,1.0,1000.0,0.0002469135802469136,0.6674074074074074,0.0
dataset,2,8,mean_variance_10,Mean - 10 x variance,mean_variance,10.0,10300,0.1,19,0.0,1,1.0,1000.0,0.0002469135802469136,0.6661728395061729,0.0
dataset,2,8,mean_variance_20,Mean - 20 x variance,mean_variance,20.0,10300,0.1,19,0.0,1,1.0,1000.0,0.0002469135802469136,0.6637037037037037,0.0
dataset,2,8,gaussian_lcb_1,Gaussian lower bound: mean - 1 x SD,gaussian_lcb,1.0,10300,0.1,19,0.0,1,1.0,1000.0,0.0002469135802469136,0.6529284912822743,0.0
dataset,2,8,gaussian_lcb_1.645,Gaussian lower bound: mean - 1.645 x SD,gaussian_lcb,1.645,10300,0.1,19,0.0,1,1.0,1000.0,0.0002469135802469136,0.6427932940852671,0.0
dataset,2,8,gaussian_lcb_1.96,Gaussian lower bound: mean - 1.96 x SD,gaussian_lcb,1.96,10300,0.1,19,0.0,1,1.0,1000.0,0.0002469135802469136,0.6378435466169613,0.0
dataset,2,8,gaussian_lcb_2.576,Gaussian lower bound: mean - 2.576 x SD,gaussian_lcb,2.576,10300,0.1,19,0.0,1,1.0,1000.0,0.0002469135802469136,0.6281640404567187,0.0
dataset,2,8,finite_gaussian_lcb_1,Finite-row Gaussian bound: mean - 1 x SD,finite_gaussian_lcb,1.0,10300,0.1,19,0.0,1,1.0,1000.0,0.0002469135802469136,0.672,0.0
dataset,2,8,finite_gaussian_lcb_1.645,Finite-row Gaussian bound: mean - 1.645 x SD,finite_gaussian_lcb,1.645,10300,0.1,19,0.0,1,1.0,1000.0,0.0002469135802469136,0.672,0.0
dataset,2,8,finite_gaussian_lcb_1.96,Finite-row Gaussian bound: mean - 1.96 x SD,finite_gaussian_lcb,1.96,10300,0.1,19,0.0,1,1.0,1000.0,0.0002469135802469136,0.672,0.0
dataset,2,8,finite_population_lcb,Anytime finite-population lower bound (delta=0.05),confidence,0.05,10300,0.1,19,0.0,1,1.0,1000.0,0.0002469135802469136,0.672,0.0
dataset,2,9,posterior_mean,Current posterior mean,baseline,,10300,0.1,19,0.0,1,1.0,1000.0,0.0002469135802469136,0.668641984462738,0.0
dataset,2,9,empirical_mean,Observed sample mean,baseline,,10300,0.1,19,0.0,1,1.0,1000.0,0.0002469135802469136,0.672,0.0
dataset,2,9,variance_gate_0.5,Variance gate: v/v0 <= 0.5,variance_gate,0.5,10300,0.1,19,0.0,1,1.0,1000.0,0.0002469135802469136,0.668641975308642,0.0
dataset,2,9,variance_gate_0.2,Variance gate: v/v0 <= 0.2,variance_gate,0.2,10300,0.1,19,0.0,1,1.0,1000.0,0.0002469135802469136,0.668641975308642,0.0
dataset,2,9,variance_gate_0.1,Variance gate: v/v0 <= 0.1,variance_gate,0.1,10300,0.1,19,0.0,1,1.0,1000.0,0.0002469135802469136,0.668641975308642,0.0
dataset,2,9,variance_gate_0.05,Variance gate: v/v0 <= 0.05,variance_gate,0.05,10300,0.1,19,0.0,1,1.0,1000.0,0.0002469135802469136,0.668641975308642,0.0
dataset,2,9,mean_variance_1,Mean - 1 x variance,mean_variance,1.0,10300,0.1,19,0.0,1,1.0,1000.0,0.0002469135802469136,0.6683950617283951,0.0
dataset,2,9,mean_variance_5,Mean - 5 x variance,mean_variance,5.0,10300,0.1,19,0.0,1,1.0,1000.0,0.0002469135802469136,0.6674074074074074,0.0
dataset,2,9,mean_variance_10,Mean - 10 x variance,mean_variance,10.0,10300,0.1,19,0.0,1,1.0,1000.0,0.0002469135802469136,0.6661728395061729,0.0
dataset,2,9,mean_variance_20,Mean - 20 x variance,mean_variance,20.0,10300,0.1,19,0.0,1,1.0,1000.0,0.0002469135802469136,0.6637037037037037,0.0
dataset,2,9,gaussian_lcb_1,Gaussian lower bound: mean - 1 x SD,gaussian_lcb,1.0,10300,0.1,19,0.0,1,1.0,1000.0,0.0002469135802469136,0.6529284912822743,0.0
dataset,2,9,gaussian_lcb_1.645,Gaussian lower bound: mean - 1.645 x SD,gaussian_lcb,1.645,10300,0.1,19,0.0,1,1.0,1000.0,0.0002469135802469136,0.6427932940852671,0.0
dataset,2,9,gaussian_lcb_1.96,Gaussian lower bound: mean - 1.96 x SD,gaussian_lcb,1.96,10300,0.1,19,0.0,1,1.0,1000.0,0.0002469135802469136,0.6378435466169613,0.0
dataset,2,9,gaussian_lcb_2.576,Gaussian lower bound: mean - 2.576 x SD,gaussian_lcb,2.576,10300,0.1,19,0.0,1,1.0,1000.0,0.0002469135802469136,0.6281640404567187,0.0
dataset,2,9,finite_gaussian_lcb_1,Finite-row Gaussian bound: mean - 1 x SD,finite_gaussian_lcb,1.0,10300,0.1,19,0.0,1,1.0,1000.0,0.0002469135802469136,0.672,0.0
dataset,2,9,finite_gaussian_lcb_1.645,Finite-row Gaussian bound: mean - 1.645 x SD,finite_gaussian_lcb,1.645,10300,0.1,19,0.0,1,1.0,1000.0,0.0002469135802469136,0.672,0.0
dataset,2,9,finite_gaussian_lcb_1.96,Finite-row Gaussian bound: mean - 1.96 x SD,finite_gaussian_lcb,1.96,10300,0.1,19,0.0,1,1.0,1000.0,0.0002469135802469136,0.672,0.0
dataset,2,9,finite_population_lcb,Anytime finite-population lower bound (delta=0.05),confidence,0.05,10300,0.1,19,0.0,1,1.0,1000.0,0.0002469135802469136,0.672,0.0
dataset,2,10,posterior_mean,Current posterior mean,baseline,,10300,0.1,19,0.0,1,1.0,1000.0,0.0002469135802469136,0.668641984462738,0.0
dataset,2,10,empirical_mean,Observed sample mean,baseline,,10300,0.1,19,0.0,1,1.0,1000.0,0.0002469135802469136,0.672,0.0
dataset,2,10,variance_gate_0.5,Variance gate: v/v0 <= 0.5,variance_gate,0.5,10300,0.1,19,0.0,1,1.0,1000.0,0.0002469135802469136,0.668641975308642,0.0
dataset,2,10,variance_gate_0.2,Variance gate: v/v0 <= 0.2,variance_gate,0.2,10300,0.1,19,0.0,1,1.0,1000.0,0.0002469135802469136,0.668641975308642,0.0
dataset,2,10,variance_gate_0.1,Variance gate: v/v0 <= 0.1,variance_gate,0.1,10300,0.1,19,0.0,1,1.0,1000.0,0.0002469135802469136,0.668641975308642,0.0
dataset,2,10,variance_gate_0.05,Variance gate: v/v0 <= 0.05,variance_gate,0.05,10300,0.1,19,0.0,1,1.0,1000.0,0.0002469135802469136,0.668641975308642,0.0
dataset,2,10,mean_variance_1,Mean - 1 x variance,mean_variance,1.0,10300,0.1,19,0.0,1,1.0,1000.0,0.0002469135802469136,0.6683950617283951,0.0
dataset,2,10,mean_variance_5,Mean - 5 x variance,mean_variance,5.0,10300,0.1,19,0.0,1,1.0,1000.0,0.0002469135802469136,0.6674074074074074,0.0
dataset,2,10,mean_variance_10,Mean - 10 x variance,mean_variance,10.0,10300,0.1,19,0.0,1,1.0,1000.0,0.0002469135802469136,0.6661728395061729,0.0
dataset,2,10,mean_variance_20,Mean - 20 x variance,mean_variance,20.0,10300,0.1,19,0.0,1,1.0,1000.0,0.0002469135802469136,0.6637037037037037,0.0
dataset,2,10,gaussian_lcb_1,Gaussian lower bound: mean - 1 x SD,gaussian_lcb,1.0,10300,0.1,19,0.0,1,1.0,1000.0,0.0002469135802469136,0.6529284912822743,0.0
dataset,2,10,gaussian_lcb_1.645,Gaussian lower bound: mean - 1.645 x SD,gaussian_lcb,1.645,10300,0.1,19,0.0,1,1.0,1000.0,0.0002469135802469136,0.6427932940852671,0.0
dataset,2,10,gaussian_lcb_1.96,Gaussian lower bound: mean - 1.96 x SD,gaussian_lcb,1.96,10300,0.1,19,0.0,1,1.0,1000.0,0.0002469135802469136,0.6378435466169613,0.0
dataset,2,10,gaussian_lcb_2.576,Gaussian lower bound: mean - 2.576 x SD,gaussian_lcb,2.576,10300,0.1,19,0.0,1,1.0,1000.0,0.0002469135802469136,0.6281640404567187,0.0
dataset,2,10,finite_gaussian_lcb_1,Finite-row Gaussian bound: mean - 1 x SD,finite_gaussian_lcb,1.0,10300,0.1,19,0.0,1,1.0,1000.0,0.0002469135802469136,0.672,0.0
dataset,2,10,finite_gaussian_lcb_1.645,Finite-row Gaussian bound: mean - 1.645 x SD,finite_gaussian_lcb,1.645,10300,0.1,19,0.0,1,1.0,1000.0,0.0002469135802469136,0.672,0.0
dataset,2,10,finite_gaussian_lcb_1.96,Finite-row Gaussian bound: mean - 1.96 x SD,finite_gaussian_lcb,1.96,10300,0.1,19,0.0,1,1.0,1000.0,0.0002469135802469136,0.672,0.0
dataset,2,10,finite_population_lcb,Anytime finite-population lower bound (delta=0.05),confidence,0.05,10300,0.1,19,0.0,1,1.0,1000.0,0.0002469135802469136,0.672,0.0
dataset,2,11,posterior_mean,Current posterior mean,baseline,,10300,0.1,19,0.0,1,1.0,1000.0,0.0002469135802469136,0.668641984462738,0.0
dataset,2,11,empirical_mean,Observed sample mean,baseline,,10300,0.1,19,0.0,1,1.0,1000.0,0.0002469135802469136,0.672,0.0
dataset,2,11,variance_gate_0.5,Variance gate: v/v0 <= 0.5,variance_gate,0.5,10300,0.1,19,0.0,1,1.0,1000.0,0.0002469135802469136,0.668641975308642,0.0
dataset,2,11,variance_gate_0.2,Variance gate: v/v0 <= 0.2,variance_gate,0.2,10300,0.1,19,0.0,1,1.0,1000.0,0.0002469135802469136,0.668641975308642,0.0
dataset,2,11,variance_gate_0.1,Variance gate: v/v0 <= 0.1,variance_gate,0.1,10300,0.1,19,0.0,1,1.0,1000.0,0.0002469135802469136,0.668641975308642,0.0
dataset,2,11,variance_gate_0.05,Variance gate: v/v0 <= 0.05,variance_gate,0.05,10300,0.1,19,0.0,1,1.0,1000.0,0.0002469135802469136,0.668641975308642,0.0
dataset,2,11,mean_variance_1,Mean - 1 x variance,mean_variance,1.0,10300,0.1,19,0.0,1,1.0,1000.0,0.0002469135802469136,0.6683950617283951,0.0
dataset,2,11,mean_variance_5,Mean - 5 x variance,mean_variance,5.0,10300,0.1,19,0.0,1,1.0,1000.0,0.0002469135802469136,0.6674074074074074,0.0
dataset,2,11,mean_variance_10,Mean - 10 x variance,mean_variance,10.0,10300,0.1,19,0.0,1,1.0,1000.0,0.0002469135802469136,0.6661728395061729,0.0
dataset,2,11,mean_variance_20,Mean - 20 x variance,mean_variance,20.0,10300,0.1,19,0.0,1,1.0,1000.0,0.0002469135802469136,0.6637037037037037,0.0
dataset,2,11,gaussian_lcb_1,Gaussian lower bound: mean - 1 x SD,gaussian_lcb,1.0,10300,0.1,19,0.0,1,1.0,1000.0,0.0002469135802469136,0.6529284912822743,0.0
dataset,2,11,gaussian_lcb_1.645,Gaussian lower bound: mean - 1.645 x SD,gaussian_lcb,1.645,10300,0.1,19,0.0,1,1.0,1000.0,0.0002469135802469136,0.6427932940852671,0.0
dataset,2,11,gaussian_lcb_1.96,Gaussian lower bound: mean - 1.96 x SD,gaussian_lcb,1.96,10300,0.1,19,0.0,1,1.0,1000.0,0.0002469135802469136,0.6378435466169613,0.0
dataset,2,11,gaussian_lcb_2.576,Gaussian lower bound: mean - 2.576 x SD,gaussian_lcb,2.576,10300,0.1,19,0.0,1,1.0,1000.0,0.0002469135802469136,0.6281640404567187,0.0
dataset,2,11,finite_gaussian_lcb_1,Finite-row Gaussian bound: mean - 1 x SD,finite_gaussian_lcb,1.0,10300,0.1,19,0.0,1,1.0,1000.0,0.0002469135802469136,0.672,0.0
dataset,2,11,finite_gaussian_lcb_1.645,Finite-row Gaussian bound: mean - 1.645 x SD,finite_gaussian_lcb,1.645,10300,0.1,19,0.0,1,1.0,1000.0,0.0002469135802469136,0.672,0.0
dataset,2,11,finite_gaussian_lcb_1.96,Finite-row Gaussian bound: mean - 1.96 x SD,finite_gaussian_lcb,1.96,10300,0.1,19,0.0,1,1.0,1000.0,0.0002469135802469136,0.672,0.0
dataset,2,11,finite_population_lcb,Anytime finite-population lower bound (delta=0.05),confidence,0.05,10300,0.1,19,0.0,1,1.0,1000.0,0.0002469135802469136,0.672,0.0
dataset,2,12,posterior_mean,Current posterior mean,baseline,,10300,0.1,19,0.0,1,1.0,1000.0,0.0002469135802469136,0.668641984462738,0.0
dataset,2,12,empirical_mean,Observed sample mean,baseline,,10300,0.1,19,0.0,1,1.0,1000.0,0.0002469135802469136,0.672,0.0
dataset,2,12,variance_gate_0.5,Variance gate: v/v0 <= 0.5,variance_gate,0.5,10300,0.1,19,0.0,1,1.0,1000.0,0.0002469135802469136,0.668641975308642,0.0
dataset,2,12,variance_gate_0.2,Variance gate: v/v0 <= 0.2,variance_gate,0.2,10300,0.1,19,0.0,1,1.0,1000.0,0.0002469135802469136,0.668641975308642,0.0
dataset,2,12,variance_gate_0.1,Variance gate: v/v0 <= 0.1,variance_gate,0.1,10300,0.1,19,0.0,1,1.0,1000.0,0.0002469135802469136,0.668641975308642,0.0
dataset,2,12,variance_gate_0.05,Variance gate: v/v0 <= 0.05,variance_gate,0.05,10300,0.1,19,0.0,1,1.0,1000.0,0.0002469135802469136,0.668641975308642,0.0
dataset,2,12,mean_variance_1,Mean - 1 x variance,mean_variance,1.0,10300,0.1,19,0.0,1,1.0,1000.0,0.0002469135802469136,0.6683950617283951,0.0
dataset,2,12,mean_variance_5,Mean - 5 x variance,mean_variance,5.0,10300,0.1,19,0.0,1,1.0,1000.0,0.0002469135802469136,0.6674074074074074,0.0
dataset,2,12,mean_variance_10,Mean - 10 x variance,mean_variance,10.0,10300,0.1,19,0.0,1,1.0,1000.0,0.0002469135802469136,0.6661728395061729,0.0
dataset,2,12,mean_variance_20,Mean - 20 x variance,mean_variance,20.0,10300,0.1,19,0.0,1,1.0,1000.0,0.0002469135802469136,0.6637037037037037,0.0
dataset,2,12,gaussian_lcb_1,Gaussian lower bound: mean - 1 x SD,gaussian_lcb,1.0,10300,0.1,19,0.0,1,1.0,1000.0,0.0002469135802469136,0.6529284912822743,0.0
dataset,2,12,gaussian_lcb_1.645,Gaussian lower bound: mean - 1.645 x SD,gaussian_lcb,1.645,10300,0.1,19,0.0,1,1.0,1000.0,0.0002469135802469136,0.6427932940852671,0.0
dataset,2,12,gaussian_lcb_1.96,Gaussian lower bound: mean - 1.96 x SD,gaussian_lcb,1.96,10300,0.1,19,0.0,1,1.0,1000.0,0.0002469135802469136,0.6378435466169613,0.0
dataset,2,12,gaussian_lcb_2.576,Gaussian lower bound: mean - 2.576 x SD,gaussian_lcb,2.576,10300,0.1,19,0.0,1,1.0,1000.0,0.0002469135802469136,0.6281640404567187,0.0
dataset,2,12,finite_gaussian_lcb_1,Finite-row Gaussian bound: mean - 1 x SD,finite_gaussian_lcb,1.0,10300,0.1,19,0.0,1,1.0,1000.0,0.0002469135802469136,0.672,0.0
dataset,2,12,finite_gaussian_lcb_1.645,Finite-row Gaussian bound: mean - 1.645 x SD,finite_gaussian_lcb,1.645,10300,0.1,19,0.0,1,1.0,1000.0,0.0002469135802469136,0.672,0.0
dataset,2,12,finite_gaussian_lcb_1.96,Finite-row Gaussian bound: mean - 1.96 x SD,finite_gaussian_lcb,1.96,10300,0.1,19,0.0,1,1.0,1000.0,0.0002469135802469136,0.672,0.0
dataset,2,12,finite_population_lcb,Anytime finite-population lower bound (delta=0.05),confidence,0.05,10300,0.1,19,0.0,1,1.0,1000.0,0.0002469135802469136,0.672,0.0
dataset,2,13,posterior_mean,Current posterior mean,baseline,,10300,0.1,20,0.0,1,1.0,1000.0,0.0002469135802469136,0.668641984462738,0.0
dataset,2,13,empirical_mean,Observed sample mean,baseline,,10300,0.1,20,0.0,1,1.0,1000.0,0.0002469135802469136,0.672,0.0
dataset,2,13,variance_gate_0.5,Variance gate: v/v0 <= 0.5,variance_gate,0.5,10300,0.1,20,0.0,1,1.0,1000.0,0.0002469135802469136,0.668641975308642,0.0
dataset,2,13,variance_gate_0.2,Variance gate: v/v0 <= 0.2,variance_gate,0.2,10300,0.1,20,0.0,1,1.0,1000.0,0.0002469135802469136,0.668641975308642,0.0
dataset,2,13,variance_gate_0.1,Variance gate: v/v0 <= 0.1,variance_gate,0.1,10300,0.1,20,0.0,1,1.0,1000.0,0.0002469135802469136,0.668641975308642,0.0
dataset,2,13,variance_gate_0.05,Variance gate: v/v0 <= 0.05,variance_gate,0.05,10300,0.1,20,0.0,1,1.0,1000.0,0.0002469135802469136,0.668641975308642,0.0
dataset,2,13,mean_variance_1,Mean - 1 x variance,mean_variance,1.0,10300,0.1,20,0.0,1,1.0,1000.0,0.0002469135802469136,0.6683950617283951,0.0
dataset,2,13,mean_variance_5,Mean - 5 x variance,mean_variance,5.0,10300,0.1,20,0.0,1,1.0,1000.0,0.0002469135802469136,0.6674074074074074,0.0
dataset,2,13,mean_variance_10,Mean - 10 x variance,mean_variance,10.0,10300,0.1,20,0.0,1,1.0,1000.0,0.0002469135802469136,0.6661728395061729,0.0
dataset,2,13,mean_variance_20,Mean - 20 x variance,mean_variance,20.0,10300,0.1,20,0.0,1,1.0,1000.0,0.0002469135802469136,0.6637037037037037,0.0
dataset,2,13,gaussian_lcb_1,Gaussian lower bound: mean - 1 x SD,gaussian_lcb,1.0,10300,0.1,20,0.0,1,1.0,1000.0,0.0002469135802469136,0.6529284912822743,0.0
dataset,2,13,gaussian_lcb_1.645,Gaussian lower bound: mean - 1.645 x SD,gaussian_lcb,1.645,10300,0.1,20,0.0,1,1.0,1000.0,0.0002469135802469136,0.6427932940852671,0.0
dataset,2,13,gaussian_lcb_1.96,Gaussian lower bound: mean - 1.96 x SD,gaussian_lcb,1.96,10300,0.1,20,0.0,1,1.0,1000.0,0.0002469135802469136,0.6378435466169613,0.0
dataset,2,13,gaussian_lcb_2.576,Gaussian lower bound: mean - 2.576 x SD,gaussian_lcb,2.576,10300,0.1,20,0.0,1,1.0,1000.0,0.0002469135802469136,0.6281640404567187,0.0
dataset,2,13,finite_gaussian_lcb_1,Finite-row Gaussian bound: mean - 1 x SD,finite_gaussian_lcb,1.0,10300,0.1,20,0.0,1,1.0,1000.0,0.0002469135802469136,0.672,0.0
dataset,2,13,finite_gaussian_lcb_1.645,Finite-row Gaussian bound: mean - 1.645 x SD,finite_gaussian_lcb,1.645,10300,0.1,20,0.0,1,1.0,1000.0,0.0002469135802469136,0.672,0.0
dataset,2,13,finite_gaussian_lcb_1.96,Finite-row Gaussian bound: mean - 1.96 x SD,finite_gaussian_lcb,1.96,10300,0.1,20,0.0,1,1.0,1000.0,0.0002469135802469136,0.672,0.0
dataset,2,13,finite_population_lcb,Anytime finite-population lower bound (delta=0.05),confidence,0.05,10300,0.1,20,0.0,1,1.0,1000.0,0.0002469135802469136,0.672,0.0
dataset,2,14,posterior_mean,Current posterior mean,baseline,,10300,0.1,19,0.0,1,1.0,1000.0,0.0002469135802469136,0.668641984462738,0.0
dataset,2,14,empirical_mean,Observed sample mean,baseline,,10300,0.1,19,0.0,1,1.0,1000.0,0.0002469135802469136,0.672,0.0
dataset,2,14,variance_gate_0.5,Variance gate: v/v0 <= 0.5,variance_gate,0.5,10300,0.1,19,0.0,1,1.0,1000.0,0.0002469135802469136,0.668641975308642,0.0
dataset,2,14,variance_gate_0.2,Variance gate: v/v0 <= 0.2,variance_gate,0.2,10300,0.1,19,0.0,1,1.0,1000.0,0.0002469135802469136,0.668641975308642,0.0
dataset,2,14,variance_gate_0.1,Variance gate: v/v0 <= 0.1,variance_gate,0.1,10300,0.1,19,0.0,1,1.0,1000.0,0.0002469135802469136,0.668641975308642,0.0
dataset,2,14,variance_gate_0.05,Variance gate: v/v0 <= 0.05,variance_gate,0.05,10300,0.1,19,0.0,1,1.0,1000.0,0.0002469135802469136,0.668641975308642,0.0
dataset,2,14,mean_variance_1,Mean - 1 x variance,mean_variance,1.0,10300,0.1,19,0.0,1,1.0,1000.0,0.0002469135802469136,0.6683950617283951,0.0
dataset,2,14,mean_variance_5,Mean - 5 x variance,mean_variance,5.0,10300,0.1,19,0.0,1,1.0,1000.0,0.0002469135802469136,0.6674074074074074,0.0
dataset,2,14,mean_variance_10,Mean - 10 x variance,mean_variance,10.0,10300,0.1,19,0.0,1,1.0,1000.0,0.0002469135802469136,0.6661728395061729,0.0
dataset,2,14,mean_variance_20,Mean - 20 x variance,mean_variance,20.0,10300,0.1,19,0.0,1,1.0,1000.0,0.0002469135802469136,0.6637037037037037,0.0
dataset,2,14,gaussian_lcb_1,Gaussian lower bound: mean - 1 x SD,gaussian_lcb,1.0,10300,0.1,19,0.0,1,1.0,1000.0,0.0002469135802469136,0.6529284912822743,0.0
dataset,2,14,gaussian_lcb_1.645,Gaussian lower bound: mean - 1.645 x SD,gaussian_lcb,1.645,10300,0.1,19,0.0,1,1.0,1000.0,0.0002469135802469136,0.6427932940852671,0.0
dataset,2,14,gaussian_lcb_1.96,Gaussian lower bound: mean - 1.96 x SD,gaussian_lcb,1.96,10300,0.1,19,0.0,1,1.0,1000.0,0.0002469135802469136,0.6378435466169613,0.0
dataset,2,14,gaussian_lcb_2.576,Gaussian lower bound: mean - 2.576 x SD,gaussian_lcb,2.576,10300,0.1,19,0.0,1,1.0,1000.0,0.0002469135802469136,0.6281640404567187,0.0
dataset,2,14,finite_gaussian_lcb_1,Finite-row Gaussian bound: mean - 1 x SD,finite_gaussian_lcb,1.0,10300,0.1,19,0.0,1,1.0,1000.0,0.0002469135802469136,0.672,0.0
dataset,2,14,finite_gaussian_lcb_1.645,Finite-row Gaussian bound: mean - 1.645 x SD,finite_gaussian_lcb,1.645,10300,0.1,19,0.0,1,1.0,1000.0,0.0002469135802469136,0.672,0.0
dataset,2,14,finite_gaussian_lcb_1.96,Finite-row Gaussian bound: mean - 1.96 x SD,finite_gaussian_lcb,1.96,10300,0.1,19,0.0,1,1.0,1000.0,0.0002469135802469136,0.672,0.0
dataset,2,14,finite_population_lcb,Anytime finite-population lower bound (delta=0.05),confidence,0.05,10300,0.1,19,0.0,1,1.0,1000.0,0.0002469135802469136,0.672,0.0
dataset,2,15,posterior_mean,Current posterior mean,baseline,,10300,0.1,19,0.0,1,1.0,1000.0,0.0002469135802469136,0.668641984462738,0.0
dataset,2,15,empirical_mean,Observed sample mean,baseline,,10300,0.1,19,0.0,1,1.0,1000.0,0.0002469135802469136,0.672,0.0
dataset,2,15,variance_gate_0.5,Variance gate: v/v0 <= 0.5,variance_gate,0.5,10300,0.1,19,0.0,1,1.0,1000.0,0.0002469135802469136,0.668641975308642,0.0
dataset,2,15,variance_gate_0.2,Variance gate: v/v0 <= 0.2,variance_gate,0.2,10300,0.1,19,0.0,1,1.0,1000.0,0.0002469135802469136,0.668641975308642,0.0
dataset,2,15,variance_gate_0.1,Variance gate: v/v0 <= 0.1,variance_gate,0.1,10300,0.1,19,0.0,1,1.0,1000.0,0.0002469135802469136,0.668641975308642,0.0
dataset,2,15,variance_gate_0.05,Variance gate: v/v0 <= 0.05,variance_gate,0.05,10300,0.1,19,0.0,1,1.0,1000.0,0.0002469135802469136,0.668641975308642,0.0
dataset,2,15,mean_variance_1,Mean - 1 x variance,mean_variance,1.0,10300,0.1,19,0.0,1,1.0,1000.0,0.0002469135802469136,0.6683950617283951,0.0
dataset,2,15,mean_variance_5,Mean - 5 x variance,mean_variance,5.0,10300,0.1,19,0.0,1,1.0,1000.0,0.0002469135802469136,0.6674074074074074,0.0
dataset,2,15,mean_variance_10,Mean - 10 x variance,mean_variance,10.0,10300,0.1,19,0.0,1,1.0,1000.0,0.0002469135802469136,0.6661728395061729,0.0
dataset,2,15,mean_variance_20,Mean - 20 x variance,mean_variance,20.0,10300,0.1,19,0.0,1,1.0,1000.0,0.0002469135802469136,0.6637037037037037,0.0
dataset,2,15,gaussian_lcb_1,Gaussian lower bound: mean - 1 x SD,gaussian_lcb,1.0,10300,0.1,19,0.0,1,1.0,1000.0,0.0002469135802469136,0.6529284912822743,0.0
dataset,2,15,gaussian_lcb_1.645,Gaussian lower bound: mean - 1.645 x SD,gaussian_lcb,1.645,10300,0.1,19,0.0,1,1.0,1000.0,0.0002469135802469136,0.6427932940852671,0.0
dataset,2,15,gaussian_lcb_1.96,Gaussian lower bound: mean - 1.96 x SD,gaussian_lcb,1.96,10300,0.1,19,0.0,1,1.0,1000.0,0.0002469135802469136,0.6378435466169613,0.0
dataset,2,15,gaussian_lcb_2.576,Gaussian lower bound: mean - 2.576 x SD,gaussian_lcb,2.576,10300,0.1,19,0.0,1,1.0,1000.0,0.0002469135802469136,0.6281640404567187,0.0
dataset,2,15,finite_gaussian_lcb_1,Finite-row Gaussian bound: mean - 1 x SD,finite_gaussian_lcb,1.0,10300,0.1,19,0.0,1,1.0,1000.0,0.0002469135802469136,0.672,0.0
dataset,2,15,finite_gaussian_lcb_1.645,Finite-row Gaussian bound: mean - 1.645 x SD,finite_gaussian_lcb,1.645,10300,0.1,19,0.0,1,1.0,1000.0,0.0002469135802469136,0.672,0.0
dataset,2,15,finite_gaussian_lcb_1.96,Finite-row Gaussian bound: mean - 1.96 x SD,finite_gaussian_lcb,1.96,10300,0.1,19,0.0,1,1.0,1000.0,0.0002469135802469136,0.672,0.0
dataset,2,15,finite_population_lcb,Anytime finite-population lower bound (delta=0.05),confidence,0.05,10300,0.1,19,0.0,1,1.0,1000.0,0.0002469135802469136,0.672,0.0
dataset,2,16,posterior_mean,Current posterior mean,baseline,,10300,0.1,19,0.0,1,1.0,1000.0,0.0002469135802469136,0.668641984462738,0.0
dataset,2,16,empirical_mean,Observed sample mean,baseline,,10300,0.1,19,0.0,1,1.0,1000.0,0.0002469135802469136,0.672,0.0
dataset,2,16,variance_gate_0.5,Variance gate: v/v0 <= 0.5,variance_gate,0.5,10300,0.1,19,0.0,1,1.0,1000.0,0.0002469135802469136,0.668641975308642,0.0
dataset,2,16,variance_gate_0.2,Variance gate: v/v0 <= 0.2,variance_gate,0.2,10300,0.1,19,0.0,1,1.0,1000.0,0.0002469135802469136,0.668641975308642,0.0
dataset,2,16,variance_gate_0.1,Variance gate: v/v0 <= 0.1,variance_gate,0.1,10300,0.1,19,0.0,1,1.0,1000.0,0.0002469135802469136,0.668641975308642,0.0
dataset,2,16,variance_gate_0.05,Variance gate: v/v0 <= 0.05,variance_gate,0.05,10300,0.1,19,0.0,1,1.0,1000.0,0.0002469135802469136,0.668641975308642,0.0
dataset,2,16,mean_variance_1,Mean - 1 x variance,mean_variance,1.0,10300,0.1,19,0.0,1,1.0,1000.0,0.0002469135802469136,0.6683950617283951,0.0
dataset,2,16,mean_variance_5,Mean - 5 x variance,mean_variance,5.0,10300,0.1,19,0.0,1,1.0,1000.0,0.0002469135802469136,0.6674074074074074,0.0
dataset,2,16,mean_variance_10,Mean - 10 x variance,mean_variance,10.0,10300,0.1,19,0.0,1,1.0,1000.0,0.0002469135802469136,0.6661728395061729,0.0
dataset,2,16,mean_variance_20,Mean - 20 x variance,mean_variance,20.0,10300,0.1,19,0.0,1,1.0,1000.0,0.0002469135802469136,0.6637037037037037,0.0
dataset,2,16,gaussian_lcb_1,Gaussian lower bound: mean - 1 x SD,gaussian_lcb,1.0,10300,0.1,19,0.0,1,1.0,1000.0,0.0002469135802469136,0.6529284912822743,0.0
dataset,2,16,gaussian_lcb_1.645,Gaussian lower bound: mean - 1.645 x SD,gaussian_lcb,1.645,10300,0.1,19,0.0,1,1.0,1000.0,0.0002469135802469136,0.6427932940852671,0.0
dataset,2,16,gaussian_lcb_1.96,Gaussian lower bound: mean - 1.96 x SD,gaussian_lcb,1.96,10300,0.1,19,0.0,1,1.0,1000.0,0.0002469135802469136,0.6378435466169613,0.0
dataset,2,16,gaussian_lcb_2.576,Gaussian lower bound: mean - 2.576 x SD,gaussian_lcb,2.576,10300,0.1,19,0.0,1,1.0,1000.0,0.0002469135802469136,0.6281640404567187,0.0
dataset,2,16,finite_gaussian_lcb_1,Finite-row Gaussian bound: mean - 1 x SD,finite_gaussian_lcb,1.0,10300,0.1,19,0.0,1,1.0,1000.0,0.0002469135802469136,0.672,0.0
dataset,2,16,finite_gaussian_lcb_1.645,Finite-row Gaussian bound: mean - 1.645 x SD,finite_gaussian_lcb,1.645,10300,0.1,19,0.0,1,1.0,1000.0,0.0002469135802469136,0.672,0.0
dataset,2,16,finite_gaussian_lcb_1.96,Finite-row Gaussian bound: mean - 1.96 x SD,finite_gaussian_lcb,1.96,10300,0.1,19,0.0,1,1.0,1000.0,0.0002469135802469136,0.672,0.0
dataset,2,16,finite_population_lcb,Anytime finite-population lower bound (delta=0.05),confidence,0.05,10300,0.1,19,0.0,1,1.0,1000.0,0.0002469135802469136,0.672,0.0
dataset,2,17,posterior_mean,Current posterior mean,baseline,,10300,0.1,19,0.0,1,1.0,1000.0,0.0002469135802469136,0.668641984462738,0.0
dataset,2,17,empirical_mean,Observed sample mean,baseline,,10300,0.1,19,0.0,1,1.0,1000.0,0.0002469135802469136,0.672,0.0
dataset,2,17,variance_gate_0.5,Variance gate: v/v0 <= 0.5,variance_gate,0.5,10300,0.1,19,0.0,1,1.0,1000.0,0.0002469135802469136,0.668641975308642,0.0
dataset,2,17,variance_gate_0.2,Variance gate: v/v0 <= 0.2,variance_gate,0.2,10300,0.1,19,0.0,1,1.0,1000.0,0.0002469135802469136,0.668641975308642,0.0
dataset,2,17,variance_gate_0.1,Variance gate: v/v0 <= 0.1,variance_gate,0.1,10300,0.1,19,0.0,1,1.0,1000.0,0.0002469135802469136,0.668641975308642,0.0
dataset,2,17,variance_gate_0.05,Variance gate: v/v0 <= 0.05,variance_gate,0.05,10300,0.1,19,0.0,1,1.0,1000.0,0.0002469135802469136,0.668641975308642,0.0
dataset,2,17,mean_variance_1,Mean - 1 x variance,mean_variance,1.0,10300,0.1,19,0.0,1,1.0,1000.0,0.0002469135802469136,0.6683950617283951,0.0
dataset,2,17,mean_variance_5,Mean - 5 x variance,mean_variance,5.0,10300,0.1,19,0.0,1,1.0,1000.0,0.0002469135802469136,0.6674074074074074,0.0
dataset,2,17,mean_variance_10,Mean - 10 x variance,mean_variance,10.0,10300,0.1,19,0.0,1,1.0,1000.0,0.0002469135802469136,0.6661728395061729,0.0
dataset,2,17,mean_variance_20,Mean - 20 x variance,mean_variance,20.0,10300,0.1,19,0.0,1,1.0,1000.0,0.0002469135802469136,0.6637037037037037,0.0
dataset,2,17,gaussian_lcb_1,Gaussian lower bound: mean - 1 x SD,gaussian_lcb,1.0,10300,0.1,19,0.0,1,1.0,1000.0,0.0002469135802469136,0.6529284912822743,0.0
dataset,2,17,gaussian_lcb_1.645,Gaussian lower bound: mean - 1.645 x SD,gaussian_lcb,1.645,10300,0.1,19,0.0,1,1.0,1000.0,0.0002469135802469136,0.6427932940852671,0.0
dataset,2,17,gaussian_lcb_1.96,Gaussian lower bound: mean - 1.96 x SD,gaussian_lcb,1.96,10300,0.1,19,0.0,1,1.0,1000.0,0.0002469135802469136,0.6378435466169613,0.0
dataset,2,17,gaussian_lcb_2.576,Gaussian lower bound: mean - 2.576 x SD,gaussian_lcb,2.576,10300,0.1,19,0.0,1,1.0,1000.0,0.0002469135802469136,0.6281640404567187,0.0
dataset,2,17,finite_gaussian_lcb_1,Finite-row Gaussian bound: mean - 1 x SD,finite_gaussian_lcb,1.0,10300,0.1,19,0.0,1,1.0,1000.0,0.0002469135802469136,0.672,0.0
dataset,2,17,finite_gaussian_lcb_1.645,Finite-row Gaussian bound: mean - 1.645 x SD,finite_gaussian_lcb,1.645,10300,0.1,19,0.0,1,1.0,1000.0,0.0002469135802469136,0.672,0.0
dataset,2,17,finite_gaussian_lcb_1.96,Finite-row Gaussian bound: mean - 1.96 x SD,finite_gaussian_lcb,1.96,10300,0.1,19,0.0,1,1.0,1000.0,0.0002469135802469136,0.672,0.0
dataset,2,17,finite_population_lcb,Anytime finite-population lower bound (delta=0.05),confidence,0.05,10300,0.1,19,0.0,1,1.0,1000.0,0.0002469135802469136,0.672,0.0
dataset,2,18,posterior_mean,Current posterior mean,baseline,,10300,0.1,20,0.0,1,1.0,1000.0,0.0002469135802469136,0.668641984462738,0.0
dataset,2,18,empirical_mean,Observed sample mean,baseline,,10300,0.1,20,0.0,1,1.0,1000.0,0.0002469135802469136,0.672,0.0
dataset,2,18,variance_gate_0.5,Variance gate: v/v0 <= 0.5,variance_gate,0.5,10300,0.1,20,0.0,1,1.0,1000.0,0.0002469135802469136,0.668641975308642,0.0
dataset,2,18,variance_gate_0.2,Variance gate: v/v0 <= 0.2,variance_gate,0.2,10300,0.1,20,0.0,1,1.0,1000.0,0.0002469135802469136,0.668641975308642,0.0
dataset,2,18,variance_gate_0.1,Variance gate: v/v0 <= 0.1,variance_gate,0.1,10300,0.1,20,0.0,1,1.0,1000.0,0.0002469135802469136,0.668641975308642,0.0
dataset,2,18,variance_gate_0.05,Variance gate: v/v0 <= 0.05,variance_gate,0.05,10300,0.1,20,0.0,1,1.0,1000.0,0.0002469135802469136,0.668641975308642,0.0
dataset,2,18,mean_variance_1,Mean - 1 x variance,mean_variance,1.0,10300,0.1,20,0.0,1,1.0,1000.0,0.0002469135802469136,0.6683950617283951,0.0
dataset,2,18,mean_variance_5,Mean - 5 x variance,mean_variance,5.0,10300,0.1,20,0.0,1,1.0,1000.0,0.0002469135802469136,0.6674074074074074,0.0
dataset,2,18,mean_variance_10,Mean - 10 x variance,mean_variance,10.0,10300,0.1,20,0.0,1,1.0,1000.0,0.0002469135802469136,0.6661728395061729,0.0
dataset,2,18,mean_variance_20,Mean - 20 x variance,mean_variance,20.0,10300,0.1,20,0.0,1,1.0,1000.0,0.0002469135802469136,0.6637037037037037,0.0
dataset,2,18,gaussian_lcb_1,Gaussian lower bound: mean - 1 x SD,gaussian_lcb,1.0,10300,0.1,20,0.0,1,1.0,1000.0,0.0002469135802469136,0.6529284912822743,0.0
dataset,2,18,gaussian_lcb_1.645,Gaussian lower bound: mean - 1.645 x SD,gaussian_lcb,1.645,10300,0.1,20,0.0,1,1.0,1000.0,0.0002469135802469136,0.6427932940852671,0.0
dataset,2,18,gaussian_lcb_1.96,Gaussian lower bound: mean - 1.96 x SD,gaussian_lcb,1.96,10300,0.1,20,0.0,1,1.0,1000.0,0.0002469135802469136,0.6378435466169613,0.0
dataset,2,18,gaussian_lcb_2.576,Gaussian lower bound: mean - 2.576 x SD,gaussian_lcb,2.576,10300,0.1,20,0.0,1,1.0,1000.0,0.0002469135802469136,0.6281640404567187,0.0
dataset,2,18,finite_gaussian_lcb_1,Finite-row Gaussian bound: mean - 1 x SD,finite_gaussian_lcb,1.0,10300,0.1,20,0.0,1,1.0,1000.0,0.0002469135802469136,0.672,0.0
dataset,2,18,finite_gaussian_lcb_1.645,Finite-row Gaussian bound: mean - 1.645 x SD,finite_gaussian_lcb,1.645,10300,0.1,20,0.0,1,1.0,1000.0,0.0002469135802469136,0.672,0.0
dataset,2,18,finite_gaussian_lcb_1.96,Finite-row Gaussian bound: mean - 1.96 x SD,finite_gaussian_lcb,1.96,10300,0.1,20,0.0,1,1.0,1000.0,0.0002469135802469136,0.672,0.0
dataset,2,18,finite_population_lcb,Anytime finite-population lower bound (delta=0.05),confidence,0.05,10300,0.1,20,0.0,1,1.0,1000.0,0.0002469135802469136,0.672,0.0
dataset,2,19,posterior_mean,Current posterior mean,baseline,,10300,0.1,20,0.0,1,1.0,1000.0,0.0002469135802469136,0.668641984462738,0.0
dataset,2,19,empirical_mean,Observed sample mean,baseline,,10300,0.1,20,0.0,1,1.0,1000.0,0.0002469135802469136,0.672,0.0
dataset,2,19,variance_gate_0.5,Variance gate: v/v0 <= 0.5,variance_gate,0.5,10300,0.1,20,0.0,1,1.0,1000.0,0.0002469135802469136,0.668641975308642,0.0
dataset,2,19,variance_gate_0.2,Variance gate: v/v0 <= 0.2,variance_gate,0.2,10300,0.1,20,0.0,1,1.0,1000.0,0.0002469135802469136,0.668641975308642,0.0
dataset,2,19,variance_gate_0.1,Variance gate: v/v0 <= 0.1,variance_gate,0.1,10300,0.1,20,0.0,1,1.0,1000.0,0.0002469135802469136,0.668641975308642,0.0
dataset,2,19,variance_gate_0.05,Variance gate: v/v0 <= 0.05,variance_gate,0.05,10300,0.1,20,0.0,1,1.0,1000.0,0.0002469135802469136,0.668641975308642,0.0
dataset,2,19,mean_variance_1,Mean - 1 x variance,mean_variance,1.0,10300,0.1,20,0.0,1,1.0,1000.0,0.0002469135802469136,0.6683950617283951,0.0
dataset,2,19,mean_variance_5,Mean - 5 x variance,mean_variance,5.0,10300,0.1,20,0.0,1,1.0,1000.0,0.0002469135802469136,0.6674074074074074,0.0
dataset,2,19,mean_variance_10,Mean - 10 x variance,mean_variance,10.0,10300,0.1,20,0.0,1,1.0,1000.0,0.0002469135802469136,0.6661728395061729,0.0
dataset,2,19,mean_variance_20,Mean - 20 x variance,mean_variance,20.0,10300,0.1,20,0.0,1,1.0,1000.0,0.0002469135802469136,0.6637037037037037,0.0
dataset,2,19,gaussian_lcb_1,Gaussian lower bound: mean - 1 x SD,gaussian_lcb,1.0,10300,0.1,20,0.0,1,1.0,1000.0,0.0002469135802469136,0.6529284912822743,0.0
dataset,2,19,gaussian_lcb_1.645,Gaussian lower bound: mean - 1.645 x SD,gaussian_lcb,1.645,10300,0.1,20,0.0,1,1.0,1000.0,0.0002469135802469136,0.6427932940852671,0.0
dataset,2,19,gaussian_lcb_1.96,Gaussian lower bound: mean - 1.96 x SD,gaussian_lcb,1.96,10300,0.1,20,0.0,1,1.0,1000.0,0.0002469135802469136,0.6378435466169613,0.0
dataset,2,19,gaussian_lcb_2.576,Gaussian lower bound: mean - 2.576 x SD,gaussian_lcb,2.576,10300,0.1,20,0.0,1,1.0,1000.0,0.0002469135802469136,0.6281640404567187,0.0
dataset,2,19,finite_gaussian_lcb_1,Finite-row Gaussian bound: mean - 1 x SD,finite_gaussian_lcb,1.0,10300,0.1,20,0.0,1,1.0,1000.0,0.0002469135802469136,0.672,0.0
dataset,2,19,finite_gaussian_lcb_1.645,Finite-row Gaussian bound: mean - 1.645 x SD,finite_gaussian_lcb,1.645,10300,0.1,20,0.0,1,1.0,1000.0,0.0002469135802469136,0.672,0.0
dataset,2,19,finite_gaussian_lcb_1.96,Finite-row Gaussian bound: mean - 1.96 x SD,finite_gaussian_lcb,1.96,10300,0.1,20,0.0,1,1.0,1000.0,0.0002469135802469136,0.672,0.0
dataset,2,19,finite_population_lcb,Anytime finite-population lower bound (delta=0.05),confidence,0.05,10300,0.1,20,0.0,1,1.0,1000.0,0.0002469135802469136,0.672,0.0
dataset,3,0,posterior_mean,Current posterior mean,baseline,,10300,0.1,19,0.0,1,1.0,1000.0,0.0002469135802469136,0.668641984462738,0.0
dataset,3,0,empirical_mean,Observed sample mean,baseline,,10300,0.1,19,0.0,1,1.0,1000.0,0.0002469135802469136,0.672,0.0
dataset,3,0,variance_gate_0.5,Variance gate: v/v0 <= 0.5,variance_gate,0.5,10300,0.1,19,0.0,1,1.0,1000.0,0.0002469135802469136,0.668641975308642,0.0
dataset,3,0,variance_gate_0.2,Variance gate: v/v0 <= 0.2,variance_gate,0.2,10300,0.1,19,0.0,1,1.0,1000.0,0.0002469135802469136,0.668641975308642,0.0
dataset,3,0,variance_gate_0.1,Variance gate: v/v0 <= 0.1,variance_gate,0.1,10300,0.1,19,0.0,1,1.0,1000.0,0.0002469135802469136,0.668641975308642,0.0
dataset,3,0,variance_gate_0.05,Variance gate: v/v0 <= 0.05,variance_gate,0.05,10300,0.1,19,0.0,1,1.0,1000.0,0.0002469135802469136,0.668641975308642,0.0
dataset,3,0,mean_variance_1,Mean - 1 x variance,mean_variance,1.0,10300,0.1,19,0.0,1,1.0,1000.0,0.0002469135802469136,0.6683950617283951,0.0
dataset,3,0,mean_variance_5,Mean - 5 x variance,mean_variance,5.0,10300,0.1,19,0.0,1,1.0,1000.0,0.0002469135802469136,0.6674074074074074,0.0
dataset,3,0,mean_variance_10,Mean - 10 x variance,mean_variance,10.0,10300,0.1,19,0.0,1,1.0,1000.0,0.0002469135802469136,0.6661728395061729,0.0
dataset,3,0,mean_variance_20,Mean - 20 x variance,mean_variance,20.0,10300,0.1,19,0.0,1,1.0,1000.0,0.0002469135802469136,0.6637037037037037,0.0
dataset,3,0,gaussian_lcb_1,Gaussian lower bound: mean - 1 x SD,gaussian_lcb,1.0,10300,0.1,19,0.0,1,1.0,1000.0,0.0002469135802469136,0.6529284912822743,0.0
dataset,3,0,gaussian_lcb_1.645,Gaussian lower bound: mean - 1.645 x SD,gaussian_lcb,1.645,10300,0.1,19,0.0,1,1.0,1000.0,0.0002469135802469136,0.6427932940852671,0.0
dataset,3,0,gaussian_lcb_1.96,Gaussian lower bound: mean - 1.96 x SD,gaussian_lcb,1.96,10300,0.1,19,0.0,1,1.0,1000.0,0.0002469135802469136,0.6378435466169613,0.0
dataset,3,0,gaussian_lcb_2.576,Gaussian lower bound: mean - 2.576 x SD,gaussian_lcb,2.576,10300,0.1,19,0.0,1,1.0,1000.0,0.0002469135802469136,0.6281640404567187,0.0
dataset,3,0,finite_gaussian_lcb_1,Finite-row Gaussian bound: mean - 1 x SD,finite_gaussian_lcb,1.0,10300,0.1,19,0.0,1,1.0,1000.0,0.0002469135802469136,0.672,0.0
dataset,3,0,finite_gaussian_lcb_1.645,Finite-row Gaussian bound: mean - 1.645 x SD,finite_gaussian_lcb,1.645,10300,0.1,19,0.0,1,1.0,1000.0,0.0002469135802469136,0.672,0.0
dataset,3,0,finite_gaussian_lcb_1.96,Finite-row Gaussian bound: mean - 1.96 x SD,finite_gaussian_lcb,1.96,10300,0.1,19,0.0,1,1.0,1000.0,0.0002469135802469136,0.672,0.0
dataset,3,0,finite_population_lcb,Anytime finite-population lower bound (delta=0.05),confidence,0.05,10300,0.1,19,0.0,1,1.0,1000.0,0.0002469135802469136,0.672,0.0
dataset,3,1,posterior_mean,Current posterior mean,baseline,,10300,0.1,19,0.0,1,1.0,1000.0,0.0002469135802469136,0.668641984462738,0.0
dataset,3,1,empirical_mean,Observed sample mean,baseline,,10300,0.1,19,0.0,1,1.0,1000.0,0.0002469135802469136,0.672,0.0
dataset,3,1,variance_gate_0.5,Variance gate: v/v0 <= 0.5,variance_gate,0.5,10300,0.1,19,0.0,1,1.0,1000.0,0.0002469135802469136,0.668641975308642,0.0
dataset,3,1,variance_gate_0.2,Variance gate: v/v0 <= 0.2,variance_gate,0.2,10300,0.1,19,0.0,1,1.0,1000.0,0.0002469135802469136,0.668641975308642,0.0
dataset,3,1,variance_gate_0.1,Variance gate: v/v0 <= 0.1,variance_gate,0.1,10300,0.1,19,0.0,1,1.0,1000.0,0.0002469135802469136,0.668641975308642,0.0
dataset,3,1,variance_gate_0.05,Variance gate: v/v0 <= 0.05,variance_gate,0.05,10300,0.1,19,0.0,1,1.0,1000.0,0.0002469135802469136,0.668641975308642,0.0
dataset,3,1,mean_variance_1,Mean - 1 x variance,mean_variance,1.0,10300,0.1,19,0.0,1,1.0,1000.0,0.0002469135802469136,0.6683950617283951,0.0
dataset,3,1,mean_variance_5,Mean - 5 x variance,mean_variance,5.0,10300,0.1,19,0.0,1,1.0,1000.0,0.0002469135802469136,0.6674074074074074,0.0
dataset,3,1,mean_variance_10,Mean - 10 x variance,mean_variance,10.0,10300,0.1,19,0.0,1,1.0,1000.0,0.0002469135802469136,0.6661728395061729,0.0
dataset,3,1,mean_variance_20,Mean - 20 x variance,mean_variance,20.0,10300,0.1,19,0.0,1,1.0,1000.0,0.0002469135802469136,0.6637037037037037,0.0
dataset,3,1,gaussian_lcb_1,Gaussian lower bound: mean - 1 x SD,gaussian_lcb,1.0,10300,0.1,19,0.0,1,1.0,1000.0,0.0002469135802469136,0.6529284912822743,0.0
dataset,3,1,gaussian_lcb_1.645,Gaussian lower bound: mean - 1.645 x SD,gaussian_lcb,1.645,10300,0.1,19,0.0,1,1.0,1000.0,0.0002469135802469136,0.6427932940852671,0.0
dataset,3,1,gaussian_lcb_1.96,Gaussian lower bound: mean - 1.96 x SD,gaussian_lcb,1.96,10300,0.1,19,0.0,1,1.0,1000.0,0.0002469135802469136,0.6378435466169613,0.0
dataset,3,1,gaussian_lcb_2.576,Gaussian lower bound: mean - 2.576 x SD,gaussian_lcb,2.576,10300,0.1,19,0.0,1,1.0,1000.0,0.0002469135802469136,0.6281640404567187,0.0
dataset,3,1,finite_gaussian_lcb_1,Finite-row Gaussian bound: mean - 1 x SD,finite_gaussian_lcb,1.0,10300,0.1,19,0.0,1,1.0,1000.0,0.0002469135802469136,0.672,0.0
dataset,3,1,finite_gaussian_lcb_1.645,Finite-row Gaussian bound: mean - 1.645 x SD,finite_gaussian_lcb,1.645,10300,0.1,19,0.0,1,1.0,1000.0,0.0002469135802469136,0.672,0.0
dataset,3,1,finite_gaussian_lcb_1.96,Finite-row Gaussian bound: mean - 1.96 x SD,finite_gaussian_lcb,1.96,10300,0.1,19,0.0,1,1.0,1000.0,0.0002469135802469136,0.672,0.0
dataset,3,1,finite_population_lcb,Anytime finite-population lower bound (delta=0.05),confidence,0.05,10300,0.1,19,0.0,1,1.0,1000.0,0.0002469135802469136,0.672,0.0
dataset,3,2,posterior_mean,Current posterior mean,baseline,,10300,0.1,19,0.0,1,1.0,1000.0,0.0002469135802469136,0.668641984462738,0.0
dataset,3,2,empirical_mean,Observed sample mean,baseline,,10300,0.1,19,0.0,1,1.0,1000.0,0.0002469135802469136,0.672,0.0
dataset,3,2,variance_gate_0.5,Variance gate: v/v0 <= 0.5,variance_gate,0.5,10300,0.1,19,0.0,1,1.0,1000.0,0.0002469135802469136,0.668641975308642,0.0
dataset,3,2,variance_gate_0.2,Variance gate: v/v0 <= 0.2,variance_gate,0.2,10300,0.1,19,0.0,1,1.0,1000.0,0.0002469135802469136,0.668641975308642,0.0
dataset,3,2,variance_gate_0.1,Variance gate: v/v0 <= 0.1,variance_gate,0.1,10300,0.1,19,0.0,1,1.0,1000.0,0.0002469135802469136,0.668641975308642,0.0
dataset,3,2,variance_gate_0.05,Variance gate: v/v0 <= 0.05,variance_gate,0.05,10300,0.1,19,0.0,1,1.0,1000.0,0.0002469135802469136,0.668641975308642,0.0
dataset,3,2,mean_variance_1,Mean - 1 x variance,mean_variance,1.0,10300,0.1,19,0.0,1,1.0,1000.0,0.0002469135802469136,0.6683950617283951,0.0
dataset,3,2,mean_variance_5,Mean - 5 x variance,mean_variance,5.0,10300,0.1,19,0.0,1,1.0,1000.0,0.0002469135802469136,0.6674074074074074,0.0
dataset,3,2,mean_variance_10,Mean - 10 x variance,mean_variance,10.0,10300,0.1,19,0.0,1,1.0,1000.0,0.0002469135802469136,0.6661728395061729,0.0
dataset,3,2,mean_variance_20,Mean - 20 x variance,mean_variance,20.0,10300,0.1,19,0.0,1,1.0,1000.0,0.0002469135802469136,0.6637037037037037,0.0
dataset,3,2,gaussian_lcb_1,Gaussian lower bound: mean - 1 x SD,gaussian_lcb,1.0,10300,0.1,19,0.0,1,1.0,1000.0,0.0002469135802469136,0.6529284912822743,0.0
dataset,3,2,gaussian_lcb_1.645,Gaussian lower bound: mean - 1.645 x SD,gaussian_lcb,1.645,10300,0.1,19,0.0,1,1.0,1000.0,0.0002469135802469136,0.6427932940852671,0.0
dataset,3,2,gaussian_lcb_1.96,Gaussian lower bound: mean - 1.96 x SD,gaussian_lcb,1.96,10300,0.1,19,0.0,1,1.0,1000.0,0.0002469135802469136,0.6378435466169613,0.0
dataset,3,2,gaussian_lcb_2.576,Gaussian lower bound: mean - 2.576 x SD,gaussian_lcb,2.576,10300,0.1,19,0.0,1,1.0,1000.0,0.0002469135802469136,0.6281640404567187,0.0
dataset,3,2,finite_gaussian_lcb_1,Finite-row Gaussian bound: mean - 1 x SD,finite_gaussian_lcb,1.0,10300,0.1,19,0.0,1,1.0,1000.0,0.0002469135802469136,0.672,0.0
dataset,3,2,finite_gaussian_lcb_1.645,Finite-row Gaussian bound: mean - 1.645 x SD,finite_gaussian_lcb,1.645,10300,0.1,19,0.0,1,1.0,1000.0,0.0002469135802469136,0.672,0.0
dataset,3,2,finite_gaussian_lcb_1.96,Finite-row Gaussian bound: mean - 1.96 x SD,finite_gaussian_lcb,1.96,10300,0.1,19,0.0,1,1.0,1000.0,0.0002469135802469136,0.672,0.0
dataset,3,2,finite_population_lcb,Anytime finite-population lower bound (delta=0.05),confidence,0.05,10300,0.1,19,0.0,1,1.0,1000.0,0.0002469135802469136,0.672,0.0
dataset,3,3,posterior_mean,Current posterior mean,baseline,,10300,0.1,19,0.0,1,1.0,1000.0,0.0002469135802469136,0.668641984462738,0.0
dataset,3,3,empirical_mean,Observed sample mean,baseline,,10300,0.1,19,0.0,1,1.0,1000.0,0.0002469135802469136,0.672,0.0
dataset,3,3,variance_gate_0.5,Variance gate: v/v0 <= 0.5,variance_gate,0.5,10300,0.1,19,0.0,1,1.0,1000.0,0.0002469135802469136,0.668641975308642,0.0
dataset,3,3,variance_gate_0.2,Variance gate: v/v0 <= 0.2,variance_gate,0.2,10300,0.1,19,0.0,1,1.0,1000.0,0.0002469135802469136,0.668641975308642,0.0
dataset,3,3,variance_gate_0.1,Variance gate: v/v0 <= 0.1,variance_gate,0.1,10300,0.1,19,0.0,1,1.0,1000.0,0.0002469135802469136,0.668641975308642,0.0
dataset,3,3,variance_gate_0.05,Variance gate: v/v0 <= 0.05,variance_gate,0.05,10300,0.1,19,0.0,1,1.0,1000.0,0.0002469135802469136,0.668641975308642,0.0
dataset,3,3,mean_variance_1,Mean - 1 x variance,mean_variance,1.0,10300,0.1,19,0.0,1,1.0,1000.0,0.0002469135802469136,0.6683950617283951,0.0
dataset,3,3,mean_variance_5,Mean - 5 x variance,mean_variance,5.0,10300,0.1,19,0.0,1,1.0,1000.0,0.0002469135802469136,0.6674074074074074,0.0
dataset,3,3,mean_variance_10,Mean - 10 x variance,mean_variance,10.0,10300,0.1,19,0.0,1,1.0,1000.0,0.0002469135802469136,0.6661728395061729,0.0
dataset,3,3,mean_variance_20,Mean - 20 x variance,mean_variance,20.0,10300,0.1,19,0.0,1,1.0,1000.0,0.0002469135802469136,0.6637037037037037,0.0
dataset,3,3,gaussian_lcb_1,Gaussian lower bound: mean - 1 x SD,gaussian_lcb,1.0,10300,0.1,19,0.0,1,1.0,1000.0,0.0002469135802469136,0.6529284912822743,0.0
dataset,3,3,gaussian_lcb_1.645,Gaussian lower bound: mean - 1.645 x SD,gaussian_lcb,1.645,10300,0.1,19,0.0,1,1.0,1000.0,0.0002469135802469136,0.6427932940852671,0.0
dataset,3,3,gaussian_lcb_1.96,Gaussian lower bound: mean - 1.96 x SD,gaussian_lcb,1.96,10300,0.1,19,0.0,1,1.0,1000.0,0.0002469135802469136,0.6378435466169613,0.0
dataset,3,3,gaussian_lcb_2.576,Gaussian lower bound: mean - 2.576 x SD,gaussian_lcb,2.576,10300,0.1,19,0.0,1,1.0,1000.0,0.0002469135802469136,0.6281640404567187,0.0
dataset,3,3,finite_gaussian_lcb_1,Finite-row Gaussian bound: mean - 1 x SD,finite_gaussian_lcb,1.0,10300,0.1,19,0.0,1,1.0,1000.0,0.0002469135802469136,0.672,0.0
dataset,3,3,finite_gaussian_lcb_1.645,Finite-row Gaussian bound: mean - 1.645 x SD,finite_gaussian_lcb,1.645,10300,0.1,19,0.0,1,1.0,1000.0,0.0002469135802469136,0.672,0.0
dataset,3,3,finite_gaussian_lcb_1.96,Finite-row Gaussian bound: mean - 1.96 x SD,finite_gaussian_lcb,1.96,10300,0.1,19,0.0,1,1.0,1000.0,0.0002469135802469136,0.672,0.0
dataset,3,3,finite_population_lcb,Anytime finite-population lower bound (delta=0.05),confidence,0.05,10300,0.1,19,0.0,1,1.0,1000.0,0.0002469135802469136,0.672,0.0
dataset,3,4,posterior_mean,Current posterior mean,baseline,,10300,0.1,19,0.0,1,1.0,1000.0,0.0002469135802469136,0.668641984462738,0.0
dataset,3,4,empirical_mean,Observed sample mean,baseline,,10300,0.1,19,0.0,1,1.0,1000.0,0.0002469135802469136,0.672,0.0
dataset,3,4,variance_gate_0.5,Variance gate: v/v0 <= 0.5,variance_gate,0.5,10300,0.1,19,0.0,1,1.0,1000.0,0.0002469135802469136,0.668641975308642,0.0
dataset,3,4,variance_gate_0.2,Variance gate: v/v0 <= 0.2,variance_gate,0.2,10300,0.1,19,0.0,1,1.0,1000.0,0.0002469135802469136,0.668641975308642,0.0
dataset,3,4,variance_gate_0.1,Variance gate: v/v0 <= 0.1,variance_gate,0.1,10300,0.1,19,0.0,1,1.0,1000.0,0.0002469135802469136,0.668641975308642,0.0
dataset,3,4,variance_gate_0.05,Variance gate: v/v0 <= 0.05,variance_gate,0.05,10300,0.1,19,0.0,1,1.0,1000.0,0.0002469135802469136,0.668641975308642,0.0
dataset,3,4,mean_variance_1,Mean - 1 x variance,mean_variance,1.0,10300,0.1,19,0.0,1,1.0,1000.0,0.0002469135802469136,0.6683950617283951,0.0
dataset,3,4,mean_variance_5,Mean - 5 x variance,mean_variance,5.0,10300,0.1,19,0.0,1,1.0,1000.0,0.0002469135802469136,0.6674074074074074,0.0
dataset,3,4,mean_variance_10,Mean - 10 x variance,mean_variance,10.0,10300,0.1,19,0.0,1,1.0,1000.0,0.0002469135802469136,0.6661728395061729,0.0
dataset,3,4,mean_variance_20,Mean - 20 x variance,mean_variance,20.0,10300,0.1,19,0.0,1,1.0,1000.0,0.0002469135802469136,0.6637037037037037,0.0
dataset,3,4,gaussian_lcb_1,Gaussian lower bound: mean - 1 x SD,gaussian_lcb,1.0,10300,0.1,19,0.0,1,1.0,1000.0,0.0002469135802469136,0.6529284912822743,0.0
dataset,3,4,gaussian_lcb_1.645,Gaussian lower bound: mean - 1.645 x SD,gaussian_lcb,1.645,10300,0.1,19,0.0,1,1.0,1000.0,0.0002469135802469136,0.6427932940852671,0.0
dataset,3,4,gaussian_lcb_1.96,Gaussian lower bound: mean - 1.96 x SD,gaussian_lcb,1.96,10300,0.1,19,0.0,1,1.0,1000.0,0.0002469135802469136,0.6378435466169613,0.0
dataset,3,4,gaussian_lcb_2.576,Gaussian lower bound: mean - 2.576 x SD,gaussian_lcb,2.576,10300,0.1,19,0.0,1,1.0,1000.0,0.0002469135802469136,0.6281640404567187,0.0
dataset,3,4,finite_gaussian_lcb_1,Finite-row Gaussian bound: mean - 1 x SD,finite_gaussian_lcb,1.0,10300,0.1,19,0.0,1,1.0,1000.0,0.0002469135802469136,0.672,0.0
dataset,3,4,finite_gaussian_lcb_1.645,Finite-row Gaussian bound: mean - 1.645 x SD,finite_gaussian_lcb,1.645,10300,0.1,19,0.0,1,1.0,1000.0,0.0002469135802469136,0.672,0.0
dataset,3,4,finite_gaussian_lcb_1.96,Finite-row Gaussian bound: mean - 1.96 x SD,finite_gaussian_lcb,1.96,10300,0.1,19,0.0,1,1.0,1000.0,0.0002469135802469136,0.672,0.0
dataset,3,4,finite_population_lcb,Anytime finite-population lower bound (delta=0.05),confidence,0.05,10300,0.1,19,0.0,1,1.0,1000.0,0.0002469135802469136,0.672,0.0
dataset,3,5,posterior_mean,Current posterior mean,baseline,,10300,0.1,19,0.0,1,1.0,1000.0,0.0002469135802469136,0.668641984462738,0.0
dataset,3,5,empirical_mean,Observed sample mean,baseline,,10300,0.1,19,0.0,1,1.0,1000.0,0.0002469135802469136,0.672,0.0
dataset,3,5,variance_gate_0.5,Variance gate: v/v0 <= 0.5,variance_gate,0.5,10300,0.1,19,0.0,1,1.0,1000.0,0.0002469135802469136,0.668641975308642,0.0
dataset,3,5,variance_gate_0.2,Variance gate: v/v0 <= 0.2,variance_gate,0.2,10300,0.1,19,0.0,1,1.0,1000.0,0.0002469135802469136,0.668641975308642,0.0
dataset,3,5,variance_gate_0.1,Variance gate: v/v0 <= 0.1,variance_gate,0.1,10300,0.1,19,0.0,1,1.0,1000.0,0.0002469135802469136,0.668641975308642,0.0
dataset,3,5,variance_gate_0.05,Variance gate: v/v0 <= 0.05,variance_gate,0.05,10300,0.1,19,0.0,1,1.0,1000.0,0.0002469135802469136,0.668641975308642,0.0
dataset,3,5,mean_variance_1,Mean - 1 x variance,mean_variance,1.0,10300,0.1,19,0.0,1,1.0,1000.0,0.0002469135802469136,0.6683950617283951,0.0
dataset,3,5,mean_variance_5,Mean - 5 x variance,mean_variance,5.0,10300,0.1,19,0.0,1,1.0,1000.0,0.0002469135802469136,0.6674074074074074,0.0
dataset,3,5,mean_variance_10,Mean - 10 x variance,mean_variance,10.0,10300,0.1,19,0.0,1,1.0,1000.0,0.0002469135802469136,0.6661728395061729,0.0
dataset,3,5,mean_variance_20,Mean - 20 x variance,mean_variance,20.0,10300,0.1,19,0.0,1,1.0,1000.0,0.0002469135802469136,0.6637037037037037,0.0
dataset,3,5,gaussian_lcb_1,Gaussian lower bound: mean - 1 x SD,gaussian_lcb,1.0,10300,0.1,19,0.0,1,1.0,1000.0,0.0002469135802469136,0.6529284912822743,0.0
dataset,3,5,gaussian_lcb_1.645,Gaussian lower bound: mean - 1.645 x SD,gaussian_lcb,1.645,10300,0.1,19,0.0,1,1.0,1000.0,0.0002469135802469136,0.6427932940852671,0.0
dataset,3,5,gaussian_lcb_1.96,Gaussian lower bound: mean - 1.96 x SD,gaussian_lcb,1.96,10300,0.1,19,0.0,1,1.0,1000.0,0.0002469135802469136,0.6378435466169613,0.0
dataset,3,5,gaussian_lcb_2.576,Gaussian lower bound: mean - 2.576 x SD,gaussian_lcb,2.576,10300,0.1,19,0.0,1,1.0,1000.0,0.0002469135802469136,0.6281640404567187,0.0
dataset,3,5,finite_gaussian_lcb_1,Finite-row Gaussian bound: mean - 1 x SD,finite_gaussian_lcb,1.0,10300,0.1,19,0.0,1,1.0,1000.0,0.0002469135802469136,0.672,0.0
dataset,3,5,finite_gaussian_lcb_1.645,Finite-row Gaussian bound: mean - 1.645 x SD,finite_gaussian_lcb,1.645,10300,0.1,19,0.0,1,1.0,1000.0,0.0002469135802469136,0.672,0.0
dataset,3,5,finite_gaussian_lcb_1.96,Finite-row Gaussian bound: mean - 1.96 x SD,finite_gaussian_lcb,1.96,10300,0.1,19,0.0,1,1.0,1000.0,0.0002469135802469136,0.672,0.0
dataset,3,5,finite_population_lcb,Anytime finite-population lower bound (delta=0.05),confidence,0.05,10300,0.1,19,0.0,1,1.0,1000.0,0.0002469135802469136,0.672,0.0
dataset,3,6,posterior_mean,Current posterior mean,baseline,,10300,0.1,19,0.0,1,1.0,1000.0,0.0002469135802469136,0.668641984462738,0.0
dataset,3,6,empirical_mean,Observed sample mean,baseline,,10300,0.1,19,0.0,1,1.0,1000.0,0.0002469135802469136,0.672,0.0
dataset,3,6,variance_gate_0.5,Variance gate: v/v0 <= 0.5,variance_gate,0.5,10300,0.1,19,0.0,1,1.0,1000.0,0.0002469135802469136,0.668641975308642,0.0
dataset,3,6,variance_gate_0.2,Variance gate: v/v0 <= 0.2,variance_gate,0.2,10300,0.1,19,0.0,1,1.0,1000.0,0.0002469135802469136,0.668641975308642,0.0
dataset,3,6,variance_gate_0.1,Variance gate: v/v0 <= 0.1,variance_gate,0.1,10300,0.1,19,0.0,1,1.0,1000.0,0.0002469135802469136,0.668641975308642,0.0
dataset,3,6,variance_gate_0.05,Variance gate: v/v0 <= 0.05,variance_gate,0.05,10300,0.1,19,0.0,1,1.0,1000.0,0.0002469135802469136,0.668641975308642,0.0
dataset,3,6,mean_variance_1,Mean - 1 x variance,mean_variance,1.0,10300,0.1,19,0.0,1,1.0,1000.0,0.0002469135802469136,0.6683950617283951,0.0
dataset,3,6,mean_variance_5,Mean - 5 x variance,mean_variance,5.0,10300,0.1,19,0.0,1,1.0,1000.0,0.0002469135802469136,0.6674074074074074,0.0
dataset,3,6,mean_variance_10,Mean - 10 x variance,mean_variance,10.0,10300,0.1,19,0.0,1,1.0,1000.0,0.0002469135802469136,0.6661728395061729,0.0
dataset,3,6,mean_variance_20,Mean - 20 x variance,mean_variance,20.0,10300,0.1,19,0.0,1,1.0,1000.0,0.0002469135802469136,0.6637037037037037,0.0
dataset,3,6,gaussian_lcb_1,Gaussian lower bound: mean - 1 x SD,gaussian_lcb,1.0,10300,0.1,19,0.0,1,1.0,1000.0,0.0002469135802469136,0.6529284912822743,0.0
dataset,3,6,gaussian_lcb_1.645,Gaussian lower bound: mean - 1.645 x SD,gaussian_lcb,1.645,10300,0.1,19,0.0,1,1.0,1000.0,0.0002469135802469136,0.6427932940852671,0.0
dataset,3,6,gaussian_lcb_1.96,Gaussian lower bound: mean - 1.96 x SD,gaussian_lcb,1.96,10300,0.1,19,0.0,1,1.0,1000.0,0.0002469135802469136,0.6378435466169613,0.0
dataset,3,6,gaussian_lcb_2.576,Gaussian lower bound: mean - 2.576 x SD,gaussian_lcb,2.576,10300,0.1,19,0.0,1,1.0,1000.0,0.0002469135802469136,0.6281640404567187,0.0
dataset,3,6,finite_gaussian_lcb_1,Finite-row Gaussian bound: mean - 1 x SD,finite_gaussian_lcb,1.0,10300,0.1,19,0.0,1,1.0,1000.0,0.0002469135802469136,0.672,0.0
dataset,3,6,finite_gaussian_lcb_1.645,Finite-row Gaussian bound: mean - 1.645 x SD,finite_gaussian_lcb,1.645,10300,0.1,19,0.0,1,1.0,1000.0,0.0002469135802469136,0.672,0.0
dataset,3,6,finite_gaussian_lcb_1.96,Finite-row Gaussian bound: mean - 1.96 x SD,finite_gaussian_lcb,1.96,10300,0.1,19,0.0,1,1.0,1000.0,0.0002469135802469136,0.672,0.0
dataset,3,6,finite_population_lcb,Anytime finite-population lower bound (delta=0.05),confidence,0.05,10300,0.1,19,0.0,1,1.0,1000.0,0.0002469135802469136,0.672,0.0
dataset,3,7,posterior_mean,Current posterior mean,baseline,,10300,0.1,19,0.0,1,1.0,1000.0,0.0002469135802469136,0.668641984462738,0.0
dataset,3,7,empirical_mean,Observed sample mean,baseline,,10300,0.1,19,0.0,1,1.0,1000.0,0.0002469135802469136,0.672,0.0
dataset,3,7,variance_gate_0.5,Variance gate: v/v0 <= 0.5,variance_gate,0.5,10300,0.1,19,0.0,1,1.0,1000.0,0.0002469135802469136,0.668641975308642,0.0
dataset,3,7,variance_gate_0.2,Variance gate: v/v0 <= 0.2,variance_gate,0.2,10300,0.1,19,0.0,1,1.0,1000.0,0.0002469135802469136,0.668641975308642,0.0
dataset,3,7,variance_gate_0.1,Variance gate: v/v0 <= 0.1,variance_gate,0.1,10300,0.1,19,0.0,1,1.0,1000.0,0.0002469135802469136,0.668641975308642,0.0
dataset,3,7,variance_gate_0.05,Variance gate: v/v0 <= 0.05,variance_gate,0.05,10300,0.1,19,0.0,1,1.0,1000.0,0.0002469135802469136,0.668641975308642,0.0
dataset,3,7,mean_variance_1,Mean - 1 x variance,mean_variance,1.0,10300,0.1,19,0.0,1,1.0,1000.0,0.0002469135802469136,0.6683950617283951,0.0
dataset,3,7,mean_variance_5,Mean - 5 x variance,mean_variance,5.0,10300,0.1,19,0.0,1,1.0,1000.0,0.0002469135802469136,0.6674074074074074,0.0
dataset,3,7,mean_variance_10,Mean - 10 x variance,mean_variance,10.0,10300,0.1,19,0.0,1,1.0,1000.0,0.0002469135802469136,0.6661728395061729,0.0
dataset,3,7,mean_variance_20,Mean - 20 x variance,mean_variance,20.0,10300,0.1,19,0.0,1,1.0,1000.0,0.0002469135802469136,0.6637037037037037,0.0
dataset,3,7,gaussian_lcb_1,Gaussian lower bound: mean - 1 x SD,gaussian_lcb,1.0,10300,0.1,19,0.0,1,1.0,1000.0,0.0002469135802469136,0.6529284912822743,0.0
dataset,3,7,gaussian_lcb_1.645,Gaussian lower bound: mean - 1.645 x SD,gaussian_lcb,1.645,10300,0.1,19,0.0,1,1.0,1000.0,0.0002469135802469136,0.6427932940852671,0.0
dataset,3,7,gaussian_lcb_1.96,Gaussian lower bound: mean - 1.96 x SD,gaussian_lcb,1.96,10300,0.1,19,0.0,1,1.0,1000.0,0.0002469135802469136,0.6378435466169613,0.0
dataset,3,7,gaussian_lcb_2.576,Gaussian lower bound: mean - 2.576 x SD,gaussian_lcb,2.576,10300,0.1,19,0.0,1,1.0,1000.0,0.0002469135802469136,0.6281640404567187,0.0
dataset,3,7,finite_gaussian_lcb_1,Finite-row Gaussian bound: mean - 1 x SD,finite_gaussian_lcb,1.0,10300,0.1,19,0.0,1,1.0,1000.0,0.0002469135802469136,0.672,0.0
dataset,3,7,finite_gaussian_lcb_1.645,Finite-row Gaussian bound: mean - 1.645 x SD,finite_gaussian_lcb,1.645,10300,0.1,19,0.0,1,1.0,1000.0,0.0002469135802469136,0.672,0.0
dataset,3,7,finite_gaussian_lcb_1.96,Finite-row Gaussian bound: mean - 1.96 x SD,finite_gaussian_lcb,1.96,10300,0.1,19,0.0,1,1.0,1000.0,0.0002469135802469136,0.672,0.0
dataset,3,7,finite_population_lcb,Anytime finite-population lower bound (delta=0.05),confidence,0.05,10300,0.1,19,0.0,1,1.0,1000.0,0.0002469135802469136,0.672,0.0
dataset,3,8,posterior_mean,Current posterior mean,baseline,,10300,0.1,19,0.0,1,1.0,1000.0,0.0002469135802469136,0.668641984462738,0.0
dataset,3,8,empirical_mean,Observed sample mean,baseline,,10300,0.1,19,0.0,1,1.0,1000.0,0.0002469135802469136,0.672,0.0
dataset,3,8,variance_gate_0.5,Variance gate: v/v0 <= 0.5,variance_gate,0.5,10300,0.1,19,0.0,1,1.0,1000.0,0.0002469135802469136,0.668641975308642,0.0
dataset,3,8,variance_gate_0.2,Variance gate: v/v0 <= 0.2,variance_gate,0.2,10300,0.1,19,0.0,1,1.0,1000.0,0.0002469135802469136,0.668641975308642,0.0
dataset,3,8,variance_gate_0.1,Variance gate: v/v0 <= 0.1,variance_gate,0.1,10300,0.1,19,0.0,1,1.0,1000.0,0.0002469135802469136,0.668641975308642,0.0
dataset,3,8,variance_gate_0.05,Variance gate: v/v0 <= 0.05,variance_gate,0.05,10300,0.1,19,0.0,1,1.0,1000.0,0.0002469135802469136,0.668641975308642,0.0
dataset,3,8,mean_variance_1,Mean - 1 x variance,mean_variance,1.0,10300,0.1,19,0.0,1,1.0,1000.0,0.0002469135802469136,0.6683950617283951,0.0
dataset,3,8,mean_variance_5,Mean - 5 x variance,mean_variance,5.0,10300,0.1,19,0.0,1,1.0,1000.0,0.0002469135802469136,0.6674074074074074,0.0
dataset,3,8,mean_variance_10,Mean - 10 x variance,mean_variance,10.0,10300,0.1,19,0.0,1,1.0,1000.0,0.0002469135802469136,0.6661728395061729,0.0
dataset,3,8,mean_variance_20,Mean - 20 x variance,mean_variance,20.0,10300,0.1,19,0.0,1,1.0,1000.0,0.0002469135802469136,0.6637037037037037,0.0
dataset,3,8,gaussian_lcb_1,Gaussian lower bound: mean - 1 x SD,gaussian_lcb,1.0,10300,0.1,19,0.0,1,1.0,1000.0,0.0002469135802469136,0.6529284912822743,0.0
dataset,3,8,gaussian_lcb_1.645,Gaussian lower bound: mean - 1.645 x SD,gaussian_lcb,1.645,10300,0.1,19,0.0,1,1.0,1000.0,0.0002469135802469136,0.6427932940852671,0.0
dataset,3,8,gaussian_lcb_1.96,Gaussian lower bound: mean - 1.96 x SD,gaussian_lcb,1.96,10300,0.1,19,0.0,1,1.0,1000.0,0.0002469135802469136,0.6378435466169613,0.0
dataset,3,8,gaussian_lcb_2.576,Gaussian lower bound: mean - 2.576 x SD,gaussian_lcb,2.576,10300,0.1,19,0.0,1,1.0,1000.0,0.0002469135802469136,0.6281640404567187,0.0
dataset,3,8,finite_gaussian_lcb_1,Finite-row Gaussian bound: mean - 1 x SD,finite_gaussian_lcb,1.0,10300,0.1,19,0.0,1,1.0,1000.0,0.0002469135802469136,0.672,0.0
dataset,3,8,finite_gaussian_lcb_1.645,Finite-row Gaussian bound: mean - 1.645 x SD,finite_gaussian_lcb,1.645,10300,0.1,19,0.0,1,1.0,1000.0,0.0002469135802469136,0.672,0.0
dataset,3,8,finite_gaussian_lcb_1.96,Finite-row Gaussian bound: mean - 1.96 x SD,finite_gaussian_lcb,1.96,10300,0.1,19,0.0,1,1.0,1000.0,0.0002469135802469136,0.672,0.0
dataset,3,8,finite_population_lcb,Anytime finite-population lower bound (delta=0.05),confidence,0.05,10300,0.1,19,0.0,1,1.0,1000.0,0.0002469135802469136,0.672,0.0
dataset,3,9,posterior_mean,Current posterior mean,baseline,,10300,0.1,19,0.0,1,1.0,1000.0,0.0002469135802469136,0.668641984462738,0.0
dataset,3,9,empirical_mean,Observed sample mean,baseline,,10300,0.1,19,0.0,1,1.0,1000.0,0.0002469135802469136,0.672,0.0
dataset,3,9,variance_gate_0.5,Variance gate: v/v0 <= 0.5,variance_gate,0.5,10300,0.1,19,0.0,1,1.0,1000.0,0.0002469135802469136,0.668641975308642,0.0
dataset,3,9,variance_gate_0.2,Variance gate: v/v0 <= 0.2,variance_gate,0.2,10300,0.1,19,0.0,1,1.0,1000.0,0.0002469135802469136,0.668641975308642,0.0
dataset,3,9,variance_gate_0.1,Variance gate: v/v0 <= 0.1,variance_gate,0.1,10300,0.1,19,0.0,1,1.0,1000.0,0.0002469135802469136,0.668641975308642,0.0
dataset,3,9,variance_gate_0.05,Variance gate: v/v0 <= 0.05,variance_gate,0.05,10300,0.1,19,0.0,1,1.0,1000.0,0.0002469135802469136,0.668641975308642,0.0
dataset,3,9,mean_variance_1,Mean - 1 x variance,mean_variance,1.0,10300,0.1,19,0.0,1,1.0,1000.0,0.0002469135802469136,0.6683950617283951,0.0
dataset,3,9,mean_variance_5,Mean - 5 x variance,mean_variance,5.0,10300,0.1,19,0.0,1,1.0,1000.0,0.0002469135802469136,0.6674074074074074,0.0
dataset,3,9,mean_variance_10,Mean - 10 x variance,mean_variance,10.0,10300,0.1,19,0.0,1,1.0,1000.0,0.0002469135802469136,0.6661728395061729,0.0
dataset,3,9,mean_variance_20,Mean - 20 x variance,mean_variance,20.0,10300,0.1,19,0.0,1,1.0,1000.0,0.0002469135802469136,0.6637037037037037,0.0
dataset,3,9,gaussian_lcb_1,Gaussian lower bound: mean - 1 x SD,gaussian_lcb,1.0,10300,0.1,19,0.0,1,1.0,1000.0,0.0002469135802469136,0.6529284912822743,0.0
dataset,3,9,gaussian_lcb_1.645,Gaussian lower bound: mean - 1.645 x SD,gaussian_lcb,1.645,10300,0.1,19,0.0,1,1.0,1000.0,0.0002469135802469136,0.6427932940852671,0.0
dataset,3,9,gaussian_lcb_1.96,Gaussian lower bound: mean - 1.96 x SD,gaussian_lcb,1.96,10300,0.1,19,0.0,1,1.0,1000.0,0.0002469135802469136,0.6378435466169613,0.0
dataset,3,9,gaussian_lcb_2.576,Gaussian lower bound: mean - 2.576 x SD,gaussian_lcb,2.576,10300,0.1,19,0.0,1,1.0,1000.0,0.0002469135802469136,0.6281640404567187,0.0
dataset,3,9,finite_gaussian_lcb_1,Finite-row Gaussian bound: mean - 1 x SD,finite_gaussian_lcb,1.0,10300,0.1,19,0.0,1,1.0,1000.0,0.0002469135802469136,0.672,0.0
dataset,3,9,finite_gaussian_lcb_1.645,Finite-row Gaussian bound: mean - 1.645 x SD,finite_gaussian_lcb,1.645,10300,0.1,19,0.0,1,1.0,1000.0,0.0002469135802469136,0.672,0.0
dataset,3,9,finite_gaussian_lcb_1.96,Finite-row Gaussian bound: mean - 1.96 x SD,finite_gaussian_lcb,1.96,10300,0.1,19,0.0,1,1.0,1000.0,0.0002469135802469136,0.672,0.0
dataset,3,9,finite_population_lcb,Anytime finite-population lower bound (delta=0.05),confidence,0.05,10300,0.1,19,0.0,1,1.0,1000.0,0.0002469135802469136,0.672,0.0
dataset,3,10,posterior_mean,Current posterior mean,baseline,,10300,0.1,19,0.0,1,1.0,1000.0,0.0002469135802469136,0.668641984462738,0.0
dataset,3,10,empirical_mean,Observed sample mean,baseline,,10300,0.1,19,0.0,1,1.0,1000.0,0.0002469135802469136,0.672,0.0
dataset,3,10,variance_gate_0.5,Variance gate: v/v0 <= 0.5,variance_gate,0.5,10300,0.1,19,0.0,1,1.0,1000.0,0.0002469135802469136,0.668641975308642,0.0
dataset,3,10,variance_gate_0.2,Variance gate: v/v0 <= 0.2,variance_gate,0.2,10300,0.1,19,0.0,1,1.0,1000.0,0.0002469135802469136,0.668641975308642,0.0
dataset,3,10,variance_gate_0.1,Variance gate: v/v0 <= 0.1,variance_gate,0.1,10300,0.1,19,0.0,1,1.0,1000.0,0.0002469135802469136,0.668641975308642,0.0
dataset,3,10,variance_gate_0.05,Variance gate: v/v0 <= 0.05,variance_gate,0.05,10300,0.1,19,0.0,1,1.0,1000.0,0.0002469135802469136,0.668641975308642,0.0
dataset,3,10,mean_variance_1,Mean - 1 x variance,mean_variance,1.0,10300,0.1,19,0.0,1,1.0,1000.0,0.0002469135802469136,0.6683950617283951,0.0
dataset,3,10,mean_variance_5,Mean - 5 x variance,mean_variance,5.0,10300,0.1,19,0.0,1,1.0,1000.0,0.0002469135802469136,0.6674074074074074,0.0
dataset,3,10,mean_variance_10,Mean - 10 x variance,mean_variance,10.0,10300,0.1,19,0.0,1,1.0,1000.0,0.0002469135802469136,0.6661728395061729,0.0
dataset,3,10,mean_variance_20,Mean - 20 x variance,mean_variance,20.0,10300,0.1,19,0.0,1,1.0,1000.0,0.0002469135802469136,0.6637037037037037,0.0
dataset,3,10,gaussian_lcb_1,Gaussian lower bound: mean - 1 x SD,gaussian_lcb,1.0,10300,0.1,19,0.0,1,1.0,1000.0,0.0002469135802469136,0.6529284912822743,0.0
dataset,3,10,gaussian_lcb_1.645,Gaussian lower bound: mean - 1.645 x SD,gaussian_lcb,1.645,10300,0.1,19,0.0,1,1.0,1000.0,0.0002469135802469136,0.6427932940852671,0.0
dataset,3,10,gaussian_lcb_1.96,Gaussian lower bound: mean - 1.96 x SD,gaussian_lcb,1.96,10300,0.1,19,0.0,1,1.0,1000.0,0.0002469135802469136,0.6378435466169613,0.0
dataset,3,10,gaussian_lcb_2.576,Gaussian lower bound: mean - 2.576 x SD,gaussian_lcb,2.576,10300,0.1,19,0.0,1,1.0,1000.0,0.0002469135802469136,0.6281640404567187,0.0
dataset,3,10,finite_gaussian_lcb_1,Finite-row Gaussian bound: mean - 1 x SD,finite_gaussian_lcb,1.0,10300,0.1,19,0.0,1,1.0,1000.0,0.0002469135802469136,0.672,0.0
dataset,3,10,finite_gaussian_lcb_1.645,Finite-row Gaussian bound: mean - 1.645 x SD,finite_gaussian_lcb,1.645,10300,0.1,19,0.0,1,1.0,1000.0,0.0002469135802469136,0.672,0.0
dataset,3,10,finite_gaussian_lcb_1.96,Finite-row Gaussian bound: mean - 1.96 x SD,finite_gaussian_lcb,1.96,10300,0.1,19,0.0,1,1.0,1000.0,0.0002469135802469136,0.672,0.0
dataset,3,10,finite_population_lcb,Anytime finite-population lower bound (delta=0.05),confidence,0.05,10300,0.1,19,0.0,1,1.0,1000.0,0.0002469135802469136,0.672,0.0
dataset,3,11,posterior_mean,Current posterior mean,baseline,,10300,0.1,19,0.0,1,1.0,1000.0,0.0002469135802469136,0.668641984462738,0.0
dataset,3,11,empirical_mean,Observed sample mean,baseline,,10300,0.1,19,0.0,1,1.0,1000.0,0.0002469135802469136,0.672,0.0
dataset,3,11,variance_gate_0.5,Variance gate: v/v0 <= 0.5,variance_gate,0.5,10300,0.1,19,0.0,1,1.0,1000.0,0.0002469135802469136,0.668641975308642,0.0
dataset,3,11,variance_gate_0.2,Variance gate: v/v0 <= 0.2,variance_gate,0.2,10300,0.1,19,0.0,1,1.0,1000.0,0.0002469135802469136,0.668641975308642,0.0
dataset,3,11,variance_gate_0.1,Variance gate: v/v0 <= 0.1,variance_gate,0.1,10300,0.1,19,0.0,1,1.0,1000.0,0.0002469135802469136,0.668641975308642,0.0
dataset,3,11,variance_gate_0.05,Variance gate: v/v0 <= 0.05,variance_gate,0.05,10300,0.1,19,0.0,1,1.0,1000.0,0.0002469135802469136,0.668641975308642,0.0
dataset,3,11,mean_variance_1,Mean - 1 x variance,mean_variance,1.0,10300,0.1,19,0.0,1,1.0,1000.0,0.0002469135802469136,0.6683950617283951,0.0
dataset,3,11,mean_variance_5,Mean - 5 x variance,mean_variance,5.0,10300,0.1,19,0.0,1,1.0,1000.0,0.0002469135802469136,0.6674074074074074,0.0
dataset,3,11,mean_variance_10,Mean - 10 x variance,mean_variance,10.0,10300,0.1,19,0.0,1,1.0,1000.0,0.0002469135802469136,0.6661728395061729,0.0
dataset,3,11,mean_variance_20,Mean - 20 x variance,mean_variance,20.0,10300,0.1,19,0.0,1,1.0,1000.0,0.0002469135802469136,0.6637037037037037,0.0
dataset,3,11,gaussian_lcb_1,Gaussian lower bound: mean - 1 x SD,gaussian_lcb,1.0,10300,0.1,19,0.0,1,1.0,1000.0,0.0002469135802469136,0.6529284912822743,0.0
dataset,3,11,gaussian_lcb_1.645,Gaussian lower bound: mean - 1.645 x SD,gaussian_lcb,1.645,10300,0.1,19,0.0,1,1.0,1000.0,0.0002469135802469136,0.6427932940852671,0.0
dataset,3,11,gaussian_lcb_1.96,Gaussian lower bound: mean - 1.96 x SD,gaussian_lcb,1.96,10300,0.1,19,0.0,1,1.0,1000.0,0.0002469135802469136,0.6378435466169613,0.0
dataset,3,11,gaussian_lcb_2.576,Gaussian lower bound: mean - 2.576 x SD,gaussian_lcb,2.576,10300,0.1,19,0.0,1,1.0,1000.0,0.0002469135802469136,0.6281640404567187,0.0
dataset,3,11,finite_gaussian_lcb_1,Finite-row Gaussian bound: mean - 1 x SD,finite_gaussian_lcb,1.0,10300,0.1,19,0.0,1,1.0,1000.0,0.0002469135802469136,0.672,0.0
dataset,3,11,finite_gaussian_lcb_1.645,Finite-row Gaussian bound: mean - 1.645 x SD,finite_gaussian_lcb,1.645,10300,0.1,19,0.0,1,1.0,1000.0,0.0002469135802469136,0.672,0.0
dataset,3,11,finite_gaussian_lcb_1.96,Finite-row Gaussian bound: mean - 1.96 x SD,finite_gaussian_lcb,1.96,10300,0.1,19,0.0,1,1.0,1000.0,0.0002469135802469136,0.672,0.0
dataset,3,11,finite_population_lcb,Anytime finite-population lower bound (delta=0.05),confidence,0.05,10300,0.1,19,0.0,1,1.0,1000.0,0.0002469135802469136,0.672,0.0
dataset,3,12,posterior_mean,Current posterior mean,baseline,,10300,0.1,20,0.0,1,1.0,1000.0,0.0002469135802469136,0.668641984462738,0.0
dataset,3,12,empirical_mean,Observed sample mean,baseline,,10300,0.1,20,0.0,1,1.0,1000.0,0.0002469135802469136,0.672,0.0
dataset,3,12,variance_gate_0.5,Variance gate: v/v0 <= 0.5,variance_gate,0.5,10300,0.1,20,0.0,1,1.0,1000.0,0.0002469135802469136,0.668641975308642,0.0
dataset,3,12,variance_gate_0.2,Variance gate: v/v0 <= 0.2,variance_gate,0.2,10300,0.1,20,0.0,1,1.0,1000.0,0.0002469135802469136,0.668641975308642,0.0
dataset,3,12,variance_gate_0.1,Variance gate: v/v0 <= 0.1,variance_gate,0.1,10300,0.1,20,0.0,1,1.0,1000.0,0.0002469135802469136,0.668641975308642,0.0
dataset,3,12,variance_gate_0.05,Variance gate: v/v0 <= 0.05,variance_gate,0.05,10300,0.1,20,0.0,1,1.0,1000.0,0.0002469135802469136,0.668641975308642,0.0
dataset,3,12,mean_variance_1,Mean - 1 x variance,mean_variance,1.0,10300,0.1,20,0.0,1,1.0,1000.0,0.0002469135802469136,0.6683950617283951,0.0
dataset,3,12,mean_variance_5,Mean - 5 x variance,mean_variance,5.0,10300,0.1,20,0.0,1,1.0,1000.0,0.0002469135802469136,0.6674074074074074,0.0
dataset,3,12,mean_variance_10,Mean - 10 x variance,mean_variance,10.0,10300,0.1,20,0.0,1,1.0,1000.0,0.0002469135802469136,0.6661728395061729,0.0
dataset,3,12,mean_variance_20,Mean - 20 x variance,mean_variance,20.0,10300,0.1,20,0.0,1,1.0,1000.0,0.0002469135802469136,0.6637037037037037,0.0
dataset,3,12,gaussian_lcb_1,Gaussian lower bound: mean - 1 x SD,gaussian_lcb,1.0,10300,0.1,20,0.0,1,1.0,1000.0,0.0002469135802469136,0.6529284912822743,0.0
dataset,3,12,gaussian_lcb_1.645,Gaussian lower bound: mean - 1.645 x SD,gaussian_lcb,1.645,10300,0.1,20,0.0,1,1.0,1000.0,0.0002469135802469136,0.6427932940852671,0.0
dataset,3,12,gaussian_lcb_1.96,Gaussian lower bound: mean - 1.96 x SD,gaussian_lcb,1.96,10300,0.1,20,0.0,1,1.0,1000.0,0.0002469135802469136,0.6378435466169613,0.0
dataset,3,12,gaussian_lcb_2.576,Gaussian lower bound: mean - 2.576 x SD,gaussian_lcb,2.576,10300,0.1,20,0.0,1,1.0,1000.0,0.0002469135802469136,0.6281640404567187,0.0
dataset,3,12,finite_gaussian_lcb_1,Finite-row Gaussian bound: mean - 1 x SD,finite_gaussian_lcb,1.0,10300,0.1,20,0.0,1,1.0,1000.0,0.0002469135802469136,0.672,0.0
dataset,3,12,finite_gaussian_lcb_1.645,Finite-row Gaussian bound: mean - 1.645 x SD,finite_gaussian_lcb,1.645,10300,0.1,20,0.0,1,1.0,1000.0,0.0002469135802469136,0.672,0.0
dataset,3,12,finite_gaussian_lcb_1.96,Finite-row Gaussian bound: mean - 1.96 x SD,finite_gaussian_lcb,1.96,10300,0.1,20,0.0,1,1.0,1000.0,0.0002469135802469136,0.672,0.0
dataset,3,12,finite_population_lcb,Anytime finite-population lower bound (delta=0.05),confidence,0.05,10300,0.1,20,0.0,1,1.0,1000.0,0.0002469135802469136,0.672,0.0
dataset,3,13,posterior_mean,Current posterior mean,baseline,,10300,0.1,19,0.0,1,1.0,1000.0,0.0002469135802469136,0.668641984462738,0.0
dataset,3,13,empirical_mean,Observed sample mean,baseline,,10300,0.1,19,0.0,1,1.0,1000.0,0.0002469135802469136,0.672,0.0
dataset,3,13,variance_gate_0.5,Variance gate: v/v0 <= 0.5,variance_gate,0.5,10300,0.1,19,0.0,1,1.0,1000.0,0.0002469135802469136,0.668641975308642,0.0
dataset,3,13,variance_gate_0.2,Variance gate: v/v0 <= 0.2,variance_gate,0.2,10300,0.1,19,0.0,1,1.0,1000.0,0.0002469135802469136,0.668641975308642,0.0
dataset,3,13,variance_gate_0.1,Variance gate: v/v0 <= 0.1,variance_gate,0.1,10300,0.1,19,0.0,1,1.0,1000.0,0.0002469135802469136,0.668641975308642,0.0
dataset,3,13,variance_gate_0.05,Variance gate: v/v0 <= 0.05,variance_gate,0.05,10300,0.1,19,0.0,1,1.0,1000.0,0.0002469135802469136,0.668641975308642,0.0
dataset,3,13,mean_variance_1,Mean - 1 x variance,mean_variance,1.0,10300,0.1,19,0.0,1,1.0,1000.0,0.0002469135802469136,0.6683950617283951,0.0
dataset,3,13,mean_variance_5,Mean - 5 x variance,mean_variance,5.0,10300,0.1,19,0.0,1,1.0,1000.0,0.0002469135802469136,0.6674074074074074,0.0
dataset,3,13,mean_variance_10,Mean - 10 x variance,mean_variance,10.0,10300,0.1,19,0.0,1,1.0,1000.0,0.0002469135802469136,0.6661728395061729,0.0
dataset,3,13,mean_variance_20,Mean - 20 x variance,mean_variance,20.0,10300,0.1,19,0.0,1,1.0,1000.0,0.0002469135802469136,0.6637037037037037,0.0
dataset,3,13,gaussian_lcb_1,Gaussian lower bound: mean - 1 x SD,gaussian_lcb,1.0,10300,0.1,19,0.0,1,1.0,1000.0,0.0002469135802469136,0.6529284912822743,0.0
dataset,3,13,gaussian_lcb_1.645,Gaussian lower bound: mean - 1.645 x SD,gaussian_lcb,1.645,10300,0.1,19,0.0,1,1.0,1000.0,0.0002469135802469136,0.6427932940852671,0.0
dataset,3,13,gaussian_lcb_1.96,Gaussian lower bound: mean - 1.96 x SD,gaussian_lcb,1.96,10300,0.1,19,0.0,1,1.0,1000.0,0.0002469135802469136,0.6378435466169613,0.0
dataset,3,13,gaussian_lcb_2.576,Gaussian lower bound: mean - 2.576 x SD,gaussian_lcb,2.576,10300,0.1,19,0.0,1,1.0,1000.0,0.0002469135802469136,0.6281640404567187,0.0
dataset,3,13,finite_gaussian_lcb_1,Finite-row Gaussian bound: mean - 1 x SD,finite_gaussian_lcb,1.0,10300,0.1,19,0.0,1,1.0,1000.0,0.0002469135802469136,0.672,0.0
dataset,3,13,finite_gaussian_lcb_1.645,Finite-row Gaussian bound: mean - 1.645 x SD,finite_gaussian_lcb,1.645,10300,0.1,19,0.0,1,1.0,1000.0,0.0002469135802469136,0.672,0.0
dataset,3,13,finite_gaussian_lcb_1.96,Finite-row Gaussian bound: mean - 1.96 x SD,finite_gaussian_lcb,1.96,10300,0.1,19,0.0,1,1.0,1000.0,0.0002469135802469136,0.672,0.0
dataset,3,13,finite_population_lcb,Anytime finite-population lower bound (delta=0.05),confidence,0.05,10300,0.1,19,0.0,1,1.0,1000.0,0.0002469135802469136,0.672,0.0
dataset,3,14,posterior_mean,Current posterior mean,baseline,,10300,0.1,19,0.0,1,1.0,1000.0,0.0002469135802469136,0.668641984462738,0.0
dataset,3,14,empirical_mean,Observed sample mean,baseline,,10300,0.1,19,0.0,1,1.0,1000.0,0.0002469135802469136,0.672,0.0
dataset,3,14,variance_gate_0.5,Variance gate: v/v0 <= 0.5,variance_gate,0.5,10300,0.1,19,0.0,1,1.0,1000.0,0.0002469135802469136,0.668641975308642,0.0
dataset,3,14,variance_gate_0.2,Variance gate: v/v0 <= 0.2,variance_gate,0.2,10300,0.1,19,0.0,1,1.0,1000.0,0.0002469135802469136,0.668641975308642,0.0
dataset,3,14,variance_gate_0.1,Variance gate: v/v0 <= 0.1,variance_gate,0.1,10300,0.1,19,0.0,1,1.0,1000.0,0.0002469135802469136,0.668641975308642,0.0
dataset,3,14,variance_gate_0.05,Variance gate: v/v0 <= 0.05,variance_gate,0.05,10300,0.1,19,0.0,1,1.0,1000.0,0.0002469135802469136,0.668641975308642,0.0
dataset,3,14,mean_variance_1,Mean - 1 x variance,mean_variance,1.0,10300,0.1,19,0.0,1,1.0,1000.0,0.0002469135802469136,0.6683950617283951,0.0
dataset,3,14,mean_variance_5,Mean - 5 x variance,mean_variance,5.0,10300,0.1,19,0.0,1,1.0,1000.0,0.0002469135802469136,0.6674074074074074,0.0
dataset,3,14,mean_variance_10,Mean - 10 x variance,mean_variance,10.0,10300,0.1,19,0.0,1,1.0,1000.0,0.0002469135802469136,0.6661728395061729,0.0
dataset,3,14,mean_variance_20,Mean - 20 x variance,mean_variance,20.0,10300,0.1,19,0.0,1,1.0,1000.0,0.0002469135802469136,0.6637037037037037,0.0
dataset,3,14,gaussian_lcb_1,Gaussian lower bound: mean - 1 x SD,gaussian_lcb,1.0,10300,0.1,19,0.0,1,1.0,1000.0,0.0002469135802469136,0.6529284912822743,0.0
dataset,3,14,gaussian_lcb_1.645,Gaussian lower bound: mean - 1.645 x SD,gaussian_lcb,1.645,10300,0.1,19,0.0,1,1.0,1000.0,0.0002469135802469136,0.6427932940852671,0.0
dataset,3,14,gaussian_lcb_1.96,Gaussian lower bound: mean - 1.96 x SD,gaussian_lcb,1.96,10300,0.1,19,0.0,1,1.0,1000.0,0.0002469135802469136,0.6378435466169613,0.0
dataset,3,14,gaussian_lcb_2.576,Gaussian lower bound: mean - 2.576 x SD,gaussian_lcb,2.576,10300,0.1,19,0.0,1,1.0,1000.0,0.0002469135802469136,0.6281640404567187,0.0
dataset,3,14,finite_gaussian_lcb_1,Finite-row Gaussian bound: mean - 1 x SD,finite_gaussian_lcb,1.0,10300,0.1,19,0.0,1,1.0,1000.0,0.0002469135802469136,0.672,0.0
dataset,3,14,finite_gaussian_lcb_1.645,Finite-row Gaussian bound: mean - 1.645 x SD,finite_gaussian_lcb,1.645,10300,0.1,19,0.0,1,1.0,1000.0,0.0002469135802469136,0.672,0.0
dataset,3,14,finite_gaussian_lcb_1.96,Finite-row Gaussian bound: mean - 1.96 x SD,finite_gaussian_lcb,1.96,10300,0.1,19,0.0,1,1.0,1000.0,0.0002469135802469136,0.672,0.0
dataset,3,14,finite_population_lcb,Anytime finite-population lower bound (delta=0.05),confidence,0.05,10300,0.1,19,0.0,1,1.0,1000.0,0.0002469135802469136,0.672,0.0
dataset,3,15,posterior_mean,Current posterior mean,baseline,,10300,0.1,19,0.0,1,1.0,1000.0,0.0002469135802469136,0.668641984462738,0.0
dataset,3,15,empirical_mean,Observed sample mean,baseline,,10300,0.1,19,0.0,1,1.0,1000.0,0.0002469135802469136,0.672,0.0
dataset,3,15,variance_gate_0.5,Variance gate: v/v0 <= 0.5,variance_gate,0.5,10300,0.1,19,0.0,1,1.0,1000.0,0.0002469135802469136,0.668641975308642,0.0
dataset,3,15,variance_gate_0.2,Variance gate: v/v0 <= 0.2,variance_gate,0.2,10300,0.1,19,0.0,1,1.0,1000.0,0.0002469135802469136,0.668641975308642,0.0
dataset,3,15,variance_gate_0.1,Variance gate: v/v0 <= 0.1,variance_gate,0.1,10300,0.1,19,0.0,1,1.0,1000.0,0.0002469135802469136,0.668641975308642,0.0
dataset,3,15,variance_gate_0.05,Variance gate: v/v0 <= 0.05,variance_gate,0.05,10300,0.1,19,0.0,1,1.0,1000.0,0.0002469135802469136,0.668641975308642,0.0
dataset,3,15,mean_variance_1,Mean - 1 x variance,mean_variance,1.0,10300,0.1,19,0.0,1,1.0,1000.0,0.0002469135802469136,0.6683950617283951,0.0
dataset,3,15,mean_variance_5,Mean - 5 x variance,mean_variance,5.0,10300,0.1,19,0.0,1,1.0,1000.0,0.0002469135802469136,0.6674074074074074,0.0
dataset,3,15,mean_variance_10,Mean - 10 x variance,mean_variance,10.0,10300,0.1,19,0.0,1,1.0,1000.0,0.0002469135802469136,0.6661728395061729,0.0
dataset,3,15,mean_variance_20,Mean - 20 x variance,mean_variance,20.0,10300,0.1,19,0.0,1,1.0,1000.0,0.0002469135802469136,0.6637037037037037,0.0
dataset,3,15,gaussian_lcb_1,Gaussian lower bound: mean - 1 x SD,gaussian_lcb,1.0,10300,0.1,19,0.0,1,1.0,1000.0,0.0002469135802469136,0.6529284912822743,0.0
dataset,3,15,gaussian_lcb_1.645,Gaussian lower bound: mean - 1.645 x SD,gaussian_lcb,1.645,10300,0.1,19,0.0,1,1.0,1000.0,0.0002469135802469136,0.6427932940852671,0.0
dataset,3,15,gaussian_lcb_1.96,Gaussian lower bound: mean - 1.96 x SD,gaussian_lcb,1.96,10300,0.1,19,0.0,1,1.0,1000.0,0.0002469135802469136,0.6378435466169613,0.0
dataset,3,15,gaussian_lcb_2.576,Gaussian lower bound: mean - 2.576 x SD,gaussian_lcb,2.576,10300,0.1,19,0.0,1,1.0,1000.0,0.0002469135802469136,0.6281640404567187,0.0
dataset,3,15,finite_gaussian_lcb_1,Finite-row Gaussian bound: mean - 1 x SD,finite_gaussian_lcb,1.0,10300,0.1,19,0.0,1,1.0,1000.0,0.0002469135802469136,0.672,0.0
dataset,3,15,finite_gaussian_lcb_1.645,Finite-row Gaussian bound: mean - 1.645 x SD,finite_gaussian_lcb,1.645,10300,0.1,19,0.0,1,1.0,1000.0,0.0002469135802469136,0.672,0.0
dataset,3,15,finite_gaussian_lcb_1.96,Finite-row Gaussian bound: mean - 1.96 x SD,finite_gaussian_lcb,1.96,10300,0.1,19,0.0,1,1.0,1000.0,0.0002469135802469136,0.672,0.0
dataset,3,15,finite_population_lcb,Anytime finite-population lower bound (delta=0.05),confidence,0.05,10300,0.1,19,0.0,1,1.0,1000.0,0.0002469135802469136,0.672,0.0
dataset,3,16,posterior_mean,Current posterior mean,baseline,,10300,0.1,19,0.0,1,1.0,1000.0,0.0002469135802469136,0.668641984462738,0.0
dataset,3,16,empirical_mean,Observed sample mean,baseline,,10300,0.1,19,0.0,1,1.0,1000.0,0.0002469135802469136,0.672,0.0
dataset,3,16,variance_gate_0.5,Variance gate: v/v0 <= 0.5,variance_gate,0.5,10300,0.1,19,0.0,1,1.0,1000.0,0.0002469135802469136,0.668641975308642,0.0
dataset,3,16,variance_gate_0.2,Variance gate: v/v0 <= 0.2,variance_gate,0.2,10300,0.1,19,0.0,1,1.0,1000.0,0.0002469135802469136,0.668641975308642,0.0
dataset,3,16,variance_gate_0.1,Variance gate: v/v0 <= 0.1,variance_gate,0.1,10300,0.1,19,0.0,1,1.0,1000.0,0.0002469135802469136,0.668641975308642,0.0
dataset,3,16,variance_gate_0.05,Variance gate: v/v0 <= 0.05,variance_gate,0.05,10300,0.1,19,0.0,1,1.0,1000.0,0.0002469135802469136,0.668641975308642,0.0
dataset,3,16,mean_variance_1,Mean - 1 x variance,mean_variance,1.0,10300,0.1,19,0.0,1,1.0,1000.0,0.0002469135802469136,0.6683950617283951,0.0
dataset,3,16,mean_variance_5,Mean - 5 x variance,mean_variance,5.0,10300,0.1,19,0.0,1,1.0,1000.0,0.0002469135802469136,0.6674074074074074,0.0
dataset,3,16,mean_variance_10,Mean - 10 x variance,mean_variance,10.0,10300,0.1,19,0.0,1,1.0,1000.0,0.0002469135802469136,0.6661728395061729,0.0
dataset,3,16,mean_variance_20,Mean - 20 x variance,mean_variance,20.0,10300,0.1,19,0.0,1,1.0,1000.0,0.0002469135802469136,0.6637037037037037,0.0
dataset,3,16,gaussian_lcb_1,Gaussian lower bound: mean - 1 x SD,gaussian_lcb,1.0,10300,0.1,19,0.0,1,1.0,1000.0,0.0002469135802469136,0.6529284912822743,0.0
dataset,3,16,gaussian_lcb_1.645,Gaussian lower bound: mean - 1.645 x SD,gaussian_lcb,1.645,10300,0.1,19,0.0,1,1.0,1000.0,0.0002469135802469136,0.6427932940852671,0.0
dataset,3,16,gaussian_lcb_1.96,Gaussian lower bound: mean - 1.96 x SD,gaussian_lcb,1.96,10300,0.1,19,0.0,1,1.0,1000.0,0.0002469135802469136,0.6378435466169613,0.0
dataset,3,16,gaussian_lcb_2.576,Gaussian lower bound: mean - 2.576 x SD,gaussian_lcb,2.576,10300,0.1,19,0.0,1,1.0,1000.0,0.0002469135802469136,0.6281640404567187,0.0
dataset,3,16,finite_gaussian_lcb_1,Finite-row Gaussian bound: mean - 1 x SD,finite_gaussian_lcb,1.0,10300,0.1,19,0.0,1,1.0,1000.0,0.0002469135802469136,0.672,0.0
dataset,3,16,finite_gaussian_lcb_1.645,Finite-row Gaussian bound: mean - 1.645 x SD,finite_gaussian_lcb,1.645,10300,0.1,19,0.0,1,1.0,1000.0,0.0002469135802469136,0.672,0.0
dataset,3,16,finite_gaussian_lcb_1.96,Finite-row Gaussian bound: mean - 1.96 x SD,finite_gaussian_lcb,1.96,10300,0.1,19,0.0,1,1.0,1000.0,0.0002469135802469136,0.672,0.0
dataset,3,16,finite_population_lcb,Anytime finite-population lower bound (delta=0.05),confidence,0.05,10300,0.1,19,0.0,1,1.0,1000.0,0.0002469135802469136,0.672,0.0
dataset,3,17,posterior_mean,Current posterior mean,baseline,,10300,0.1,19,0.0,1,1.0,1000.0,0.0002469135802469136,0.668641984462738,0.0
dataset,3,17,empirical_mean,Observed sample mean,baseline,,10300,0.1,19,0.0,1,1.0,1000.0,0.0002469135802469136,0.672,0.0
dataset,3,17,variance_gate_0.5,Variance gate: v/v0 <= 0.5,variance_gate,0.5,10300,0.1,19,0.0,1,1.0,1000.0,0.0002469135802469136,0.668641975308642,0.0
dataset,3,17,variance_gate_0.2,Variance gate: v/v0 <= 0.2,variance_gate,0.2,10300,0.1,19,0.0,1,1.0,1000.0,0.0002469135802469136,0.668641975308642,0.0
dataset,3,17,variance_gate_0.1,Variance gate: v/v0 <= 0.1,variance_gate,0.1,10300,0.1,19,0.0,1,1.0,1000.0,0.0002469135802469136,0.668641975308642,0.0
dataset,3,17,variance_gate_0.05,Variance gate: v/v0 <= 0.05,variance_gate,0.05,10300,0.1,19,0.0,1,1.0,1000.0,0.0002469135802469136,0.668641975308642,0.0
dataset,3,17,mean_variance_1,Mean - 1 x variance,mean_variance,1.0,10300,0.1,19,0.0,1,1.0,1000.0,0.0002469135802469136,0.6683950617283951,0.0
dataset,3,17,mean_variance_5,Mean - 5 x variance,mean_variance,5.0,10300,0.1,19,0.0,1,1.0,1000.0,0.0002469135802469136,0.6674074074074074,0.0
dataset,3,17,mean_variance_10,Mean - 10 x variance,mean_variance,10.0,10300,0.1,19,0.0,1,1.0,1000.0,0.0002469135802469136,0.6661728395061729,0.0
dataset,3,17,mean_variance_20,Mean - 20 x variance,mean_variance,20.0,10300,0.1,19,0.0,1,1.0,1000.0,0.0002469135802469136,0.6637037037037037,0.0
dataset,3,17,gaussian_lcb_1,Gaussian lower bound: mean - 1 x SD,gaussian_lcb,1.0,10300,0.1,19,0.0,1,1.0,1000.0,0.0002469135802469136,0.6529284912822743,0.0
dataset,3,17,gaussian_lcb_1.645,Gaussian lower bound: mean - 1.645 x SD,gaussian_lcb,1.645,10300,0.1,19,0.0,1,1.0,1000.0,0.0002469135802469136,0.6427932940852671,0.0
dataset,3,17,gaussian_lcb_1.96,Gaussian lower bound: mean - 1.96 x SD,gaussian_lcb,1.96,10300,0.1,19,0.0,1,1.0,1000.0,0.0002469135802469136,0.6378435466169613,0.0
dataset,3,17,gaussian_lcb_2.576,Gaussian lower bound: mean - 2.576 x SD,gaussian_lcb,2.576,10300,0.1,19,0.0,1,1.0,1000.0,0.0002469135802469136,0.6281640404567187,0.0
dataset,3,17,finite_gaussian_lcb_1,Finite-row Gaussian bound: mean - 1 x SD,finite_gaussian_lcb,1.0,10300,0.1,19,0.0,1,1.0,1000.0,0.0002469135802469136,0.672,0.0
dataset,3,17,finite_gaussian_lcb_1.645,Finite-row Gaussian bound: mean - 1.645 x SD,finite_gaussian_lcb,1.645,10300,0.1,19,0.0,1,1.0,1000.0,0.0002469135802469136,0.672,0.0
dataset,3,17,finite_gaussian_lcb_1.96,Finite-row Gaussian bound: mean - 1.96 x SD,finite_gaussian_lcb,1.96,10300,0.1,19,0.0,1,1.0,1000.0,0.0002469135802469136,0.672,0.0
dataset,3,17,finite_population_lcb,Anytime finite-population lower bound (delta=0.05),confidence,0.05,10300,0.1,19,0.0,1,1.0,1000.0,0.0002469135802469136,0.672,0.0
dataset,3,18,posterior_mean,Current posterior mean,baseline,,10300,0.1,19,0.0,1,1.0,1000.0,0.0002469135802469136,0.668641984462738,0.0
dataset,3,18,empirical_mean,Observed sample mean,baseline,,10300,0.1,19,0.0,1,1.0,1000.0,0.0002469135802469136,0.672,0.0
dataset,3,18,variance_gate_0.5,Variance gate: v/v0 <= 0.5,variance_gate,0.5,10300,0.1,19,0.0,1,1.0,1000.0,0.0002469135802469136,0.668641975308642,0.0
dataset,3,18,variance_gate_0.2,Variance gate: v/v0 <= 0.2,variance_gate,0.2,10300,0.1,19,0.0,1,1.0,1000.0,0.0002469135802469136,0.668641975308642,0.0
dataset,3,18,variance_gate_0.1,Variance gate: v/v0 <= 0.1,variance_gate,0.1,10300,0.1,19,0.0,1,1.0,1000.0,0.0002469135802469136,0.668641975308642,0.0
dataset,3,18,variance_gate_0.05,Variance gate: v/v0 <= 0.05,variance_gate,0.05,10300,0.1,19,0.0,1,1.0,1000.0,0.0002469135802469136,0.668641975308642,0.0
dataset,3,18,mean_variance_1,Mean - 1 x variance,mean_variance,1.0,10300,0.1,19,0.0,1,1.0,1000.0,0.0002469135802469136,0.6683950617283951,0.0
dataset,3,18,mean_variance_5,Mean - 5 x variance,mean_variance,5.0,10300,0.1,19,0.0,1,1.0,1000.0,0.0002469135802469136,0.6674074074074074,0.0
dataset,3,18,mean_variance_10,Mean - 10 x variance,mean_variance,10.0,10300,0.1,19,0.0,1,1.0,1000.0,0.0002469135802469136,0.6661728395061729,0.0
dataset,3,18,mean_variance_20,Mean - 20 x variance,mean_variance,20.0,10300,0.1,19,0.0,1,1.0,1000.0,0.0002469135802469136,0.6637037037037037,0.0
dataset,3,18,gaussian_lcb_1,Gaussian lower bound: mean - 1 x SD,gaussian_lcb,1.0,10300,0.1,19,0.0,1,1.0,1000.0,0.0002469135802469136,0.6529284912822743,0.0
dataset,3,18,gaussian_lcb_1.645,Gaussian lower bound: mean - 1.645 x SD,gaussian_lcb,1.645,10300,0.1,19,0.0,1,1.0,1000.0,0.0002469135802469136,0.6427932940852671,0.0
dataset,3,18,gaussian_lcb_1.96,Gaussian lower bound: mean - 1.96 x SD,gaussian_lcb,1.96,10300,0.1,19,0.0,1,1.0,1000.0,0.0002469135802469136,0.6378435466169613,0.0
dataset,3,18,gaussian_lcb_2.576,Gaussian lower bound: mean - 2.576 x SD,gaussian_lcb,2.576,10300,0.1,19,0.0,1,1.0,1000.0,0.0002469135802469136,0.6281640404567187,0.0
dataset,3,18,finite_gaussian_lcb_1,Finite-row Gaussian bound: mean - 1 x SD,finite_gaussian_lcb,1.0,10300,0.1,19,0.0,1,1.0,1000.0,0.0002469135802469136,0.672,0.0
dataset,3,18,finite_gaussian_lcb_1.645,Finite-row Gaussian bound: mean - 1.645 x SD,finite_gaussian_lcb,1.645,10300,0.1,19,0.0,1,1.0,1000.0,0.0002469135802469136,0.672,0.0
dataset,3,18,finite_gaussian_lcb_1.96,Finite-row Gaussian bound: mean - 1.96 x SD,finite_gaussian_lcb,1.96,10300,0.1,19,0.0,1,1.0,1000.0,0.0002469135802469136,0.672,0.0
dataset,3,18,finite_population_lcb,Anytime finite-population lower bound (delta=0.05),confidence,0.05,10300,0.1,19,0.0,1,1.0,1000.0,0.0002469135802469136,0.672,0.0
dataset,3,19,posterior_mean,Current posterior mean,baseline,,10300,0.1,20,0.0,1,1.0,1000.0,0.0002469135802469136,0.668641984462738,0.0
dataset,3,19,empirical_mean,Observed sample mean,baseline,,10300,0.1,20,0.0,1,1.0,1000.0,0.0002469135802469136,0.672,0.0
dataset,3,19,variance_gate_0.5,Variance gate: v/v0 <= 0.5,variance_gate,0.5,10300,0.1,20,0.0,1,1.0,1000.0,0.0002469135802469136,0.668641975308642,0.0
dataset,3,19,variance_gate_0.2,Variance gate: v/v0 <= 0.2,variance_gate,0.2,10300,0.1,20,0.0,1,1.0,1000.0,0.0002469135802469136,0.668641975308642,0.0
dataset,3,19,variance_gate_0.1,Variance gate: v/v0 <= 0.1,variance_gate,0.1,10300,0.1,20,0.0,1,1.0,1000.0,0.0002469135802469136,0.668641975308642,0.0
dataset,3,19,variance_gate_0.05,Variance gate: v/v0 <= 0.05,variance_gate,0.05,10300,0.1,20,0.0,1,1.0,1000.0,0.0002469135802469136,0.668641975308642,0.0
dataset,3,19,mean_variance_1,Mean - 1 x variance,mean_variance,1.0,10300,0.1,20,0.0,1,1.0,1000.0,0.0002469135802469136,0.6683950617283951,0.0
dataset,3,19,mean_variance_5,Mean - 5 x variance,mean_variance,5.0,10300,0.1,20,0.0,1,1.0,1000.0,0.0002469135802469136,0.6674074074074074,0.0
dataset,3,19,mean_variance_10,Mean - 10 x variance,mean_variance,10.0,10300,0.1,20,0.0,1,1.0,1000.0,0.0002469135802469136,0.6661728395061729,0.0
dataset,3,19,mean_variance_20,Mean - 20 x variance,mean_variance,20.0,10300,0.1,20,0.0,1,1.0,1000.0,0.0002469135802469136,0.6637037037037037,0.0
dataset,3,19,gaussian_lcb_1,Gaussian lower bound: mean - 1 x SD,gaussian_lcb,1.0,10300,0.1,20,0.0,1,1.0,1000.0,0.0002469135802469136,0.6529284912822743,0.0
dataset,3,19,gaussian_lcb_1.645,Gaussian lower bound: mean - 1.645 x SD,gaussian_lcb,1.645,10300,0.1,20,0.0,1,1.0,1000.0,0.0002469135802469136,0.6427932940852671,0.0
dataset,3,19,gaussian_lcb_1.96,Gaussian lower bound: mean - 1.96 x SD,gaussian_lcb,1.96,10300,0.1,20,0.0,1,1.0,1000.0,0.0002469135802469136,0.6378435466169613,0.0
dataset,3,19,gaussian_lcb_2.576,Gaussian lower bound: mean - 2.576 x SD,gaussian_lcb,2.576,10300,0.1,20,0.0,1,1.0,1000.0,0.0002469135802469136,0.6281640404567187,0.0
dataset,3,19,finite_gaussian_lcb_1,Finite-row Gaussian bound: mean - 1 x SD,finite_gaussian_lcb,1.0,10300,0.1,20,0.0,1,1.0,1000.0,0.0002469135802469136,0.672,0.0
dataset,3,19,finite_gaussian_lcb_1.645,Finite-row Gaussian bound: mean - 1.645 x SD,finite_gaussian_lcb,1.645,10300,0.1,20,0.0,1,1.0,1000.0,0.0002469135802469136,0.672,0.0
dataset,3,19,finite_gaussian_lcb_1.96,Finite-row Gaussian bound: mean - 1.96 x SD,finite_gaussian_lcb,1.96,10300,0.1,20,0.0,1,1.0,1000.0,0.0002469135802469136,0.672,0.0
dataset,3,19,finite_population_lcb,Anytime finite-population lower bound (delta=0.05),confidence,0.05,10300,0.1,20,0.0,1,1.0,1000.0,0.0002469135802469136,0.672,0.0
dataset,4,0,posterior_mean,Current posterior mean,baseline,,10300,0.1,20,0.0,1,1.0,1000.0,0.0002469135802469136,0.668641984462738,0.0
dataset,4,0,empirical_mean,Observed sample mean,baseline,,10300,0.1,20,0.0,1,1.0,1000.0,0.0002469135802469136,0.672,0.0
dataset,4,0,variance_gate_0.5,Variance gate: v/v0 <= 0.5,variance_gate,0.5,10300,0.1,20,0.0,1,1.0,1000.0,0.0002469135802469136,0.668641975308642,0.0
dataset,4,0,variance_gate_0.2,Variance gate: v/v0 <= 0.2,variance_gate,0.2,10300,0.1,20,0.0,1,1.0,1000.0,0.0002469135802469136,0.668641975308642,0.0
dataset,4,0,variance_gate_0.1,Variance gate: v/v0 <= 0.1,variance_gate,0.1,10300,0.1,20,0.0,1,1.0,1000.0,0.0002469135802469136,0.668641975308642,0.0
dataset,4,0,variance_gate_0.05,Variance gate: v/v0 <= 0.05,variance_gate,0.05,10300,0.1,20,0.0,1,1.0,1000.0,0.0002469135802469136,0.668641975308642,0.0
dataset,4,0,mean_variance_1,Mean - 1 x variance,mean_variance,1.0,10300,0.1,20,0.0,1,1.0,1000.0,0.0002469135802469136,0.6683950617283951,0.0
dataset,4,0,mean_variance_5,Mean - 5 x variance,mean_variance,5.0,10300,0.1,20,0.0,1,1.0,1000.0,0.0002469135802469136,0.6674074074074074,0.0
dataset,4,0,mean_variance_10,Mean - 10 x variance,mean_variance,10.0,10300,0.1,20,0.0,1,1.0,1000.0,0.0002469135802469136,0.6661728395061729,0.0
dataset,4,0,mean_variance_20,Mean - 20 x variance,mean_variance,20.0,10300,0.1,20,0.0,1,1.0,1000.0,0.0002469135802469136,0.6637037037037037,0.0
dataset,4,0,gaussian_lcb_1,Gaussian lower bound: mean - 1 x SD,gaussian_lcb,1.0,10300,0.1,20,0.0,1,1.0,1000.0,0.0002469135802469136,0.6529284912822743,0.0
dataset,4,0,gaussian_lcb_1.645,Gaussian lower bound: mean - 1.645 x SD,gaussian_lcb,1.645,10300,0.1,20,0.0,1,1.0,1000.0,0.0002469135802469136,0.6427932940852671,0.0
dataset,4,0,gaussian_lcb_1.96,Gaussian lower bound: mean - 1.96 x SD,gaussian_lcb,1.96,10300,0.1,20,0.0,1,1.0,1000.0,0.0002469135802469136,0.6378435466169613,0.0
dataset,4,0,gaussian_lcb_2.576,Gaussian lower bound: mean - 2.576 x SD,gaussian_lcb,2.576,10300,0.1,20,0.0,1,1.0,1000.0,0.0002469135802469136,0.6281640404567187,0.0
dataset,4,0,finite_gaussian_lcb_1,Finite-row Gaussian bound: mean - 1 x SD,finite_gaussian_lcb,1.0,10300,0.1,20,0.0,1,1.0,1000.0,0.0002469135802469136,0.672,0.0
dataset,4,0,finite_gaussian_lcb_1.645,Finite-row Gaussian bound: mean - 1.645 x SD,finite_gaussian_lcb,1.645,10300,0.1,20,0.0,1,1.0,1000.0,0.0002469135802469136,0.672,0.0
dataset,4,0,finite_gaussian_lcb_1.96,Finite-row Gaussian bound: mean - 1.96 x SD,finite_gaussian_lcb,1.96,10300,0.1,20,0.0,1,1.0,1000.0,0.0002469135802469136,0.672,0.0
dataset,4,0,finite_population_lcb,Anytime finite-population lower bound (delta=0.05),confidence,0.05,10300,0.1,20,0.0,1,1.0,1000.0,0.0002469135802469136,0.672,0.0
dataset,4,1,posterior_mean,Current posterior mean,baseline,,10300,0.1,19,0.0,1,1.0,1000.0,0.0002469135802469136,0.668641984462738,0.0
dataset,4,1,empirical_mean,Observed sample mean,baseline,,10300,0.1,19,0.0,1,1.0,1000.0,0.0002469135802469136,0.672,0.0
dataset,4,1,variance_gate_0.5,Variance gate: v/v0 <= 0.5,variance_gate,0.5,10300,0.1,19,0.0,1,1.0,1000.0,0.0002469135802469136,0.668641975308642,0.0
dataset,4,1,variance_gate_0.2,Variance gate: v/v0 <= 0.2,variance_gate,0.2,10300,0.1,19,0.0,1,1.0,1000.0,0.0002469135802469136,0.668641975308642,0.0
dataset,4,1,variance_gate_0.1,Variance gate: v/v0 <= 0.1,variance_gate,0.1,10300,0.1,19,0.0,1,1.0,1000.0,0.0002469135802469136,0.668641975308642,0.0
dataset,4,1,variance_gate_0.05,Variance gate: v/v0 <= 0.05,variance_gate,0.05,10300,0.1,19,0.0,1,1.0,1000.0,0.0002469135802469136,0.668641975308642,0.0
dataset,4,1,mean_variance_1,Mean - 1 x variance,mean_variance,1.0,10300,0.1,19,0.0,1,1.0,1000.0,0.0002469135802469136,0.6683950617283951,0.0
dataset,4,1,mean_variance_5,Mean - 5 x variance,mean_variance,5.0,10300,0.1,19,0.0,1,1.0,1000.0,0.0002469135802469136,0.6674074074074074,0.0
dataset,4,1,mean_variance_10,Mean - 10 x variance,mean_variance,10.0,10300,0.1,19,0.0,1,1.0,1000.0,0.0002469135802469136,0.6661728395061729,0.0
dataset,4,1,mean_variance_20,Mean - 20 x variance,mean_variance,20.0,10300,0.1,19,0.0,1,1.0,1000.0,0.0002469135802469136,0.6637037037037037,0.0
dataset,4,1,gaussian_lcb_1,Gaussian lower bound: mean - 1 x SD,gaussian_lcb,1.0,10300,0.1,19,0.0,1,1.0,1000.0,0.0002469135802469136,0.6529284912822743,0.0
dataset,4,1,gaussian_lcb_1.645,Gaussian lower bound: mean - 1.645 x SD,gaussian_lcb,1.645,10300,0.1,19,0.0,1,1.0,1000.0,0.0002469135802469136,0.6427932940852671,0.0
dataset,4,1,gaussian_lcb_1.96,Gaussian lower bound: mean - 1.96 x SD,gaussian_lcb,1.96,10300,0.1,19,0.0,1,1.0,1000.0,0.0002469135802469136,0.6378435466169613,0.0
dataset,4,1,gaussian_lcb_2.576,Gaussian lower bound: mean - 2.576 x SD,gaussian_lcb,2.576,10300,0.1,19,0.0,1,1.0,1000.0,0.0002469135802469136,0.6281640404567187,0.0
dataset,4,1,finite_gaussian_lcb_1,Finite-row Gaussian bound: mean - 1 x SD,finite_gaussian_lcb,1.0,10300,0.1,19,0.0,1,1.0,1000.0,0.0002469135802469136,0.672,0.0
dataset,4,1,finite_gaussian_lcb_1.645,Finite-row Gaussian bound: mean - 1.645 x SD,finite_gaussian_lcb,1.645,10300,0.1,19,0.0,1,1.0,1000.0,0.0002469135802469136,0.672,0.0
dataset,4,1,finite_gaussian_lcb_1.96,Finite-row Gaussian bound: mean - 1.96 x SD,finite_gaussian_lcb,1.96,10300,0.1,19,0.0,1,1.0,1000.0,0.0002469135802469136,0.672,0.0
dataset,4,1,finite_population_lcb,Anytime finite-population lower bound (delta=0.05),confidence,0.05,10300,0.1,19,0.0,1,1.0,1000.0,0.0002469135802469136,0.672,0.0
dataset,4,2,posterior_mean,Current posterior mean,baseline,,10300,0.1,19,0.0,1,1.0,1000.0,0.0002469135802469136,0.668641984462738,0.0
dataset,4,2,empirical_mean,Observed sample mean,baseline,,10300,0.1,19,0.0,1,1.0,1000.0,0.0002469135802469136,0.672,0.0
dataset,4,2,variance_gate_0.5,Variance gate: v/v0 <= 0.5,variance_gate,0.5,10300,0.1,19,0.0,1,1.0,1000.0,0.0002469135802469136,0.668641975308642,0.0
dataset,4,2,variance_gate_0.2,Variance gate: v/v0 <= 0.2,variance_gate,0.2,10300,0.1,19,0.0,1,1.0,1000.0,0.0002469135802469136,0.668641975308642,0.0
dataset,4,2,variance_gate_0.1,Variance gate: v/v0 <= 0.1,variance_gate,0.1,10300,0.1,19,0.0,1,1.0,1000.0,0.0002469135802469136,0.668641975308642,0.0
dataset,4,2,variance_gate_0.05,Variance gate: v/v0 <= 0.05,variance_gate,0.05,10300,0.1,19,0.0,1,1.0,1000.0,0.0002469135802469136,0.668641975308642,0.0
dataset,4,2,mean_variance_1,Mean - 1 x variance,mean_variance,1.0,10300,0.1,19,0.0,1,1.0,1000.0,0.0002469135802469136,0.6683950617283951,0.0
dataset,4,2,mean_variance_5,Mean - 5 x variance,mean_variance,5.0,10300,0.1,19,0.0,1,1.0,1000.0,0.0002469135802469136,0.6674074074074074,0.0
dataset,4,2,mean_variance_10,Mean - 10 x variance,mean_variance,10.0,10300,0.1,19,0.0,1,1.0,1000.0,0.0002469135802469136,0.6661728395061729,0.0
dataset,4,2,mean_variance_20,Mean - 20 x variance,mean_variance,20.0,10300,0.1,19,0.0,1,1.0,1000.0,0.0002469135802469136,0.6637037037037037,0.0
dataset,4,2,gaussian_lcb_1,Gaussian lower bound: mean - 1 x SD,gaussian_lcb,1.0,10300,0.1,19,0.0,1,1.0,1000.0,0.0002469135802469136,0.6529284912822743,0.0
dataset,4,2,gaussian_lcb_1.645,Gaussian lower bound: mean - 1.645 x SD,gaussian_lcb,1.645,10300,0.1,19,0.0,1,1.0,1000.0,0.0002469135802469136,0.6427932940852671,0.0
dataset,4,2,gaussian_lcb_1.96,Gaussian lower bound: mean - 1.96 x SD,gaussian_lcb,1.96,10300,0.1,19,0.0,1,1.0,1000.0,0.0002469135802469136,0.6378435466169613,0.0
dataset,4,2,gaussian_lcb_2.576,Gaussian lower bound: mean - 2.576 x SD,gaussian_lcb,2.576,10300,0.1,19,0.0,1,1.0,1000.0,0.0002469135802469136,0.6281640404567187,0.0
dataset,4,2,finite_gaussian_lcb_1,Finite-row Gaussian bound: mean - 1 x SD,finite_gaussian_lcb,1.0,10300,0.1,19,0.0,1,1.0,1000.0,0.0002469135802469136,0.672,0.0
dataset,4,2,finite_gaussian_lcb_1.645,Finite-row Gaussian bound: mean - 1.645 x SD,finite_gaussian_lcb,1.645,10300,0.1,19,0.0,1,1.0,1000.0,0.0002469135802469136,0.672,0.0
dataset,4,2,finite_gaussian_lcb_1.96,Finite-row Gaussian bound: mean - 1.96 x SD,finite_gaussian_lcb,1.96,10300,0.1,19,0.0,1,1.0,1000.0,0.0002469135802469136,0.672,0.0
dataset,4,2,finite_population_lcb,Anytime finite-population lower bound (delta=0.05),confidence,0.05,10300,0.1,19,0.0,1,1.0,1000.0,0.0002469135802469136,0.672,0.0
dataset,4,3,posterior_mean,Current posterior mean,baseline,,10300,0.1,19,0.0,1,1.0,1000.0,0.0002469135802469136,0.668641984462738,0.0
dataset,4,3,empirical_mean,Observed sample mean,baseline,,10300,0.1,19,0.0,1,1.0,1000.0,0.0002469135802469136,0.672,0.0
dataset,4,3,variance_gate_0.5,Variance gate: v/v0 <= 0.5,variance_gate,0.5,10300,0.1,19,0.0,1,1.0,1000.0,0.0002469135802469136,0.668641975308642,0.0
dataset,4,3,variance_gate_0.2,Variance gate: v/v0 <= 0.2,variance_gate,0.2,10300,0.1,19,0.0,1,1.0,1000.0,0.0002469135802469136,0.668641975308642,0.0
dataset,4,3,variance_gate_0.1,Variance gate: v/v0 <= 0.1,variance_gate,0.1,10300,0.1,19,0.0,1,1.0,1000.0,0.0002469135802469136,0.668641975308642,0.0
dataset,4,3,variance_gate_0.05,Variance gate: v/v0 <= 0.05,variance_gate,0.05,10300,0.1,19,0.0,1,1.0,1000.0,0.0002469135802469136,0.668641975308642,0.0
dataset,4,3,mean_variance_1,Mean - 1 x variance,mean_variance,1.0,10300,0.1,19,0.0,1,1.0,1000.0,0.0002469135802469136,0.6683950617283951,0.0
dataset,4,3,mean_variance_5,Mean - 5 x variance,mean_variance,5.0,10300,0.1,19,0.0,1,1.0,1000.0,0.0002469135802469136,0.6674074074074074,0.0
dataset,4,3,mean_variance_10,Mean - 10 x variance,mean_variance,10.0,10300,0.1,19,0.0,1,1.0,1000.0,0.0002469135802469136,0.6661728395061729,0.0
dataset,4,3,mean_variance_20,Mean - 20 x variance,mean_variance,20.0,10300,0.1,19,0.0,1,1.0,1000.0,0.0002469135802469136,0.6637037037037037,0.0
dataset,4,3,gaussian_lcb_1,Gaussian lower bound: mean - 1 x SD,gaussian_lcb,1.0,10300,0.1,19,0.0,1,1.0,1000.0,0.0002469135802469136,0.6529284912822743,0.0
dataset,4,3,gaussian_lcb_1.645,Gaussian lower bound: mean - 1.645 x SD,gaussian_lcb,1.645,10300,0.1,19,0.0,1,1.0,1000.0,0.0002469135802469136,0.6427932940852671,0.0
dataset,4,3,gaussian_lcb_1.96,Gaussian lower bound: mean - 1.96 x SD,gaussian_lcb,1.96,10300,0.1,19,0.0,1,1.0,1000.0,0.0002469135802469136,0.6378435466169613,0.0
dataset,4,3,gaussian_lcb_2.576,Gaussian lower bound: mean - 2.576 x SD,gaussian_lcb,2.576,10300,0.1,19,0.0,1,1.0,1000.0,0.0002469135802469136,0.6281640404567187,0.0
dataset,4,3,finite_gaussian_lcb_1,Finite-row Gaussian bound: mean - 1 x SD,finite_gaussian_lcb,1.0,10300,0.1,19,0.0,1,1.0,1000.0,0.0002469135802469136,0.672,0.0
dataset,4,3,finite_gaussian_lcb_1.645,Finite-row Gaussian bound: mean - 1.645 x SD,finite_gaussian_lcb,1.645,10300,0.1,19,0.0,1,1.0,1000.0,0.0002469135802469136,0.672,0.0
dataset,4,3,finite_gaussian_lcb_1.96,Finite-row Gaussian bound: mean - 1.96 x SD,finite_gaussian_lcb,1.96,10300,0.1,19,0.0,1,1.0,1000.0,0.0002469135802469136,0.672,0.0
dataset,4,3,finite_population_lcb,Anytime finite-population lower bound (delta=0.05),confidence,0.05,10300,0.1,19,0.0,1,1.0,1000.0,0.0002469135802469136,0.672,0.0
dataset,4,4,posterior_mean,Current posterior mean,baseline,,10300,0.1,19,0.0,1,1.0,1000.0,0.0002469135802469136,0.668641984462738,0.0
dataset,4,4,empirical_mean,Observed sample mean,baseline,,10300,0.1,19,0.0,1,1.0,1000.0,0.0002469135802469136,0.672,0.0
dataset,4,4,variance_gate_0.5,Variance gate: v/v0 <= 0.5,variance_gate,0.5,10300,0.1,19,0.0,1,1.0,1000.0,0.0002469135802469136,0.668641975308642,0.0
dataset,4,4,variance_gate_0.2,Variance gate: v/v0 <= 0.2,variance_gate,0.2,10300,0.1,19,0.0,1,1.0,1000.0,0.0002469135802469136,0.668641975308642,0.0
dataset,4,4,variance_gate_0.1,Variance gate: v/v0 <= 0.1,variance_gate,0.1,10300,0.1,19,0.0,1,1.0,1000.0,0.0002469135802469136,0.668641975308642,0.0
dataset,4,4,variance_gate_0.05,Variance gate: v/v0 <= 0.05,variance_gate,0.05,10300,0.1,19,0.0,1,1.0,1000.0,0.0002469135802469136,0.668641975308642,0.0
dataset,4,4,mean_variance_1,Mean - 1 x variance,mean_variance,1.0,10300,0.1,19,0.0,1,1.0,1000.0,0.0002469135802469136,0.6683950617283951,0.0
dataset,4,4,mean_variance_5,Mean - 5 x variance,mean_variance,5.0,10300,0.1,19,0.0,1,1.0,1000.0,0.0002469135802469136,0.6674074074074074,0.0
dataset,4,4,mean_variance_10,Mean - 10 x variance,mean_variance,10.0,10300,0.1,19,0.0,1,1.0,1000.0,0.0002469135802469136,0.6661728395061729,0.0
dataset,4,4,mean_variance_20,Mean - 20 x variance,mean_variance,20.0,10300,0.1,19,0.0,1,1.0,1000.0,0.0002469135802469136,0.6637037037037037,0.0
dataset,4,4,gaussian_lcb_1,Gaussian lower bound: mean - 1 x SD,gaussian_lcb,1.0,10300,0.1,19,0.0,1,1.0,1000.0,0.0002469135802469136,0.6529284912822743,0.0
dataset,4,4,gaussian_lcb_1.645,Gaussian lower bound: mean - 1.645 x SD,gaussian_lcb,1.645,10300,0.1,19,0.0,1,1.0,1000.0,0.0002469135802469136,0.6427932940852671,0.0
dataset,4,4,gaussian_lcb_1.96,Gaussian lower bound: mean - 1.96 x SD,gaussian_lcb,1.96,10300,0.1,19,0.0,1,1.0,1000.0,0.0002469135802469136,0.6378435466169613,0.0
dataset,4,4,gaussian_lcb_2.576,Gaussian lower bound: mean - 2.576 x SD,gaussian_lcb,2.576,10300,0.1,19,0.0,1,1.0,1000.0,0.0002469135802469136,0.6281640404567187,0.0
dataset,4,4,finite_gaussian_lcb_1,Finite-row Gaussian bound: mean - 1 x SD,finite_gaussian_lcb,1.0,10300,0.1,19,0.0,1,1.0,1000.0,0.0002469135802469136,0.672,0.0
dataset,4,4,finite_gaussian_lcb_1.645,Finite-row Gaussian bound: mean - 1.645 x SD,finite_gaussian_lcb,1.645,10300,0.1,19,0.0,1,1.0,1000.0,0.0002469135802469136,0.672,0.0
dataset,4,4,finite_gaussian_lcb_1.96,Finite-row Gaussian bound: mean - 1.96 x SD,finite_gaussian_lcb,1.96,10300,0.1,19,0.0,1,1.0,1000.0,0.0002469135802469136,0.672,0.0
dataset,4,4,finite_population_lcb,Anytime finite-population lower bound (delta=0.05),confidence,0.05,10300,0.1,19,0.0,1,1.0,1000.0,0.0002469135802469136,0.672,0.0
dataset,4,5,posterior_mean,Current posterior mean,baseline,,10300,0.1,19,0.0,1,1.0,1000.0,0.0002469135802469136,0.668641984462738,0.0
dataset,4,5,empirical_mean,Observed sample mean,baseline,,10300,0.1,19,0.0,1,1.0,1000.0,0.0002469135802469136,0.672,0.0
dataset,4,5,variance_gate_0.5,Variance gate: v/v0 <= 0.5,variance_gate,0.5,10300,0.1,19,0.0,1,1.0,1000.0,0.0002469135802469136,0.668641975308642,0.0
dataset,4,5,variance_gate_0.2,Variance gate: v/v0 <= 0.2,variance_gate,0.2,10300,0.1,19,0.0,1,1.0,1000.0,0.0002469135802469136,0.668641975308642,0.0
dataset,4,5,variance_gate_0.1,Variance gate: v/v0 <= 0.1,variance_gate,0.1,10300,0.1,19,0.0,1,1.0,1000.0,0.0002469135802469136,0.668641975308642,0.0
dataset,4,5,variance_gate_0.05,Variance gate: v/v0 <= 0.05,variance_gate,0.05,10300,0.1,19,0.0,1,1.0,1000.0,0.0002469135802469136,0.668641975308642,0.0
dataset,4,5,mean_variance_1,Mean - 1 x variance,mean_variance,1.0,10300,0.1,19,0.0,1,1.0,1000.0,0.0002469135802469136,0.6683950617283951,0.0
dataset,4,5,mean_variance_5,Mean - 5 x variance,mean_variance,5.0,10300,0.1,19,0.0,1,1.0,1000.0,0.0002469135802469136,0.6674074074074074,0.0
dataset,4,5,mean_variance_10,Mean - 10 x variance,mean_variance,10.0,10300,0.1,19,0.0,1,1.0,1000.0,0.0002469135802469136,0.6661728395061729,0.0
dataset,4,5,mean_variance_20,Mean - 20 x variance,mean_variance,20.0,10300,0.1,19,0.0,1,1.0,1000.0,0.0002469135802469136,0.6637037037037037,0.0
dataset,4,5,gaussian_lcb_1,Gaussian lower bound: mean - 1 x SD,gaussian_lcb,1.0,10300,0.1,19,0.0,1,1.0,1000.0,0.0002469135802469136,0.6529284912822743,0.0
dataset,4,5,gaussian_lcb_1.645,Gaussian lower bound: mean - 1.645 x SD,gaussian_lcb,1.645,10300,0.1,19,0.0,1,1.0,1000.0,0.0002469135802469136,0.6427932940852671,0.0
dataset,4,5,gaussian_lcb_1.96,Gaussian lower bound: mean - 1.96 x SD,gaussian_lcb,1.96,10300,0.1,19,0.0,1,1.0,1000.0,0.0002469135802469136,0.6378435466169613,0.0
dataset,4,5,gaussian_lcb_2.576,Gaussian lower bound: mean - 2.576 x SD,gaussian_lcb,2.576,10300,0.1,19,0.0,1,1.0,1000.0,0.0002469135802469136,0.6281640404567187,0.0
dataset,4,5,finite_gaussian_lcb_1,Finite-row Gaussian bound: mean - 1 x SD,finite_gaussian_lcb,1.0,10300,0.1,19,0.0,1,1.0,1000.0,0.0002469135802469136,0.672,0.0
dataset,4,5,finite_gaussian_lcb_1.645,Finite-row Gaussian bound: mean - 1.645 x SD,finite_gaussian_lcb,1.645,10300,0.1,19,0.0,1,1.0,1000.0,0.0002469135802469136,0.672,0.0
dataset,4,5,finite_gaussian_lcb_1.96,Finite-row Gaussian bound: mean - 1.96 x SD,finite_gaussian_lcb,1.96,10300,0.1,19,0.0,1,1.0,1000.0,0.0002469135802469136,0.672,0.0
dataset,4,5,finite_population_lcb,Anytime finite-population lower bound (delta=0.05),confidence,0.05,10300,0.1,19,0.0,1,1.0,1000.0,0.0002469135802469136,0.672,0.0
dataset,4,6,posterior_mean,Current posterior mean,baseline,,10300,0.1,19,0.0,1,1.0,1000.0,0.0002469135802469136,0.668641984462738,0.0
dataset,4,6,empirical_mean,Observed sample mean,baseline,,10300,0.1,19,0.0,1,1.0,1000.0,0.0002469135802469136,0.672,0.0
dataset,4,6,variance_gate_0.5,Variance gate: v/v0 <= 0.5,variance_gate,0.5,10300,0.1,19,0.0,1,1.0,1000.0,0.0002469135802469136,0.668641975308642,0.0
dataset,4,6,variance_gate_0.2,Variance gate: v/v0 <= 0.2,variance_gate,0.2,10300,0.1,19,0.0,1,1.0,1000.0,0.0002469135802469136,0.668641975308642,0.0
dataset,4,6,variance_gate_0.1,Variance gate: v/v0 <= 0.1,variance_gate,0.1,10300,0.1,19,0.0,1,1.0,1000.0,0.0002469135802469136,0.668641975308642,0.0
dataset,4,6,variance_gate_0.05,Variance gate: v/v0 <= 0.05,variance_gate,0.05,10300,0.1,19,0.0,1,1.0,1000.0,0.0002469135802469136,0.668641975308642,0.0
dataset,4,6,mean_variance_1,Mean - 1 x variance,mean_variance,1.0,10300,0.1,19,0.0,1,1.0,1000.0,0.0002469135802469136,0.6683950617283951,0.0
dataset,4,6,mean_variance_5,Mean - 5 x variance,mean_variance,5.0,10300,0.1,19,0.0,1,1.0,1000.0,0.0002469135802469136,0.6674074074074074,0.0
dataset,4,6,mean_variance_10,Mean - 10 x variance,mean_variance,10.0,10300,0.1,19,0.0,1,1.0,1000.0,0.0002469135802469136,0.6661728395061729,0.0
dataset,4,6,mean_variance_20,Mean - 20 x variance,mean_variance,20.0,10300,0.1,19,0.0,1,1.0,1000.0,0.0002469135802469136,0.6637037037037037,0.0
dataset,4,6,gaussian_lcb_1,Gaussian lower bound: mean - 1 x SD,gaussian_lcb,1.0,10300,0.1,19,0.0,1,1.0,1000.0,0.0002469135802469136,0.6529284912822743,0.0
dataset,4,6,gaussian_lcb_1.645,Gaussian lower bound: mean - 1.645 x SD,gaussian_lcb,1.645,10300,0.1,19,0.0,1,1.0,1000.0,0.0002469135802469136,0.6427932940852671,0.0
dataset,4,6,gaussian_lcb_1.96,Gaussian lower bound: mean - 1.96 x SD,gaussian_lcb,1.96,10300,0.1,19,0.0,1,1.0,1000.0,0.0002469135802469136,0.6378435466169613,0.0
dataset,4,6,gaussian_lcb_2.576,Gaussian lower bound: mean - 2.576 x SD,gaussian_lcb,2.576,10300,0.1,19,0.0,1,1.0,1000.0,0.0002469135802469136,0.6281640404567187,0.0
dataset,4,6,finite_gaussian_lcb_1,Finite-row Gaussian bound: mean - 1 x SD,finite_gaussian_lcb,1.0,10300,0.1,19,0.0,1,1.0,1000.0,0.0002469135802469136,0.672,0.0
dataset,4,6,finite_gaussian_lcb_1.645,Finite-row Gaussian bound: mean - 1.645 x SD,finite_gaussian_lcb,1.645,10300,0.1,19,0.0,1,1.0,1000.0,0.0002469135802469136,0.672,0.0
dataset,4,6,finite_gaussian_lcb_1.96,Finite-row Gaussian bound: mean - 1.96 x SD,finite_gaussian_lcb,1.96,10300,0.1,19,0.0,1,1.0,1000.0,0.0002469135802469136,0.672,0.0
dataset,4,6,finite_population_lcb,Anytime finite-population lower bound (delta=0.05),confidence,0.05,10300,0.1,19,0.0,1,1.0,1000.0,0.0002469135802469136,0.672,0.0
dataset,4,7,posterior_mean,Current posterior mean,baseline,,10300,0.1,19,0.0,1,1.0,1000.0,0.0002469135802469136,0.668641984462738,0.0
dataset,4,7,empirical_mean,Observed sample mean,baseline,,10300,0.1,19,0.0,1,1.0,1000.0,0.0002469135802469136,0.672,0.0
dataset,4,7,variance_gate_0.5,Variance gate: v/v0 <= 0.5,variance_gate,0.5,10300,0.1,19,0.0,1,1.0,1000.0,0.0002469135802469136,0.668641975308642,0.0
dataset,4,7,variance_gate_0.2,Variance gate: v/v0 <= 0.2,variance_gate,0.2,10300,0.1,19,0.0,1,1.0,1000.0,0.0002469135802469136,0.668641975308642,0.0
dataset,4,7,variance_gate_0.1,Variance gate: v/v0 <= 0.1,variance_gate,0.1,10300,0.1,19,0.0,1,1.0,1000.0,0.0002469135802469136,0.668641975308642,0.0
dataset,4,7,variance_gate_0.05,Variance gate: v/v0 <= 0.05,variance_gate,0.05,10300,0.1,19,0.0,1,1.0,1000.0,0.0002469135802469136,0.668641975308642,0.0
dataset,4,7,mean_variance_1,Mean - 1 x variance,mean_variance,1.0,10300,0.1,19,0.0,1,1.0,1000.0,0.0002469135802469136,0.6683950617283951,0.0
dataset,4,7,mean_variance_5,Mean - 5 x variance,mean_variance,5.0,10300,0.1,19,0.0,1,1.0,1000.0,0.0002469135802469136,0.6674074074074074,0.0
dataset,4,7,mean_variance_10,Mean - 10 x variance,mean_variance,10.0,10300,0.1,19,0.0,1,1.0,1000.0,0.0002469135802469136,0.6661728395061729,0.0
dataset,4,7,mean_variance_20,Mean - 20 x variance,mean_variance,20.0,10300,0.1,19,0.0,1,1.0,1000.0,0.0002469135802469136,0.6637037037037037,0.0
dataset,4,7,gaussian_lcb_1,Gaussian lower bound: mean - 1 x SD,gaussian_lcb,1.0,10300,0.1,19,0.0,1,1.0,1000.0,0.0002469135802469136,0.6529284912822743,0.0
dataset,4,7,gaussian_lcb_1.645,Gaussian lower bound: mean - 1.645 x SD,gaussian_lcb,1.645,10300,0.1,19,0.0,1,1.0,1000.0,0.0002469135802469136,0.6427932940852671,0.0
dataset,4,7,gaussian_lcb_1.96,Gaussian lower bound: mean - 1.96 x SD,gaussian_lcb,1.96,10300,0.1,19,0.0,1,1.0,1000.0,0.0002469135802469136,0.6378435466169613,0.0
dataset,4,7,gaussian_lcb_2.576,Gaussian lower bound: mean - 2.576 x SD,gaussian_lcb,2.576,10300,0.1,19,0.0,1,1.0,1000.0,0.0002469135802469136,0.6281640404567187,0.0
dataset,4,7,finite_gaussian_lcb_1,Finite-row Gaussian bound: mean - 1 x SD,finite_gaussian_lcb,1.0,10300,0.1,19,0.0,1,1.0,1000.0,0.0002469135802469136,0.672,0.0
dataset,4,7,finite_gaussian_lcb_1.645,Finite-row Gaussian bound: mean - 1.645 x SD,finite_gaussian_lcb,1.645,10300,0.1,19,0.0,1,1.0,1000.0,0.0002469135802469136,0.672,0.0
dataset,4,7,finite_gaussian_lcb_1.96,Finite-row Gaussian bound: mean - 1.96 x SD,finite_gaussian_lcb,1.96,10300,0.1,19,0.0,1,1.0,1000.0,0.0002469135802469136,0.672,0.0
dataset,4,7,finite_population_lcb,Anytime finite-population lower bound (delta=0.05),confidence,0.05,10300,0.1,19,0.0,1,1.0,1000.0,0.0002469135802469136,0.672,0.0
dataset,4,8,posterior_mean,Current posterior mean,baseline,,10300,0.1,20,0.0,1,1.0,1000.0,0.0002469135802469136,0.668641984462738,0.0
dataset,4,8,empirical_mean,Observed sample mean,baseline,,10300,0.1,20,0.0,1,1.0,1000.0,0.0002469135802469136,0.672,0.0
dataset,4,8,variance_gate_0.5,Variance gate: v/v0 <= 0.5,variance_gate,0.5,10300,0.1,20,0.0,1,1.0,1000.0,0.0002469135802469136,0.668641975308642,0.0
dataset,4,8,variance_gate_0.2,Variance gate: v/v0 <= 0.2,variance_gate,0.2,10300,0.1,20,0.0,1,1.0,1000.0,0.0002469135802469136,0.668641975308642,0.0
dataset,4,8,variance_gate_0.1,Variance gate: v/v0 <= 0.1,variance_gate,0.1,10300,0.1,20,0.0,1,1.0,1000.0,0.0002469135802469136,0.668641975308642,0.0
dataset,4,8,variance_gate_0.05,Variance gate: v/v0 <= 0.05,variance_gate,0.05,10300,0.1,20,0.0,1,1.0,1000.0,0.0002469135802469136,0.668641975308642,0.0
dataset,4,8,mean_variance_1,Mean - 1 x variance,mean_variance,1.0,10300,0.1,20,0.0,1,1.0,1000.0,0.0002469135802469136,0.6683950617283951,0.0
dataset,4,8,mean_variance_5,Mean - 5 x variance,mean_variance,5.0,10300,0.1,20,0.0,1,1.0,1000.0,0.0002469135802469136,0.6674074074074074,0.0
dataset,4,8,mean_variance_10,Mean - 10 x variance,mean_variance,10.0,10300,0.1,20,0.0,1,1.0,1000.0,0.0002469135802469136,0.6661728395061729,0.0
dataset,4,8,mean_variance_20,Mean - 20 x variance,mean_variance,20.0,10300,0.1,20,0.0,1,1.0,1000.0,0.0002469135802469136,0.6637037037037037,0.0
dataset,4,8,gaussian_lcb_1,Gaussian lower bound: mean - 1 x SD,gaussian_lcb,1.0,10300,0.1,20,0.0,1,1.0,1000.0,0.0002469135802469136,0.6529284912822743,0.0
dataset,4,8,gaussian_lcb_1.645,Gaussian lower bound: mean - 1.645 x SD,gaussian_lcb,1.645,10300,0.1,20,0.0,1,1.0,1000.0,0.0002469135802469136,0.6427932940852671,0.0
dataset,4,8,gaussian_lcb_1.96,Gaussian lower bound: mean - 1.96 x SD,gaussian_lcb,1.96,10300,0.1,20,0.0,1,1.0,1000.0,0.0002469135802469136,0.6378435466169613,0.0
dataset,4,8,gaussian_lcb_2.576,Gaussian lower bound: mean - 2.576 x SD,gaussian_lcb,2.576,10300,0.1,20,0.0,1,1.0,1000.0,0.0002469135802469136,0.6281640404567187,0.0
dataset,4,8,finite_gaussian_lcb_1,Finite-row Gaussian bound: mean - 1 x SD,finite_gaussian_lcb,1.0,10300,0.1,20,0.0,1,1.0,1000.0,0.0002469135802469136,0.672,0.0
dataset,4,8,finite_gaussian_lcb_1.645,Finite-row Gaussian bound: mean - 1.645 x SD,finite_gaussian_lcb,1.645,10300,0.1,20,0.0,1,1.0,1000.0,0.0002469135802469136,0.672,0.0
dataset,4,8,finite_gaussian_lcb_1.96,Finite-row Gaussian bound: mean - 1.96 x SD,finite_gaussian_lcb,1.96,10300,0.1,20,0.0,1,1.0,1000.0,0.0002469135802469136,0.672,0.0
dataset,4,8,finite_population_lcb,Anytime finite-population lower bound (delta=0.05),confidence,0.05,10300,0.1,20,0.0,1,1.0,1000.0,0.0002469135802469136,0.672,0.0
dataset,4,9,posterior_mean,Current posterior mean,baseline,,10300,0.1,19,0.0,1,1.0,1000.0,0.0002469135802469136,0.668641984462738,0.0
dataset,4,9,empirical_mean,Observed sample mean,baseline,,10300,0.1,19,0.0,1,1.0,1000.0,0.0002469135802469136,0.672,0.0
dataset,4,9,variance_gate_0.5,Variance gate: v/v0 <= 0.5,variance_gate,0.5,10300,0.1,19,0.0,1,1.0,1000.0,0.0002469135802469136,0.668641975308642,0.0
dataset,4,9,variance_gate_0.2,Variance gate: v/v0 <= 0.2,variance_gate,0.2,10300,0.1,19,0.0,1,1.0,1000.0,0.0002469135802469136,0.668641975308642,0.0
dataset,4,9,variance_gate_0.1,Variance gate: v/v0 <= 0.1,variance_gate,0.1,10300,0.1,19,0.0,1,1.0,1000.0,0.0002469135802469136,0.668641975308642,0.0
dataset,4,9,variance_gate_0.05,Variance gate: v/v0 <= 0.05,variance_gate,0.05,10300,0.1,19,0.0,1,1.0,1000.0,0.0002469135802469136,0.668641975308642,0.0
dataset,4,9,mean_variance_1,Mean - 1 x variance,mean_variance,1.0,10300,0.1,19,0.0,1,1.0,1000.0,0.0002469135802469136,0.6683950617283951,0.0
dataset,4,9,mean_variance_5,Mean - 5 x variance,mean_variance,5.0,10300,0.1,19,0.0,1,1.0,1000.0,0.0002469135802469136,0.6674074074074074,0.0
dataset,4,9,mean_variance_10,Mean - 10 x variance,mean_variance,10.0,10300,0.1,19,0.0,1,1.0,1000.0,0.0002469135802469136,0.6661728395061729,0.0
dataset,4,9,mean_variance_20,Mean - 20 x variance,mean_variance,20.0,10300,0.1,19,0.0,1,1.0,1000.0,0.0002469135802469136,0.6637037037037037,0.0
dataset,4,9,gaussian_lcb_1,Gaussian lower bound: mean - 1 x SD,gaussian_lcb,1.0,10300,0.1,19,0.0,1,1.0,1000.0,0.0002469135802469136,0.6529284912822743,0.0
dataset,4,9,gaussian_lcb_1.645,Gaussian lower bound: mean - 1.645 x SD,gaussian_lcb,1.645,10300,0.1,19,0.0,1,1.0,1000.0,0.0002469135802469136,0.6427932940852671,0.0
dataset,4,9,gaussian_lcb_1.96,Gaussian lower bound: mean - 1.96 x SD,gaussian_lcb,1.96,10300,0.1,19,0.0,1,1.0,1000.0,0.0002469135802469136,0.6378435466169613,0.0
dataset,4,9,gaussian_lcb_2.576,Gaussian lower bound: mean - 2.576 x SD,gaussian_lcb,2.576,10300,0.1,19,0.0,1,1.0,1000.0,0.0002469135802469136,0.6281640404567187,0.0
dataset,4,9,finite_gaussian_lcb_1,Finite-row Gaussian bound: mean - 1 x SD,finite_gaussian_lcb,1.0,10300,0.1,19,0.0,1,1.0,1000.0,0.0002469135802469136,0.672,0.0
dataset,4,9,finite_gaussian_lcb_1.645,Finite-row Gaussian bound: mean - 1.645 x SD,finite_gaussian_lcb,1.645,10300,0.1,19,0.0,1,1.0,1000.0,0.0002469135802469136,0.672,0.0
dataset,4,9,finite_gaussian_lcb_1.96,Finite-row Gaussian bound: mean - 1.96 x SD,finite_gaussian_lcb,1.96,10300,0.1,19,0.0,1,1.0,1000.0,0.0002469135802469136,0.672,0.0
dataset,4,9,finite_population_lcb,Anytime finite-population lower bound (delta=0.05),confidence,0.05,10300,0.1,19,0.0,1,1.0,1000.0,0.0002469135802469136,0.672,0.0
dataset,4,10,posterior_mean,Current posterior mean,baseline,,10300,0.1,19,0.0,1,1.0,1000.0,0.0002469135802469136,0.668641984462738,0.0
dataset,4,10,empirical_mean,Observed sample mean,baseline,,10300,0.1,19,0.0,1,1.0,1000.0,0.0002469135802469136,0.672,0.0
dataset,4,10,variance_gate_0.5,Variance gate: v/v0 <= 0.5,variance_gate,0.5,10300,0.1,19,0.0,1,1.0,1000.0,0.0002469135802469136,0.668641975308642,0.0
dataset,4,10,variance_gate_0.2,Variance gate: v/v0 <= 0.2,variance_gate,0.2,10300,0.1,19,0.0,1,1.0,1000.0,0.0002469135802469136,0.668641975308642,0.0
dataset,4,10,variance_gate_0.1,Variance gate: v/v0 <= 0.1,variance_gate,0.1,10300,0.1,19,0.0,1,1.0,1000.0,0.0002469135802469136,0.668641975308642,0.0
dataset,4,10,variance_gate_0.05,Variance gate: v/v0 <= 0.05,variance_gate,0.05,10300,0.1,19,0.0,1,1.0,1000.0,0.0002469135802469136,0.668641975308642,0.0
dataset,4,10,mean_variance_1,Mean - 1 x variance,mean_variance,1.0,10300,0.1,19,0.0,1,1.0,1000.0,0.0002469135802469136,0.6683950617283951,0.0
dataset,4,10,mean_variance_5,Mean - 5 x variance,mean_variance,5.0,10300,0.1,19,0.0,1,1.0,1000.0,0.0002469135802469136,0.6674074074074074,0.0
dataset,4,10,mean_variance_10,Mean - 10 x variance,mean_variance,10.0,10300,0.1,19,0.0,1,1.0,1000.0,0.0002469135802469136,0.6661728395061729,0.0
dataset,4,10,mean_variance_20,Mean - 20 x variance,mean_variance,20.0,10300,0.1,19,0.0,1,1.0,1000.0,0.0002469135802469136,0.6637037037037037,0.0
dataset,4,10,gaussian_lcb_1,Gaussian lower bound: mean - 1 x SD,gaussian_lcb,1.0,10300,0.1,19,0.0,1,1.0,1000.0,0.0002469135802469136,0.6529284912822743,0.0
dataset,4,10,gaussian_lcb_1.645,Gaussian lower bound: mean - 1.645 x SD,gaussian_lcb,1.645,10300,0.1,19,0.0,1,1.0,1000.0,0.0002469135802469136,0.6427932940852671,0.0
dataset,4,10,gaussian_lcb_1.96,Gaussian lower bound: mean - 1.96 x SD,gaussian_lcb,1.96,10300,0.1,19,0.0,1,1.0,1000.0,0.0002469135802469136,0.6378435466169613,0.0
dataset,4,10,gaussian_lcb_2.576,Gaussian lower bound: mean - 2.576 x SD,gaussian_lcb,2.576,10300,0.1,19,0.0,1,1.0,1000.0,0.0002469135802469136,0.6281640404567187,0.0
dataset,4,10,finite_gaussian_lcb_1,Finite-row Gaussian bound: mean - 1 x SD,finite_gaussian_lcb,1.0,10300,0.1,19,0.0,1,1.0,1000.0,0.0002469135802469136,0.672,0.0
dataset,4,10,finite_gaussian_lcb_1.645,Finite-row Gaussian bound: mean - 1.645 x SD,finite_gaussian_lcb,1.645,10300,0.1,19,0.0,1,1.0,1000.0,0.0002469135802469136,0.672,0.0
dataset,4,10,finite_gaussian_lcb_1.96,Finite-row Gaussian bound: mean - 1.96 x SD,finite_gaussian_lcb,1.96,10300,0.1,19,0.0,1,1.0,1000.0,0.0002469135802469136,0.672,0.0
dataset,4,10,finite_population_lcb,Anytime finite-population lower bound (delta=0.05),confidence,0.05,10300,0.1,19,0.0,1,1.0,1000.0,0.0002469135802469136,0.672,0.0
dataset,4,11,posterior_mean,Current posterior mean,baseline,,10300,0.1,19,0.0,1,1.0,1000.0,0.0002469135802469136,0.668641984462738,0.0
dataset,4,11,empirical_mean,Observed sample mean,baseline,,10300,0.1,19,0.0,1,1.0,1000.0,0.0002469135802469136,0.672,0.0
dataset,4,11,variance_gate_0.5,Variance gate: v/v0 <= 0.5,variance_gate,0.5,10300,0.1,19,0.0,1,1.0,1000.0,0.0002469135802469136,0.668641975308642,0.0
dataset,4,11,variance_gate_0.2,Variance gate: v/v0 <= 0.2,variance_gate,0.2,10300,0.1,19,0.0,1,1.0,1000.0,0.0002469135802469136,0.668641975308642,0.0
dataset,4,11,variance_gate_0.1,Variance gate: v/v0 <= 0.1,variance_gate,0.1,10300,0.1,19,0.0,1,1.0,1000.0,0.0002469135802469136,0.668641975308642,0.0
dataset,4,11,variance_gate_0.05,Variance gate: v/v0 <= 0.05,variance_gate,0.05,10300,0.1,19,0.0,1,1.0,1000.0,0.0002469135802469136,0.668641975308642,0.0
dataset,4,11,mean_variance_1,Mean - 1 x variance,mean_variance,1.0,10300,0.1,19,0.0,1,1.0,1000.0,0.0002469135802469136,0.6683950617283951,0.0
dataset,4,11,mean_variance_5,Mean - 5 x variance,mean_variance,5.0,10300,0.1,19,0.0,1,1.0,1000.0,0.0002469135802469136,0.6674074074074074,0.0
dataset,4,11,mean_variance_10,Mean - 10 x variance,mean_variance,10.0,10300,0.1,19,0.0,1,1.0,1000.0,0.0002469135802469136,0.6661728395061729,0.0
dataset,4,11,mean_variance_20,Mean - 20 x variance,mean_variance,20.0,10300,0.1,19,0.0,1,1.0,1000.0,0.0002469135802469136,0.6637037037037037,0.0
dataset,4,11,gaussian_lcb_1,Gaussian lower bound: mean - 1 x SD,gaussian_lcb,1.0,10300,0.1,19,0.0,1,1.0,1000.0,0.0002469135802469136,0.6529284912822743,0.0
dataset,4,11,gaussian_lcb_1.645,Gaussian lower bound: mean - 1.645 x SD,gaussian_lcb,1.645,10300,0.1,19,0.0,1,1.0,1000.0,0.0002469135802469136,0.6427932940852671,0.0
dataset,4,11,gaussian_lcb_1.96,Gaussian lower bound: mean - 1.96 x SD,gaussian_lcb,1.96,10300,0.1,19,0.0,1,1.0,1000.0,0.0002469135802469136,0.6378435466169613,0.0
dataset,4,11,gaussian_lcb_2.576,Gaussian lower bound: mean - 2.576 x SD,gaussian_lcb,2.576,10300,0.1,19,0.0,1,1.0,1000.0,0.0002469135802469136,0.6281640404567187,0.0
dataset,4,11,finite_gaussian_lcb_1,Finite-row Gaussian bound: mean - 1 x SD,finite_gaussian_lcb,1.0,10300,0.1,19,0.0,1,1.0,1000.0,0.0002469135802469136,0.672,0.0
dataset,4,11,finite_gaussian_lcb_1.645,Finite-row Gaussian bound: mean - 1.645 x SD,finite_gaussian_lcb,1.645,10300,0.1,19,0.0,1,1.0,1000.0,0.0002469135802469136,0.672,0.0
dataset,4,11,finite_gaussian_lcb_1.96,Finite-row Gaussian bound: mean - 1.96 x SD,finite_gaussian_lcb,1.96,10300,0.1,19,0.0,1,1.0,1000.0,0.0002469135802469136,0.672,0.0
dataset,4,11,finite_population_lcb,Anytime finite-population lower bound (delta=0.05),confidence,0.05,10300,0.1,19,0.0,1,1.0,1000.0,0.0002469135802469136,0.672,0.0
dataset,4,12,posterior_mean,Current posterior mean,baseline,,10300,0.1,20,0.0,1,1.0,1000.0,0.0002469135802469136,0.668641984462738,0.0
dataset,4,12,empirical_mean,Observed sample mean,baseline,,10300,0.1,20,0.0,1,1.0,1000.0,0.0002469135802469136,0.672,0.0
dataset,4,12,variance_gate_0.5,Variance gate: v/v0 <= 0.5,variance_gate,0.5,10300,0.1,20,0.0,1,1.0,1000.0,0.0002469135802469136,0.668641975308642,0.0
dataset,4,12,variance_gate_0.2,Variance gate: v/v0 <= 0.2,variance_gate,0.2,10300,0.1,20,0.0,1,1.0,1000.0,0.0002469135802469136,0.668641975308642,0.0
dataset,4,12,variance_gate_0.1,Variance gate: v/v0 <= 0.1,variance_gate,0.1,10300,0.1,20,0.0,1,1.0,1000.0,0.0002469135802469136,0.668641975308642,0.0
dataset,4,12,variance_gate_0.05,Variance gate: v/v0 <= 0.05,variance_gate,0.05,10300,0.1,20,0.0,1,1.0,1000.0,0.0002469135802469136,0.668641975308642,0.0
dataset,4,12,mean_variance_1,Mean - 1 x variance,mean_variance,1.0,10300,0.1,20,0.0,1,1.0,1000.0,0.0002469135802469136,0.6683950617283951,0.0
dataset,4,12,mean_variance_5,Mean - 5 x variance,mean_variance,5.0,10300,0.1,20,0.0,1,1.0,1000.0,0.0002469135802469136,0.6674074074074074,0.0
dataset,4,12,mean_variance_10,Mean - 10 x variance,mean_variance,10.0,10300,0.1,20,0.0,1,1.0,1000.0,0.0002469135802469136,0.6661728395061729,0.0
dataset,4,12,mean_variance_20,Mean - 20 x variance,mean_variance,20.0,10300,0.1,20,0.0,1,1.0,1000.0,0.0002469135802469136,0.6637037037037037,0.0
dataset,4,12,gaussian_lcb_1,Gaussian lower bound: mean - 1 x SD,gaussian_lcb,1.0,10300,0.1,20,0.0,1,1.0,1000.0,0.0002469135802469136,0.6529284912822743,0.0
dataset,4,12,gaussian_lcb_1.645,Gaussian lower bound: mean - 1.645 x SD,gaussian_lcb,1.645,10300,0.1,20,0.0,1,1.0,1000.0,0.0002469135802469136,0.6427932940852671,0.0
dataset,4,12,gaussian_lcb_1.96,Gaussian lower bound: mean - 1.96 x SD,gaussian_lcb,1.96,10300,0.1,20,0.0,1,1.0,1000.0,0.0002469135802469136,0.6378435466169613,0.0
dataset,4,12,gaussian_lcb_2.576,Gaussian lower bound: mean - 2.576 x SD,gaussian_lcb,2.576,10300,0.1,20,0.0,1,1.0,1000.0,0.0002469135802469136,0.6281640404567187,0.0
dataset,4,12,finite_gaussian_lcb_1,Finite-row Gaussian bound: mean - 1 x SD,finite_gaussian_lcb,1.0,10300,0.1,20,0.0,1,1.0,1000.0,0.0002469135802469136,0.672,0.0
dataset,4,12,finite_gaussian_lcb_1.645,Finite-row Gaussian bound: mean - 1.645 x SD,finite_gaussian_lcb,1.645,10300,0.1,20,0.0,1,1.0,1000.0,0.0002469135802469136,0.672,0.0
dataset,4,12,finite_gaussian_lcb_1.96,Finite-row Gaussian bound: mean - 1.96 x SD,finite_gaussian_lcb,1.96,10300,0.1,20,0.0,1,1.0,1000.0,0.0002469135802469136,0.672,0.0
dataset,4,12,finite_population_lcb,Anytime finite-population lower bound (delta=0.05),confidence,0.05,10300,0.1,20,0.0,1,1.0,1000.0,0.0002469135802469136,0.672,0.0
dataset,4,13,posterior_mean,Current posterior mean,baseline,,10300,0.1,19,0.0,1,1.0,1000.0,0.0002469135802469136,0.668641984462738,0.0
dataset,4,13,empirical_mean,Observed sample mean,baseline,,10300,0.1,19,0.0,1,1.0,1000.0,0.0002469135802469136,0.672,0.0
dataset,4,13,variance_gate_0.5,Variance gate: v/v0 <= 0.5,variance_gate,0.5,10300,0.1,19,0.0,1,1.0,1000.0,0.0002469135802469136,0.668641975308642,0.0
dataset,4,13,variance_gate_0.2,Variance gate: v/v0 <= 0.2,variance_gate,0.2,10300,0.1,19,0.0,1,1.0,1000.0,0.0002469135802469136,0.668641975308642,0.0
dataset,4,13,variance_gate_0.1,Variance gate: v/v0 <= 0.1,variance_gate,0.1,10300,0.1,19,0.0,1,1.0,1000.0,0.0002469135802469136,0.668641975308642,0.0
dataset,4,13,variance_gate_0.05,Variance gate: v/v0 <= 0.05,variance_gate,0.05,10300,0.1,19,0.0,1,1.0,1000.0,0.0002469135802469136,0.668641975308642,0.0
dataset,4,13,mean_variance_1,Mean - 1 x variance,mean_variance,1.0,10300,0.1,19,0.0,1,1.0,1000.0,0.0002469135802469136,0.6683950617283951,0.0
dataset,4,13,mean_variance_5,Mean - 5 x variance,mean_variance,5.0,10300,0.1,19,0.0,1,1.0,1000.0,0.0002469135802469136,0.6674074074074074,0.0
dataset,4,13,mean_variance_10,Mean - 10 x variance,mean_variance,10.0,10300,0.1,19,0.0,1,1.0,1000.0,0.0002469135802469136,0.6661728395061729,0.0
dataset,4,13,mean_variance_20,Mean - 20 x variance,mean_variance,20.0,10300,0.1,19,0.0,1,1.0,1000.0,0.0002469135802469136,0.6637037037037037,0.0
dataset,4,13,gaussian_lcb_1,Gaussian lower bound: mean - 1 x SD,gaussian_lcb,1.0,10300,0.1,19,0.0,1,1.0,1000.0,0.0002469135802469136,0.6529284912822743,0.0
dataset,4,13,gaussian_lcb_1.645,Gaussian lower bound: mean - 1.645 x SD,gaussian_lcb,1.645,10300,0.1,19,0.0,1,1.0,1000.0,0.0002469135802469136,0.6427932940852671,0.0
dataset,4,13,gaussian_lcb_1.96,Gaussian lower bound: mean - 1.96 x SD,gaussian_lcb,1.96,10300,0.1,19,0.0,1,1.0,1000.0,0.0002469135802469136,0.6378435466169613,0.0
dataset,4,13,gaussian_lcb_2.576,Gaussian lower bound: mean - 2.576 x SD,gaussian_lcb,2.576,10300,0.1,19,0.0,1,1.0,1000.0,0.0002469135802469136,0.6281640404567187,0.0
dataset,4,13,finite_gaussian_lcb_1,Finite-row Gaussian bound: mean - 1 x SD,finite_gaussian_lcb,1.0,10300,0.1,19,0.0,1,1.0,1000.0,0.0002469135802469136,0.672,0.0
dataset,4,13,finite_gaussian_lcb_1.645,Finite-row Gaussian bound: mean - 1.645 x SD,finite_gaussian_lcb,1.645,10300,0.1,19,0.0,1,1.0,1000.0,0.0002469135802469136,0.672,0.0
dataset,4,13,finite_gaussian_lcb_1.96,Finite-row Gaussian bound: mean - 1.96 x SD,finite_gaussian_lcb,1.96,10300,0.1,19,0.0,1,1.0,1000.0,0.0002469135802469136,0.672,0.0
dataset,4,13,finite_population_lcb,Anytime finite-population lower bound (delta=0.05),confidence,0.05,10300,0.1,19,0.0,1,1.0,1000.0,0.0002469135802469136,0.672,0.0
dataset,4,14,posterior_mean,Current posterior mean,baseline,,10300,0.1,19,0.0,1,1.0,1000.0,0.0002469135802469136,0.668641984462738,0.0
dataset,4,14,empirical_mean,Observed sample mean,baseline,,10300,0.1,19,0.0,1,1.0,1000.0,0.0002469135802469136,0.672,0.0
dataset,4,14,variance_gate_0.5,Variance gate: v/v0 <= 0.5,variance_gate,0.5,10300,0.1,19,0.0,1,1.0,1000.0,0.0002469135802469136,0.668641975308642,0.0
dataset,4,14,variance_gate_0.2,Variance gate: v/v0 <= 0.2,variance_gate,0.2,10300,0.1,19,0.0,1,1.0,1000.0,0.0002469135802469136,0.668641975308642,0.0
dataset,4,14,variance_gate_0.1,Variance gate: v/v0 <= 0.1,variance_gate,0.1,10300,0.1,19,0.0,1,1.0,1000.0,0.0002469135802469136,0.668641975308642,0.0
dataset,4,14,variance_gate_0.05,Variance gate: v/v0 <= 0.05,variance_gate,0.05,10300,0.1,19,0.0,1,1.0,1000.0,0.0002469135802469136,0.668641975308642,0.0
dataset,4,14,mean_variance_1,Mean - 1 x variance,mean_variance,1.0,10300,0.1,19,0.0,1,1.0,1000.0,0.0002469135802469136,0.6683950617283951,0.0
dataset,4,14,mean_variance_5,Mean - 5 x variance,mean_variance,5.0,10300,0.1,19,0.0,1,1.0,1000.0,0.0002469135802469136,0.6674074074074074,0.0
dataset,4,14,mean_variance_10,Mean - 10 x variance,mean_variance,10.0,10300,0.1,19,0.0,1,1.0,1000.0,0.0002469135802469136,0.6661728395061729,0.0
dataset,4,14,mean_variance_20,Mean - 20 x variance,mean_variance,20.0,10300,0.1,19,0.0,1,1.0,1000.0,0.0002469135802469136,0.6637037037037037,0.0
dataset,4,14,gaussian_lcb_1,Gaussian lower bound: mean - 1 x SD,gaussian_lcb,1.0,10300,0.1,19,0.0,1,1.0,1000.0,0.0002469135802469136,0.6529284912822743,0.0
dataset,4,14,gaussian_lcb_1.645,Gaussian lower bound: mean - 1.645 x SD,gaussian_lcb,1.645,10300,0.1,19,0.0,1,1.0,1000.0,0.0002469135802469136,0.6427932940852671,0.0
dataset,4,14,gaussian_lcb_1.96,Gaussian lower bound: mean - 1.96 x SD,gaussian_lcb,1.96,10300,0.1,19,0.0,1,1.0,1000.0,0.0002469135802469136,0.6378435466169613,0.0
dataset,4,14,gaussian_lcb_2.576,Gaussian lower bound: mean - 2.576 x SD,gaussian_lcb,2.576,10300,0.1,19,0.0,1,1.0,1000.0,0.0002469135802469136,0.6281640404567187,0.0
dataset,4,14,finite_gaussian_lcb_1,Finite-row Gaussian bound: mean - 1 x SD,finite_gaussian_lcb,1.0,10300,0.1,19,0.0,1,1.0,1000.0,0.0002469135802469136,0.672,0.0
dataset,4,14,finite_gaussian_lcb_1.645,Finite-row Gaussian bound: mean - 1.645 x SD,finite_gaussian_lcb,1.645,10300,0.1,19,0.0,1,1.0,1000.0,0.0002469135802469136,0.672,0.0
dataset,4,14,finite_gaussian_lcb_1.96,Finite-row Gaussian bound: mean - 1.96 x SD,finite_gaussian_lcb,1.96,10300,0.1,19,0.0,1,1.0,1000.0,0.0002469135802469136,0.672,0.0
dataset,4,14,finite_population_lcb,Anytime finite-population lower bound (delta=0.05),confidence,0.05,10300,0.1,19,0.0,1,1.0,1000.0,0.0002469135802469136,0.672,0.0
dataset,4,15,posterior_mean,Current posterior mean,baseline,,10300,0.1,20,0.0,1,1.0,756.0,0.00032530904359141186,0.6727390885353088,0.0
dataset,4,15,empirical_mean,Observed sample mean,baseline,,10300,0.1,20,0.0,1,1.0,756.0,0.00032530904359141186,0.6772486772486772,0.0
dataset,4,15,variance_gate_0.5,Variance gate: v/v0 <= 0.5,variance_gate,0.5,10300,0.1,20,0.0,1,1.0,756.0,0.00032530904359141186,0.6727391021470397,0.0
dataset,4,15,variance_gate_0.2,Variance gate: v/v0 <= 0.2,variance_gate,0.2,10300,0.1,20,0.0,1,1.0,756.0,0.00032530904359141186,0.6727391021470397,0.0
dataset,4,15,variance_gate_0.1,Variance gate: v/v0 <= 0.1,variance_gate,0.1,10300,0.1,20,0.0,1,1.0,756.0,0.00032530904359141186,0.6727391021470397,0.0
dataset,4,15,variance_gate_0.05,Variance gate: v/v0 <= 0.05,variance_gate,0.05,10300,0.1,20,0.0,1,1.0,756.0,0.00032530904359141186,0.6727391021470397,0.0
dataset,4,15,mean_variance_1,Mean - 1 x variance,mean_variance,1.0,10300,0.1,20,0.0,1,1.0,756.0,0.00032530904359141186,0.6724137931034483,0.0
dataset,4,15,mean_variance_5,Mean - 5 x variance,mean_variance,5.0,10300,0.1,20,0.0,1,1.0,756.0,0.00032530904359141186,0.6711125569290827,0.0
dataset,4,15,mean_variance_10,Mean - 10 x variance,mean_variance,10.0,10300,0.1,20,0.0,1,1.0,756.0,0.00032530904359141186,0.6694860117111255,0.0
dataset,4,15,mean_variance_20,Mean - 20 x variance,mean_variance,20.0,10300,0.1,20,0.0,1,1.0,756.0,0.00032530904359141186,0.6662329212752115,0.0
dataset,4,15,gaussian_lcb_1,Gaussian lower bound: mean - 1 x SD,gaussian_lcb,1.0,10300,0.1,20,0.0,1,1.0,756.0,0.00032530904359141186,0.6547027764793375,0.0
dataset,4,15,gaussian_lcb_1.645,Gaussian lower bound: mean - 1.645 x SD,gaussian_lcb,1.645,10300,0.1,20,0.0,1,1.0,756.0,0.00032530904359141186,0.6430693464236696,0.0
dataset,4,15,gaussian_lcb_1.96,Gaussian lower bound: mean - 1.96 x SD,gaussian_lcb,1.96,10300,0.1,19,0.0,1,1.0,1000.0,0.0002469135802469136,0.6378435466169613,0.0
dataset,4,15,gaussian_lcb_2.576,Gaussian lower bound: mean - 2.576 x SD,gaussian_lcb,2.576,10300,0.1,19,0.0,1,1.0,1000.0,0.0002469135802469136,0.6281640404567187,0.0
dataset,4,15,finite_gaussian_lcb_1,Finite-row Gaussian bound: mean - 1 x SD,finite_gaussian_lcb,1.0,10300,0.1,19,0.0,1,1.0,1000.0,0.0002469135802469136,0.672,0.0
dataset,4,15,finite_gaussian_lcb_1.645,Finite-row Gaussian bound: mean - 1.645 x SD,finite_gaussian_lcb,1.645,10300,0.1,19,0.0,1,1.0,1000.0,0.0002469135802469136,0.672,0.0
dataset,4,15,finite_gaussian_lcb_1.96,Finite-row Gaussian bound: mean - 1.96 x SD,finite_gaussian_lcb,1.96,10300,0.1,19,0.0,1,1.0,1000.0,0.0002469135802469136,0.672,0.0
dataset,4,15,finite_population_lcb,Anytime finite-population lower bound (delta=0.05),confidence,0.05,10300,0.1,19,0.0,1,1.0,1000.0,0.0002469135802469136,0.672,0.0
dataset,4,16,posterior_mean,Current posterior mean,baseline,,10300,0.1,19,0.0,1,1.0,1000.0,0.0002469135802469136,0.668641984462738,0.0
dataset,4,16,empirical_mean,Observed sample mean,baseline,,10300,0.1,19,0.0,1,1.0,1000.0,0.0002469135802469136,0.672,0.0
dataset,4,16,variance_gate_0.5,Variance gate: v/v0 <= 0.5,variance_gate,0.5,10300,0.1,19,0.0,1,1.0,1000.0,0.0002469135802469136,0.668641975308642,0.0
dataset,4,16,variance_gate_0.2,Variance gate: v/v0 <= 0.2,variance_gate,0.2,10300,0.1,19,0.0,1,1.0,1000.0,0.0002469135802469136,0.668641975308642,0.0
dataset,4,16,variance_gate_0.1,Variance gate: v/v0 <= 0.1,variance_gate,0.1,10300,0.1,19,0.0,1,1.0,1000.0,0.0002469135802469136,0.668641975308642,0.0
dataset,4,16,variance_gate_0.05,Variance gate: v/v0 <= 0.05,variance_gate,0.05,10300,0.1,19,0.0,1,1.0,1000.0,0.0002469135802469136,0.668641975308642,0.0
dataset,4,16,mean_variance_1,Mean - 1 x variance,mean_variance,1.0,10300,0.1,19,0.0,1,1.0,1000.0,0.0002469135802469136,0.6683950617283951,0.0
dataset,4,16,mean_variance_5,Mean - 5 x variance,mean_variance,5.0,10300,0.1,19,0.0,1,1.0,1000.0,0.0002469135802469136,0.6674074074074074,0.0
dataset,4,16,mean_variance_10,Mean - 10 x variance,mean_variance,10.0,10300,0.1,19,0.0,1,1.0,1000.0,0.0002469135802469136,0.6661728395061729,0.0
dataset,4,16,mean_variance_20,Mean - 20 x variance,mean_variance,20.0,10300,0.1,19,0.0,1,1.0,1000.0,0.0002469135802469136,0.6637037037037037,0.0
dataset,4,16,gaussian_lcb_1,Gaussian lower bound: mean - 1 x SD,gaussian_lcb,1.0,10300,0.1,19,0.0,1,1.0,1000.0,0.0002469135802469136,0.6529284912822743,0.0
dataset,4,16,gaussian_lcb_1.645,Gaussian lower bound: mean - 1.645 x SD,gaussian_lcb,1.645,10300,0.1,19,0.0,1,1.0,1000.0,0.0002469135802469136,0.6427932940852671,0.0
dataset,4,16,gaussian_lcb_1.96,Gaussian lower bound: mean - 1.96 x SD,gaussian_lcb,1.96,10300,0.1,19,0.0,1,1.0,1000.0,0.0002469135802469136,0.6378435466169613,0.0
dataset,4,16,gaussian_lcb_2.576,Gaussian lower bound: mean - 2.576 x SD,gaussian_lcb,2.576,10300,0.1,19,0.0,1,1.0,1000.0,0.0002469135802469136,0.6281640404567187,0.0
dataset,4,16,finite_gaussian_lcb_1,Finite-row Gaussian bound: mean - 1 x SD,finite_gaussian_lcb,1.0,10300,0.1,19,0.0,1,1.0,1000.0,0.0002469135802469136,0.672,0.0
dataset,4,16,finite_gaussian_lcb_1.645,Finite-row Gaussian bound: mean - 1.645 x SD,finite_gaussian_lcb,1.645,10300,0.1,19,0.0,1,1.0,1000.0,0.0002469135802469136,0.672,0.0
dataset,4,16,finite_gaussian_lcb_1.96,Finite-row Gaussian bound: mean - 1.96 x SD,finite_gaussian_lcb,1.96,10300,0.1,19,0.0,1,1.0,1000.0,0.0002469135802469136,0.672,0.0
dataset,4,16,finite_population_lcb,Anytime finite-population lower bound (delta=0.05),confidence,0.05,10300,0.1,19,0.0,1,1.0,1000.0,0.0002469135802469136,0.672,0.0
dataset,4,17,posterior_mean,Current posterior mean,baseline,,10300,0.1,19,0.0,1,1.0,1000.0,0.0002469135802469136,0.668641984462738,0.0
dataset,4,17,empirical_mean,Observed sample mean,baseline,,10300,0.1,19,0.0,1,1.0,1000.0,0.0002469135802469136,0.672,0.0
dataset,4,17,variance_gate_0.5,Variance gate: v/v0 <= 0.5,variance_gate,0.5,10300,0.1,19,0.0,1,1.0,1000.0,0.0002469135802469136,0.668641975308642,0.0
dataset,4,17,variance_gate_0.2,Variance gate: v/v0 <= 0.2,variance_gate,0.2,10300,0.1,19,0.0,1,1.0,1000.0,0.0002469135802469136,0.668641975308642,0.0
dataset,4,17,variance_gate_0.1,Variance gate: v/v0 <= 0.1,variance_gate,0.1,10300,0.1,19,0.0,1,1.0,1000.0,0.0002469135802469136,0.668641975308642,0.0
dataset,4,17,variance_gate_0.05,Variance gate: v/v0 <= 0.05,variance_gate,0.05,10300,0.1,19,0.0,1,1.0,1000.0,0.0002469135802469136,0.668641975308642,0.0
dataset,4,17,mean_variance_1,Mean - 1 x variance,mean_variance,1.0,10300,0.1,19,0.0,1,1.0,1000.0,0.0002469135802469136,0.6683950617283951,0.0
dataset,4,17,mean_variance_5,Mean - 5 x variance,mean_variance,5.0,10300,0.1,19,0.0,1,1.0,1000.0,0.0002469135802469136,0.6674074074074074,0.0
dataset,4,17,mean_variance_10,Mean - 10 x variance,mean_variance,10.0,10300,0.1,19,0.0,1,1.0,1000.0,0.0002469135802469136,0.6661728395061729,0.0
dataset,4,17,mean_variance_20,Mean - 20 x variance,mean_variance,20.0,10300,0.1,19,0.0,1,1.0,1000.0,0.0002469135802469136,0.6637037037037037,0.0
dataset,4,17,gaussian_lcb_1,Gaussian lower bound: mean - 1 x SD,gaussian_lcb,1.0,10300,0.1,19,0.0,1,1.0,1000.0,0.0002469135802469136,0.6529284912822743,0.0
dataset,4,17,gaussian_lcb_1.645,Gaussian lower bound: mean - 1.645 x SD,gaussian_lcb,1.645,10300,0.1,19,0.0,1,1.0,1000.0,0.0002469135802469136,0.6427932940852671,0.0
dataset,4,17,gaussian_lcb_1.96,Gaussian lower bound: mean - 1.96 x SD,gaussian_lcb,1.96,10300,0.1,19,0.0,1,1.0,1000.0,0.0002469135802469136,0.6378435466169613,0.0
dataset,4,17,gaussian_lcb_2.576,Gaussian lower bound: mean - 2.576 x SD,gaussian_lcb,2.576,10300,0.1,19,0.0,1,1.0,1000.0,0.0002469135802469136,0.6281640404567187,0.0
dataset,4,17,finite_gaussian_lcb_1,Finite-row Gaussian bound: mean - 1 x SD,finite_gaussian_lcb,1.0,10300,0.1,19,0.0,1,1.0,1000.0,0.0002469135802469136,0.672,0.0
dataset,4,17,finite_gaussian_lcb_1.645,Finite-row Gaussian bound: mean - 1.645 x SD,finite_gaussian_lcb,1.645,10300,0.1,19,0.0,1,1.0,1000.0,0.0002469135802469136,0.672,0.0
dataset,4,17,finite_gaussian_lcb_1.96,Finite-row Gaussian bound: mean - 1.96 x SD,finite_gaussian_lcb,1.96,10300,0.1,19,0.0,1,1.0,1000.0,0.0002469135802469136,0.672,0.0
dataset,4,17,finite_population_lcb,Anytime finite-population lower bound (delta=0.05),confidence,0.05,10300,0.1,19,0.0,1,1.0,1000.0,0.0002469135802469136,0.672,0.0
dataset,4,18,posterior_mean,Current posterior mean,baseline,,10300,0.1,19,0.0,1,1.0,1000.0,0.0002469135802469136,0.668641984462738,0.0
dataset,4,18,empirical_mean,Observed sample mean,baseline,,10300,0.1,19,0.0,1,1.0,1000.0,0.0002469135802469136,0.672,0.0
dataset,4,18,variance_gate_0.5,Variance gate: v/v0 <= 0.5,variance_gate,0.5,10300,0.1,19,0.0,1,1.0,1000.0,0.0002469135802469136,0.668641975308642,0.0
dataset,4,18,variance_gate_0.2,Variance gate: v/v0 <= 0.2,variance_gate,0.2,10300,0.1,19,0.0,1,1.0,1000.0,0.0002469135802469136,0.668641975308642,0.0
dataset,4,18,variance_gate_0.1,Variance gate: v/v0 <= 0.1,variance_gate,0.1,10300,0.1,19,0.0,1,1.0,1000.0,0.0002469135802469136,0.668641975308642,0.0
dataset,4,18,variance_gate_0.05,Variance gate: v/v0 <= 0.05,variance_gate,0.05,10300,0.1,19,0.0,1,1.0,1000.0,0.0002469135802469136,0.668641975308642,0.0
dataset,4,18,mean_variance_1,Mean - 1 x variance,mean_variance,1.0,10300,0.1,19,0.0,1,1.0,1000.0,0.0002469135802469136,0.6683950617283951,0.0
dataset,4,18,mean_variance_5,Mean - 5 x variance,mean_variance,5.0,10300,0.1,19,0.0,1,1.0,1000.0,0.0002469135802469136,0.6674074074074074,0.0
dataset,4,18,mean_variance_10,Mean - 10 x variance,mean_variance,10.0,10300,0.1,19,0.0,1,1.0,1000.0,0.0002469135802469136,0.6661728395061729,0.0
dataset,4,18,mean_variance_20,Mean - 20 x variance,mean_variance,20.0,10300,0.1,19,0.0,1,1.0,1000.0,0.0002469135802469136,0.6637037037037037,0.0
dataset,4,18,gaussian_lcb_1,Gaussian lower bound: mean - 1 x SD,gaussian_lcb,1.0,10300,0.1,19,0.0,1,1.0,1000.0,0.0002469135802469136,0.6529284912822743,0.0
dataset,4,18,gaussian_lcb_1.645,Gaussian lower bound: mean - 1.645 x SD,gaussian_lcb,1.645,10300,0.1,19,0.0,1,1.0,1000.0,0.0002469135802469136,0.6427932940852671,0.0
dataset,4,18,gaussian_lcb_1.96,Gaussian lower bound: mean - 1.96 x SD,gaussian_lcb,1.96,10300,0.1,19,0.0,1,1.0,1000.0,0.0002469135802469136,0.6378435466169613,0.0
dataset,4,18,gaussian_lcb_2.576,Gaussian lower bound: mean - 2.576 x SD,gaussian_lcb,2.576,10300,0.1,19,0.0,1,1.0,1000.0,0.0002469135802469136,0.6281640404567187,0.0
dataset,4,18,finite_gaussian_lcb_1,Finite-row Gaussian bound: mean - 1 x SD,finite_gaussian_lcb,1.0,10300,0.1,19,0.0,1,1.0,1000.0,0.0002469135802469136,0.672,0.0
dataset,4,18,finite_gaussian_lcb_1.645,Finite-row Gaussian bound: mean - 1.645 x SD,finite_gaussian_lcb,1.645,10300,0.1,19,0.0,1,1.0,1000.0,0.0002469135802469136,0.672,0.0
dataset,4,18,finite_gaussian_lcb_1.96,Finite-row Gaussian bound: mean - 1.96 x SD,finite_gaussian_lcb,1.96,10300,0.1,19,0.0,1,1.0,1000.0,0.0002469135802469136,0.672,0.0
dataset,4,18,finite_population_lcb,Anytime finite-population lower bound (delta=0.05),confidence,0.05,10300,0.1,19,0.0,1,1.0,1000.0,0.0002469135802469136,0.672,0.0
dataset,4,19,posterior_mean,Current posterior mean,baseline,,10300,0.1,19,0.0,1,1.0,1000.0,0.0002469135802469136,0.668641984462738,0.0
dataset,4,19,empirical_mean,Observed sample mean,baseline,,10300,0.1,58,0.030000000000000027,1,0.0,76.0,0.002824858757062147,0.6842105263157895,0.030000000000000027
dataset,4,19,variance_gate_0.5,Variance gate: v/v0 <= 0.5,variance_gate,0.5,10300,0.1,19,0.0,1,1.0,1000.0,0.0002469135802469136,0.668641975308642,0.0
dataset,4,19,variance_gate_0.2,Variance gate: v/v0 <= 0.2,variance_gate,0.2,10300,0.1,19,0.0,1,1.0,1000.0,0.0002469135802469136,0.668641975308642,0.0
dataset,4,19,variance_gate_0.1,Variance gate: v/v0 <= 0.1,variance_gate,0.1,10300,0.1,19,0.0,1,1.0,1000.0,0.0002469135802469136,0.668641975308642,0.0
dataset,4,19,variance_gate_0.05,Variance gate: v/v0 <= 0.05,variance_gate,0.05,10300,0.1,19,0.0,1,1.0,1000.0,0.0002469135802469136,0.668641975308642,0.0
dataset,4,19,mean_variance_1,Mean - 1 x variance,mean_variance,1.0,10300,0.1,19,0.0,1,1.0,1000.0,0.0002469135802469136,0.6683950617283951,0.0
dataset,4,19,mean_variance_5,Mean - 5 x variance,mean_variance,5.0,10300,0.1,19,0.0,1,1.0,1000.0,0.0002469135802469136,0.6674074074074074,0.0
dataset,4,19,mean_variance_10,Mean - 10 x variance,mean_variance,10.0,10300,0.1,19,0.0,1,1.0,1000.0,0.0002469135802469136,0.6661728395061729,0.0
dataset,4,19,mean_variance_20,Mean - 20 x variance,mean_variance,20.0,10300,0.1,19,0.0,1,1.0,1000.0,0.0002469135802469136,0.6637037037037037,0.0
dataset,4,19,gaussian_lcb_1,Gaussian lower bound: mean - 1 x SD,gaussian_lcb,1.0,10300,0.1,19,0.0,1,1.0,1000.0,0.0002469135802469136,0.6529284912822743,0.0
dataset,4,19,gaussian_lcb_1.645,Gaussian lower bound: mean - 1.645 x SD,gaussian_lcb,1.645,10300,0.1,19,0.0,1,1.0,1000.0,0.0002469135802469136,0.6427932940852671,0.0
dataset,4,19,gaussian_lcb_1.96,Gaussian lower bound: mean - 1.96 x SD,gaussian_lcb,1.96,10300,0.1,19,0.0,1,1.0,1000.0,0.0002469135802469136,0.6378435466169613,0.0
dataset,4,19,gaussian_lcb_2.576,Gaussian lower bound: mean - 2.576 x SD,gaussian_lcb,2.576,10300,0.1,19,0.0,1,1.0,1000.0,0.0002469135802469136,0.6281640404567187,0.0
dataset,4,19,finite_gaussian_lcb_1,Finite-row Gaussian bound: mean - 1 x SD,finite_gaussian_lcb,1.0,10300,0.1,19,0.0,1,1.0,1000.0,0.0002469135802469136,0.672,0.0
dataset,4,19,finite_gaussian_lcb_1.645,Finite-row Gaussian bound: mean - 1.645 x SD,finite_gaussian_lcb,1.645,10300,0.1,19,0.0,1,1.0,1000.0,0.0002469135802469136,0.672,0.0
dataset,4,19,finite_gaussian_lcb_1.96,Finite-row Gaussian bound: mean - 1.96 x SD,finite_gaussian_lcb,1.96,10300,0.1,19,0.0,1,1.0,1000.0,0.0002469135802469136,0.672,0.0
dataset,4,19,finite_population_lcb,Anytime finite-population lower bound (delta=0.05),confidence,0.05,10300,0.1,19,0.0,1,1.0,1000.0,0.0002469135802469136,0.672,0.0
dataset,5,0,posterior_mean,Current posterior mean,baseline,,10300,0.1,20,0.0,1,1.0,1000.0,0.0002469135802469136,0.668641984462738,0.0
dataset,5,0,empirical_mean,Observed sample mean,baseline,,10300,0.1,20,0.0,1,1.0,1000.0,0.0002469135802469136,0.672,0.0
dataset,5,0,variance_gate_0.5,Variance gate: v/v0 <= 0.5,variance_gate,0.5,10300,0.1,20,0.0,1,1.0,1000.0,0.0002469135802469136,0.668641975308642,0.0
dataset,5,0,variance_gate_0.2,Variance gate: v/v0 <= 0.2,variance_gate,0.2,10300,0.1,20,0.0,1,1.0,1000.0,0.0002469135802469136,0.668641975308642,0.0
dataset,5,0,variance_gate_0.1,Variance gate: v/v0 <= 0.1,variance_gate,0.1,10300,0.1,20,0.0,1,1.0,1000.0,0.0002469135802469136,0.668641975308642,0.0
dataset,5,0,variance_gate_0.05,Variance gate: v/v0 <= 0.05,variance_gate,0.05,10300,0.1,20,0.0,1,1.0,1000.0,0.0002469135802469136,0.668641975308642,0.0
dataset,5,0,mean_variance_1,Mean - 1 x variance,mean_variance,1.0,10300,0.1,20,0.0,1,1.0,1000.0,0.0002469135802469136,0.6683950617283951,0.0
dataset,5,0,mean_variance_5,Mean - 5 x variance,mean_variance,5.0,10300,0.1,20,0.0,1,1.0,1000.0,0.0002469135802469136,0.6674074074074074,0.0
dataset,5,0,mean_variance_10,Mean - 10 x variance,mean_variance,10.0,10300,0.1,20,0.0,1,1.0,1000.0,0.0002469135802469136,0.6661728395061729,0.0
dataset,5,0,mean_variance_20,Mean - 20 x variance,mean_variance,20.0,10300,0.1,20,0.0,1,1.0,1000.0,0.0002469135802469136,0.6637037037037037,0.0
dataset,5,0,gaussian_lcb_1,Gaussian lower bound: mean - 1 x SD,gaussian_lcb,1.0,10300,0.1,20,0.0,1,1.0,1000.0,0.0002469135802469136,0.6529284912822743,0.0
dataset,5,0,gaussian_lcb_1.645,Gaussian lower bound: mean - 1.645 x SD,gaussian_lcb,1.645,10300,0.1,20,0.0,1,1.0,1000.0,0.0002469135802469136,0.6427932940852671,0.0
dataset,5,0,gaussian_lcb_1.96,Gaussian lower bound: mean - 1.96 x SD,gaussian_lcb,1.96,10300,0.1,20,0.0,1,1.0,1000.0,0.0002469135802469136,0.6378435466169613,0.0
dataset,5,0,gaussian_lcb_2.576,Gaussian lower bound: mean - 2.576 x SD,gaussian_lcb,2.576,10300,0.1,20,0.0,1,1.0,1000.0,0.0002469135802469136,0.6281640404567187,0.0
dataset,5,0,finite_gaussian_lcb_1,Finite-row Gaussian bound: mean - 1 x SD,finite_gaussian_lcb,1.0,10300,0.1,20,0.0,1,1.0,1000.0,0.0002469135802469136,0.672,0.0
dataset,5,0,finite_gaussian_lcb_1.645,Finite-row Gaussian bound: mean - 1.645 x SD,finite_gaussian_lcb,1.645,10300,0.1,20,0.0,1,1.0,1000.0,0.0002469135802469136,0.672,0.0
dataset,5,0,finite_gaussian_lcb_1.96,Finite-row Gaussian bound: mean - 1.96 x SD,finite_gaussian_lcb,1.96,10300,0.1,20,0.0,1,1.0,1000.0,0.0002469135802469136,0.672,0.0
dataset,5,0,finite_population_lcb,Anytime finite-population lower bound (delta=0.05),confidence,0.05,10300,0.1,20,0.0,1,1.0,1000.0,0.0002469135802469136,0.672,0.0
dataset,5,1,posterior_mean,Current posterior mean,baseline,,10300,0.1,19,0.0,1,1.0,1000.0,0.0002469135802469136,0.668641984462738,0.0
dataset,5,1,empirical_mean,Observed sample mean,baseline,,10300,0.1,19,0.0,1,1.0,1000.0,0.0002469135802469136,0.672,0.0
dataset,5,1,variance_gate_0.5,Variance gate: v/v0 <= 0.5,variance_gate,0.5,10300,0.1,19,0.0,1,1.0,1000.0,0.0002469135802469136,0.668641975308642,0.0
dataset,5,1,variance_gate_0.2,Variance gate: v/v0 <= 0.2,variance_gate,0.2,10300,0.1,19,0.0,1,1.0,1000.0,0.0002469135802469136,0.668641975308642,0.0
dataset,5,1,variance_gate_0.1,Variance gate: v/v0 <= 0.1,variance_gate,0.1,10300,0.1,19,0.0,1,1.0,1000.0,0.0002469135802469136,0.668641975308642,0.0
dataset,5,1,variance_gate_0.05,Variance gate: v/v0 <= 0.05,variance_gate,0.05,10300,0.1,19,0.0,1,1.0,1000.0,0.0002469135802469136,0.668641975308642,0.0
dataset,5,1,mean_variance_1,Mean - 1 x variance,mean_variance,1.0,10300,0.1,19,0.0,1,1.0,1000.0,0.0002469135802469136,0.6683950617283951,0.0
dataset,5,1,mean_variance_5,Mean - 5 x variance,mean_variance,5.0,10300,0.1,19,0.0,1,1.0,1000.0,0.0002469135802469136,0.6674074074074074,0.0
dataset,5,1,mean_variance_10,Mean - 10 x variance,mean_variance,10.0,10300,0.1,19,0.0,1,1.0,1000.0,0.0002469135802469136,0.6661728395061729,0.0
dataset,5,1,mean_variance_20,Mean - 20 x variance,mean_variance,20.0,10300,0.1,19,0.0,1,1.0,1000.0,0.0002469135802469136,0.6637037037037037,0.0
dataset,5,1,gaussian_lcb_1,Gaussian lower bound: mean - 1 x SD,gaussian_lcb,1.0,10300,0.1,19,0.0,1,1.0,1000.0,0.0002469135802469136,0.6529284912822743,0.0
dataset,5,1,gaussian_lcb_1.645,Gaussian lower bound: mean - 1.645 x SD,gaussian_lcb,1.645,10300,0.1,19,0.0,1,1.0,1000.0,0.0002469135802469136,0.6427932940852671,0.0
dataset,5,1,gaussian_lcb_1.96,Gaussian lower bound: mean - 1.96 x SD,gaussian_lcb,1.96,10300,0.1,19,0.0,1,1.0,1000.0,0.0002469135802469136,0.6378435466169613,0.0
dataset,5,1,gaussian_lcb_2.576,Gaussian lower bound: mean - 2.576 x SD,gaussian_lcb,2.576,10300,0.1,19,0.0,1,1.0,1000.0,0.0002469135802469136,0.6281640404567187,0.0
dataset,5,1,finite_gaussian_lcb_1,Finite-row Gaussian bound: mean - 1 x SD,finite_gaussian_lcb,1.0,10300,0.1,19,0.0,1,1.0,1000.0,0.0002469135802469136,0.672,0.0
dataset,5,1,finite_gaussian_lcb_1.645,Finite-row Gaussian bound: mean - 1.645 x SD,finite_gaussian_lcb,1.645,10300,0.1,19,0.0,1,1.0,1000.0,0.0002469135802469136,0.672,0.0
dataset,5,1,finite_gaussian_lcb_1.96,Finite-row Gaussian bound: mean - 1.96 x SD,finite_gaussian_lcb,1.96,10300,0.1,19,0.0,1,1.0,1000.0,0.0002469135802469136,0.672,0.0
dataset,5,1,finite_population_lcb,Anytime finite-population lower bound (delta=0.05),confidence,0.05,10300,0.1,19,0.0,1,1.0,1000.0,0.0002469135802469136,0.672,0.0
dataset,5,2,posterior_mean,Current posterior mean,baseline,,10300,0.1,19,0.0,1,1.0,1000.0,0.0002469135802469136,0.668641984462738,0.0
dataset,5,2,empirical_mean,Observed sample mean,baseline,,10300,0.1,19,0.0,1,1.0,1000.0,0.0002469135802469136,0.672,0.0
dataset,5,2,variance_gate_0.5,Variance gate: v/v0 <= 0.5,variance_gate,0.5,10300,0.1,19,0.0,1,1.0,1000.0,0.0002469135802469136,0.668641975308642,0.0
dataset,5,2,variance_gate_0.2,Variance gate: v/v0 <= 0.2,variance_gate,0.2,10300,0.1,19,0.0,1,1.0,1000.0,0.0002469135802469136,0.668641975308642,0.0
dataset,5,2,variance_gate_0.1,Variance gate: v/v0 <= 0.1,variance_gate,0.1,10300,0.1,19,0.0,1,1.0,1000.0,0.0002469135802469136,0.668641975308642,0.0
dataset,5,2,variance_gate_0.05,Variance gate: v/v0 <= 0.05,variance_gate,0.05,10300,0.1,19,0.0,1,1.0,1000.0,0.0002469135802469136,0.668641975308642,0.0
dataset,5,2,mean_variance_1,Mean - 1 x variance,mean_variance,1.0,10300,0.1,19,0.0,1,1.0,1000.0,0.0002469135802469136,0.6683950617283951,0.0
dataset,5,2,mean_variance_5,Mean - 5 x variance,mean_variance,5.0,10300,0.1,19,0.0,1,1.0,1000.0,0.0002469135802469136,0.6674074074074074,0.0
dataset,5,2,mean_variance_10,Mean - 10 x variance,mean_variance,10.0,10300,0.1,19,0.0,1,1.0,1000.0,0.0002469135802469136,0.6661728395061729,0.0
dataset,5,2,mean_variance_20,Mean - 20 x variance,mean_variance,20.0,10300,0.1,19,0.0,1,1.0,1000.0,0.0002469135802469136,0.6637037037037037,0.0
dataset,5,2,gaussian_lcb_1,Gaussian lower bound: mean - 1 x SD,gaussian_lcb,1.0,10300,0.1,19,0.0,1,1.0,1000.0,0.0002469135802469136,0.6529284912822743,0.0
dataset,5,2,gaussian_lcb_1.645,Gaussian lower bound: mean - 1.645 x SD,gaussian_lcb,1.645,10300,0.1,19,0.0,1,1.0,1000.0,0.0002469135802469136,0.6427932940852671,0.0
dataset,5,2,gaussian_lcb_1.96,Gaussian lower bound: mean - 1.96 x SD,gaussian_lcb,1.96,10300,0.1,19,0.0,1,1.0,1000.0,0.0002469135802469136,0.6378435466169613,0.0
dataset,5,2,gaussian_lcb_2.576,Gaussian lower bound: mean - 2.576 x SD,gaussian_lcb,2.576,10300,0.1,19,0.0,1,1.0,1000.0,0.0002469135802469136,0.6281640404567187,0.0
dataset,5,2,finite_gaussian_lcb_1,Finite-row Gaussian bound: mean - 1 x SD,finite_gaussian_lcb,1.0,10300,0.1,19,0.0,1,1.0,1000.0,0.0002469135802469136,0.672,0.0
dataset,5,2,finite_gaussian_lcb_1.645,Finite-row Gaussian bound: mean - 1.645 x SD,finite_gaussian_lcb,1.645,10300,0.1,19,0.0,1,1.0,1000.0,0.0002469135802469136,0.672,0.0
dataset,5,2,finite_gaussian_lcb_1.96,Finite-row Gaussian bound: mean - 1.96 x SD,finite_gaussian_lcb,1.96,10300,0.1,19,0.0,1,1.0,1000.0,0.0002469135802469136,0.672,0.0
dataset,5,2,finite_population_lcb,Anytime finite-population lower bound (delta=0.05),confidence,0.05,10300,0.1,19,0.0,1,1.0,1000.0,0.0002469135802469136,0.672,0.0
dataset,5,3,posterior_mean,Current posterior mean,baseline,,10300,0.1,20,0.0,1,1.0,1000.0,0.0002469135802469136,0.668641984462738,0.0
dataset,5,3,empirical_mean,Observed sample mean,baseline,,10300,0.1,20,0.0,1,1.0,1000.0,0.0002469135802469136,0.672,0.0
dataset,5,3,variance_gate_0.5,Variance gate: v/v0 <= 0.5,variance_gate,0.5,10300,0.1,20,0.0,1,1.0,1000.0,0.0002469135802469136,0.668641975308642,0.0
dataset,5,3,variance_gate_0.2,Variance gate: v/v0 <= 0.2,variance_gate,0.2,10300,0.1,20,0.0,1,1.0,1000.0,0.0002469135802469136,0.668641975308642,0.0
dataset,5,3,variance_gate_0.1,Variance gate: v/v0 <= 0.1,variance_gate,0.1,10300,0.1,20,0.0,1,1.0,1000.0,0.0002469135802469136,0.668641975308642,0.0
dataset,5,3,variance_gate_0.05,Variance gate: v/v0 <= 0.05,variance_gate,0.05,10300,0.1,20,0.0,1,1.0,1000.0,0.0002469135802469136,0.668641975308642,0.0
dataset,5,3,mean_variance_1,Mean - 1 x variance,mean_variance,1.0,10300,0.1,20,0.0,1,1.0,1000.0,0.0002469135802469136,0.6683950617283951,0.0
dataset,5,3,mean_variance_5,Mean - 5 x variance,mean_variance,5.0,10300,0.1,20,0.0,1,1.0,1000.0,0.0002469135802469136,0.6674074074074074,0.0
dataset,5,3,mean_variance_10,Mean - 10 x variance,mean_variance,10.0,10300,0.1,20,0.0,1,1.0,1000.0,0.0002469135802469136,0.6661728395061729,0.0
dataset,5,3,mean_variance_20,Mean - 20 x variance,mean_variance,20.0,10300,0.1,20,0.0,1,1.0,1000.0,0.0002469135802469136,0.6637037037037037,0.0
dataset,5,3,gaussian_lcb_1,Gaussian lower bound: mean - 1 x SD,gaussian_lcb,1.0,10300,0.1,20,0.0,1,1.0,1000.0,0.0002469135802469136,0.6529284912822743,0.0
dataset,5,3,gaussian_lcb_1.645,Gaussian lower bound: mean - 1.645 x SD,gaussian_lcb,1.645,10300,0.1,20,0.0,1,1.0,1000.0,0.0002469135802469136,0.6427932940852671,0.0
dataset,5,3,gaussian_lcb_1.96,Gaussian lower bound: mean - 1.96 x SD,gaussian_lcb,1.96,10300,0.1,20,0.0,1,1.0,1000.0,0.0002469135802469136,0.6378435466169613,0.0
dataset,5,3,gaussian_lcb_2.576,Gaussian lower bound: mean - 2.576 x SD,gaussian_lcb,2.576,10300,0.1,20,0.0,1,1.0,1000.0,0.0002469135802469136,0.6281640404567187,0.0
dataset,5,3,finite_gaussian_lcb_1,Finite-row Gaussian bound: mean - 1 x SD,finite_gaussian_lcb,1.0,10300,0.1,20,0.0,1,1.0,1000.0,0.0002469135802469136,0.672,0.0
dataset,5,3,finite_gaussian_lcb_1.645,Finite-row Gaussian bound: mean - 1.645 x SD,finite_gaussian_lcb,1.645,10300,0.1,20,0.0,1,1.0,1000.0,0.0002469135802469136,0.672,0.0
dataset,5,3,finite_gaussian_lcb_1.96,Finite-row Gaussian bound: mean - 1.96 x SD,finite_gaussian_lcb,1.96,10300,0.1,20,0.0,1,1.0,1000.0,0.0002469135802469136,0.672,0.0
dataset,5,3,finite_population_lcb,Anytime finite-population lower bound (delta=0.05),confidence,0.05,10300,0.1,20,0.0,1,1.0,1000.0,0.0002469135802469136,0.672,0.0
dataset,5,4,posterior_mean,Current posterior mean,baseline,,10300,0.1,19,0.0,1,1.0,1000.0,0.0002469135802469136,0.668641984462738,0.0
dataset,5,4,empirical_mean,Observed sample mean,baseline,,10300,0.1,19,0.0,1,1.0,1000.0,0.0002469135802469136,0.672,0.0
dataset,5,4,variance_gate_0.5,Variance gate: v/v0 <= 0.5,variance_gate,0.5,10300,0.1,19,0.0,1,1.0,1000.0,0.0002469135802469136,0.668641975308642,0.0
dataset,5,4,variance_gate_0.2,Variance gate: v/v0 <= 0.2,variance_gate,0.2,10300,0.1,19,0.0,1,1.0,1000.0,0.0002469135802469136,0.668641975308642,0.0
dataset,5,4,variance_gate_0.1,Variance gate: v/v0 <= 0.1,variance_gate,0.1,10300,0.1,19,0.0,1,1.0,1000.0,0.0002469135802469136,0.668641975308642,0.0
dataset,5,4,variance_gate_0.05,Variance gate: v/v0 <= 0.05,variance_gate,0.05,10300,0.1,19,0.0,1,1.0,1000.0,0.0002469135802469136,0.668641975308642,0.0
dataset,5,4,mean_variance_1,Mean - 1 x variance,mean_variance,1.0,10300,0.1,19,0.0,1,1.0,1000.0,0.0002469135802469136,0.6683950617283951,0.0
dataset,5,4,mean_variance_5,Mean - 5 x variance,mean_variance,5.0,10300,0.1,19,0.0,1,1.0,1000.0,0.0002469135802469136,0.6674074074074074,0.0
dataset,5,4,mean_variance_10,Mean - 10 x variance,mean_variance,10.0,10300,0.1,19,0.0,1,1.0,1000.0,0.0002469135802469136,0.6661728395061729,0.0
dataset,5,4,mean_variance_20,Mean - 20 x variance,mean_variance,20.0,10300,0.1,19,0.0,1,1.0,1000.0,0.0002469135802469136,0.6637037037037037,0.0
dataset,5,4,gaussian_lcb_1,Gaussian lower bound: mean - 1 x SD,gaussian_lcb,1.0,10300,0.1,19,0.0,1,1.0,1000.0,0.0002469135802469136,0.6529284912822743,0.0
dataset,5,4,gaussian_lcb_1.645,Gaussian lower bound: mean - 1.645 x SD,gaussian_lcb,1.645,10300,0.1,19,0.0,1,1.0,1000.0,0.0002469135802469136,0.6427932940852671,0.0
dataset,5,4,gaussian_lcb_1.96,Gaussian lower bound: mean - 1.96 x SD,gaussian_lcb,1.96,10300,0.1,19,0.0,1,1.0,1000.0,0.0002469135802469136,0.6378435466169613,0.0
dataset,5,4,gaussian_lcb_2.576,Gaussian lower bound: mean - 2.576 x SD,gaussian_lcb,2.576,10300,0.1,19,0.0,1,1.0,1000.0,0.0002469135802469136,0.6281640404567187,0.0
dataset,5,4,finite_gaussian_lcb_1,Finite-row Gaussian bound: mean - 1 x SD,finite_gaussian_lcb,1.0,10300,0.1,19,0.0,1,1.0,1000.0,0.0002469135802469136,0.672,0.0
dataset,5,4,finite_gaussian_lcb_1.645,Finite-row Gaussian bound: mean - 1.645 x SD,finite_gaussian_lcb,1.645,10300,0.1,19,0.0,1,1.0,1000.0,0.0002469135802469136,0.672,0.0
dataset,5,4,finite_gaussian_lcb_1.96,Finite-row Gaussian bound: mean - 1.96 x SD,finite_gaussian_lcb,1.96,10300,0.1,19,0.0,1,1.0,1000.0,0.0002469135802469136,0.672,0.0
dataset,5,4,finite_population_lcb,Anytime finite-population lower bound (delta=0.05),confidence,0.05,10300,0.1,19,0.0,1,1.0,1000.0,0.0002469135802469136,0.672,0.0
dataset,5,5,posterior_mean,Current posterior mean,baseline,,10300,0.1,19,0.0,1,1.0,1000.0,0.0002469135802469136,0.668641984462738,0.0
dataset,5,5,empirical_mean,Observed sample mean,baseline,,10300,0.1,19,0.0,1,1.0,1000.0,0.0002469135802469136,0.672,0.0
dataset,5,5,variance_gate_0.5,Variance gate: v/v0 <= 0.5,variance_gate,0.5,10300,0.1,19,0.0,1,1.0,1000.0,0.0002469135802469136,0.668641975308642,0.0
dataset,5,5,variance_gate_0.2,Variance gate: v/v0 <= 0.2,variance_gate,0.2,10300,0.1,19,0.0,1,1.0,1000.0,0.0002469135802469136,0.668641975308642,0.0
dataset,5,5,variance_gate_0.1,Variance gate: v/v0 <= 0.1,variance_gate,0.1,10300,0.1,19,0.0,1,1.0,1000.0,0.0002469135802469136,0.668641975308642,0.0
dataset,5,5,variance_gate_0.05,Variance gate: v/v0 <= 0.05,variance_gate,0.05,10300,0.1,19,0.0,1,1.0,1000.0,0.0002469135802469136,0.668641975308642,0.0
dataset,5,5,mean_variance_1,Mean - 1 x variance,mean_variance,1.0,10300,0.1,19,0.0,1,1.0,1000.0,0.0002469135802469136,0.6683950617283951,0.0
dataset,5,5,mean_variance_5,Mean - 5 x variance,mean_variance,5.0,10300,0.1,19,0.0,1,1.0,1000.0,0.0002469135802469136,0.6674074074074074,0.0
dataset,5,5,mean_variance_10,Mean - 10 x variance,mean_variance,10.0,10300,0.1,19,0.0,1,1.0,1000.0,0.0002469135802469136,0.6661728395061729,0.0
dataset,5,5,mean_variance_20,Mean - 20 x variance,mean_variance,20.0,10300,0.1,19,0.0,1,1.0,1000.0,0.0002469135802469136,0.6637037037037037,0.0
dataset,5,5,gaussian_lcb_1,Gaussian lower bound: mean - 1 x SD,gaussian_lcb,1.0,10300,0.1,19,0.0,1,1.0,1000.0,0.0002469135802469136,0.6529284912822743,0.0
dataset,5,5,gaussian_lcb_1.645,Gaussian lower bound: mean - 1.645 x SD,gaussian_lcb,1.645,10300,0.1,19,0.0,1,1.0,1000.0,0.0002469135802469136,0.6427932940852671,0.0
dataset,5,5,gaussian_lcb_1.96,Gaussian lower bound: mean - 1.96 x SD,gaussian_lcb,1.96,10300,0.1,19,0.0,1,1.0,1000.0,0.0002469135802469136,0.6378435466169613,0.0
dataset,5,5,gaussian_lcb_2.576,Gaussian lower bound: mean - 2.576 x SD,gaussian_lcb,2.576,10300,0.1,19,0.0,1,1.0,1000.0,0.0002469135802469136,0.6281640404567187,0.0
dataset,5,5,finite_gaussian_lcb_1,Finite-row Gaussian bound: mean - 1 x SD,finite_gaussian_lcb,1.0,10300,0.1,19,0.0,1,1.0,1000.0,0.0002469135802469136,0.672,0.0
dataset,5,5,finite_gaussian_lcb_1.645,Finite-row Gaussian bound: mean - 1.645 x SD,finite_gaussian_lcb,1.645,10300,0.1,19,0.0,1,1.0,1000.0,0.0002469135802469136,0.672,0.0
dataset,5,5,finite_gaussian_lcb_1.96,Finite-row Gaussian bound: mean - 1.96 x SD,finite_gaussian_lcb,1.96,10300,0.1,19,0.0,1,1.0,1000.0,0.0002469135802469136,0.672,0.0
dataset,5,5,finite_population_lcb,Anytime finite-population lower bound (delta=0.05),confidence,0.05,10300,0.1,19,0.0,1,1.0,1000.0,0.0002469135802469136,0.672,0.0
dataset,5,6,posterior_mean,Current posterior mean,baseline,,10300,0.1,20,0.0,1,1.0,1000.0,0.0002469135802469136,0.668641984462738,0.0
dataset,5,6,empirical_mean,Observed sample mean,baseline,,10300,0.1,20,0.0,1,1.0,1000.0,0.0002469135802469136,0.672,0.0
dataset,5,6,variance_gate_0.5,Variance gate: v/v0 <= 0.5,variance_gate,0.5,10300,0.1,20,0.0,1,1.0,1000.0,0.0002469135802469136,0.668641975308642,0.0
dataset,5,6,variance_gate_0.2,Variance gate: v/v0 <= 0.2,variance_gate,0.2,10300,0.1,20,0.0,1,1.0,1000.0,0.0002469135802469136,0.668641975308642,0.0
dataset,5,6,variance_gate_0.1,Variance gate: v/v0 <= 0.1,variance_gate,0.1,10300,0.1,20,0.0,1,1.0,1000.0,0.0002469135802469136,0.668641975308642,0.0
dataset,5,6,variance_gate_0.05,Variance gate: v/v0 <= 0.05,variance_gate,0.05,10300,0.1,20,0.0,1,1.0,1000.0,0.0002469135802469136,0.668641975308642,0.0
dataset,5,6,mean_variance_1,Mean - 1 x variance,mean_variance,1.0,10300,0.1,20,0.0,1,1.0,1000.0,0.0002469135802469136,0.6683950617283951,0.0
dataset,5,6,mean_variance_5,Mean - 5 x variance,mean_variance,5.0,10300,0.1,20,0.0,1,1.0,1000.0,0.0002469135802469136,0.6674074074074074,0.0
dataset,5,6,mean_variance_10,Mean - 10 x variance,mean_variance,10.0,10300,0.1,20,0.0,1,1.0,1000.0,0.0002469135802469136,0.6661728395061729,0.0
dataset,5,6,mean_variance_20,Mean - 20 x variance,mean_variance,20.0,10300,0.1,20,0.0,1,1.0,1000.0,0.0002469135802469136,0.6637037037037037,0.0
dataset,5,6,gaussian_lcb_1,Gaussian lower bound: mean - 1 x SD,gaussian_lcb,1.0,10300,0.1,20,0.0,1,1.0,1000.0,0.0002469135802469136,0.6529284912822743,0.0
dataset,5,6,gaussian_lcb_1.645,Gaussian lower bound: mean - 1.645 x SD,gaussian_lcb,1.645,10300,0.1,20,0.0,1,1.0,1000.0,0.0002469135802469136,0.6427932940852671,0.0
dataset,5,6,gaussian_lcb_1.96,Gaussian lower bound: mean - 1.96 x SD,gaussian_lcb,1.96,10300,0.1,20,0.0,1,1.0,1000.0,0.0002469135802469136,0.6378435466169613,0.0
dataset,5,6,gaussian_lcb_2.576,Gaussian lower bound: mean - 2.576 x SD,gaussian_lcb,2.576,10300,0.1,20,0.0,1,1.0,1000.0,0.0002469135802469136,0.6281640404567187,0.0
dataset,5,6,finite_gaussian_lcb_1,Finite-row Gaussian bound: mean - 1 x SD,finite_gaussian_lcb,1.0,10300,0.1,20,0.0,1,1.0,1000.0,0.0002469135802469136,0.672,0.0
dataset,5,6,finite_gaussian_lcb_1.645,Finite-row Gaussian bound: mean - 1.645 x SD,finite_gaussian_lcb,1.645,10300,0.1,20,0.0,1,1.0,1000.0,0.0002469135802469136,0.672,0.0
dataset,5,6,finite_gaussian_lcb_1.96,Finite-row Gaussian bound: mean - 1.96 x SD,finite_gaussian_lcb,1.96,10300,0.1,20,0.0,1,1.0,1000.0,0.0002469135802469136,0.672,0.0
dataset,5,6,finite_population_lcb,Anytime finite-population lower bound (delta=0.05),confidence,0.05,10300,0.1,20,0.0,1,1.0,1000.0,0.0002469135802469136,0.672,0.0
dataset,5,7,posterior_mean,Current posterior mean,baseline,,10300,0.1,19,0.0,1,1.0,1000.0,0.0002469135802469136,0.668641984462738,0.0
dataset,5,7,empirical_mean,Observed sample mean,baseline,,10300,0.1,19,0.0,1,1.0,1000.0,0.0002469135802469136,0.672,0.0
dataset,5,7,variance_gate_0.5,Variance gate: v/v0 <= 0.5,variance_gate,0.5,10300,0.1,19,0.0,1,1.0,1000.0,0.0002469135802469136,0.668641975308642,0.0
dataset,5,7,variance_gate_0.2,Variance gate: v/v0 <= 0.2,variance_gate,0.2,10300,0.1,19,0.0,1,1.0,1000.0,0.0002469135802469136,0.668641975308642,0.0
dataset,5,7,variance_gate_0.1,Variance gate: v/v0 <= 0.1,variance_gate,0.1,10300,0.1,19,0.0,1,1.0,1000.0,0.0002469135802469136,0.668641975308642,0.0
dataset,5,7,variance_gate_0.05,Variance gate: v/v0 <= 0.05,variance_gate,0.05,10300,0.1,19,0.0,1,1.0,1000.0,0.0002469135802469136,0.668641975308642,0.0
dataset,5,7,mean_variance_1,Mean - 1 x variance,mean_variance,1.0,10300,0.1,19,0.0,1,1.0,1000.0,0.0002469135802469136,0.6683950617283951,0.0
dataset,5,7,mean_variance_5,Mean - 5 x variance,mean_variance,5.0,10300,0.1,19,0.0,1,1.0,1000.0,0.0002469135802469136,0.6674074074074074,0.0
dataset,5,7,mean_variance_10,Mean - 10 x variance,mean_variance,10.0,10300,0.1,19,0.0,1,1.0,1000.0,0.0002469135802469136,0.6661728395061729,0.0
dataset,5,7,mean_variance_20,Mean - 20 x variance,mean_variance,20.0,10300,0.1,19,0.0,1,1.0,1000.0,0.0002469135802469136,0.6637037037037037,0.0
dataset,5,7,gaussian_lcb_1,Gaussian lower bound: mean - 1 x SD,gaussian_lcb,1.0,10300,0.1,19,0.0,1,1.0,1000.0,0.0002469135802469136,0.6529284912822743,0.0
dataset,5,7,gaussian_lcb_1.645,Gaussian lower bound: mean - 1.645 x SD,gaussian_lcb,1.645,10300,0.1,19,0.0,1,1.0,1000.0,0.0002469135802469136,0.6427932940852671,0.0
dataset,5,7,gaussian_lcb_1.96,Gaussian lower bound: mean - 1.96 x SD,gaussian_lcb,1.96,10300,0.1,19,0.0,1,1.0,1000.0,0.0002469135802469136,0.6378435466169613,0.0
dataset,5,7,gaussian_lcb_2.576,Gaussian lower bound: mean - 2.576 x SD,gaussian_lcb,2.576,10300,0.1,19,0.0,1,1.0,1000.0,0.0002469135802469136,0.6281640404567187,0.0
dataset,5,7,finite_gaussian_lcb_1,Finite-row Gaussian bound: mean - 1 x SD,finite_gaussian_lcb,1.0,10300,0.1,19,0.0,1,1.0,1000.0,0.0002469135802469136,0.672,0.0
dataset,5,7,finite_gaussian_lcb_1.645,Finite-row Gaussian bound: mean - 1.645 x SD,finite_gaussian_lcb,1.645,10300,0.1,19,0.0,1,1.0,1000.0,0.0002469135802469136,0.672,0.0
dataset,5,7,finite_gaussian_lcb_1.96,Finite-row Gaussian bound: mean - 1.96 x SD,finite_gaussian_lcb,1.96,10300,0.1,19,0.0,1,1.0,1000.0,0.0002469135802469136,0.672,0.0
dataset,5,7,finite_population_lcb,Anytime finite-population lower bound (delta=0.05),confidence,0.05,10300,0.1,19,0.0,1,1.0,1000.0,0.0002469135802469136,0.672,0.0
dataset,5,8,posterior_mean,Current posterior mean,baseline,,10300,0.1,19,0.0,1,1.0,1000.0,0.0002469135802469136,0.668641984462738,0.0
dataset,5,8,empirical_mean,Observed sample mean,baseline,,10300,0.1,19,0.0,1,1.0,1000.0,0.0002469135802469136,0.672,0.0
dataset,5,8,variance_gate_0.5,Variance gate: v/v0 <= 0.5,variance_gate,0.5,10300,0.1,19,0.0,1,1.0,1000.0,0.0002469135802469136,0.668641975308642,0.0
dataset,5,8,variance_gate_0.2,Variance gate: v/v0 <= 0.2,variance_gate,0.2,10300,0.1,19,0.0,1,1.0,1000.0,0.0002469135802469136,0.668641975308642,0.0
dataset,5,8,variance_gate_0.1,Variance gate: v/v0 <= 0.1,variance_gate,0.1,10300,0.1,19,0.0,1,1.0,1000.0,0.0002469135802469136,0.668641975308642,0.0
dataset,5,8,variance_gate_0.05,Variance gate: v/v0 <= 0.05,variance_gate,0.05,10300,0.1,19,0.0,1,1.0,1000.0,0.0002469135802469136,0.668641975308642,0.0
dataset,5,8,mean_variance_1,Mean - 1 x variance,mean_variance,1.0,10300,0.1,19,0.0,1,1.0,1000.0,0.0002469135802469136,0.6683950617283951,0.0
dataset,5,8,mean_variance_5,Mean - 5 x variance,mean_variance,5.0,10300,0.1,19,0.0,1,1.0,1000.0,0.0002469135802469136,0.6674074074074074,0.0
dataset,5,8,mean_variance_10,Mean - 10 x variance,mean_variance,10.0,10300,0.1,19,0.0,1,1.0,1000.0,0.0002469135802469136,0.6661728395061729,0.0
dataset,5,8,mean_variance_20,Mean - 20 x variance,mean_variance,20.0,10300,0.1,19,0.0,1,1.0,1000.0,0.0002469135802469136,0.6637037037037037,0.0
dataset,5,8,gaussian_lcb_1,Gaussian lower bound: mean - 1 x SD,gaussian_lcb,1.0,10300,0.1,19,0.0,1,1.0,1000.0,0.0002469135802469136,0.6529284912822743,0.0
dataset,5,8,gaussian_lcb_1.645,Gaussian lower bound: mean - 1.645 x SD,gaussian_lcb,1.645,10300,0.1,19,0.0,1,1.0,1000.0,0.0002469135802469136,0.6427932940852671,0.0
dataset,5,8,gaussian_lcb_1.96,Gaussian lower bound: mean - 1.96 x SD,gaussian_lcb,1.96,10300,0.1,19,0.0,1,1.0,1000.0,0.0002469135802469136,0.6378435466169613,0.0
dataset,5,8,gaussian_lcb_2.576,Gaussian lower bound: mean - 2.576 x SD,gaussian_lcb,2.576,10300,0.1,19,0.0,1,1.0,1000.0,0.0002469135802469136,0.6281640404567187,0.0
dataset,5,8,finite_gaussian_lcb_1,Finite-row Gaussian bound: mean - 1 x SD,finite_gaussian_lcb,1.0,10300,0.1,19,0.0,1,1.0,1000.0,0.0002469135802469136,0.672,0.0
dataset,5,8,finite_gaussian_lcb_1.645,Finite-row Gaussian bound: mean - 1.645 x SD,finite_gaussian_lcb,1.645,10300,0.1,19,0.0,1,1.0,1000.0,0.0002469135802469136,0.672,0.0
dataset,5,8,finite_gaussian_lcb_1.96,Finite-row Gaussian bound: mean - 1.96 x SD,finite_gaussian_lcb,1.96,10300,0.1,19,0.0,1,1.0,1000.0,0.0002469135802469136,0.672,0.0
dataset,5,8,finite_population_lcb,Anytime finite-population lower bound (delta=0.05),confidence,0.05,10300,0.1,19,0.0,1,1.0,1000.0,0.0002469135802469136,0.672,0.0
dataset,5,9,posterior_mean,Current posterior mean,baseline,,10300,0.1,19,0.0,1,1.0,1000.0,0.0002469135802469136,0.668641984462738,0.0
dataset,5,9,empirical_mean,Observed sample mean,baseline,,10300,0.1,19,0.0,1,1.0,1000.0,0.0002469135802469136,0.672,0.0
dataset,5,9,variance_gate_0.5,Variance gate: v/v0 <= 0.5,variance_gate,0.5,10300,0.1,19,0.0,1,1.0,1000.0,0.0002469135802469136,0.668641975308642,0.0
dataset,5,9,variance_gate_0.2,Variance gate: v/v0 <= 0.2,variance_gate,0.2,10300,0.1,19,0.0,1,1.0,1000.0,0.0002469135802469136,0.668641975308642,0.0
dataset,5,9,variance_gate_0.1,Variance gate: v/v0 <= 0.1,variance_gate,0.1,10300,0.1,19,0.0,1,1.0,1000.0,0.0002469135802469136,0.668641975308642,0.0
dataset,5,9,variance_gate_0.05,Variance gate: v/v0 <= 0.05,variance_gate,0.05,10300,0.1,19,0.0,1,1.0,1000.0,0.0002469135802469136,0.668641975308642,0.0
dataset,5,9,mean_variance_1,Mean - 1 x variance,mean_variance,1.0,10300,0.1,19,0.0,1,1.0,1000.0,0.0002469135802469136,0.6683950617283951,0.0
dataset,5,9,mean_variance_5,Mean - 5 x variance,mean_variance,5.0,10300,0.1,19,0.0,1,1.0,1000.0,0.0002469135802469136,0.6674074074074074,0.0
dataset,5,9,mean_variance_10,Mean - 10 x variance,mean_variance,10.0,10300,0.1,19,0.0,1,1.0,1000.0,0.0002469135802469136,0.6661728395061729,0.0
dataset,5,9,mean_variance_20,Mean - 20 x variance,mean_variance,20.0,10300,0.1,19,0.0,1,1.0,1000.0,0.0002469135802469136,0.6637037037037037,0.0
dataset,5,9,gaussian_lcb_1,Gaussian lower bound: mean - 1 x SD,gaussian_lcb,1.0,10300,0.1,19,0.0,1,1.0,1000.0,0.0002469135802469136,0.6529284912822743,0.0
dataset,5,9,gaussian_lcb_1.645,Gaussian lower bound: mean - 1.645 x SD,gaussian_lcb,1.645,10300,0.1,19,0.0,1,1.0,1000.0,0.0002469135802469136,0.6427932940852671,0.0
dataset,5,9,gaussian_lcb_1.96,Gaussian lower bound: mean - 1.96 x SD,gaussian_lcb,1.96,10300,0.1,19,0.0,1,1.0,1000.0,0.0002469135802469136,0.6378435466169613,0.0
dataset,5,9,gaussian_lcb_2.576,Gaussian lower bound: mean - 2.576 x SD,gaussian_lcb,2.576,10300,0.1,19,0.0,1,1.0,1000.0,0.0002469135802469136,0.6281640404567187,0.0
dataset,5,9,finite_gaussian_lcb_1,Finite-row Gaussian bound: mean - 1 x SD,finite_gaussian_lcb,1.0,10300,0.1,19,0.0,1,1.0,1000.0,0.0002469135802469136,0.672,0.0
dataset,5,9,finite_gaussian_lcb_1.645,Finite-row Gaussian bound: mean - 1.645 x SD,finite_gaussian_lcb,1.645,10300,0.1,19,0.0,1,1.0,1000.0,0.0002469135802469136,0.672,0.0
dataset,5,9,finite_gaussian_lcb_1.96,Finite-row Gaussian bound: mean - 1.96 x SD,finite_gaussian_lcb,1.96,10300,0.1,19,0.0,1,1.0,1000.0,0.0002469135802469136,0.672,0.0
dataset,5,9,finite_population_lcb,Anytime finite-population lower bound (delta=0.05),confidence,0.05,10300,0.1,19,0.0,1,1.0,1000.0,0.0002469135802469136,0.672,0.0
dataset,5,10,posterior_mean,Current posterior mean,baseline,,10300,0.1,19,0.0,1,1.0,1000.0,0.0002469135802469136,0.668641984462738,0.0
dataset,5,10,empirical_mean,Observed sample mean,baseline,,10300,0.1,19,0.0,1,1.0,1000.0,0.0002469135802469136,0.672,0.0
dataset,5,10,variance_gate_0.5,Variance gate: v/v0 <= 0.5,variance_gate,0.5,10300,0.1,19,0.0,1,1.0,1000.0,0.0002469135802469136,0.668641975308642,0.0
dataset,5,10,variance_gate_0.2,Variance gate: v/v0 <= 0.2,variance_gate,0.2,10300,0.1,19,0.0,1,1.0,1000.0,0.0002469135802469136,0.668641975308642,0.0
dataset,5,10,variance_gate_0.1,Variance gate: v/v0 <= 0.1,variance_gate,0.1,10300,0.1,19,0.0,1,1.0,1000.0,0.0002469135802469136,0.668641975308642,0.0
dataset,5,10,variance_gate_0.05,Variance gate: v/v0 <= 0.05,variance_gate,0.05,10300,0.1,19,0.0,1,1.0,1000.0,0.0002469135802469136,0.668641975308642,0.0
dataset,5,10,mean_variance_1,Mean - 1 x variance,mean_variance,1.0,10300,0.1,19,0.0,1,1.0,1000.0,0.0002469135802469136,0.6683950617283951,0.0
dataset,5,10,mean_variance_5,Mean - 5 x variance,mean_variance,5.0,10300,0.1,19,0.0,1,1.0,1000.0,0.0002469135802469136,0.6674074074074074,0.0
dataset,5,10,mean_variance_10,Mean - 10 x variance,mean_variance,10.0,10300,0.1,19,0.0,1,1.0,1000.0,0.0002469135802469136,0.6661728395061729,0.0
dataset,5,10,mean_variance_20,Mean - 20 x variance,mean_variance,20.0,10300,0.1,19,0.0,1,1.0,1000.0,0.0002469135802469136,0.6637037037037037,0.0
dataset,5,10,gaussian_lcb_1,Gaussian lower bound: mean - 1 x SD,gaussian_lcb,1.0,10300,0.1,19,0.0,1,1.0,1000.0,0.0002469135802469136,0.6529284912822743,0.0
dataset,5,10,gaussian_lcb_1.645,Gaussian lower bound: mean - 1.645 x SD,gaussian_lcb,1.645,10300,0.1,19,0.0,1,1.0,1000.0,0.0002469135802469136,0.6427932940852671,0.0
dataset,5,10,gaussian_lcb_1.96,Gaussian lower bound: mean - 1.96 x SD,gaussian_lcb,1.96,10300,0.1,19,0.0,1,1.0,1000.0,0.0002469135802469136,0.6378435466169613,0.0
dataset,5,10,gaussian_lcb_2.576,Gaussian lower bound: mean - 2.576 x SD,gaussian_lcb,2.576,10300,0.1,19,0.0,1,1.0,1000.0,0.0002469135802469136,0.6281640404567187,0.0
dataset,5,10,finite_gaussian_lcb_1,Finite-row Gaussian bound: mean - 1 x SD,finite_gaussian_lcb,1.0,10300,0.1,19,0.0,1,1.0,1000.0,0.0002469135802469136,0.672,0.0
dataset,5,10,finite_gaussian_lcb_1.645,Finite-row Gaussian bound: mean - 1.645 x SD,finite_gaussian_lcb,1.645,10300,0.1,19,0.0,1,1.0,1000.0,0.0002469135802469136,0.672,0.0
dataset,5,10,finite_gaussian_lcb_1.96,Finite-row Gaussian bound: mean - 1.96 x SD,finite_gaussian_lcb,1.96,10300,0.1,19,0.0,1,1.0,1000.0,0.0002469135802469136,0.672,0.0
dataset,5,10,finite_population_lcb,Anytime finite-population lower bound (delta=0.05),confidence,0.05,10300,0.1,19,0.0,1,1.0,1000.0,0.0002469135802469136,0.672,0.0
dataset,5,11,posterior_mean,Current posterior mean,baseline,,10300,0.1,19,0.0,1,1.0,1000.0,0.0002469135802469136,0.668641984462738,0.0
dataset,5,11,empirical_mean,Observed sample mean,baseline,,10300,0.1,19,0.0,1,1.0,1000.0,0.0002469135802469136,0.672,0.0
dataset,5,11,variance_gate_0.5,Variance gate: v/v0 <= 0.5,variance_gate,0.5,10300,0.1,19,0.0,1,1.0,1000.0,0.0002469135802469136,0.668641975308642,0.0
dataset,5,11,variance_gate_0.2,Variance gate: v/v0 <= 0.2,variance_gate,0.2,10300,0.1,19,0.0,1,1.0,1000.0,0.0002469135802469136,0.668641975308642,0.0
dataset,5,11,variance_gate_0.1,Variance gate: v/v0 <= 0.1,variance_gate,0.1,10300,0.1,19,0.0,1,1.0,1000.0,0.0002469135802469136,0.668641975308642,0.0
dataset,5,11,variance_gate_0.05,Variance gate: v/v0 <= 0.05,variance_gate,0.05,10300,0.1,19,0.0,1,1.0,1000.0,0.0002469135802469136,0.668641975308642,0.0
dataset,5,11,mean_variance_1,Mean - 1 x variance,mean_variance,1.0,10300,0.1,19,0.0,1,1.0,1000.0,0.0002469135802469136,0.6683950617283951,0.0
dataset,5,11,mean_variance_5,Mean - 5 x variance,mean_variance,5.0,10300,0.1,19,0.0,1,1.0,1000.0,0.0002469135802469136,0.6674074074074074,0.0
dataset,5,11,mean_variance_10,Mean - 10 x variance,mean_variance,10.0,10300,0.1,19,0.0,1,1.0,1000.0,0.0002469135802469136,0.6661728395061729,0.0
dataset,5,11,mean_variance_20,Mean - 20 x variance,mean_variance,20.0,10300,0.1,19,0.0,1,1.0,1000.0,0.0002469135802469136,0.6637037037037037,0.0
dataset,5,11,gaussian_lcb_1,Gaussian lower bound: mean - 1 x SD,gaussian_lcb,1.0,10300,0.1,19,0.0,1,1.0,1000.0,0.0002469135802469136,0.6529284912822743,0.0
dataset,5,11,gaussian_lcb_1.645,Gaussian lower bound: mean - 1.645 x SD,gaussian_lcb,1.645,10300,0.1,19,0.0,1,1.0,1000.0,0.0002469135802469136,0.6427932940852671,0.0
dataset,5,11,gaussian_lcb_1.96,Gaussian lower bound: mean - 1.96 x SD,gaussian_lcb,1.96,10300,0.1,19,0.0,1,1.0,1000.0,0.0002469135802469136,0.6378435466169613,0.0
dataset,5,11,gaussian_lcb_2.576,Gaussian lower bound: mean - 2.576 x SD,gaussian_lcb,2.576,10300,0.1,19,0.0,1,1.0,1000.0,0.0002469135802469136,0.6281640404567187,0.0
dataset,5,11,finite_gaussian_lcb_1,Finite-row Gaussian bound: mean - 1 x SD,finite_gaussian_lcb,1.0,10300,0.1,19,0.0,1,1.0,1000.0,0.0002469135802469136,0.672,0.0
dataset,5,11,finite_gaussian_lcb_1.645,Finite-row Gaussian bound: mean - 1.645 x SD,finite_gaussian_lcb,1.645,10300,0.1,19,0.0,1,1.0,1000.0,0.0002469135802469136,0.672,0.0
dataset,5,11,finite_gaussian_lcb_1.96,Finite-row Gaussian bound: mean - 1.96 x SD,finite_gaussian_lcb,1.96,10300,0.1,19,0.0,1,1.0,1000.0,0.0002469135802469136,0.672,0.0
dataset,5,11,finite_population_lcb,Anytime finite-population lower bound (delta=0.05),confidence,0.05,10300,0.1,19,0.0,1,1.0,1000.0,0.0002469135802469136,0.672,0.0
dataset,5,12,posterior_mean,Current posterior mean,baseline,,10300,0.1,20,0.0,1,1.0,1000.0,0.0002469135802469136,0.668641984462738,0.0
dataset,5,12,empirical_mean,Observed sample mean,baseline,,10300,0.1,19,0.0,1,1.0,44.0,0.004424778761061947,0.6818181818181818,0.0
dataset,5,12,variance_gate_0.5,Variance gate: v/v0 <= 0.5,variance_gate,0.5,10300,0.1,20,0.0,1,1.0,1000.0,0.0002469135802469136,0.668641975308642,0.0
dataset,5,12,variance_gate_0.2,Variance gate: v/v0 <= 0.2,variance_gate,0.2,10300,0.1,20,0.0,1,1.0,1000.0,0.0002469135802469136,0.668641975308642,0.0
dataset,5,12,variance_gate_0.1,Variance gate: v/v0 <= 0.1,variance_gate,0.1,10300,0.1,20,0.0,1,1.0,1000.0,0.0002469135802469136,0.668641975308642,0.0
dataset,5,12,variance_gate_0.05,Variance gate: v/v0 <= 0.05,variance_gate,0.05,10300,0.1,20,0.0,1,1.0,1000.0,0.0002469135802469136,0.668641975308642,0.0
dataset,5,12,mean_variance_1,Mean - 1 x variance,mean_variance,1.0,10300,0.1,20,0.0,1,1.0,1000.0,0.0002469135802469136,0.6683950617283951,0.0
dataset,5,12,mean_variance_5,Mean - 5 x variance,mean_variance,5.0,10300,0.1,20,0.0,1,1.0,1000.0,0.0002469135802469136,0.6674074074074074,0.0
dataset,5,12,mean_variance_10,Mean - 10 x variance,mean_variance,10.0,10300,0.1,20,0.0,1,1.0,1000.0,0.0002469135802469136,0.6661728395061729,0.0
dataset,5,12,mean_variance_20,Mean - 20 x variance,mean_variance,20.0,10300,0.1,20,0.0,1,1.0,1000.0,0.0002469135802469136,0.6637037037037037,0.0
dataset,5,12,gaussian_lcb_1,Gaussian lower bound: mean - 1 x SD,gaussian_lcb,1.0,10300,0.1,20,0.0,1,1.0,1000.0,0.0002469135802469136,0.6529284912822743,0.0
dataset,5,12,gaussian_lcb_1.645,Gaussian lower bound: mean - 1.645 x SD,gaussian_lcb,1.645,10300,0.1,20,0.0,1,1.0,1000.0,0.0002469135802469136,0.6427932940852671,0.0
dataset,5,12,gaussian_lcb_1.96,Gaussian lower bound: mean - 1.96 x SD,gaussian_lcb,1.96,10300,0.1,20,0.0,1,1.0,1000.0,0.0002469135802469136,0.6378435466169613,0.0
dataset,5,12,gaussian_lcb_2.576,Gaussian lower bound: mean - 2.576 x SD,gaussian_lcb,2.576,10300,0.1,20,0.0,1,1.0,1000.0,0.0002469135802469136,0.6281640404567187,0.0
dataset,5,12,finite_gaussian_lcb_1,Finite-row Gaussian bound: mean - 1 x SD,finite_gaussian_lcb,1.0,10300,0.1,20,0.0,1,1.0,1000.0,0.0002469135802469136,0.672,0.0
dataset,5,12,finite_gaussian_lcb_1.645,Finite-row Gaussian bound: mean - 1.645 x SD,finite_gaussian_lcb,1.645,10300,0.1,20,0.0,1,1.0,1000.0,0.0002469135802469136,0.672,0.0
dataset,5,12,finite_gaussian_lcb_1.96,Finite-row Gaussian bound: mean - 1.96 x SD,finite_gaussian_lcb,1.96,10300,0.1,20,0.0,1,1.0,1000.0,0.0002469135802469136,0.672,0.0
dataset,5,12,finite_population_lcb,Anytime finite-population lower bound (delta=0.05),confidence,0.05,10300,0.1,20,0.0,1,1.0,1000.0,0.0002469135802469136,0.672,0.0
dataset,5,13,posterior_mean,Current posterior mean,baseline,,10300,0.1,19,0.0,1,1.0,1000.0,0.0002469135802469136,0.668641984462738,0.0
dataset,5,13,empirical_mean,Observed sample mean,baseline,,10300,0.1,19,0.0,1,1.0,1000.0,0.0002469135802469136,0.672,0.0
dataset,5,13,variance_gate_0.5,Variance gate: v/v0 <= 0.5,variance_gate,0.5,10300,0.1,19,0.0,1,1.0,1000.0,0.0002469135802469136,0.668641975308642,0.0
dataset,5,13,variance_gate_0.2,Variance gate: v/v0 <= 0.2,variance_gate,0.2,10300,0.1,19,0.0,1,1.0,1000.0,0.0002469135802469136,0.668641975308642,0.0
dataset,5,13,variance_gate_0.1,Variance gate: v/v0 <= 0.1,variance_gate,0.1,10300,0.1,19,0.0,1,1.0,1000.0,0.0002469135802469136,0.668641975308642,0.0
dataset,5,13,variance_gate_0.05,Variance gate: v/v0 <= 0.05,variance_gate,0.05,10300,0.1,19,0.0,1,1.0,1000.0,0.0002469135802469136,0.668641975308642,0.0
dataset,5,13,mean_variance_1,Mean - 1 x variance,mean_variance,1.0,10300,0.1,19,0.0,1,1.0,1000.0,0.0002469135802469136,0.6683950617283951,0.0
dataset,5,13,mean_variance_5,Mean - 5 x variance,mean_variance,5.0,10300,0.1,19,0.0,1,1.0,1000.0,0.0002469135802469136,0.6674074074074074,0.0
dataset,5,13,mean_variance_10,Mean - 10 x variance,mean_variance,10.0,10300,0.1,19,0.0,1,1.0,1000.0,0.0002469135802469136,0.6661728395061729,0.0
dataset,5,13,mean_variance_20,Mean - 20 x variance,mean_variance,20.0,10300,0.1,19,0.0,1,1.0,1000.0,0.0002469135802469136,0.6637037037037037,0.0
dataset,5,13,gaussian_lcb_1,Gaussian lower bound: mean - 1 x SD,gaussian_lcb,1.0,10300,0.1,19,0.0,1,1.0,1000.0,0.0002469135802469136,0.6529284912822743,0.0
dataset,5,13,gaussian_lcb_1.645,Gaussian lower bound: mean - 1.645 x SD,gaussian_lcb,1.645,10300,0.1,19,0.0,1,1.0,1000.0,0.0002469135802469136,0.6427932940852671,0.0
dataset,5,13,gaussian_lcb_1.96,Gaussian lower bound: mean - 1.96 x SD,gaussian_lcb,1.96,10300,0.1,19,0.0,1,1.0,1000.0,0.0002469135802469136,0.6378435466169613,0.0
dataset,5,13,gaussian_lcb_2.576,Gaussian lower bound: mean - 2.576 x SD,gaussian_lcb,2.576,10300,0.1,19,0.0,1,1.0,1000.0,0.0002469135802469136,0.6281640404567187,0.0
dataset,5,13,finite_gaussian_lcb_1,Finite-row Gaussian bound: mean - 1 x SD,finite_gaussian_lcb,1.0,10300,0.1,19,0.0,1,1.0,1000.0,0.0002469135802469136,0.672,0.0
dataset,5,13,finite_gaussian_lcb_1.645,Finite-row Gaussian bound: mean - 1.645 x SD,finite_gaussian_lcb,1.645,10300,0.1,19,0.0,1,1.0,1000.0,0.0002469135802469136,0.672,0.0
dataset,5,13,finite_gaussian_lcb_1.96,Finite-row Gaussian bound: mean - 1.96 x SD,finite_gaussian_lcb,1.96,10300,0.1,19,0.0,1,1.0,1000.0,0.0002469135802469136,0.672,0.0
dataset,5,13,finite_population_lcb,Anytime finite-population lower bound (delta=0.05),confidence,0.05,10300,0.1,19,0.0,1,1.0,1000.0,0.0002469135802469136,0.672,0.0
dataset,5,14,posterior_mean,Current posterior mean,baseline,,10300,0.1,19,0.0,1,1.0,1000.0,0.0002469135802469136,0.668641984462738,0.0
dataset,5,14,empirical_mean,Observed sample mean,baseline,,10300,0.1,19,0.0,1,1.0,1000.0,0.0002469135802469136,0.672,0.0
dataset,5,14,variance_gate_0.5,Variance gate: v/v0 <= 0.5,variance_gate,0.5,10300,0.1,19,0.0,1,1.0,1000.0,0.0002469135802469136,0.668641975308642,0.0
dataset,5,14,variance_gate_0.2,Variance gate: v/v0 <= 0.2,variance_gate,0.2,10300,0.1,19,0.0,1,1.0,1000.0,0.0002469135802469136,0.668641975308642,0.0
dataset,5,14,variance_gate_0.1,Variance gate: v/v0 <= 0.1,variance_gate,0.1,10300,0.1,19,0.0,1,1.0,1000.0,0.0002469135802469136,0.668641975308642,0.0
dataset,5,14,variance_gate_0.05,Variance gate: v/v0 <= 0.05,variance_gate,0.05,10300,0.1,19,0.0,1,1.0,1000.0,0.0002469135802469136,0.668641975308642,0.0
dataset,5,14,mean_variance_1,Mean - 1 x variance,mean_variance,1.0,10300,0.1,19,0.0,1,1.0,1000.0,0.0002469135802469136,0.6683950617283951,0.0
dataset,5,14,mean_variance_5,Mean - 5 x variance,mean_variance,5.0,10300,0.1,19,0.0,1,1.0,1000.0,0.0002469135802469136,0.6674074074074074,0.0
dataset,5,14,mean_variance_10,Mean - 10 x variance,mean_variance,10.0,10300,0.1,19,0.0,1,1.0,1000.0,0.0002469135802469136,0.6661728395061729,0.0
dataset,5,14,mean_variance_20,Mean - 20 x variance,mean_variance,20.0,10300,0.1,19,0.0,1,1.0,1000.0,0.0002469135802469136,0.6637037037037037,0.0
dataset,5,14,gaussian_lcb_1,Gaussian lower bound: mean - 1 x SD,gaussian_lcb,1.0,10300,0.1,19,0.0,1,1.0,1000.0,0.0002469135802469136,0.6529284912822743,0.0
dataset,5,14,gaussian_lcb_1.645,Gaussian lower bound: mean - 1.645 x SD,gaussian_lcb,1.645,10300,0.1,19,0.0,1,1.0,1000.0,0.0002469135802469136,0.6427932940852671,0.0
dataset,5,14,gaussian_lcb_1.96,Gaussian lower bound: mean - 1.96 x SD,gaussian_lcb,1.96,10300,0.1,19,0.0,1,1.0,1000.0,0.0002469135802469136,0.6378435466169613,0.0
dataset,5,14,gaussian_lcb_2.576,Gaussian lower bound: mean - 2.576 x SD,gaussian_lcb,2.576,10300,0.1,19,0.0,1,1.0,1000.0,0.0002469135802469136,0.6281640404567187,0.0
dataset,5,14,finite_gaussian_lcb_1,Finite-row Gaussian bound: mean - 1 x SD,finite_gaussian_lcb,1.0,10300,0.1,19,0.0,1,1.0,1000.0,0.0002469135802469136,0.672,0.0
dataset,5,14,finite_gaussian_lcb_1.645,Finite-row Gaussian bound: mean - 1.645 x SD,finite_gaussian_lcb,1.645,10300,0.1,19,0.0,1,1.0,1000.0,0.0002469135802469136,0.672,0.0
dataset,5,14,finite_gaussian_lcb_1.96,Finite-row Gaussian bound: mean - 1.96 x SD,finite_gaussian_lcb,1.96,10300,0.1,19,0.0,1,1.0,1000.0,0.0002469135802469136,0.672,0.0
dataset,5,14,finite_population_lcb,Anytime finite-population lower bound (delta=0.05),confidence,0.05,10300,0.1,19,0.0,1,1.0,1000.0,0.0002469135802469136,0.672,0.0
dataset,5,15,posterior_mean,Current posterior mean,baseline,,10300,0.1,20,0.0,1,1.0,1000.0,0.0002469135802469136,0.668641984462738,0.0
dataset,5,15,empirical_mean,Observed sample mean,baseline,,10300,0.1,20,0.0,1,1.0,1000.0,0.0002469135802469136,0.672,0.0
dataset,5,15,variance_gate_0.5,Variance gate: v/v0 <= 0.5,variance_gate,0.5,10300,0.1,20,0.0,1,1.0,1000.0,0.0002469135802469136,0.668641975308642,0.0
dataset,5,15,variance_gate_0.2,Variance gate: v/v0 <= 0.2,variance_gate,0.2,10300,0.1,20,0.0,1,1.0,1000.0,0.0002469135802469136,0.668641975308642,0.0
dataset,5,15,variance_gate_0.1,Variance gate: v/v0 <= 0.1,variance_gate,0.1,10300,0.1,20,0.0,1,1.0,1000.0,0.0002469135802469136,0.668641975308642,0.0
dataset,5,15,variance_gate_0.05,Variance gate: v/v0 <= 0.05,variance_gate,0.05,10300,0.1,20,0.0,1,1.0,1000.0,0.0002469135802469136,0.668641975308642,0.0
dataset,5,15,mean_variance_1,Mean - 1 x variance,mean_variance,1.0,10300,0.1,20,0.0,1,1.0,1000.0,0.0002469135802469136,0.6683950617283951,0.0
dataset,5,15,mean_variance_5,Mean - 5 x variance,mean_variance,5.0,10300,0.1,20,0.0,1,1.0,1000.0,0.0002469135802469136,0.6674074074074074,0.0
dataset,5,15,mean_variance_10,Mean - 10 x variance,mean_variance,10.0,10300,0.1,20,0.0,1,1.0,1000.0,0.0002469135802469136,0.6661728395061729,0.0
dataset,5,15,mean_variance_20,Mean - 20 x variance,mean_variance,20.0,10300,0.1,20,0.0,1,1.0,1000.0,0.0002469135802469136,0.6637037037037037,0.0
dataset,5,15,gaussian_lcb_1,Gaussian lower bound: mean - 1 x SD,gaussian_lcb,1.0,10300,0.1,20,0.0,1,1.0,1000.0,0.0002469135802469136,0.6529284912822743,0.0
dataset,5,15,gaussian_lcb_1.645,Gaussian lower bound: mean - 1.645 x SD,gaussian_lcb,1.645,10300,0.1,20,0.0,1,1.0,1000.0,0.0002469135802469136,0.6427932940852671,0.0
dataset,5,15,gaussian_lcb_1.96,Gaussian lower bound: mean - 1.96 x SD,gaussian_lcb,1.96,10300,0.1,20,0.0,1,1.0,1000.0,0.0002469135802469136,0.6378435466169613,0.0
dataset,5,15,gaussian_lcb_2.576,Gaussian lower bound: mean - 2.576 x SD,gaussian_lcb,2.576,10300,0.1,20,0.0,1,1.0,1000.0,0.0002469135802469136,0.6281640404567187,0.0
dataset,5,15,finite_gaussian_lcb_1,Finite-row Gaussian bound: mean - 1 x SD,finite_gaussian_lcb,1.0,10300,0.1,20,0.0,1,1.0,1000.0,0.0002469135802469136,0.672,0.0
dataset,5,15,finite_gaussian_lcb_1.645,Finite-row Gaussian bound: mean - 1.645 x SD,finite_gaussian_lcb,1.645,10300,0.1,20,0.0,1,1.0,1000.0,0.0002469135802469136,0.672,0.0
dataset,5,15,finite_gaussian_lcb_1.96,Finite-row Gaussian bound: mean - 1.96 x SD,finite_gaussian_lcb,1.96,10300,0.1,20,0.0,1,1.0,1000.0,0.0002469135802469136,0.672,0.0
dataset,5,15,finite_population_lcb,Anytime finite-population lower bound (delta=0.05),confidence,0.05,10300,0.1,20,0.0,1,1.0,1000.0,0.0002469135802469136,0.672,0.0
dataset,5,16,posterior_mean,Current posterior mean,baseline,,10300,0.1,19,0.0,1,1.0,1000.0,0.0002469135802469136,0.668641984462738,0.0
dataset,5,16,empirical_mean,Observed sample mean,baseline,,10300,0.1,19,0.0,1,1.0,1000.0,0.0002469135802469136,0.672,0.0
dataset,5,16,variance_gate_0.5,Variance gate: v/v0 <= 0.5,variance_gate,0.5,10300,0.1,19,0.0,1,1.0,1000.0,0.0002469135802469136,0.668641975308642,0.0
dataset,5,16,variance_gate_0.2,Variance gate: v/v0 <= 0.2,variance_gate,0.2,10300,0.1,19,0.0,1,1.0,1000.0,0.0002469135802469136,0.668641975308642,0.0
dataset,5,16,variance_gate_0.1,Variance gate: v/v0 <= 0.1,variance_gate,0.1,10300,0.1,19,0.0,1,1.0,1000.0,0.0002469135802469136,0.668641975308642,0.0
dataset,5,16,variance_gate_0.05,Variance gate: v/v0 <= 0.05,variance_gate,0.05,10300,0.1,19,0.0,1,1.0,1000.0,0.0002469135802469136,0.668641975308642,0.0
dataset,5,16,mean_variance_1,Mean - 1 x variance,mean_variance,1.0,10300,0.1,19,0.0,1,1.0,1000.0,0.0002469135802469136,0.6683950617283951,0.0
dataset,5,16,mean_variance_5,Mean - 5 x variance,mean_variance,5.0,10300,0.1,19,0.0,1,1.0,1000.0,0.0002469135802469136,0.6674074074074074,0.0
dataset,5,16,mean_variance_10,Mean - 10 x variance,mean_variance,10.0,10300,0.1,19,0.0,1,1.0,1000.0,0.0002469135802469136,0.6661728395061729,0.0
dataset,5,16,mean_variance_20,Mean - 20 x variance,mean_variance,20.0,10300,0.1,19,0.0,1,1.0,1000.0,0.0002469135802469136,0.6637037037037037,0.0
dataset,5,16,gaussian_lcb_1,Gaussian lower bound: mean - 1 x SD,gaussian_lcb,1.0,10300,0.1,19,0.0,1,1.0,1000.0,0.0002469135802469136,0.6529284912822743,0.0
dataset,5,16,gaussian_lcb_1.645,Gaussian lower bound: mean - 1.645 x SD,gaussian_lcb,1.645,10300,0.1,19,0.0,1,1.0,1000.0,0.0002469135802469136,0.6427932940852671,0.0
dataset,5,16,gaussian_lcb_1.96,Gaussian lower bound: mean - 1.96 x SD,gaussian_lcb,1.96,10300,0.1,19,0.0,1,1.0,1000.0,0.0002469135802469136,0.6378435466169613,0.0
dataset,5,16,gaussian_lcb_2.576,Gaussian lower bound: mean - 2.576 x SD,gaussian_lcb,2.576,10300,0.1,19,0.0,1,1.0,1000.0,0.0002469135802469136,0.6281640404567187,0.0
dataset,5,16,finite_gaussian_lcb_1,Finite-row Gaussian bound: mean - 1 x SD,finite_gaussian_lcb,1.0,10300,0.1,19,0.0,1,1.0,1000.0,0.0002469135802469136,0.672,0.0
dataset,5,16,finite_gaussian_lcb_1.645,Finite-row Gaussian bound: mean - 1.645 x SD,finite_gaussian_lcb,1.645,10300,0.1,19,0.0,1,1.0,1000.0,0.0002469135802469136,0.672,0.0
dataset,5,16,finite_gaussian_lcb_1.96,Finite-row Gaussian bound: mean - 1.96 x SD,finite_gaussian_lcb,1.96,10300,0.1,19,0.0,1,1.0,1000.0,0.0002469135802469136,0.672,0.0
dataset,5,16,finite_population_lcb,Anytime finite-population lower bound (delta=0.05),confidence,0.05,10300,0.1,19,0.0,1,1.0,1000.0,0.0002469135802469136,0.672,0.0
dataset,5,17,posterior_mean,Current posterior mean,baseline,,10300,0.1,22,0.02100000000000002,1,0.0,1000.0,0.0002469135802469136,0.6479012370109558,0.0
dataset,5,17,empirical_mean,Observed sample mean,baseline,,10300,0.1,22,0.02100000000000002,1,0.0,1000.0,0.0002469135802469136,0.651,0.0
dataset,5,17,variance_gate_0.5,Variance gate: v/v0 <= 0.5,variance_gate,0.5,10300,0.1,22,0.02100000000000002,1,0.0,1000.0,0.0002469135802469136,0.6479012345679013,0.0
dataset,5,17,variance_gate_0.2,Variance gate: v/v0 <= 0.2,variance_gate,0.2,10300,0.1,22,0.02100000000000002,1,0.0,1000.0,0.0002469135802469136,0.6479012345679013,0.0
dataset,5,17,variance_gate_0.1,Variance gate: v/v0 <= 0.1,variance_gate,0.1,10300,0.1,22,0.02100000000000002,1,0.0,1000.0,0.0002469135802469136,0.6479012345679013,0.0
dataset,5,17,variance_gate_0.05,Variance gate: v/v0 <= 0.05,variance_gate,0.05,10300,0.1,22,0.02100000000000002,1,0.0,1000.0,0.0002469135802469136,0.6479012345679013,0.0
dataset,5,17,mean_variance_1,Mean - 1 x variance,mean_variance,1.0,10300,0.1,22,0.02100000000000002,1,0.0,1000.0,0.0002469135802469136,0.6476543209876544,0.0
dataset,5,17,mean_variance_5,Mean - 5 x variance,mean_variance,5.0,10300,0.1,22,0.02100000000000002,1,0.0,1000.0,0.0002469135802469136,0.6466666666666667,0.0
dataset,5,17,mean_variance_10,Mean - 10 x variance,mean_variance,10.0,10300,0.1,22,0.02100000000000002,1,0.0,1000.0,0.0002469135802469136,0.6454320987654322,0.0
dataset,5,17,mean_variance_20,Mean - 20 x variance,mean_variance,20.0,10300,0.1,22,0.02100000000000002,1,0.0,1000.0,0.0002469135802469136,0.642962962962963,0.0
dataset,5,17,gaussian_lcb_1,Gaussian lower bound: mean - 1 x SD,gaussian_lcb,1.0,10300,0.1,22,0.02100000000000002,1,0.0,1000.0,0.0002469135802469136,0.6321877505415335,0.0
dataset,5,17,gaussian_lcb_1.645,Gaussian lower bound: mean - 1.645 x SD,gaussian_lcb,1.645,10300,0.1,22,0.02100000000000002,1,0.0,1000.0,0.0002469135802469136,0.6220525533445264,0.0
dataset,5,17,gaussian_lcb_1.96,Gaussian lower bound: mean - 1.96 x SD,gaussian_lcb,1.96,10300,0.1,22,0.02100000000000002,1,0.0,1000.0,0.0002469135802469136,0.6171028058762206,0.0
dataset,5,17,gaussian_lcb_2.576,Gaussian lower bound: mean - 2.576 x SD,gaussian_lcb,2.576,10300,0.1,22,0.02100000000000002,1,0.0,1000.0,0.0002469135802469136,0.607423299715978,0.0
dataset,5,17,finite_gaussian_lcb_1,Finite-row Gaussian bound: mean - 1 x SD,finite_gaussian_lcb,1.0,10300,0.1,22,0.02100000000000002,1,0.0,1000.0,0.0002469135802469136,0.651,0.0
dataset,5,17,finite_gaussian_lcb_1.645,Finite-row Gaussian bound: mean - 1.645 x SD,finite_gaussian_lcb,1.645,10300,0.1,22,0.02100000000000002,1,0.0,1000.0,0.0002469135802469136,0.651,0.0
dataset,5,17,finite_gaussian_lcb_1.96,Finite-row Gaussian bound: mean - 1.96 x SD,finite_gaussian_lcb,1.96,10300,0.1,22,0.02100000000000002,1,0.0,1000.0,0.0002469135802469136,0.651,0.0
dataset,5,17,finite_population_lcb,Anytime finite-population lower bound (delta=0.05),confidence,0.05,10300,0.1,22,0.02100000000000002,1,0.0,1000.0,0.0002469135802469136,0.651,0.0
dataset,5,18,posterior_mean,Current posterior mean,baseline,,10300,0.1,20,0.0,1,1.0,1000.0,0.0002469135802469136,0.668641984462738,0.0
dataset,5,18,empirical_mean,Observed sample mean,baseline,,10300,0.1,20,0.0,1,1.0,1000.0,0.0002469135802469136,0.672,0.0
dataset,5,18,variance_gate_0.5,Variance gate: v/v0 <= 0.5,variance_gate,0.5,10300,0.1,20,0.0,1,1.0,1000.0,0.0002469135802469136,0.668641975308642,0.0
dataset,5,18,variance_gate_0.2,Variance gate: v/v0 <= 0.2,variance_gate,0.2,10300,0.1,20,0.0,1,1.0,1000.0,0.0002469135802469136,0.668641975308642,0.0
dataset,5,18,variance_gate_0.1,Variance gate: v/v0 <= 0.1,variance_gate,0.1,10300,0.1,20,0.0,1,1.0,1000.0,0.0002469135802469136,0.668641975308642,0.0
dataset,5,18,variance_gate_0.05,Variance gate: v/v0 <= 0.05,variance_gate,0.05,10300,0.1,20,0.0,1,1.0,1000.0,0.0002469135802469136,0.668641975308642,0.0
dataset,5,18,mean_variance_1,Mean - 1 x variance,mean_variance,1.0,10300,0.1,20,0.0,1,1.0,1000.0,0.0002469135802469136,0.6683950617283951,0.0
dataset,5,18,mean_variance_5,Mean - 5 x variance,mean_variance,5.0,10300,0.1,20,0.0,1,1.0,1000.0,0.0002469135802469136,0.6674074074074074,0.0
dataset,5,18,mean_variance_10,Mean - 10 x variance,mean_variance,10.0,10300,0.1,20,0.0,1,1.0,1000.0,0.0002469135802469136,0.6661728395061729,0.0
dataset,5,18,mean_variance_20,Mean - 20 x variance,mean_variance,20.0,10300,0.1,20,0.0,1,1.0,1000.0,0.0002469135802469136,0.6637037037037037,0.0
dataset,5,18,gaussian_lcb_1,Gaussian lower bound: mean - 1 x SD,gaussian_lcb,1.0,10300,0.1,20,0.0,1,1.0,1000.0,0.0002469135802469136,0.6529284912822743,0.0
dataset,5,18,gaussian_lcb_1.645,Gaussian lower bound: mean - 1.645 x SD,gaussian_lcb,1.645,10300,0.1,20,0.0,1,1.0,1000.0,0.0002469135802469136,0.6427932940852671,0.0
dataset,5,18,gaussian_lcb_1.96,Gaussian lower bound: mean - 1.96 x SD,gaussian_lcb,1.96,10300,0.1,20,0.0,1,1.0,1000.0,0.0002469135802469136,0.6378435466169613,0.0
dataset,5,18,gaussian_lcb_2.576,Gaussian lower bound: mean - 2.576 x SD,gaussian_lcb,2.576,10300,0.1,20,0.0,1,1.0,1000.0,0.0002469135802469136,0.6281640404567187,0.0
dataset,5,18,finite_gaussian_lcb_1,Finite-row Gaussian bound: mean - 1 x SD,finite_gaussian_lcb,1.0,10300,0.1,20,0.0,1,1.0,1000.0,0.0002469135802469136,0.672,0.0
dataset,5,18,finite_gaussian_lcb_1.645,Finite-row Gaussian bound: mean - 1.645 x SD,finite_gaussian_lcb,1.645,10300,0.1,20,0.0,1,1.0,1000.0,0.0002469135802469136,0.672,0.0
dataset,5,18,finite_gaussian_lcb_1.96,Finite-row Gaussian bound: mean - 1.96 x SD,finite_gaussian_lcb,1.96,10300,0.1,20,0.0,1,1.0,1000.0,0.0002469135802469136,0.672,0.0
dataset,5,18,finite_population_lcb,Anytime finite-population lower bound (delta=0.05),confidence,0.05,10300,0.1,20,0.0,1,1.0,1000.0,0.0002469135802469136,0.672,0.0
dataset,5,19,posterior_mean,Current posterior mean,baseline,,10300,0.1,19,0.0,1,1.0,1000.0,0.0002469135802469136,0.668641984462738,0.0
dataset,5,19,empirical_mean,Observed sample mean,baseline,,10300,0.1,19,0.0,1,1.0,1000.0,0.0002469135802469136,0.672,0.0
dataset,5,19,variance_gate_0.5,Variance gate: v/v0 <= 0.5,variance_gate,0.5,10300,0.1,19,0.0,1,1.0,1000.0,0.0002469135802469136,0.668641975308642,0.0
dataset,5,19,variance_gate_0.2,Variance gate: v/v0 <= 0.2,variance_gate,0.2,10300,0.1,19,0.0,1,1.0,1000.0,0.0002469135802469136,0.668641975308642,0.0
dataset,5,19,variance_gate_0.1,Variance gate: v/v0 <= 0.1,variance_gate,0.1,10300,0.1,19,0.0,1,1.0,1000.0,0.0002469135802469136,0.668641975308642,0.0
dataset,5,19,variance_gate_0.05,Variance gate: v/v0 <= 0.05,variance_gate,0.05,10300,0.1,19,0.0,1,1.0,1000.0,0.0002469135802469136,0.668641975308642,0.0
dataset,5,19,mean_variance_1,Mean - 1 x variance,mean_variance,1.0,10300,0.1,19,0.0,1,1.0,1000.0,0.0002469135802469136,0.6683950617283951,0.0
dataset,5,19,mean_variance_5,Mean - 5 x variance,mean_variance,5.0,10300,0.1,19,0.0,1,1.0,1000.0,0.0002469135802469136,0.6674074074074074,0.0
dataset,5,19,mean_variance_10,Mean - 10 x variance,mean_variance,10.0,10300,0.1,19,0.0,1,1.0,1000.0,0.0002469135802469136,0.6661728395061729,0.0
dataset,5,19,mean_variance_20,Mean - 20 x variance,mean_variance,20.0,10300,0.1,19,0.0,1,1.0,1000.0,0.0002469135802469136,0.6637037037037037,0.0
dataset,5,19,gaussian_lcb_1,Gaussian lower bound: mean - 1 x SD,gaussian_lcb,1.0,10300,0.1,19,0.0,1,1.0,1000.0,0.0002469135802469136,0.6529284912822743,0.0
dataset,5,19,gaussian_lcb_1.645,Gaussian lower bound: mean - 1.645 x SD,gaussian_lcb,1.645,10300,0.1,19,0.0,1,1.0,1000.0,0.0002469135802469136,0.6427932940852671,0.0
dataset,5,19,gaussian_lcb_1.96,Gaussian lower bound: mean - 1.96 x SD,gaussian_lcb,1.96,10300,0.1,19,0.0,1,1.0,1000.0,0.0002469135802469136,0.6378435466169613,0.0
dataset,5,19,gaussian_lcb_2.576,Gaussian lower bound: mean - 2.576 x SD,gaussian_lcb,2.576,10300,0.1,19,0.0,1,1.0,1000.0,0.0002469135802469136,0.6281640404567187,0.0
dataset,5,19,finite_gaussian_lcb_1,Finite-row Gaussian bound: mean - 1 x SD,finite_gaussian_lcb,1.0,10300,0.1,19,0.0,1,1.0,1000.0,0.0002469135802469136,0.672,0.0
dataset,5,19,finite_gaussian_lcb_1.645,Finite-row Gaussian bound: mean - 1.645 x SD,finite_gaussian_lcb,1.645,10300,0.1,19,0.0,1,1.0,1000.0,0.0002469135802469136,0.672,0.0
dataset,5,19,finite_gaussian_lcb_1.96,Finite-row Gaussian bound: mean - 1.96 x SD,finite_gaussian_lcb,1.96,10300,0.1,19,0.0,1,1.0,1000.0,0.0002469135802469136,0.672,0.0
dataset,5,19,finite_population_lcb,Anytime finite-population lower bound (delta=0.05),confidence,0.05,10300,0.1,19,0.0,1,1.0,1000.0,0.0002469135802469136,0.672,0.0
default,1,0,posterior_mean,Current posterior mean,baseline,,10300,0.1,19,0.0,1,1.0,1000.0,0.0002484472049689441,0.6709316968917847,0.0
default,1,0,empirical_mean,Observed sample mean,baseline,,10300,0.1,19,0.0,1,1.0,1000.0,0.0002484472049689441,0.672,0.0
default,1,0,variance_gate_0.5,Variance gate: v/v0 <= 0.5,variance_gate,0.5,10300,0.1,19,0.0,1,1.0,1000.0,0.0002484472049689441,0.6709316770186335,0.0
default,1,0,variance_gate_0.2,Variance gate: v/v0 <= 0.2,variance_gate,0.2,10300,0.1,19,0.0,1,1.0,1000.0,0.0002484472049689441,0.6709316770186335,0.0
default,1,0,variance_gate_0.1,Variance gate: v/v0 <= 0.1,variance_gate,0.1,10300,0.1,19,0.0,1,1.0,1000.0,0.0002484472049689441,0.6709316770186335,0.0
default,1,0,variance_gate_0.05,Variance gate: v/v0 <= 0.05,variance_gate,0.05,10300,0.1,19,0.0,1,1.0,1000.0,0.0002484472049689441,0.6709316770186335,0.0
default,1,0,mean_variance_1,Mean - 1 x variance,mean_variance,1.0,10300,0.1,19,0.0,1,1.0,1000.0,0.0002484472049689441,0.6706832298136646,0.0
default,1,0,mean_variance_5,Mean - 5 x variance,mean_variance,5.0,10300,0.1,19,0.0,1,1.0,1000.0,0.0002484472049689441,0.6696894409937888,0.0
default,1,0,mean_variance_10,Mean - 10 x variance,mean_variance,10.0,10300,0.1,19,0.0,1,1.0,1000.0,0.0002484472049689441,0.668447204968944,0.0
default,1,0,mean_variance_20,Mean - 20 x variance,mean_variance,20.0,10300,0.1,19,0.0,1,1.0,1000.0,0.0002484472049689441,0.6659627329192547,0.0
default,1,0,gaussian_lcb_1,Gaussian lower bound: mean - 1 x SD,gaussian_lcb,1.0,10300,0.1,19,0.0,1,1.0,1000.0,0.0002484472049689441,0.6551694688938515,0.0
default,1,0,gaussian_lcb_1.645,Gaussian lower bound: mean - 1.645 x SD,gaussian_lcb,1.645,10300,0.1,19,0.0,1,1.0,1000.0,0.0002484472049689441,0.6450028446533671,0.0
default,1,0,gaussian_lcb_1.96,Gaussian lower bound: mean - 1.96 x SD,gaussian_lcb,1.96,10300,0.1,19,0.0,1,1.0,1000.0,0.0002484472049689441,0.6400377490940607,0.0
default,1,0,gaussian_lcb_2.576,Gaussian lower bound: mean - 2.576 x SD,gaussian_lcb,2.576,10300,0.1,19,0.0,1,1.0,1000.0,0.0002484472049689441,0.630328228889195,0.0
default,1,0,finite_gaussian_lcb_1,Finite-row Gaussian bound: mean - 1 x SD,finite_gaussian_lcb,1.0,10300,0.1,19,0.0,1,1.0,1000.0,0.0002484472049689441,0.672,0.0
default,1,0,finite_gaussian_lcb_1.645,Finite-row Gaussian bound: mean - 1.645 x SD,finite_gaussian_lcb,1.645,10300,0.1,19,0.0,1,1.0,1000.0,0.0002484472049689441,0.672,0.0
default,1,0,finite_gaussian_lcb_1.96,Finite-row Gaussian bound: mean - 1.96 x SD,finite_gaussian_lcb,1.96,10300,0.1,19,0.0,1,1.0,1000.0,0.0002484472049689441,0.672,0.0
default,1,0,finite_population_lcb,Anytime finite-population lower bound (delta=0.05),confidence,0.05,10300,0.1,19,0.0,1,1.0,1000.0,0.0002484472049689441,0.672,0.0
default,1,1,posterior_mean,Current posterior mean,baseline,,10300,0.1,19,0.0,1,1.0,1000.0,0.0002484472049689441,0.6709316968917847,0.0
default,1,1,empirical_mean,Observed sample mean,baseline,,10300,0.1,19,0.0,1,1.0,1000.0,0.0002484472049689441,0.672,0.0
default,1,1,variance_gate_0.5,Variance gate: v/v0 <= 0.5,variance_gate,0.5,10300,0.1,19,0.0,1,1.0,1000.0,0.0002484472049689441,0.6709316770186335,0.0
default,1,1,variance_gate_0.2,Variance gate: v/v0 <= 0.2,variance_gate,0.2,10300,0.1,19,0.0,1,1.0,1000.0,0.0002484472049689441,0.6709316770186335,0.0
default,1,1,variance_gate_0.1,Variance gate: v/v0 <= 0.1,variance_gate,0.1,10300,0.1,19,0.0,1,1.0,1000.0,0.0002484472049689441,0.6709316770186335,0.0
default,1,1,variance_gate_0.05,Variance gate: v/v0 <= 0.05,variance_gate,0.05,10300,0.1,19,0.0,1,1.0,1000.0,0.0002484472049689441,0.6709316770186335,0.0
default,1,1,mean_variance_1,Mean - 1 x variance,mean_variance,1.0,10300,0.1,19,0.0,1,1.0,1000.0,0.0002484472049689441,0.6706832298136646,0.0
default,1,1,mean_variance_5,Mean - 5 x variance,mean_variance,5.0,10300,0.1,19,0.0,1,1.0,1000.0,0.0002484472049689441,0.6696894409937888,0.0
default,1,1,mean_variance_10,Mean - 10 x variance,mean_variance,10.0,10300,0.1,19,0.0,1,1.0,1000.0,0.0002484472049689441,0.668447204968944,0.0
default,1,1,mean_variance_20,Mean - 20 x variance,mean_variance,20.0,10300,0.1,19,0.0,1,1.0,1000.0,0.0002484472049689441,0.6659627329192547,0.0
default,1,1,gaussian_lcb_1,Gaussian lower bound: mean - 1 x SD,gaussian_lcb,1.0,10300,0.1,19,0.0,1,1.0,1000.0,0.0002484472049689441,0.6551694688938515,0.0
default,1,1,gaussian_lcb_1.645,Gaussian lower bound: mean - 1.645 x SD,gaussian_lcb,1.645,10300,0.1,19,0.0,1,1.0,1000.0,0.0002484472049689441,0.6450028446533671,0.0
default,1,1,gaussian_lcb_1.96,Gaussian lower bound: mean - 1.96 x SD,gaussian_lcb,1.96,10300,0.1,19,0.0,1,1.0,1000.0,0.0002484472049689441,0.6400377490940607,0.0
default,1,1,gaussian_lcb_2.576,Gaussian lower bound: mean - 2.576 x SD,gaussian_lcb,2.576,10300,0.1,19,0.0,1,1.0,1000.0,0.0002484472049689441,0.630328228889195,0.0
default,1,1,finite_gaussian_lcb_1,Finite-row Gaussian bound: mean - 1 x SD,finite_gaussian_lcb,1.0,10300,0.1,19,0.0,1,1.0,1000.0,0.0002484472049689441,0.672,0.0
default,1,1,finite_gaussian_lcb_1.645,Finite-row Gaussian bound: mean - 1.645 x SD,finite_gaussian_lcb,1.645,10300,0.1,19,0.0,1,1.0,1000.0,0.0002484472049689441,0.672,0.0
default,1,1,finite_gaussian_lcb_1.96,Finite-row Gaussian bound: mean - 1.96 x SD,finite_gaussian_lcb,1.96,10300,0.1,19,0.0,1,1.0,1000.0,0.0002484472049689441,0.672,0.0
default,1,1,finite_population_lcb,Anytime finite-population lower bound (delta=0.05),confidence,0.05,10300,0.1,19,0.0,1,1.0,1000.0,0.0002484472049689441,0.672,0.0
default,1,2,posterior_mean,Current posterior mean,baseline,,10300,0.1,19,0.0,1,1.0,1000.0,0.0002484472049689441,0.6709316968917847,0.0
default,1,2,empirical_mean,Observed sample mean,baseline,,10300,0.1,19,0.0,1,1.0,1000.0,0.0002484472049689441,0.672,0.0
default,1,2,variance_gate_0.5,Variance gate: v/v0 <= 0.5,variance_gate,0.5,10300,0.1,19,0.0,1,1.0,1000.0,0.0002484472049689441,0.6709316770186335,0.0
default,1,2,variance_gate_0.2,Variance gate: v/v0 <= 0.2,variance_gate,0.2,10300,0.1,19,0.0,1,1.0,1000.0,0.0002484472049689441,0.6709316770186335,0.0
default,1,2,variance_gate_0.1,Variance gate: v/v0 <= 0.1,variance_gate,0.1,10300,0.1,19,0.0,1,1.0,1000.0,0.0002484472049689441,0.6709316770186335,0.0
default,1,2,variance_gate_0.05,Variance gate: v/v0 <= 0.05,variance_gate,0.05,10300,0.1,19,0.0,1,1.0,1000.0,0.0002484472049689441,0.6709316770186335,0.0
default,1,2,mean_variance_1,Mean - 1 x variance,mean_variance,1.0,10300,0.1,19,0.0,1,1.0,1000.0,0.0002484472049689441,0.6706832298136646,0.0
default,1,2,mean_variance_5,Mean - 5 x variance,mean_variance,5.0,10300,0.1,19,0.0,1,1.0,1000.0,0.0002484472049689441,0.6696894409937888,0.0
default,1,2,mean_variance_10,Mean - 10 x variance,mean_variance,10.0,10300,0.1,19,0.0,1,1.0,1000.0,0.0002484472049689441,0.668447204968944,0.0
default,1,2,mean_variance_20,Mean - 20 x variance,mean_variance,20.0,10300,0.1,19,0.0,1,1.0,1000.0,0.0002484472049689441,0.6659627329192547,0.0
default,1,2,gaussian_lcb_1,Gaussian lower bound: mean - 1 x SD,gaussian_lcb,1.0,10300,0.1,19,0.0,1,1.0,1000.0,0.0002484472049689441,0.6551694688938515,0.0
default,1,2,gaussian_lcb_1.645,Gaussian lower bound: mean - 1.645 x SD,gaussian_lcb,1.645,10300,0.1,19,0.0,1,1.0,1000.0,0.0002484472049689441,0.6450028446533671,0.0
default,1,2,gaussian_lcb_1.96,Gaussian lower bound: mean - 1.96 x SD,gaussian_lcb,1.96,10300,0.1,19,0.0,1,1.0,1000.0,0.0002484472049689441,0.6400377490940607,0.0
default,1,2,gaussian_lcb_2.576,Gaussian lower bound: mean - 2.576 x SD,gaussian_lcb,2.576,10300,0.1,19,0.0,1,1.0,1000.0,0.0002484472049689441,0.630328228889195,0.0
default,1,2,finite_gaussian_lcb_1,Finite-row Gaussian bound: mean - 1 x SD,finite_gaussian_lcb,1.0,10300,0.1,19,0.0,1,1.0,1000.0,0.0002484472049689441,0.672,0.0
default,1,2,finite_gaussian_lcb_1.645,Finite-row Gaussian bound: mean - 1.645 x SD,finite_gaussian_lcb,1.645,10300,0.1,19,0.0,1,1.0,1000.0,0.0002484472049689441,0.672,0.0
default,1,2,finite_gaussian_lcb_1.96,Finite-row Gaussian bound: mean - 1.96 x SD,finite_gaussian_lcb,1.96,10300,0.1,19,0.0,1,1.0,1000.0,0.0002484472049689441,0.672,0.0
default,1,2,finite_population_lcb,Anytime finite-population lower bound (delta=0.05),confidence,0.05,10300,0.1,19,0.0,1,1.0,1000.0,0.0002484472049689441,0.672,0.0
default,1,3,posterior_mean,Current posterior mean,baseline,,10300,0.1,19,0.0,1,1.0,1000.0,0.0002484472049689441,0.6709316968917847,0.0
default,1,3,empirical_mean,Observed sample mean,baseline,,10300,0.1,19,0.0,1,1.0,1000.0,0.0002484472049689441,0.672,0.0
default,1,3,variance_gate_0.5,Variance gate: v/v0 <= 0.5,variance_gate,0.5,10300,0.1,19,0.0,1,1.0,1000.0,0.0002484472049689441,0.6709316770186335,0.0
default,1,3,variance_gate_0.2,Variance gate: v/v0 <= 0.2,variance_gate,0.2,10300,0.1,19,0.0,1,1.0,1000.0,0.0002484472049689441,0.6709316770186335,0.0
default,1,3,variance_gate_0.1,Variance gate: v/v0 <= 0.1,variance_gate,0.1,10300,0.1,19,0.0,1,1.0,1000.0,0.0002484472049689441,0.6709316770186335,0.0
default,1,3,variance_gate_0.05,Variance gate: v/v0 <= 0.05,variance_gate,0.05,10300,0.1,19,0.0,1,1.0,1000.0,0.0002484472049689441,0.6709316770186335,0.0
default,1,3,mean_variance_1,Mean - 1 x variance,mean_variance,1.0,10300,0.1,19,0.0,1,1.0,1000.0,0.0002484472049689441,0.6706832298136646,0.0
default,1,3,mean_variance_5,Mean - 5 x variance,mean_variance,5.0,10300,0.1,19,0.0,1,1.0,1000.0,0.0002484472049689441,0.6696894409937888,0.0
default,1,3,mean_variance_10,Mean - 10 x variance,mean_variance,10.0,10300,0.1,19,0.0,1,1.0,1000.0,0.0002484472049689441,0.668447204968944,0.0
default,1,3,mean_variance_20,Mean - 20 x variance,mean_variance,20.0,10300,0.1,19,0.0,1,1.0,1000.0,0.0002484472049689441,0.6659627329192547,0.0
default,1,3,gaussian_lcb_1,Gaussian lower bound: mean - 1 x SD,gaussian_lcb,1.0,10300,0.1,19,0.0,1,1.0,1000.0,0.0002484472049689441,0.6551694688938515,0.0
default,1,3,gaussian_lcb_1.645,Gaussian lower bound: mean - 1.645 x SD,gaussian_lcb,1.645,10300,0.1,19,0.0,1,1.0,1000.0,0.0002484472049689441,0.6450028446533671,0.0
default,1,3,gaussian_lcb_1.96,Gaussian lower bound: mean - 1.96 x SD,gaussian_lcb,1.96,10300,0.1,19,0.0,1,1.0,1000.0,0.0002484472049689441,0.6400377490940607,0.0
default,1,3,gaussian_lcb_2.576,Gaussian lower bound: mean - 2.576 x SD,gaussian_lcb,2.576,10300,0.1,19,0.0,1,1.0,1000.0,0.0002484472049689441,0.630328228889195,0.0
default,1,3,finite_gaussian_lcb_1,Finite-row Gaussian bound: mean - 1 x SD,finite_gaussian_lcb,1.0,10300,0.1,19,0.0,1,1.0,1000.0,0.0002484472049689441,0.672,0.0
default,1,3,finite_gaussian_lcb_1.645,Finite-row Gaussian bound: mean - 1.645 x SD,finite_gaussian_lcb,1.645,10300,0.1,19,0.0,1,1.0,1000.0,0.0002484472049689441,0.672,0.0
default,1,3,finite_gaussian_lcb_1.96,Finite-row Gaussian bound: mean - 1.96 x SD,finite_gaussian_lcb,1.96,10300,0.1,19,0.0,1,1.0,1000.0,0.0002484472049689441,0.672,0.0
default,1,3,finite_population_lcb,Anytime finite-population lower bound (delta=0.05),confidence,0.05,10300,0.1,19,0.0,1,1.0,1000.0,0.0002484472049689441,0.672,0.0
default,1,4,posterior_mean,Current posterior mean,baseline,,10300,0.1,19,0.0,1,1.0,1000.0,0.0002484472049689441,0.6709316968917847,0.0
default,1,4,empirical_mean,Observed sample mean,baseline,,10300,0.1,19,0.0,1,1.0,1000.0,0.0002484472049689441,0.672,0.0
default,1,4,variance_gate_0.5,Variance gate: v/v0 <= 0.5,variance_gate,0.5,10300,0.1,19,0.0,1,1.0,1000.0,0.0002484472049689441,0.6709316770186335,0.0
default,1,4,variance_gate_0.2,Variance gate: v/v0 <= 0.2,variance_gate,0.2,10300,0.1,19,0.0,1,1.0,1000.0,0.0002484472049689441,0.6709316770186335,0.0
default,1,4,variance_gate_0.1,Variance gate: v/v0 <= 0.1,variance_gate,0.1,10300,0.1,19,0.0,1,1.0,1000.0,0.0002484472049689441,0.6709316770186335,0.0
default,1,4,variance_gate_0.05,Variance gate: v/v0 <= 0.05,variance_gate,0.05,10300,0.1,19,0.0,1,1.0,1000.0,0.0002484472049689441,0.6709316770186335,0.0
default,1,4,mean_variance_1,Mean - 1 x variance,mean_variance,1.0,10300,0.1,19,0.0,1,1.0,1000.0,0.0002484472049689441,0.6706832298136646,0.0
default,1,4,mean_variance_5,Mean - 5 x variance,mean_variance,5.0,10300,0.1,19,0.0,1,1.0,1000.0,0.0002484472049689441,0.6696894409937888,0.0
default,1,4,mean_variance_10,Mean - 10 x variance,mean_variance,10.0,10300,0.1,19,0.0,1,1.0,1000.0,0.0002484472049689441,0.668447204968944,0.0
default,1,4,mean_variance_20,Mean - 20 x variance,mean_variance,20.0,10300,0.1,19,0.0,1,1.0,1000.0,0.0002484472049689441,0.6659627329192547,0.0
default,1,4,gaussian_lcb_1,Gaussian lower bound: mean - 1 x SD,gaussian_lcb,1.0,10300,0.1,19,0.0,1,1.0,1000.0,0.0002484472049689441,0.6551694688938515,0.0
default,1,4,gaussian_lcb_1.645,Gaussian lower bound: mean - 1.645 x SD,gaussian_lcb,1.645,10300,0.1,19,0.0,1,1.0,1000.0,0.0002484472049689441,0.6450028446533671,0.0
default,1,4,gaussian_lcb_1.96,Gaussian lower bound: mean - 1.96 x SD,gaussian_lcb,1.96,10300,0.1,19,0.0,1,1.0,1000.0,0.0002484472049689441,0.6400377490940607,0.0
default,1,4,gaussian_lcb_2.576,Gaussian lower bound: mean - 2.576 x SD,gaussian_lcb,2.576,10300,0.1,19,0.0,1,1.0,1000.0,0.0002484472049689441,0.630328228889195,0.0
default,1,4,finite_gaussian_lcb_1,Finite-row Gaussian bound: mean - 1 x SD,finite_gaussian_lcb,1.0,10300,0.1,19,0.0,1,1.0,1000.0,0.0002484472049689441,0.672,0.0
default,1,4,finite_gaussian_lcb_1.645,Finite-row Gaussian bound: mean - 1.645 x SD,finite_gaussian_lcb,1.645,10300,0.1,19,0.0,1,1.0,1000.0,0.0002484472049689441,0.672,0.0
default,1,4,finite_gaussian_lcb_1.96,Finite-row Gaussian bound: mean - 1.96 x SD,finite_gaussian_lcb,1.96,10300,0.1,19,0.0,1,1.0,1000.0,0.0002484472049689441,0.672,0.0
default,1,4,finite_population_lcb,Anytime finite-population lower bound (delta=0.05),confidence,0.05,10300,0.1,19,0.0,1,1.0,1000.0,0.0002484472049689441,0.672,0.0
default,1,5,posterior_mean,Current posterior mean,baseline,,10300,0.1,19,0.0,1,1.0,1000.0,0.0002484472049689441,0.6709316968917847,0.0
default,1,5,empirical_mean,Observed sample mean,baseline,,10300,0.1,19,0.0,1,1.0,1000.0,0.0002484472049689441,0.672,0.0
default,1,5,variance_gate_0.5,Variance gate: v/v0 <= 0.5,variance_gate,0.5,10300,0.1,19,0.0,1,1.0,1000.0,0.0002484472049689441,0.6709316770186335,0.0
default,1,5,variance_gate_0.2,Variance gate: v/v0 <= 0.2,variance_gate,0.2,10300,0.1,19,0.0,1,1.0,1000.0,0.0002484472049689441,0.6709316770186335,0.0
default,1,5,variance_gate_0.1,Variance gate: v/v0 <= 0.1,variance_gate,0.1,10300,0.1,19,0.0,1,1.0,1000.0,0.0002484472049689441,0.6709316770186335,0.0
default,1,5,variance_gate_0.05,Variance gate: v/v0 <= 0.05,variance_gate,0.05,10300,0.1,19,0.0,1,1.0,1000.0,0.0002484472049689441,0.6709316770186335,0.0
default,1,5,mean_variance_1,Mean - 1 x variance,mean_variance,1.0,10300,0.1,19,0.0,1,1.0,1000.0,0.0002484472049689441,0.6706832298136646,0.0
default,1,5,mean_variance_5,Mean - 5 x variance,mean_variance,5.0,10300,0.1,19,0.0,1,1.0,1000.0,0.0002484472049689441,0.6696894409937888,0.0
default,1,5,mean_variance_10,Mean - 10 x variance,mean_variance,10.0,10300,0.1,19,0.0,1,1.0,1000.0,0.0002484472049689441,0.668447204968944,0.0
default,1,5,mean_variance_20,Mean - 20 x variance,mean_variance,20.0,10300,0.1,19,0.0,1,1.0,1000.0,0.0002484472049689441,0.6659627329192547,0.0
default,1,5,gaussian_lcb_1,Gaussian lower bound: mean - 1 x SD,gaussian_lcb,1.0,10300,0.1,19,0.0,1,1.0,1000.0,0.0002484472049689441,0.6551694688938515,0.0
default,1,5,gaussian_lcb_1.645,Gaussian lower bound: mean - 1.645 x SD,gaussian_lcb,1.645,10300,0.1,19,0.0,1,1.0,1000.0,0.0002484472049689441,0.6450028446533671,0.0
default,1,5,gaussian_lcb_1.96,Gaussian lower bound: mean - 1.96 x SD,gaussian_lcb,1.96,10300,0.1,19,0.0,1,1.0,1000.0,0.0002484472049689441,0.6400377490940607,0.0
default,1,5,gaussian_lcb_2.576,Gaussian lower bound: mean - 2.576 x SD,gaussian_lcb,2.576,10300,0.1,19,0.0,1,1.0,1000.0,0.0002484472049689441,0.630328228889195,0.0
default,1,5,finite_gaussian_lcb_1,Finite-row Gaussian bound: mean - 1 x SD,finite_gaussian_lcb,1.0,10300,0.1,19,0.0,1,1.0,1000.0,0.0002484472049689441,0.672,0.0
default,1,5,finite_gaussian_lcb_1.645,Finite-row Gaussian bound: mean - 1.645 x SD,finite_gaussian_lcb,1.645,10300,0.1,19,0.0,1,1.0,1000.0,0.0002484472049689441,0.672,0.0
default,1,5,finite_gaussian_lcb_1.96,Finite-row Gaussian bound: mean - 1.96 x SD,finite_gaussian_lcb,1.96,10300,0.1,19,0.0,1,1.0,1000.0,0.0002484472049689441,0.672,0.0
default,1,5,finite_population_lcb,Anytime finite-population lower bound (delta=0.05),confidence,0.05,10300,0.1,19,0.0,1,1.0,1000.0,0.0002484472049689441,0.672,0.0
default,1,6,posterior_mean,Current posterior mean,baseline,,10300,0.1,19,0.0,1,1.0,1000.0,0.0002484472049689441,0.6709316968917847,0.0
default,1,6,empirical_mean,Observed sample mean,baseline,,10300,0.1,19,0.0,1,1.0,1000.0,0.0002484472049689441,0.672,0.0
default,1,6,variance_gate_0.5,Variance gate: v/v0 <= 0.5,variance_gate,0.5,10300,0.1,19,0.0,1,1.0,1000.0,0.0002484472049689441,0.6709316770186335,0.0
default,1,6,variance_gate_0.2,Variance gate: v/v0 <= 0.2,variance_gate,0.2,10300,0.1,19,0.0,1,1.0,1000.0,0.0002484472049689441,0.6709316770186335,0.0
default,1,6,variance_gate_0.1,Variance gate: v/v0 <= 0.1,variance_gate,0.1,10300,0.1,19,0.0,1,1.0,1000.0,0.0002484472049689441,0.6709316770186335,0.0
default,1,6,variance_gate_0.05,Variance gate: v/v0 <= 0.05,variance_gate,0.05,10300,0.1,19,0.0,1,1.0,1000.0,0.0002484472049689441,0.6709316770186335,0.0
default,1,6,mean_variance_1,Mean - 1 x variance,mean_variance,1.0,10300,0.1,19,0.0,1,1.0,1000.0,0.0002484472049689441,0.6706832298136646,0.0
default,1,6,mean_variance_5,Mean - 5 x variance,mean_variance,5.0,10300,0.1,19,0.0,1,1.0,1000.0,0.0002484472049689441,0.6696894409937888,0.0
default,1,6,mean_variance_10,Mean - 10 x variance,mean_variance,10.0,10300,0.1,19,0.0,1,1.0,1000.0,0.0002484472049689441,0.668447204968944,0.0
default,1,6,mean_variance_20,Mean - 20 x variance,mean_variance,20.0,10300,0.1,19,0.0,1,1.0,1000.0,0.0002484472049689441,0.6659627329192547,0.0
default,1,6,gaussian_lcb_1,Gaussian lower bound: mean - 1 x SD,gaussian_lcb,1.0,10300,0.1,19,0.0,1,1.0,1000.0,0.0002484472049689441,0.6551694688938515,0.0
default,1,6,gaussian_lcb_1.645,Gaussian lower bound: mean - 1.645 x SD,gaussian_lcb,1.645,10300,0.1,19,0.0,1,1.0,1000.0,0.0002484472049689441,0.6450028446533671,0.0
default,1,6,gaussian_lcb_1.96,Gaussian lower bound: mean - 1.96 x SD,gaussian_lcb,1.96,10300,0.1,19,0.0,1,1.0,1000.0,0.0002484472049689441,0.6400377490940607,0.0
default,1,6,gaussian_lcb_2.576,Gaussian lower bound: mean - 2.576 x SD,gaussian_lcb,2.576,10300,0.1,19,0.0,1,1.0,1000.0,0.0002484472049689441,0.630328228889195,0.0
default,1,6,finite_gaussian_lcb_1,Finite-row Gaussian bound: mean - 1 x SD,finite_gaussian_lcb,1.0,10300,0.1,19,0.0,1,1.0,1000.0,0.0002484472049689441,0.672,0.0
default,1,6,finite_gaussian_lcb_1.645,Finite-row Gaussian bound: mean - 1.645 x SD,finite_gaussian_lcb,1.645,10300,0.1,19,0.0,1,1.0,1000.0,0.0002484472049689441,0.672,0.0
default,1,6,finite_gaussian_lcb_1.96,Finite-row Gaussian bound: mean - 1.96 x SD,finite_gaussian_lcb,1.96,10300,0.1,19,0.0,1,1.0,1000.0,0.0002484472049689441,0.672,0.0
default,1,6,finite_population_lcb,Anytime finite-population lower bound (delta=0.05),confidence,0.05,10300,0.1,19,0.0,1,1.0,1000.0,0.0002484472049689441,0.672,0.0
default,1,7,posterior_mean,Current posterior mean,baseline,,10300,0.1,19,0.0,1,1.0,1000.0,0.0002484472049689441,0.6709316968917847,0.0
default,1,7,empirical_mean,Observed sample mean,baseline,,10300,0.1,19,0.0,1,1.0,1000.0,0.0002484472049689441,0.672,0.0
default,1,7,variance_gate_0.5,Variance gate: v/v0 <= 0.5,variance_gate,0.5,10300,0.1,19,0.0,1,1.0,1000.0,0.0002484472049689441,0.6709316770186335,0.0
default,1,7,variance_gate_0.2,Variance gate: v/v0 <= 0.2,variance_gate,0.2,10300,0.1,19,0.0,1,1.0,1000.0,0.0002484472049689441,0.6709316770186335,0.0
default,1,7,variance_gate_0.1,Variance gate: v/v0 <= 0.1,variance_gate,0.1,10300,0.1,19,0.0,1,1.0,1000.0,0.0002484472049689441,0.6709316770186335,0.0
default,1,7,variance_gate_0.05,Variance gate: v/v0 <= 0.05,variance_gate,0.05,10300,0.1,19,0.0,1,1.0,1000.0,0.0002484472049689441,0.6709316770186335,0.0
default,1,7,mean_variance_1,Mean - 1 x variance,mean_variance,1.0,10300,0.1,19,0.0,1,1.0,1000.0,0.0002484472049689441,0.6706832298136646,0.0
default,1,7,mean_variance_5,Mean - 5 x variance,mean_variance,5.0,10300,0.1,19,0.0,1,1.0,1000.0,0.0002484472049689441,0.6696894409937888,0.0
default,1,7,mean_variance_10,Mean - 10 x variance,mean_variance,10.0,10300,0.1,19,0.0,1,1.0,1000.0,0.0002484472049689441,0.668447204968944,0.0
default,1,7,mean_variance_20,Mean - 20 x variance,mean_variance,20.0,10300,0.1,19,0.0,1,1.0,1000.0,0.0002484472049689441,0.6659627329192547,0.0
default,1,7,gaussian_lcb_1,Gaussian lower bound: mean - 1 x SD,gaussian_lcb,1.0,10300,0.1,19,0.0,1,1.0,1000.0,0.0002484472049689441,0.6551694688938515,0.0
default,1,7,gaussian_lcb_1.645,Gaussian lower bound: mean - 1.645 x SD,gaussian_lcb,1.645,10300,0.1,19,0.0,1,1.0,1000.0,0.0002484472049689441,0.6450028446533671,0.0
default,1,7,gaussian_lcb_1.96,Gaussian lower bound: mean - 1.96 x SD,gaussian_lcb,1.96,10300,0.1,19,0.0,1,1.0,1000.0,0.0002484472049689441,0.6400377490940607,0.0
default,1,7,gaussian_lcb_2.576,Gaussian lower bound: mean - 2.576 x SD,gaussian_lcb,2.576,10300,0.1,19,0.0,1,1.0,1000.0,0.0002484472049689441,0.630328228889195,0.0
default,1,7,finite_gaussian_lcb_1,Finite-row Gaussian bound: mean - 1 x SD,finite_gaussian_lcb,1.0,10300,0.1,19,0.0,1,1.0,1000.0,0.0002484472049689441,0.672,0.0
default,1,7,finite_gaussian_lcb_1.645,Finite-row Gaussian bound: mean - 1.645 x SD,finite_gaussian_lcb,1.645,10300,0.1,19,0.0,1,1.0,1000.0,0.0002484472049689441,0.672,0.0
default,1,7,finite_gaussian_lcb_1.96,Finite-row Gaussian bound: mean - 1.96 x SD,finite_gaussian_lcb,1.96,10300,0.1,19,0.0,1,1.0,1000.0,0.0002484472049689441,0.672,0.0
default,1,7,finite_population_lcb,Anytime finite-population lower bound (delta=0.05),confidence,0.05,10300,0.1,19,0.0,1,1.0,1000.0,0.0002484472049689441,0.672,0.0
default,1,8,posterior_mean,Current posterior mean,baseline,,10300,0.1,19,0.0,1,1.0,1000.0,0.0002484472049689441,0.6709316968917847,0.0
default,1,8,empirical_mean,Observed sample mean,baseline,,10300,0.1,19,0.0,1,1.0,1000.0,0.0002484472049689441,0.672,0.0
default,1,8,variance_gate_0.5,Variance gate: v/v0 <= 0.5,variance_gate,0.5,10300,0.1,19,0.0,1,1.0,1000.0,0.0002484472049689441,0.6709316770186335,0.0
default,1,8,variance_gate_0.2,Variance gate: v/v0 <= 0.2,variance_gate,0.2,10300,0.1,19,0.0,1,1.0,1000.0,0.0002484472049689441,0.6709316770186335,0.0
default,1,8,variance_gate_0.1,Variance gate: v/v0 <= 0.1,variance_gate,0.1,10300,0.1,19,0.0,1,1.0,1000.0,0.0002484472049689441,0.6709316770186335,0.0
default,1,8,variance_gate_0.05,Variance gate: v/v0 <= 0.05,variance_gate,0.05,10300,0.1,19,0.0,1,1.0,1000.0,0.0002484472049689441,0.6709316770186335,0.0
default,1,8,mean_variance_1,Mean - 1 x variance,mean_variance,1.0,10300,0.1,19,0.0,1,1.0,1000.0,0.0002484472049689441,0.6706832298136646,0.0
default,1,8,mean_variance_5,Mean - 5 x variance,mean_variance,5.0,10300,0.1,19,0.0,1,1.0,1000.0,0.0002484472049689441,0.6696894409937888,0.0
default,1,8,mean_variance_10,Mean - 10 x variance,mean_variance,10.0,10300,0.1,19,0.0,1,1.0,1000.0,0.0002484472049689441,0.668447204968944,0.0
default,1,8,mean_variance_20,Mean - 20 x variance,mean_variance,20.0,10300,0.1,19,0.0,1,1.0,1000.0,0.0002484472049689441,0.6659627329192547,0.0
default,1,8,gaussian_lcb_1,Gaussian lower bound: mean - 1 x SD,gaussian_lcb,1.0,10300,0.1,19,0.0,1,1.0,1000.0,0.0002484472049689441,0.6551694688938515,0.0
default,1,8,gaussian_lcb_1.645,Gaussian lower bound: mean - 1.645 x SD,gaussian_lcb,1.645,10300,0.1,19,0.0,1,1.0,1000.0,0.0002484472049689441,0.6450028446533671,0.0
default,1,8,gaussian_lcb_1.96,Gaussian lower bound: mean - 1.96 x SD,gaussian_lcb,1.96,10300,0.1,19,0.0,1,1.0,1000.0,0.0002484472049689441,0.6400377490940607,0.0
default,1,8,gaussian_lcb_2.576,Gaussian lower bound: mean - 2.576 x SD,gaussian_lcb,2.576,10300,0.1,19,0.0,1,1.0,1000.0,0.0002484472049689441,0.630328228889195,0.0
default,1,8,finite_gaussian_lcb_1,Finite-row Gaussian bound: mean - 1 x SD,finite_gaussian_lcb,1.0,10300,0.1,19,0.0,1,1.0,1000.0,0.0002484472049689441,0.672,0.0
default,1,8,finite_gaussian_lcb_1.645,Finite-row Gaussian bound: mean - 1.645 x SD,finite_gaussian_lcb,1.645,10300,0.1,19,0.0,1,1.0,1000.0,0.0002484472049689441,0.672,0.0
default,1,8,finite_gaussian_lcb_1.96,Finite-row Gaussian bound: mean - 1.96 x SD,finite_gaussian_lcb,1.96,10300,0.1,19,0.0,1,1.0,1000.0,0.0002484472049689441,0.672,0.0
default,1,8,finite_population_lcb,Anytime finite-population lower bound (delta=0.05),confidence,0.05,10300,0.1,19,0.0,1,1.0,1000.0,0.0002484472049689441,0.672,0.0
default,1,9,posterior_mean,Current posterior mean,baseline,,10300,0.1,19,0.0,1,1.0,1000.0,0.0002484472049689441,0.6709316968917847,0.0
default,1,9,empirical_mean,Observed sample mean,baseline,,10300,0.1,19,0.0,1,1.0,1000.0,0.0002484472049689441,0.672,0.0
default,1,9,variance_gate_0.5,Variance gate: v/v0 <= 0.5,variance_gate,0.5,10300,0.1,19,0.0,1,1.0,1000.0,0.0002484472049689441,0.6709316770186335,0.0
default,1,9,variance_gate_0.2,Variance gate: v/v0 <= 0.2,variance_gate,0.2,10300,0.1,19,0.0,1,1.0,1000.0,0.0002484472049689441,0.6709316770186335,0.0
default,1,9,variance_gate_0.1,Variance gate: v/v0 <= 0.1,variance_gate,0.1,10300,0.1,19,0.0,1,1.0,1000.0,0.0002484472049689441,0.6709316770186335,0.0
default,1,9,variance_gate_0.05,Variance gate: v/v0 <= 0.05,variance_gate,0.05,10300,0.1,19,0.0,1,1.0,1000.0,0.0002484472049689441,0.6709316770186335,0.0
default,1,9,mean_variance_1,Mean - 1 x variance,mean_variance,1.0,10300,0.1,19,0.0,1,1.0,1000.0,0.0002484472049689441,0.6706832298136646,0.0
default,1,9,mean_variance_5,Mean - 5 x variance,mean_variance,5.0,10300,0.1,19,0.0,1,1.0,1000.0,0.0002484472049689441,0.6696894409937888,0.0
default,1,9,mean_variance_10,Mean - 10 x variance,mean_variance,10.0,10300,0.1,19,0.0,1,1.0,1000.0,0.0002484472049689441,0.668447204968944,0.0
default,1,9,mean_variance_20,Mean - 20 x variance,mean_variance,20.0,10300,0.1,19,0.0,1,1.0,1000.0,0.0002484472049689441,0.6659627329192547,0.0
default,1,9,gaussian_lcb_1,Gaussian lower bound: mean - 1 x SD,gaussian_lcb,1.0,10300,0.1,19,0.0,1,1.0,1000.0,0.0002484472049689441,0.6551694688938515,0.0
default,1,9,gaussian_lcb_1.645,Gaussian lower bound: mean - 1.645 x SD,gaussian_lcb,1.645,10300,0.1,19,0.0,1,1.0,1000.0,0.0002484472049689441,0.6450028446533671,0.0
default,1,9,gaussian_lcb_1.96,Gaussian lower bound: mean - 1.96 x SD,gaussian_lcb,1.96,10300,0.1,19,0.0,1,1.0,1000.0,0.0002484472049689441,0.6400377490940607,0.0
default,1,9,gaussian_lcb_2.576,Gaussian lower bound: mean - 2.576 x SD,gaussian_lcb,2.576,10300,0.1,19,0.0,1,1.0,1000.0,0.0002484472049689441,0.630328228889195,0.0
default,1,9,finite_gaussian_lcb_1,Finite-row Gaussian bound: mean - 1 x SD,finite_gaussian_lcb,1.0,10300,0.1,19,0.0,1,1.0,1000.0,0.0002484472049689441,0.672,0.0
default,1,9,finite_gaussian_lcb_1.645,Finite-row Gaussian bound: mean - 1.645 x SD,finite_gaussian_lcb,1.645,10300,0.1,19,0.0,1,1.0,1000.0,0.0002484472049689441,0.672,0.0
default,1,9,finite_gaussian_lcb_1.96,Finite-row Gaussian bound: mean - 1.96 x SD,finite_gaussian_lcb,1.96,10300,0.1,19,0.0,1,1.0,1000.0,0.0002484472049689441,0.672,0.0
default,1,9,finite_population_lcb,Anytime finite-population lower bound (delta=0.05),confidence,0.05,10300,0.1,19,0.0,1,1.0,1000.0,0.0002484472049689441,0.672,0.0
default,1,10,posterior_mean,Current posterior mean,baseline,,10300,0.1,20,0.0,1,1.0,1000.0,0.0002484472049689441,0.6709316968917847,0.0
default,1,10,empirical_mean,Observed sample mean,baseline,,10300,0.1,20,0.0,1,1.0,1000.0,0.0002484472049689441,0.672,0.0
default,1,10,variance_gate_0.5,Variance gate: v/v0 <= 0.5,variance_gate,0.5,10300,0.1,20,0.0,1,1.0,1000.0,0.0002484472049689441,0.6709316770186335,0.0
default,1,10,variance_gate_0.2,Variance gate: v/v0 <= 0.2,variance_gate,0.2,10300,0.1,20,0.0,1,1.0,1000.0,0.0002484472049689441,0.6709316770186335,0.0
default,1,10,variance_gate_0.1,Variance gate: v/v0 <= 0.1,variance_gate,0.1,10300,0.1,20,0.0,1,1.0,1000.0,0.0002484472049689441,0.6709316770186335,0.0
default,1,10,variance_gate_0.05,Variance gate: v/v0 <= 0.05,variance_gate,0.05,10300,0.1,20,0.0,1,1.0,1000.0,0.0002484472049689441,0.6709316770186335,0.0
default,1,10,mean_variance_1,Mean - 1 x variance,mean_variance,1.0,10300,0.1,20,0.0,1,1.0,1000.0,0.0002484472049689441,0.6706832298136646,0.0
default,1,10,mean_variance_5,Mean - 5 x variance,mean_variance,5.0,10300,0.1,20,0.0,1,1.0,1000.0,0.0002484472049689441,0.6696894409937888,0.0
default,1,10,mean_variance_10,Mean - 10 x variance,mean_variance,10.0,10300,0.1,20,0.0,1,1.0,1000.0,0.0002484472049689441,0.668447204968944,0.0
default,1,10,mean_variance_20,Mean - 20 x variance,mean_variance,20.0,10300,0.1,20,0.0,1,1.0,1000.0,0.0002484472049689441,0.6659627329192547,0.0
default,1,10,gaussian_lcb_1,Gaussian lower bound: mean - 1 x SD,gaussian_lcb,1.0,10300,0.1,20,0.0,1,1.0,1000.0,0.0002484472049689441,0.6551694688938515,0.0
default,1,10,gaussian_lcb_1.645,Gaussian lower bound: mean - 1.645 x SD,gaussian_lcb,1.645,10300,0.1,20,0.0,1,1.0,1000.0,0.0002484472049689441,0.6450028446533671,0.0
default,1,10,gaussian_lcb_1.96,Gaussian lower bound: mean - 1.96 x SD,gaussian_lcb,1.96,10300,0.1,20,0.0,1,1.0,1000.0,0.0002484472049689441,0.6400377490940607,0.0
default,1,10,gaussian_lcb_2.576,Gaussian lower bound: mean - 2.576 x SD,gaussian_lcb,2.576,10300,0.1,20,0.0,1,1.0,1000.0,0.0002484472049689441,0.630328228889195,0.0
default,1,10,finite_gaussian_lcb_1,Finite-row Gaussian bound: mean - 1 x SD,finite_gaussian_lcb,1.0,10300,0.1,20,0.0,1,1.0,1000.0,0.0002484472049689441,0.672,0.0
default,1,10,finite_gaussian_lcb_1.645,Finite-row Gaussian bound: mean - 1.645 x SD,finite_gaussian_lcb,1.645,10300,0.1,20,0.0,1,1.0,1000.0,0.0002484472049689441,0.672,0.0
default,1,10,finite_gaussian_lcb_1.96,Finite-row Gaussian bound: mean - 1.96 x SD,finite_gaussian_lcb,1.96,10300,0.1,20,0.0,1,1.0,1000.0,0.0002484472049689441,0.672,0.0
default,1,10,finite_population_lcb,Anytime finite-population lower bound (delta=0.05),confidence,0.05,10300,0.1,20,0.0,1,1.0,1000.0,0.0002484472049689441,0.672,0.0
default,1,11,posterior_mean,Current posterior mean,baseline,,10300,0.1,19,0.0,1,1.0,1000.0,0.0002484472049689441,0.6709316968917847,0.0
default,1,11,empirical_mean,Observed sample mean,baseline,,10300,0.1,19,0.0,1,1.0,1000.0,0.0002484472049689441,0.672,0.0
default,1,11,variance_gate_0.5,Variance gate: v/v0 <= 0.5,variance_gate,0.5,10300,0.1,19,0.0,1,1.0,1000.0,0.0002484472049689441,0.6709316770186335,0.0
default,1,11,variance_gate_0.2,Variance gate: v/v0 <= 0.2,variance_gate,0.2,10300,0.1,19,0.0,1,1.0,1000.0,0.0002484472049689441,0.6709316770186335,0.0
default,1,11,variance_gate_0.1,Variance gate: v/v0 <= 0.1,variance_gate,0.1,10300,0.1,19,0.0,1,1.0,1000.0,0.0002484472049689441,0.6709316770186335,0.0
default,1,11,variance_gate_0.05,Variance gate: v/v0 <= 0.05,variance_gate,0.05,10300,0.1,19,0.0,1,1.0,1000.0,0.0002484472049689441,0.6709316770186335,0.0
default,1,11,mean_variance_1,Mean - 1 x variance,mean_variance,1.0,10300,0.1,19,0.0,1,1.0,1000.0,0.0002484472049689441,0.6706832298136646,0.0
default,1,11,mean_variance_5,Mean - 5 x variance,mean_variance,5.0,10300,0.1,19,0.0,1,1.0,1000.0,0.0002484472049689441,0.6696894409937888,0.0
default,1,11,mean_variance_10,Mean - 10 x variance,mean_variance,10.0,10300,0.1,19,0.0,1,1.0,1000.0,0.0002484472049689441,0.668447204968944,0.0
default,1,11,mean_variance_20,Mean - 20 x variance,mean_variance,20.0,10300,0.1,19,0.0,1,1.0,1000.0,0.0002484472049689441,0.6659627329192547,0.0
default,1,11,gaussian_lcb_1,Gaussian lower bound: mean - 1 x SD,gaussian_lcb,1.0,10300,0.1,19,0.0,1,1.0,1000.0,0.0002484472049689441,0.6551694688938515,0.0
default,1,11,gaussian_lcb_1.645,Gaussian lower bound: mean - 1.645 x SD,gaussian_lcb,1.645,10300,0.1,19,0.0,1,1.0,1000.0,0.0002484472049689441,0.6450028446533671,0.0
default,1,11,gaussian_lcb_1.96,Gaussian lower bound: mean - 1.96 x SD,gaussian_lcb,1.96,10300,0.1,19,0.0,1,1.0,1000.0,0.0002484472049689441,0.6400377490940607,0.0
default,1,11,gaussian_lcb_2.576,Gaussian lower bound: mean - 2.576 x SD,gaussian_lcb,2.576,10300,0.1,19,0.0,1,1.0,1000.0,0.0002484472049689441,0.630328228889195,0.0
default,1,11,finite_gaussian_lcb_1,Finite-row Gaussian bound: mean - 1 x SD,finite_gaussian_lcb,1.0,10300,0.1,19,0.0,1,1.0,1000.0,0.0002484472049689441,0.672,0.0
default,1,11,finite_gaussian_lcb_1.645,Finite-row Gaussian bound: mean - 1.645 x SD,finite_gaussian_lcb,1.645,10300,0.1,19,0.0,1,1.0,1000.0,0.0002484472049689441,0.672,0.0
default,1,11,finite_gaussian_lcb_1.96,Finite-row Gaussian bound: mean - 1.96 x SD,finite_gaussian_lcb,1.96,10300,0.1,19,0.0,1,1.0,1000.0,0.0002484472049689441,0.672,0.0
default,1,11,finite_population_lcb,Anytime finite-population lower bound (delta=0.05),confidence,0.05,10300,0.1,19,0.0,1,1.0,1000.0,0.0002484472049689441,0.672,0.0
default,1,12,posterior_mean,Current posterior mean,baseline,,10300,0.1,19,0.0,1,1.0,1000.0,0.0002484472049689441,0.6709316968917847,0.0
default,1,12,empirical_mean,Observed sample mean,baseline,,10300,0.1,19,0.0,1,1.0,1000.0,0.0002484472049689441,0.672,0.0
default,1,12,variance_gate_0.5,Variance gate: v/v0 <= 0.5,variance_gate,0.5,10300,0.1,19,0.0,1,1.0,1000.0,0.0002484472049689441,0.6709316770186335,0.0
default,1,12,variance_gate_0.2,Variance gate: v/v0 <= 0.2,variance_gate,0.2,10300,0.1,19,0.0,1,1.0,1000.0,0.0002484472049689441,0.6709316770186335,0.0
default,1,12,variance_gate_0.1,Variance gate: v/v0 <= 0.1,variance_gate,0.1,10300,0.1,19,0.0,1,1.0,1000.0,0.0002484472049689441,0.6709316770186335,0.0
default,1,12,variance_gate_0.05,Variance gate: v/v0 <= 0.05,variance_gate,0.05,10300,0.1,19,0.0,1,1.0,1000.0,0.0002484472049689441,0.6709316770186335,0.0
default,1,12,mean_variance_1,Mean - 1 x variance,mean_variance,1.0,10300,0.1,19,0.0,1,1.0,1000.0,0.0002484472049689441,0.6706832298136646,0.0
default,1,12,mean_variance_5,Mean - 5 x variance,mean_variance,5.0,10300,0.1,19,0.0,1,1.0,1000.0,0.0002484472049689441,0.6696894409937888,0.0
default,1,12,mean_variance_10,Mean - 10 x variance,mean_variance,10.0,10300,0.1,19,0.0,1,1.0,1000.0,0.0002484472049689441,0.668447204968944,0.0
default,1,12,mean_variance_20,Mean - 20 x variance,mean_variance,20.0,10300,0.1,19,0.0,1,1.0,1000.0,0.0002484472049689441,0.6659627329192547,0.0
default,1,12,gaussian_lcb_1,Gaussian lower bound: mean - 1 x SD,gaussian_lcb,1.0,10300,0.1,19,0.0,1,1.0,1000.0,0.0002484472049689441,0.6551694688938515,0.0
default,1,12,gaussian_lcb_1.645,Gaussian lower bound: mean - 1.645 x SD,gaussian_lcb,1.645,10300,0.1,19,0.0,1,1.0,1000.0,0.0002484472049689441,0.6450028446533671,0.0
default,1,12,gaussian_lcb_1.96,Gaussian lower bound: mean - 1.96 x SD,gaussian_lcb,1.96,10300,0.1,19,0.0,1,1.0,1000.0,0.0002484472049689441,0.6400377490940607,0.0
default,1,12,gaussian_lcb_2.576,Gaussian lower bound: mean - 2.576 x SD,gaussian_lcb,2.576,10300,0.1,19,0.0,1,1.0,1000.0,0.0002484472049689441,0.630328228889195,0.0
default,1,12,finite_gaussian_lcb_1,Finite-row Gaussian bound: mean - 1 x SD,finite_gaussian_lcb,1.0,10300,0.1,19,0.0,1,1.0,1000.0,0.0002484472049689441,0.672,0.0
default,1,12,finite_gaussian_lcb_1.645,Finite-row Gaussian bound: mean - 1.645 x SD,finite_gaussian_lcb,1.645,10300,0.1,19,0.0,1,1.0,1000.0,0.0002484472049689441,0.672,0.0
default,1,12,finite_gaussian_lcb_1.96,Finite-row Gaussian bound: mean - 1.96 x SD,finite_gaussian_lcb,1.96,10300,0.1,19,0.0,1,1.0,1000.0,0.0002484472049689441,0.672,0.0
default,1,12,finite_population_lcb,Anytime finite-population lower bound (delta=0.05),confidence,0.05,10300,0.1,19,0.0,1,1.0,1000.0,0.0002484472049689441,0.672,0.0
default,1,13,posterior_mean,Current posterior mean,baseline,,10300,0.1,19,0.0,1,1.0,1000.0,0.0002484472049689441,0.6709316968917847,0.0
default,1,13,empirical_mean,Observed sample mean,baseline,,10300,0.1,19,0.0,1,1.0,1000.0,0.0002484472049689441,0.672,0.0
default,1,13,variance_gate_0.5,Variance gate: v/v0 <= 0.5,variance_gate,0.5,10300,0.1,19,0.0,1,1.0,1000.0,0.0002484472049689441,0.6709316770186335,0.0
default,1,13,variance_gate_0.2,Variance gate: v/v0 <= 0.2,variance_gate,0.2,10300,0.1,19,0.0,1,1.0,1000.0,0.0002484472049689441,0.6709316770186335,0.0
default,1,13,variance_gate_0.1,Variance gate: v/v0 <= 0.1,variance_gate,0.1,10300,0.1,19,0.0,1,1.0,1000.0,0.0002484472049689441,0.6709316770186335,0.0
default,1,13,variance_gate_0.05,Variance gate: v/v0 <= 0.05,variance_gate,0.05,10300,0.1,19,0.0,1,1.0,1000.0,0.0002484472049689441,0.6709316770186335,0.0
default,1,13,mean_variance_1,Mean - 1 x variance,mean_variance,1.0,10300,0.1,19,0.0,1,1.0,1000.0,0.0002484472049689441,0.6706832298136646,0.0
default,1,13,mean_variance_5,Mean - 5 x variance,mean_variance,5.0,10300,0.1,19,0.0,1,1.0,1000.0,0.0002484472049689441,0.6696894409937888,0.0
default,1,13,mean_variance_10,Mean - 10 x variance,mean_variance,10.0,10300,0.1,19,0.0,1,1.0,1000.0,0.0002484472049689441,0.668447204968944,0.0
default,1,13,mean_variance_20,Mean - 20 x variance,mean_variance,20.0,10300,0.1,19,0.0,1,1.0,1000.0,0.0002484472049689441,0.6659627329192547,0.0
default,1,13,gaussian_lcb_1,Gaussian lower bound: mean - 1 x SD,gaussian_lcb,1.0,10300,0.1,19,0.0,1,1.0,1000.0,0.0002484472049689441,0.6551694688938515,0.0
default,1,13,gaussian_lcb_1.645,Gaussian lower bound: mean - 1.645 x SD,gaussian_lcb,1.645,10300,0.1,19,0.0,1,1.0,1000.0,0.0002484472049689441,0.6450028446533671,0.0
default,1,13,gaussian_lcb_1.96,Gaussian lower bound: mean - 1.96 x SD,gaussian_lcb,1.96,10300,0.1,19,0.0,1,1.0,1000.0,0.0002484472049689441,0.6400377490940607,0.0
default,1,13,gaussian_lcb_2.576,Gaussian lower bound: mean - 2.576 x SD,gaussian_lcb,2.576,10300,0.1,19,0.0,1,1.0,1000.0,0.0002484472049689441,0.630328228889195,0.0
default,1,13,finite_gaussian_lcb_1,Finite-row Gaussian bound: mean - 1 x SD,finite_gaussian_lcb,1.0,10300,0.1,19,0.0,1,1.0,1000.0,0.0002484472049689441,0.672,0.0
default,1,13,finite_gaussian_lcb_1.645,Finite-row Gaussian bound: mean - 1.645 x SD,finite_gaussian_lcb,1.645,10300,0.1,19,0.0,1,1.0,1000.0,0.0002484472049689441,0.672,0.0
default,1,13,finite_gaussian_lcb_1.96,Finite-row Gaussian bound: mean - 1.96 x SD,finite_gaussian_lcb,1.96,10300,0.1,19,0.0,1,1.0,1000.0,0.0002484472049689441,0.672,0.0
default,1,13,finite_population_lcb,Anytime finite-population lower bound (delta=0.05),confidence,0.05,10300,0.1,19,0.0,1,1.0,1000.0,0.0002484472049689441,0.672,0.0
default,1,14,posterior_mean,Current posterior mean,baseline,,10300,0.1,19,0.0,1,1.0,1000.0,0.0002484472049689441,0.6709316968917847,0.0
default,1,14,empirical_mean,Observed sample mean,baseline,,10300,0.1,19,0.0,1,1.0,1000.0,0.0002484472049689441,0.672,0.0
default,1,14,variance_gate_0.5,Variance gate: v/v0 <= 0.5,variance_gate,0.5,10300,0.1,19,0.0,1,1.0,1000.0,0.0002484472049689441,0.6709316770186335,0.0
default,1,14,variance_gate_0.2,Variance gate: v/v0 <= 0.2,variance_gate,0.2,10300,0.1,19,0.0,1,1.0,1000.0,0.0002484472049689441,0.6709316770186335,0.0
default,1,14,variance_gate_0.1,Variance gate: v/v0 <= 0.1,variance_gate,0.1,10300,0.1,19,0.0,1,1.0,1000.0,0.0002484472049689441,0.6709316770186335,0.0
default,1,14,variance_gate_0.05,Variance gate: v/v0 <= 0.05,variance_gate,0.05,10300,0.1,19,0.0,1,1.0,1000.0,0.0002484472049689441,0.6709316770186335,0.0
default,1,14,mean_variance_1,Mean - 1 x variance,mean_variance,1.0,10300,0.1,19,0.0,1,1.0,1000.0,0.0002484472049689441,0.6706832298136646,0.0
default,1,14,mean_variance_5,Mean - 5 x variance,mean_variance,5.0,10300,0.1,19,0.0,1,1.0,1000.0,0.0002484472049689441,0.6696894409937888,0.0
default,1,14,mean_variance_10,Mean - 10 x variance,mean_variance,10.0,10300,0.1,19,0.0,1,1.0,1000.0,0.0002484472049689441,0.668447204968944,0.0
default,1,14,mean_variance_20,Mean - 20 x variance,mean_variance,20.0,10300,0.1,19,0.0,1,1.0,1000.0,0.0002484472049689441,0.6659627329192547,0.0
default,1,14,gaussian_lcb_1,Gaussian lower bound: mean - 1 x SD,gaussian_lcb,1.0,10300,0.1,19,0.0,1,1.0,1000.0,0.0002484472049689441,0.6551694688938515,0.0
default,1,14,gaussian_lcb_1.645,Gaussian lower bound: mean - 1.645 x SD,gaussian_lcb,1.645,10300,0.1,19,0.0,1,1.0,1000.0,0.0002484472049689441,0.6450028446533671,0.0
default,1,14,gaussian_lcb_1.96,Gaussian lower bound: mean - 1.96 x SD,gaussian_lcb,1.96,10300,0.1,19,0.0,1,1.0,1000.0,0.0002484472049689441,0.6400377490940607,0.0
default,1,14,gaussian_lcb_2.576,Gaussian lower bound: mean - 2.576 x SD,gaussian_lcb,2.576,10300,0.1,19,0.0,1,1.0,1000.0,0.0002484472049689441,0.630328228889195,0.0
default,1,14,finite_gaussian_lcb_1,Finite-row Gaussian bound: mean - 1 x SD,finite_gaussian_lcb,1.0,10300,0.1,19,0.0,1,1.0,1000.0,0.0002484472049689441,0.672,0.0
default,1,14,finite_gaussian_lcb_1.645,Finite-row Gaussian bound: mean - 1.645 x SD,finite_gaussian_lcb,1.645,10300,0.1,19,0.0,1,1.0,1000.0,0.0002484472049689441,0.672,0.0
default,1,14,finite_gaussian_lcb_1.96,Finite-row Gaussian bound: mean - 1.96 x SD,finite_gaussian_lcb,1.96,10300,0.1,19,0.0,1,1.0,1000.0,0.0002484472049689441,0.672,0.0
default,1,14,finite_population_lcb,Anytime finite-population lower bound (delta=0.05),confidence,0.05,10300,0.1,19,0.0,1,1.0,1000.0,0.0002484472049689441,0.672,0.0
default,1,15,posterior_mean,Current posterior mean,baseline,,10300,0.1,19,0.0,1,1.0,1000.0,0.0002484472049689441,0.6709316968917847,0.0
default,1,15,empirical_mean,Observed sample mean,baseline,,10300,0.1,19,0.0,1,1.0,1000.0,0.0002484472049689441,0.672,0.0
default,1,15,variance_gate_0.5,Variance gate: v/v0 <= 0.5,variance_gate,0.5,10300,0.1,19,0.0,1,1.0,1000.0,0.0002484472049689441,0.6709316770186335,0.0
default,1,15,variance_gate_0.2,Variance gate: v/v0 <= 0.2,variance_gate,0.2,10300,0.1,19,0.0,1,1.0,1000.0,0.0002484472049689441,0.6709316770186335,0.0
default,1,15,variance_gate_0.1,Variance gate: v/v0 <= 0.1,variance_gate,0.1,10300,0.1,19,0.0,1,1.0,1000.0,0.0002484472049689441,0.6709316770186335,0.0
default,1,15,variance_gate_0.05,Variance gate: v/v0 <= 0.05,variance_gate,0.05,10300,0.1,19,0.0,1,1.0,1000.0,0.0002484472049689441,0.6709316770186335,0.0
default,1,15,mean_variance_1,Mean - 1 x variance,mean_variance,1.0,10300,0.1,19,0.0,1,1.0,1000.0,0.0002484472049689441,0.6706832298136646,0.0
default,1,15,mean_variance_5,Mean - 5 x variance,mean_variance,5.0,10300,0.1,19,0.0,1,1.0,1000.0,0.0002484472049689441,0.6696894409937888,0.0
default,1,15,mean_variance_10,Mean - 10 x variance,mean_variance,10.0,10300,0.1,19,0.0,1,1.0,1000.0,0.0002484472049689441,0.668447204968944,0.0
default,1,15,mean_variance_20,Mean - 20 x variance,mean_variance,20.0,10300,0.1,19,0.0,1,1.0,1000.0,0.0002484472049689441,0.6659627329192547,0.0
default,1,15,gaussian_lcb_1,Gaussian lower bound: mean - 1 x SD,gaussian_lcb,1.0,10300,0.1,19,0.0,1,1.0,1000.0,0.0002484472049689441,0.6551694688938515,0.0
default,1,15,gaussian_lcb_1.645,Gaussian lower bound: mean - 1.645 x SD,gaussian_lcb,1.645,10300,0.1,19,0.0,1,1.0,1000.0,0.0002484472049689441,0.6450028446533671,0.0
default,1,15,gaussian_lcb_1.96,Gaussian lower bound: mean - 1.96 x SD,gaussian_lcb,1.96,10300,0.1,19,0.0,1,1.0,1000.0,0.0002484472049689441,0.6400377490940607,0.0
default,1,15,gaussian_lcb_2.576,Gaussian lower bound: mean - 2.576 x SD,gaussian_lcb,2.576,10300,0.1,19,0.0,1,1.0,1000.0,0.0002484472049689441,0.630328228889195,0.0
default,1,15,finite_gaussian_lcb_1,Finite-row Gaussian bound: mean - 1 x SD,finite_gaussian_lcb,1.0,10300,0.1,19,0.0,1,1.0,1000.0,0.0002484472049689441,0.672,0.0
default,1,15,finite_gaussian_lcb_1.645,Finite-row Gaussian bound: mean - 1.645 x SD,finite_gaussian_lcb,1.645,10300,0.1,19,0.0,1,1.0,1000.0,0.0002484472049689441,0.672,0.0
default,1,15,finite_gaussian_lcb_1.96,Finite-row Gaussian bound: mean - 1.96 x SD,finite_gaussian_lcb,1.96,10300,0.1,19,0.0,1,1.0,1000.0,0.0002484472049689441,0.672,0.0
default,1,15,finite_population_lcb,Anytime finite-population lower bound (delta=0.05),confidence,0.05,10300,0.1,19,0.0,1,1.0,1000.0,0.0002484472049689441,0.672,0.0
default,1,16,posterior_mean,Current posterior mean,baseline,,10300,0.1,19,0.0,1,1.0,1000.0,0.0002484472049689441,0.6709316968917847,0.0
default,1,16,empirical_mean,Observed sample mean,baseline,,10300,0.1,19,0.0,1,1.0,1000.0,0.0002484472049689441,0.672,0.0
default,1,16,variance_gate_0.5,Variance gate: v/v0 <= 0.5,variance_gate,0.5,10300,0.1,19,0.0,1,1.0,1000.0,0.0002484472049689441,0.6709316770186335,0.0
default,1,16,variance_gate_0.2,Variance gate: v/v0 <= 0.2,variance_gate,0.2,10300,0.1,19,0.0,1,1.0,1000.0,0.0002484472049689441,0.6709316770186335,0.0
default,1,16,variance_gate_0.1,Variance gate: v/v0 <= 0.1,variance_gate,0.1,10300,0.1,19,0.0,1,1.0,1000.0,0.0002484472049689441,0.6709316770186335,0.0
default,1,16,variance_gate_0.05,Variance gate: v/v0 <= 0.05,variance_gate,0.05,10300,0.1,19,0.0,1,1.0,1000.0,0.0002484472049689441,0.6709316770186335,0.0
default,1,16,mean_variance_1,Mean - 1 x variance,mean_variance,1.0,10300,0.1,19,0.0,1,1.0,1000.0,0.0002484472049689441,0.6706832298136646,0.0
default,1,16,mean_variance_5,Mean - 5 x variance,mean_variance,5.0,10300,0.1,19,0.0,1,1.0,1000.0,0.0002484472049689441,0.6696894409937888,0.0
default,1,16,mean_variance_10,Mean - 10 x variance,mean_variance,10.0,10300,0.1,19,0.0,1,1.0,1000.0,0.0002484472049689441,0.668447204968944,0.0
default,1,16,mean_variance_20,Mean - 20 x variance,mean_variance,20.0,10300,0.1,19,0.0,1,1.0,1000.0,0.0002484472049689441,0.6659627329192547,0.0
default,1,16,gaussian_lcb_1,Gaussian lower bound: mean - 1 x SD,gaussian_lcb,1.0,10300,0.1,19,0.0,1,1.0,1000.0,0.0002484472049689441,0.6551694688938515,0.0
default,1,16,gaussian_lcb_1.645,Gaussian lower bound: mean - 1.645 x SD,gaussian_lcb,1.645,10300,0.1,19,0.0,1,1.0,1000.0,0.0002484472049689441,0.6450028446533671,0.0
default,1,16,gaussian_lcb_1.96,Gaussian lower bound: mean - 1.96 x SD,gaussian_lcb,1.96,10300,0.1,19,0.0,1,1.0,1000.0,0.0002484472049689441,0.6400377490940607,0.0
default,1,16,gaussian_lcb_2.576,Gaussian lower bound: mean - 2.576 x SD,gaussian_lcb,2.576,10300,0.1,19,0.0,1,1.0,1000.0,0.0002484472049689441,0.630328228889195,0.0
default,1,16,finite_gaussian_lcb_1,Finite-row Gaussian bound: mean - 1 x SD,finite_gaussian_lcb,1.0,10300,0.1,19,0.0,1,1.0,1000.0,0.0002484472049689441,0.672,0.0
default,1,16,finite_gaussian_lcb_1.645,Finite-row Gaussian bound: mean - 1.645 x SD,finite_gaussian_lcb,1.645,10300,0.1,19,0.0,1,1.0,1000.0,0.0002484472049689441,0.672,0.0
default,1,16,finite_gaussian_lcb_1.96,Finite-row Gaussian bound: mean - 1.96 x SD,finite_gaussian_lcb,1.96,10300,0.1,19,0.0,1,1.0,1000.0,0.0002484472049689441,0.672,0.0
default,1,16,finite_population_lcb,Anytime finite-population lower bound (delta=0.05),confidence,0.05,10300,0.1,19,0.0,1,1.0,1000.0,0.0002484472049689441,0.672,0.0
default,1,17,posterior_mean,Current posterior mean,baseline,,10300,0.1,19,0.0,1,1.0,1000.0,0.0002484472049689441,0.6709316968917847,0.0
default,1,17,empirical_mean,Observed sample mean,baseline,,10300,0.1,19,0.0,1,1.0,1000.0,0.0002484472049689441,0.672,0.0
default,1,17,variance_gate_0.5,Variance gate: v/v0 <= 0.5,variance_gate,0.5,10300,0.1,19,0.0,1,1.0,1000.0,0.0002484472049689441,0.6709316770186335,0.0
default,1,17,variance_gate_0.2,Variance gate: v/v0 <= 0.2,variance_gate,0.2,10300,0.1,19,0.0,1,1.0,1000.0,0.0002484472049689441,0.6709316770186335,0.0
default,1,17,variance_gate_0.1,Variance gate: v/v0 <= 0.1,variance_gate,0.1,10300,0.1,19,0.0,1,1.0,1000.0,0.0002484472049689441,0.6709316770186335,0.0
default,1,17,variance_gate_0.05,Variance gate: v/v0 <= 0.05,variance_gate,0.05,10300,0.1,19,0.0,1,1.0,1000.0,0.0002484472049689441,0.6709316770186335,0.0
default,1,17,mean_variance_1,Mean - 1 x variance,mean_variance,1.0,10300,0.1,19,0.0,1,1.0,1000.0,0.0002484472049689441,0.6706832298136646,0.0
default,1,17,mean_variance_5,Mean - 5 x variance,mean_variance,5.0,10300,0.1,19,0.0,1,1.0,1000.0,0.0002484472049689441,0.6696894409937888,0.0
default,1,17,mean_variance_10,Mean - 10 x variance,mean_variance,10.0,10300,0.1,19,0.0,1,1.0,1000.0,0.0002484472049689441,0.668447204968944,0.0
default,1,17,mean_variance_20,Mean - 20 x variance,mean_variance,20.0,10300,0.1,19,0.0,1,1.0,1000.0,0.0002484472049689441,0.6659627329192547,0.0
default,1,17,gaussian_lcb_1,Gaussian lower bound: mean - 1 x SD,gaussian_lcb,1.0,10300,0.1,19,0.0,1,1.0,1000.0,0.0002484472049689441,0.6551694688938515,0.0
default,1,17,gaussian_lcb_1.645,Gaussian lower bound: mean - 1.645 x SD,gaussian_lcb,1.645,10300,0.1,19,0.0,1,1.0,1000.0,0.0002484472049689441,0.6450028446533671,0.0
default,1,17,gaussian_lcb_1.96,Gaussian lower bound: mean - 1.96 x SD,gaussian_lcb,1.96,10300,0.1,19,0.0,1,1.0,1000.0,0.0002484472049689441,0.6400377490940607,0.0
default,1,17,gaussian_lcb_2.576,Gaussian lower bound: mean - 2.576 x SD,gaussian_lcb,2.576,10300,0.1,19,0.0,1,1.0,1000.0,0.0002484472049689441,0.630328228889195,0.0
default,1,17,finite_gaussian_lcb_1,Finite-row Gaussian bound: mean - 1 x SD,finite_gaussian_lcb,1.0,10300,0.1,19,0.0,1,1.0,1000.0,0.0002484472049689441,0.672,0.0
default,1,17,finite_gaussian_lcb_1.645,Finite-row Gaussian bound: mean - 1.645 x SD,finite_gaussian_lcb,1.645,10300,0.1,19,0.0,1,1.0,1000.0,0.0002484472049689441,0.672,0.0
default,1,17,finite_gaussian_lcb_1.96,Finite-row Gaussian bound: mean - 1.96 x SD,finite_gaussian_lcb,1.96,10300,0.1,19,0.0,1,1.0,1000.0,0.0002484472049689441,0.672,0.0
default,1,17,finite_population_lcb,Anytime finite-population lower bound (delta=0.05),confidence,0.05,10300,0.1,19,0.0,1,1.0,1000.0,0.0002484472049689441,0.672,0.0
default,1,18,posterior_mean,Current posterior mean,baseline,,10300,0.1,19,0.0,1,1.0,1000.0,0.0002484472049689441,0.6709316968917847,0.0
default,1,18,empirical_mean,Observed sample mean,baseline,,10300,0.1,19,0.0,1,1.0,1000.0,0.0002484472049689441,0.672,0.0
default,1,18,variance_gate_0.5,Variance gate: v/v0 <= 0.5,variance_gate,0.5,10300,0.1,19,0.0,1,1.0,1000.0,0.0002484472049689441,0.6709316770186335,0.0
default,1,18,variance_gate_0.2,Variance gate: v/v0 <= 0.2,variance_gate,0.2,10300,0.1,19,0.0,1,1.0,1000.0,0.0002484472049689441,0.6709316770186335,0.0
default,1,18,variance_gate_0.1,Variance gate: v/v0 <= 0.1,variance_gate,0.1,10300,0.1,19,0.0,1,1.0,1000.0,0.0002484472049689441,0.6709316770186335,0.0
default,1,18,variance_gate_0.05,Variance gate: v/v0 <= 0.05,variance_gate,0.05,10300,0.1,19,0.0,1,1.0,1000.0,0.0002484472049689441,0.6709316770186335,0.0
default,1,18,mean_variance_1,Mean - 1 x variance,mean_variance,1.0,10300,0.1,19,0.0,1,1.0,1000.0,0.0002484472049689441,0.6706832298136646,0.0
default,1,18,mean_variance_5,Mean - 5 x variance,mean_variance,5.0,10300,0.1,19,0.0,1,1.0,1000.0,0.0002484472049689441,0.6696894409937888,0.0
default,1,18,mean_variance_10,Mean - 10 x variance,mean_variance,10.0,10300,0.1,19,0.0,1,1.0,1000.0,0.0002484472049689441,0.668447204968944,0.0
default,1,18,mean_variance_20,Mean - 20 x variance,mean_variance,20.0,10300,0.1,19,0.0,1,1.0,1000.0,0.0002484472049689441,0.6659627329192547,0.0
default,1,18,gaussian_lcb_1,Gaussian lower bound: mean - 1 x SD,gaussian_lcb,1.0,10300,0.1,19,0.0,1,1.0,1000.0,0.0002484472049689441,0.6551694688938515,0.0
default,1,18,gaussian_lcb_1.645,Gaussian lower bound: mean - 1.645 x SD,gaussian_lcb,1.645,10300,0.1,19,0.0,1,1.0,1000.0,0.0002484472049689441,0.6450028446533671,0.0
default,1,18,gaussian_lcb_1.96,Gaussian lower bound: mean - 1.96 x SD,gaussian_lcb,1.96,10300,0.1,19,0.0,1,1.0,1000.0,0.0002484472049689441,0.6400377490940607,0.0
default,1,18,gaussian_lcb_2.576,Gaussian lower bound: mean - 2.576 x SD,gaussian_lcb,2.576,10300,0.1,19,0.0,1,1.0,1000.0,0.0002484472049689441,0.630328228889195,0.0
default,1,18,finite_gaussian_lcb_1,Finite-row Gaussian bound: mean - 1 x SD,finite_gaussian_lcb,1.0,10300,0.1,19,0.0,1,1.0,1000.0,0.0002484472049689441,0.672,0.0
default,1,18,finite_gaussian_lcb_1.645,Finite-row Gaussian bound: mean - 1.645 x SD,finite_gaussian_lcb,1.645,10300,0.1,19,0.0,1,1.0,1000.0,0.0002484472049689441,0.672,0.0
default,1,18,finite_gaussian_lcb_1.96,Finite-row Gaussian bound: mean - 1.96 x SD,finite_gaussian_lcb,1.96,10300,0.1,19,0.0,1,1.0,1000.0,0.0002484472049689441,0.672,0.0
default,1,18,finite_population_lcb,Anytime finite-population lower bound (delta=0.05),confidence,0.05,10300,0.1,19,0.0,1,1.0,1000.0,0.0002484472049689441,0.672,0.0
default,1,19,posterior_mean,Current posterior mean,baseline,,10300,0.1,19,0.0,1,1.0,1000.0,0.0002484472049689441,0.6709316968917847,0.0
default,1,19,empirical_mean,Observed sample mean,baseline,,10300,0.1,19,0.0,1,1.0,1000.0,0.0002484472049689441,0.672,0.0
default,1,19,variance_gate_0.5,Variance gate: v/v0 <= 0.5,variance_gate,0.5,10300,0.1,19,0.0,1,1.0,1000.0,0.0002484472049689441,0.6709316770186335,0.0
default,1,19,variance_gate_0.2,Variance gate: v/v0 <= 0.2,variance_gate,0.2,10300,0.1,19,0.0,1,1.0,1000.0,0.0002484472049689441,0.6709316770186335,0.0
default,1,19,variance_gate_0.1,Variance gate: v/v0 <= 0.1,variance_gate,0.1,10300,0.1,19,0.0,1,1.0,1000.0,0.0002484472049689441,0.6709316770186335,0.0
default,1,19,variance_gate_0.05,Variance gate: v/v0 <= 0.05,variance_gate,0.05,10300,0.1,19,0.0,1,1.0,1000.0,0.0002484472049689441,0.6709316770186335,0.0
default,1,19,mean_variance_1,Mean - 1 x variance,mean_variance,1.0,10300,0.1,19,0.0,1,1.0,1000.0,0.0002484472049689441,0.6706832298136646,0.0
default,1,19,mean_variance_5,Mean - 5 x variance,mean_variance,5.0,10300,0.1,19,0.0,1,1.0,1000.0,0.0002484472049689441,0.6696894409937888,0.0
default,1,19,mean_variance_10,Mean - 10 x variance,mean_variance,10.0,10300,0.1,19,0.0,1,1.0,1000.0,0.0002484472049689441,0.668447204968944,0.0
default,1,19,mean_variance_20,Mean - 20 x variance,mean_variance,20.0,10300,0.1,19,0.0,1,1.0,1000.0,0.0002484472049689441,0.6659627329192547,0.0
default,1,19,gaussian_lcb_1,Gaussian lower bound: mean - 1 x SD,gaussian_lcb,1.0,10300,0.1,19,0.0,1,1.0,1000.0,0.0002484472049689441,0.6551694688938515,0.0
default,1,19,gaussian_lcb_1.645,Gaussian lower bound: mean - 1.645 x SD,gaussian_lcb,1.645,10300,0.1,19,0.0,1,1.0,1000.0,0.0002484472049689441,0.6450028446533671,0.0
default,1,19,gaussian_lcb_1.96,Gaussian lower bound: mean - 1.96 x SD,gaussian_lcb,1.96,10300,0.1,19,0.0,1,1.0,1000.0,0.0002484472049689441,0.6400377490940607,0.0
default,1,19,gaussian_lcb_2.576,Gaussian lower bound: mean - 2.576 x SD,gaussian_lcb,2.576,10300,0.1,19,0.0,1,1.0,1000.0,0.0002484472049689441,0.630328228889195,0.0
default,1,19,finite_gaussian_lcb_1,Finite-row Gaussian bound: mean - 1 x SD,finite_gaussian_lcb,1.0,10300,0.1,19,0.0,1,1.0,1000.0,0.0002484472049689441,0.672,0.0
default,1,19,finite_gaussian_lcb_1.645,Finite-row Gaussian bound: mean - 1.645 x SD,finite_gaussian_lcb,1.645,10300,0.1,19,0.0,1,1.0,1000.0,0.0002484472049689441,0.672,0.0
default,1,19,finite_gaussian_lcb_1.96,Finite-row Gaussian bound: mean - 1.96 x SD,finite_gaussian_lcb,1.96,10300,0.1,19,0.0,1,1.0,1000.0,0.0002484472049689441,0.672,0.0
default,1,19,finite_population_lcb,Anytime finite-population lower bound (delta=0.05),confidence,0.05,10300,0.1,19,0.0,1,1.0,1000.0,0.0002484472049689441,0.672,0.0
default,2,0,posterior_mean,Current posterior mean,baseline,,10300,0.1,20,0.0,1,1.0,1000.0,0.0002484472049689441,0.6709316968917847,0.0
default,2,0,empirical_mean,Observed sample mean,baseline,,10300,0.1,20,0.0,1,1.0,1000.0,0.0002484472049689441,0.672,0.0
default,2,0,variance_gate_0.5,Variance gate: v/v0 <= 0.5,variance_gate,0.5,10300,0.1,20,0.0,1,1.0,1000.0,0.0002484472049689441,0.6709316770186335,0.0
default,2,0,variance_gate_0.2,Variance gate: v/v0 <= 0.2,variance_gate,0.2,10300,0.1,20,0.0,1,1.0,1000.0,0.0002484472049689441,0.6709316770186335,0.0
default,2,0,variance_gate_0.1,Variance gate: v/v0 <= 0.1,variance_gate,0.1,10300,0.1,20,0.0,1,1.0,1000.0,0.0002484472049689441,0.6709316770186335,0.0
default,2,0,variance_gate_0.05,Variance gate: v/v0 <= 0.05,variance_gate,0.05,10300,0.1,20,0.0,1,1.0,1000.0,0.0002484472049689441,0.6709316770186335,0.0
default,2,0,mean_variance_1,Mean - 1 x variance,mean_variance,1.0,10300,0.1,20,0.0,1,1.0,1000.0,0.0002484472049689441,0.6706832298136646,0.0
default,2,0,mean_variance_5,Mean - 5 x variance,mean_variance,5.0,10300,0.1,20,0.0,1,1.0,1000.0,0.0002484472049689441,0.6696894409937888,0.0
default,2,0,mean_variance_10,Mean - 10 x variance,mean_variance,10.0,10300,0.1,20,0.0,1,1.0,1000.0,0.0002484472049689441,0.668447204968944,0.0
default,2,0,mean_variance_20,Mean - 20 x variance,mean_variance,20.0,10300,0.1,20,0.0,1,1.0,1000.0,0.0002484472049689441,0.6659627329192547,0.0
default,2,0,gaussian_lcb_1,Gaussian lower bound: mean - 1 x SD,gaussian_lcb,1.0,10300,0.1,20,0.0,1,1.0,1000.0,0.0002484472049689441,0.6551694688938515,0.0
default,2,0,gaussian_lcb_1.645,Gaussian lower bound: mean - 1.645 x SD,gaussian_lcb,1.645,10300,0.1,20,0.0,1,1.0,1000.0,0.0002484472049689441,0.6450028446533671,0.0
default,2,0,gaussian_lcb_1.96,Gaussian lower bound: mean - 1.96 x SD,gaussian_lcb,1.96,10300,0.1,20,0.0,1,1.0,1000.0,0.0002484472049689441,0.6400377490940607,0.0
default,2,0,gaussian_lcb_2.576,Gaussian lower bound: mean - 2.576 x SD,gaussian_lcb,2.576,10300,0.1,20,0.0,1,1.0,1000.0,0.0002484472049689441,0.630328228889195,0.0
default,2,0,finite_gaussian_lcb_1,Finite-row Gaussian bound: mean - 1 x SD,finite_gaussian_lcb,1.0,10300,0.1,20,0.0,1,1.0,1000.0,0.0002484472049689441,0.672,0.0
default,2,0,finite_gaussian_lcb_1.645,Finite-row Gaussian bound: mean - 1.645 x SD,finite_gaussian_lcb,1.645,10300,0.1,20,0.0,1,1.0,1000.0,0.0002484472049689441,0.672,0.0
default,2,0,finite_gaussian_lcb_1.96,Finite-row Gaussian bound: mean - 1.96 x SD,finite_gaussian_lcb,1.96,10300,0.1,20,0.0,1,1.0,1000.0,0.0002484472049689441,0.672,0.0
default,2,0,finite_population_lcb,Anytime finite-population lower bound (delta=0.05),confidence,0.05,10300,0.1,20,0.0,1,1.0,1000.0,0.0002484472049689441,0.672,0.0
default,2,1,posterior_mean,Current posterior mean,baseline,,10300,0.1,19,0.0,1,1.0,1000.0,0.0002484472049689441,0.6709316968917847,0.0
default,2,1,empirical_mean,Observed sample mean,baseline,,10300,0.1,19,0.0,1,1.0,1000.0,0.0002484472049689441,0.672,0.0
default,2,1,variance_gate_0.5,Variance gate: v/v0 <= 0.5,variance_gate,0.5,10300,0.1,19,0.0,1,1.0,1000.0,0.0002484472049689441,0.6709316770186335,0.0
default,2,1,variance_gate_0.2,Variance gate: v/v0 <= 0.2,variance_gate,0.2,10300,0.1,19,0.0,1,1.0,1000.0,0.0002484472049689441,0.6709316770186335,0.0
default,2,1,variance_gate_0.1,Variance gate: v/v0 <= 0.1,variance_gate,0.1,10300,0.1,19,0.0,1,1.0,1000.0,0.0002484472049689441,0.6709316770186335,0.0
default,2,1,variance_gate_0.05,Variance gate: v/v0 <= 0.05,variance_gate,0.05,10300,0.1,19,0.0,1,1.0,1000.0,0.0002484472049689441,0.6709316770186335,0.0
default,2,1,mean_variance_1,Mean - 1 x variance,mean_variance,1.0,10300,0.1,19,0.0,1,1.0,1000.0,0.0002484472049689441,0.6706832298136646,0.0
default,2,1,mean_variance_5,Mean - 5 x variance,mean_variance,5.0,10300,0.1,19,0.0,1,1.0,1000.0,0.0002484472049689441,0.6696894409937888,0.0
default,2,1,mean_variance_10,Mean - 10 x variance,mean_variance,10.0,10300,0.1,19,0.0,1,1.0,1000.0,0.0002484472049689441,0.668447204968944,0.0
default,2,1,mean_variance_20,Mean - 20 x variance,mean_variance,20.0,10300,0.1,19,0.0,1,1.0,1000.0,0.0002484472049689441,0.6659627329192547,0.0
default,2,1,gaussian_lcb_1,Gaussian lower bound: mean - 1 x SD,gaussian_lcb,1.0,10300,0.1,19,0.0,1,1.0,1000.0,0.0002484472049689441,0.6551694688938515,0.0
default,2,1,gaussian_lcb_1.645,Gaussian lower bound: mean - 1.645 x SD,gaussian_lcb,1.645,10300,0.1,19,0.0,1,1.0,1000.0,0.0002484472049689441,0.6450028446533671,0.0
default,2,1,gaussian_lcb_1.96,Gaussian lower bound: mean - 1.96 x SD,gaussian_lcb,1.96,10300,0.1,19,0.0,1,1.0,1000.0,0.0002484472049689441,0.6400377490940607,0.0
default,2,1,gaussian_lcb_2.576,Gaussian lower bound: mean - 2.576 x SD,gaussian_lcb,2.576,10300,0.1,19,0.0,1,1.0,1000.0,0.0002484472049689441,0.630328228889195,0.0
default,2,1,finite_gaussian_lcb_1,Finite-row Gaussian bound: mean - 1 x SD,finite_gaussian_lcb,1.0,10300,0.1,19,0.0,1,1.0,1000.0,0.0002484472049689441,0.672,0.0
default,2,1,finite_gaussian_lcb_1.645,Finite-row Gaussian bound: mean - 1.645 x SD,finite_gaussian_lcb,1.645,10300,0.1,19,0.0,1,1.0,1000.0,0.0002484472049689441,0.672,0.0
default,2,1,finite_gaussian_lcb_1.96,Finite-row Gaussian bound: mean - 1.96 x SD,finite_gaussian_lcb,1.96,10300,0.1,19,0.0,1,1.0,1000.0,0.0002484472049689441,0.672,0.0
default,2,1,finite_population_lcb,Anytime finite-population lower bound (delta=0.05),confidence,0.05,10300,0.1,19,0.0,1,1.0,1000.0,0.0002484472049689441,0.672,0.0
default,2,2,posterior_mean,Current posterior mean,baseline,,10300,0.1,19,0.0,1,1.0,1000.0,0.0002484472049689441,0.6709316968917847,0.0
default,2,2,empirical_mean,Observed sample mean,baseline,,10300,0.1,19,0.0,1,1.0,1000.0,0.0002484472049689441,0.672,0.0
default,2,2,variance_gate_0.5,Variance gate: v/v0 <= 0.5,variance_gate,0.5,10300,0.1,19,0.0,1,1.0,1000.0,0.0002484472049689441,0.6709316770186335,0.0
default,2,2,variance_gate_0.2,Variance gate: v/v0 <= 0.2,variance_gate,0.2,10300,0.1,19,0.0,1,1.0,1000.0,0.0002484472049689441,0.6709316770186335,0.0
default,2,2,variance_gate_0.1,Variance gate: v/v0 <= 0.1,variance_gate,0.1,10300,0.1,19,0.0,1,1.0,1000.0,0.0002484472049689441,0.6709316770186335,0.0
default,2,2,variance_gate_0.05,Variance gate: v/v0 <= 0.05,variance_gate,0.05,10300,0.1,19,0.0,1,1.0,1000.0,0.0002484472049689441,0.6709316770186335,0.0
default,2,2,mean_variance_1,Mean - 1 x variance,mean_variance,1.0,10300,0.1,19,0.0,1,1.0,1000.0,0.0002484472049689441,0.6706832298136646,0.0
default,2,2,mean_variance_5,Mean - 5 x variance,mean_variance,5.0,10300,0.1,19,0.0,1,1.0,1000.0,0.0002484472049689441,0.6696894409937888,0.0
default,2,2,mean_variance_10,Mean - 10 x variance,mean_variance,10.0,10300,0.1,19,0.0,1,1.0,1000.0,0.0002484472049689441,0.668447204968944,0.0
default,2,2,mean_variance_20,Mean - 20 x variance,mean_variance,20.0,10300,0.1,19,0.0,1,1.0,1000.0,0.0002484472049689441,0.6659627329192547,0.0
default,2,2,gaussian_lcb_1,Gaussian lower bound: mean - 1 x SD,gaussian_lcb,1.0,10300,0.1,19,0.0,1,1.0,1000.0,0.0002484472049689441,0.6551694688938515,0.0
default,2,2,gaussian_lcb_1.645,Gaussian lower bound: mean - 1.645 x SD,gaussian_lcb,1.645,10300,0.1,19,0.0,1,1.0,1000.0,0.0002484472049689441,0.6450028446533671,0.0
default,2,2,gaussian_lcb_1.96,Gaussian lower bound: mean - 1.96 x SD,gaussian_lcb,1.96,10300,0.1,19,0.0,1,1.0,1000.0,0.0002484472049689441,0.6400377490940607,0.0
default,2,2,gaussian_lcb_2.576,Gaussian lower bound: mean - 2.576 x SD,gaussian_lcb,2.576,10300,0.1,19,0.0,1,1.0,1000.0,0.0002484472049689441,0.630328228889195,0.0
default,2,2,finite_gaussian_lcb_1,Finite-row Gaussian bound: mean - 1 x SD,finite_gaussian_lcb,1.0,10300,0.1,19,0.0,1,1.0,1000.0,0.0002484472049689441,0.672,0.0
default,2,2,finite_gaussian_lcb_1.645,Finite-row Gaussian bound: mean - 1.645 x SD,finite_gaussian_lcb,1.645,10300,0.1,19,0.0,1,1.0,1000.0,0.0002484472049689441,0.672,0.0
default,2,2,finite_gaussian_lcb_1.96,Finite-row Gaussian bound: mean - 1.96 x SD,finite_gaussian_lcb,1.96,10300,0.1,19,0.0,1,1.0,1000.0,0.0002484472049689441,0.672,0.0
default,2,2,finite_population_lcb,Anytime finite-population lower bound (delta=0.05),confidence,0.05,10300,0.1,19,0.0,1,1.0,1000.0,0.0002484472049689441,0.672,0.0
default,2,3,posterior_mean,Current posterior mean,baseline,,10300,0.1,19,0.0,1,1.0,1000.0,0.0002484472049689441,0.6709316968917847,0.0
default,2,3,empirical_mean,Observed sample mean,baseline,,10300,0.1,19,0.0,1,1.0,1000.0,0.0002484472049689441,0.672,0.0
default,2,3,variance_gate_0.5,Variance gate: v/v0 <= 0.5,variance_gate,0.5,10300,0.1,19,0.0,1,1.0,1000.0,0.0002484472049689441,0.6709316770186335,0.0
default,2,3,variance_gate_0.2,Variance gate: v/v0 <= 0.2,variance_gate,0.2,10300,0.1,19,0.0,1,1.0,1000.0,0.0002484472049689441,0.6709316770186335,0.0
default,2,3,variance_gate_0.1,Variance gate: v/v0 <= 0.1,variance_gate,0.1,10300,0.1,19,0.0,1,1.0,1000.0,0.0002484472049689441,0.6709316770186335,0.0
default,2,3,variance_gate_0.05,Variance gate: v/v0 <= 0.05,variance_gate,0.05,10300,0.1,19,0.0,1,1.0,1000.0,0.0002484472049689441,0.6709316770186335,0.0
default,2,3,mean_variance_1,Mean - 1 x variance,mean_variance,1.0,10300,0.1,19,0.0,1,1.0,1000.0,0.0002484472049689441,0.6706832298136646,0.0
default,2,3,mean_variance_5,Mean - 5 x variance,mean_variance,5.0,10300,0.1,19,0.0,1,1.0,1000.0,0.0002484472049689441,0.6696894409937888,0.0
default,2,3,mean_variance_10,Mean - 10 x variance,mean_variance,10.0,10300,0.1,19,0.0,1,1.0,1000.0,0.0002484472049689441,0.668447204968944,0.0
default,2,3,mean_variance_20,Mean - 20 x variance,mean_variance,20.0,10300,0.1,19,0.0,1,1.0,1000.0,0.0002484472049689441,0.6659627329192547,0.0
default,2,3,gaussian_lcb_1,Gaussian lower bound: mean - 1 x SD,gaussian_lcb,1.0,10300,0.1,19,0.0,1,1.0,1000.0,0.0002484472049689441,0.6551694688938515,0.0
default,2,3,gaussian_lcb_1.645,Gaussian lower bound: mean - 1.645 x SD,gaussian_lcb,1.645,10300,0.1,19,0.0,1,1.0,1000.0,0.0002484472049689441,0.6450028446533671,0.0
default,2,3,gaussian_lcb_1.96,Gaussian lower bound: mean - 1.96 x SD,gaussian_lcb,1.96,10300,0.1,19,0.0,1,1.0,1000.0,0.0002484472049689441,0.6400377490940607,0.0
default,2,3,gaussian_lcb_2.576,Gaussian lower bound: mean - 2.576 x SD,gaussian_lcb,2.576,10300,0.1,19,0.0,1,1.0,1000.0,0.0002484472049689441,0.630328228889195,0.0
default,2,3,finite_gaussian_lcb_1,Finite-row Gaussian bound: mean - 1 x SD,finite_gaussian_lcb,1.0,10300,0.1,19,0.0,1,1.0,1000.0,0.0002484472049689441,0.672,0.0
default,2,3,finite_gaussian_lcb_1.645,Finite-row Gaussian bound: mean - 1.645 x SD,finite_gaussian_lcb,1.645,10300,0.1,19,0.0,1,1.0,1000.0,0.0002484472049689441,0.672,0.0
default,2,3,finite_gaussian_lcb_1.96,Finite-row Gaussian bound: mean - 1.96 x SD,finite_gaussian_lcb,1.96,10300,0.1,19,0.0,1,1.0,1000.0,0.0002484472049689441,0.672,0.0
default,2,3,finite_population_lcb,Anytime finite-population lower bound (delta=0.05),confidence,0.05,10300,0.1,19,0.0,1,1.0,1000.0,0.0002484472049689441,0.672,0.0
default,2,4,posterior_mean,Current posterior mean,baseline,,10300,0.1,19,0.0,1,1.0,1000.0,0.0002484472049689441,0.6709316968917847,0.0
default,2,4,empirical_mean,Observed sample mean,baseline,,10300,0.1,19,0.0,1,1.0,1000.0,0.0002484472049689441,0.672,0.0
default,2,4,variance_gate_0.5,Variance gate: v/v0 <= 0.5,variance_gate,0.5,10300,0.1,19,0.0,1,1.0,1000.0,0.0002484472049689441,0.6709316770186335,0.0
default,2,4,variance_gate_0.2,Variance gate: v/v0 <= 0.2,variance_gate,0.2,10300,0.1,19,0.0,1,1.0,1000.0,0.0002484472049689441,0.6709316770186335,0.0
default,2,4,variance_gate_0.1,Variance gate: v/v0 <= 0.1,variance_gate,0.1,10300,0.1,19,0.0,1,1.0,1000.0,0.0002484472049689441,0.6709316770186335,0.0
default,2,4,variance_gate_0.05,Variance gate: v/v0 <= 0.05,variance_gate,0.05,10300,0.1,19,0.0,1,1.0,1000.0,0.0002484472049689441,0.6709316770186335,0.0
default,2,4,mean_variance_1,Mean - 1 x variance,mean_variance,1.0,10300,0.1,19,0.0,1,1.0,1000.0,0.0002484472049689441,0.6706832298136646,0.0
default,2,4,mean_variance_5,Mean - 5 x variance,mean_variance,5.0,10300,0.1,19,0.0,1,1.0,1000.0,0.0002484472049689441,0.6696894409937888,0.0
default,2,4,mean_variance_10,Mean - 10 x variance,mean_variance,10.0,10300,0.1,19,0.0,1,1.0,1000.0,0.0002484472049689441,0.668447204968944,0.0
default,2,4,mean_variance_20,Mean - 20 x variance,mean_variance,20.0,10300,0.1,19,0.0,1,1.0,1000.0,0.0002484472049689441,0.6659627329192547,0.0
default,2,4,gaussian_lcb_1,Gaussian lower bound: mean - 1 x SD,gaussian_lcb,1.0,10300,0.1,19,0.0,1,1.0,1000.0,0.0002484472049689441,0.6551694688938515,0.0
default,2,4,gaussian_lcb_1.645,Gaussian lower bound: mean - 1.645 x SD,gaussian_lcb,1.645,10300,0.1,19,0.0,1,1.0,1000.0,0.0002484472049689441,0.6450028446533671,0.0
default,2,4,gaussian_lcb_1.96,Gaussian lower bound: mean - 1.96 x SD,gaussian_lcb,1.96,10300,0.1,19,0.0,1,1.0,1000.0,0.0002484472049689441,0.6400377490940607,0.0
default,2,4,gaussian_lcb_2.576,Gaussian lower bound: mean - 2.576 x SD,gaussian_lcb,2.576,10300,0.1,19,0.0,1,1.0,1000.0,0.0002484472049689441,0.630328228889195,0.0
default,2,4,finite_gaussian_lcb_1,Finite-row Gaussian bound: mean - 1 x SD,finite_gaussian_lcb,1.0,10300,0.1,19,0.0,1,1.0,1000.0,0.0002484472049689441,0.672,0.0
default,2,4,finite_gaussian_lcb_1.645,Finite-row Gaussian bound: mean - 1.645 x SD,finite_gaussian_lcb,1.645,10300,0.1,19,0.0,1,1.0,1000.0,0.0002484472049689441,0.672,0.0
default,2,4,finite_gaussian_lcb_1.96,Finite-row Gaussian bound: mean - 1.96 x SD,finite_gaussian_lcb,1.96,10300,0.1,19,0.0,1,1.0,1000.0,0.0002484472049689441,0.672,0.0
default,2,4,finite_population_lcb,Anytime finite-population lower bound (delta=0.05),confidence,0.05,10300,0.1,19,0.0,1,1.0,1000.0,0.0002484472049689441,0.672,0.0
default,2,5,posterior_mean,Current posterior mean,baseline,,10300,0.1,20,0.0,1,1.0,1000.0,0.0002484472049689441,0.6709316968917847,0.0
default,2,5,empirical_mean,Observed sample mean,baseline,,10300,0.1,20,0.0,1,1.0,1000.0,0.0002484472049689441,0.672,0.0
default,2,5,variance_gate_0.5,Variance gate: v/v0 <= 0.5,variance_gate,0.5,10300,0.1,20,0.0,1,1.0,1000.0,0.0002484472049689441,0.6709316770186335,0.0
default,2,5,variance_gate_0.2,Variance gate: v/v0 <= 0.2,variance_gate,0.2,10300,0.1,20,0.0,1,1.0,1000.0,0.0002484472049689441,0.6709316770186335,0.0
default,2,5,variance_gate_0.1,Variance gate: v/v0 <= 0.1,variance_gate,0.1,10300,0.1,20,0.0,1,1.0,1000.0,0.0002484472049689441,0.6709316770186335,0.0
default,2,5,variance_gate_0.05,Variance gate: v/v0 <= 0.05,variance_gate,0.05,10300,0.1,20,0.0,1,1.0,1000.0,0.0002484472049689441,0.6709316770186335,0.0
default,2,5,mean_variance_1,Mean - 1 x variance,mean_variance,1.0,10300,0.1,20,0.0,1,1.0,1000.0,0.0002484472049689441,0.6706832298136646,0.0
default,2,5,mean_variance_5,Mean - 5 x variance,mean_variance,5.0,10300,0.1,20,0.0,1,1.0,1000.0,0.0002484472049689441,0.6696894409937888,0.0
default,2,5,mean_variance_10,Mean - 10 x variance,mean_variance,10.0,10300,0.1,20,0.0,1,1.0,1000.0,0.0002484472049689441,0.668447204968944,0.0
default,2,5,mean_variance_20,Mean - 20 x variance,mean_variance,20.0,10300,0.1,20,0.0,1,1.0,1000.0,0.0002484472049689441,0.6659627329192547,0.0
default,2,5,gaussian_lcb_1,Gaussian lower bound: mean - 1 x SD,gaussian_lcb,1.0,10300,0.1,20,0.0,1,1.0,1000.0,0.0002484472049689441,0.6551694688938515,0.0
default,2,5,gaussian_lcb_1.645,Gaussian lower bound: mean - 1.645 x SD,gaussian_lcb,1.645,10300,0.1,20,0.0,1,1.0,1000.0,0.0002484472049689441,0.6450028446533671,0.0
default,2,5,gaussian_lcb_1.96,Gaussian lower bound: mean - 1.96 x SD,gaussian_lcb,1.96,10300,0.1,20,0.0,1,1.0,1000.0,0.0002484472049689441,0.6400377490940607,0.0
default,2,5,gaussian_lcb_2.576,Gaussian lower bound: mean - 2.576 x SD,gaussian_lcb,2.576,10300,0.1,20,0.0,1,1.0,1000.0,0.0002484472049689441,0.630328228889195,0.0
default,2,5,finite_gaussian_lcb_1,Finite-row Gaussian bound: mean - 1 x SD,finite_gaussian_lcb,1.0,10300,0.1,20,0.0,1,1.0,1000.0,0.0002484472049689441,0.672,0.0
default,2,5,finite_gaussian_lcb_1.645,Finite-row Gaussian bound: mean - 1.645 x SD,finite_gaussian_lcb,1.645,10300,0.1,20,0.0,1,1.0,1000.0,0.0002484472049689441,0.672,0.0
default,2,5,finite_gaussian_lcb_1.96,Finite-row Gaussian bound: mean - 1.96 x SD,finite_gaussian_lcb,1.96,10300,0.1,20,0.0,1,1.0,1000.0,0.0002484472049689441,0.672,0.0
default,2,5,finite_population_lcb,Anytime finite-population lower bound (delta=0.05),confidence,0.05,10300,0.1,20,0.0,1,1.0,1000.0,0.0002484472049689441,0.672,0.0
default,2,6,posterior_mean,Current posterior mean,baseline,,10300,0.1,20,0.0,1,1.0,1000.0,0.0002484472049689441,0.6709316968917847,0.0
default,2,6,empirical_mean,Observed sample mean,baseline,,10300,0.1,20,0.0,1,1.0,1000.0,0.0002484472049689441,0.672,0.0
default,2,6,variance_gate_0.5,Variance gate: v/v0 <= 0.5,variance_gate,0.5,10300,0.1,20,0.0,1,1.0,1000.0,0.0002484472049689441,0.6709316770186335,0.0
default,2,6,variance_gate_0.2,Variance gate: v/v0 <= 0.2,variance_gate,0.2,10300,0.1,20,0.0,1,1.0,1000.0,0.0002484472049689441,0.6709316770186335,0.0
default,2,6,variance_gate_0.1,Variance gate: v/v0 <= 0.1,variance_gate,0.1,10300,0.1,20,0.0,1,1.0,1000.0,0.0002484472049689441,0.6709316770186335,0.0
default,2,6,variance_gate_0.05,Variance gate: v/v0 <= 0.05,variance_gate,0.05,10300,0.1,20,0.0,1,1.0,1000.0,0.0002484472049689441,0.6709316770186335,0.0
default,2,6,mean_variance_1,Mean - 1 x variance,mean_variance,1.0,10300,0.1,20,0.0,1,1.0,1000.0,0.0002484472049689441,0.6706832298136646,0.0
default,2,6,mean_variance_5,Mean - 5 x variance,mean_variance,5.0,10300,0.1,20,0.0,1,1.0,1000.0,0.0002484472049689441,0.6696894409937888,0.0
default,2,6,mean_variance_10,Mean - 10 x variance,mean_variance,10.0,10300,0.1,20,0.0,1,1.0,1000.0,0.0002484472049689441,0.668447204968944,0.0
default,2,6,mean_variance_20,Mean - 20 x variance,mean_variance,20.0,10300,0.1,20,0.0,1,1.0,1000.0,0.0002484472049689441,0.6659627329192547,0.0
default,2,6,gaussian_lcb_1,Gaussian lower bound: mean - 1 x SD,gaussian_lcb,1.0,10300,0.1,20,0.0,1,1.0,1000.0,0.0002484472049689441,0.6551694688938515,0.0
default,2,6,gaussian_lcb_1.645,Gaussian lower bound: mean - 1.645 x SD,gaussian_lcb,1.645,10300,0.1,20,0.0,1,1.0,1000.0,0.0002484472049689441,0.6450028446533671,0.0
default,2,6,gaussian_lcb_1.96,Gaussian lower bound: mean - 1.96 x SD,gaussian_lcb,1.96,10300,0.1,20,0.0,1,1.0,1000.0,0.0002484472049689441,0.6400377490940607,0.0
default,2,6,gaussian_lcb_2.576,Gaussian lower bound: mean - 2.576 x SD,gaussian_lcb,2.576,10300,0.1,20,0.0,1,1.0,1000.0,0.0002484472049689441,0.630328228889195,0.0
default,2,6,finite_gaussian_lcb_1,Finite-row Gaussian bound: mean - 1 x SD,finite_gaussian_lcb,1.0,10300,0.1,20,0.0,1,1.0,1000.0,0.0002484472049689441,0.672,0.0
default,2,6,finite_gaussian_lcb_1.645,Finite-row Gaussian bound: mean - 1.645 x SD,finite_gaussian_lcb,1.645,10300,0.1,20,0.0,1,1.0,1000.0,0.0002484472049689441,0.672,0.0
default,2,6,finite_gaussian_lcb_1.96,Finite-row Gaussian bound: mean - 1.96 x SD,finite_gaussian_lcb,1.96,10300,0.1,20,0.0,1,1.0,1000.0,0.0002484472049689441,0.672,0.0
default,2,6,finite_population_lcb,Anytime finite-population lower bound (delta=0.05),confidence,0.05,10300,0.1,20,0.0,1,1.0,1000.0,0.0002484472049689441,0.672,0.0
default,2,7,posterior_mean,Current posterior mean,baseline,,10300,0.1,19,0.0,1,1.0,1000.0,0.0002484472049689441,0.6709316968917847,0.0
default,2,7,empirical_mean,Observed sample mean,baseline,,10300,0.1,19,0.0,1,1.0,1000.0,0.0002484472049689441,0.672,0.0
default,2,7,variance_gate_0.5,Variance gate: v/v0 <= 0.5,variance_gate,0.5,10300,0.1,19,0.0,1,1.0,1000.0,0.0002484472049689441,0.6709316770186335,0.0
default,2,7,variance_gate_0.2,Variance gate: v/v0 <= 0.2,variance_gate,0.2,10300,0.1,19,0.0,1,1.0,1000.0,0.0002484472049689441,0.6709316770186335,0.0
default,2,7,variance_gate_0.1,Variance gate: v/v0 <= 0.1,variance_gate,0.1,10300,0.1,19,0.0,1,1.0,1000.0,0.0002484472049689441,0.6709316770186335,0.0
default,2,7,variance_gate_0.05,Variance gate: v/v0 <= 0.05,variance_gate,0.05,10300,0.1,19,0.0,1,1.0,1000.0,0.0002484472049689441,0.6709316770186335,0.0
default,2,7,mean_variance_1,Mean - 1 x variance,mean_variance,1.0,10300,0.1,19,0.0,1,1.0,1000.0,0.0002484472049689441,0.6706832298136646,0.0
default,2,7,mean_variance_5,Mean - 5 x variance,mean_variance,5.0,10300,0.1,19,0.0,1,1.0,1000.0,0.0002484472049689441,0.6696894409937888,0.0
default,2,7,mean_variance_10,Mean - 10 x variance,mean_variance,10.0,10300,0.1,19,0.0,1,1.0,1000.0,0.0002484472049689441,0.668447204968944,0.0
default,2,7,mean_variance_20,Mean - 20 x variance,mean_variance,20.0,10300,0.1,19,0.0,1,1.0,1000.0,0.0002484472049689441,0.6659627329192547,0.0
default,2,7,gaussian_lcb_1,Gaussian lower bound: mean - 1 x SD,gaussian_lcb,1.0,10300,0.1,19,0.0,1,1.0,1000.0,0.0002484472049689441,0.6551694688938515,0.0
default,2,7,gaussian_lcb_1.645,Gaussian lower bound: mean - 1.645 x SD,gaussian_lcb,1.645,10300,0.1,19,0.0,1,1.0,1000.0,0.0002484472049689441,0.6450028446533671,0.0
default,2,7,gaussian_lcb_1.96,Gaussian lower bound: mean - 1.96 x SD,gaussian_lcb,1.96,10300,0.1,19,0.0,1,1.0,1000.0,0.0002484472049689441,0.6400377490940607,0.0
default,2,7,gaussian_lcb_2.576,Gaussian lower bound: mean - 2.576 x SD,gaussian_lcb,2.576,10300,0.1,19,0.0,1,1.0,1000.0,0.0002484472049689441,0.630328228889195,0.0
default,2,7,finite_gaussian_lcb_1,Finite-row Gaussian bound: mean - 1 x SD,finite_gaussian_lcb,1.0,10300,0.1,19,0.0,1,1.0,1000.0,0.0002484472049689441,0.672,0.0
default,2,7,finite_gaussian_lcb_1.645,Finite-row Gaussian bound: mean - 1.645 x SD,finite_gaussian_lcb,1.645,10300,0.1,19,0.0,1,1.0,1000.0,0.0002484472049689441,0.672,0.0
default,2,7,finite_gaussian_lcb_1.96,Finite-row Gaussian bound: mean - 1.96 x SD,finite_gaussian_lcb,1.96,10300,0.1,19,0.0,1,1.0,1000.0,0.0002484472049689441,0.672,0.0
default,2,7,finite_population_lcb,Anytime finite-population lower bound (delta=0.05),confidence,0.05,10300,0.1,19,0.0,1,1.0,1000.0,0.0002484472049689441,0.672,0.0
default,2,8,posterior_mean,Current posterior mean,baseline,,10300,0.1,19,0.0,1,1.0,1000.0,0.0002484472049689441,0.6709316968917847,0.0
default,2,8,empirical_mean,Observed sample mean,baseline,,10300,0.1,19,0.0,1,1.0,1000.0,0.0002484472049689441,0.672,0.0
default,2,8,variance_gate_0.5,Variance gate: v/v0 <= 0.5,variance_gate,0.5,10300,0.1,19,0.0,1,1.0,1000.0,0.0002484472049689441,0.6709316770186335,0.0
default,2,8,variance_gate_0.2,Variance gate: v/v0 <= 0.2,variance_gate,0.2,10300,0.1,19,0.0,1,1.0,1000.0,0.0002484472049689441,0.6709316770186335,0.0
default,2,8,variance_gate_0.1,Variance gate: v/v0 <= 0.1,variance_gate,0.1,10300,0.1,19,0.0,1,1.0,1000.0,0.0002484472049689441,0.6709316770186335,0.0
default,2,8,variance_gate_0.05,Variance gate: v/v0 <= 0.05,variance_gate,0.05,10300,0.1,19,0.0,1,1.0,1000.0,0.0002484472049689441,0.6709316770186335,0.0
default,2,8,mean_variance_1,Mean - 1 x variance,mean_variance,1.0,10300,0.1,19,0.0,1,1.0,1000.0,0.0002484472049689441,0.6706832298136646,0.0
default,2,8,mean_variance_5,Mean - 5 x variance,mean_variance,5.0,10300,0.1,19,0.0,1,1.0,1000.0,0.0002484472049689441,0.6696894409937888,0.0
default,2,8,mean_variance_10,Mean - 10 x variance,mean_variance,10.0,10300,0.1,19,0.0,1,1.0,1000.0,0.0002484472049689441,0.668447204968944,0.0
default,2,8,mean_variance_20,Mean - 20 x variance,mean_variance,20.0,10300,0.1,19,0.0,1,1.0,1000.0,0.0002484472049689441,0.6659627329192547,0.0
default,2,8,gaussian_lcb_1,Gaussian lower bound: mean - 1 x SD,gaussian_lcb,1.0,10300,0.1,19,0.0,1,1.0,1000.0,0.0002484472049689441,0.6551694688938515,0.0
default,2,8,gaussian_lcb_1.645,Gaussian lower bound: mean - 1.645 x SD,gaussian_lcb,1.645,10300,0.1,19,0.0,1,1.0,1000.0,0.0002484472049689441,0.6450028446533671,0.0
default,2,8,gaussian_lcb_1.96,Gaussian lower bound: mean - 1.96 x SD,gaussian_lcb,1.96,10300,0.1,19,0.0,1,1.0,1000.0,0.0002484472049689441,0.6400377490940607,0.0
default,2,8,gaussian_lcb_2.576,Gaussian lower bound: mean - 2.576 x SD,gaussian_lcb,2.576,10300,0.1,19,0.0,1,1.0,1000.0,0.0002484472049689441,0.630328228889195,0.0
default,2,8,finite_gaussian_lcb_1,Finite-row Gaussian bound: mean - 1 x SD,finite_gaussian_lcb,1.0,10300,0.1,19,0.0,1,1.0,1000.0,0.0002484472049689441,0.672,0.0
default,2,8,finite_gaussian_lcb_1.645,Finite-row Gaussian bound: mean - 1.645 x SD,finite_gaussian_lcb,1.645,10300,0.1,19,0.0,1,1.0,1000.0,0.0002484472049689441,0.672,0.0
default,2,8,finite_gaussian_lcb_1.96,Finite-row Gaussian bound: mean - 1.96 x SD,finite_gaussian_lcb,1.96,10300,0.1,19,0.0,1,1.0,1000.0,0.0002484472049689441,0.672,0.0
default,2,8,finite_population_lcb,Anytime finite-population lower bound (delta=0.05),confidence,0.05,10300,0.1,19,0.0,1,1.0,1000.0,0.0002484472049689441,0.672,0.0
default,2,9,posterior_mean,Current posterior mean,baseline,,10300,0.1,19,0.0,1,1.0,1000.0,0.0002484472049689441,0.6709316968917847,0.0
default,2,9,empirical_mean,Observed sample mean,baseline,,10300,0.1,19,0.0,1,1.0,1000.0,0.0002484472049689441,0.672,0.0
default,2,9,variance_gate_0.5,Variance gate: v/v0 <= 0.5,variance_gate,0.5,10300,0.1,19,0.0,1,1.0,1000.0,0.0002484472049689441,0.6709316770186335,0.0
default,2,9,variance_gate_0.2,Variance gate: v/v0 <= 0.2,variance_gate,0.2,10300,0.1,19,0.0,1,1.0,1000.0,0.0002484472049689441,0.6709316770186335,0.0
default,2,9,variance_gate_0.1,Variance gate: v/v0 <= 0.1,variance_gate,0.1,10300,0.1,19,0.0,1,1.0,1000.0,0.0002484472049689441,0.6709316770186335,0.0
default,2,9,variance_gate_0.05,Variance gate: v/v0 <= 0.05,variance_gate,0.05,10300,0.1,19,0.0,1,1.0,1000.0,0.0002484472049689441,0.6709316770186335,0.0
default,2,9,mean_variance_1,Mean - 1 x variance,mean_variance,1.0,10300,0.1,19,0.0,1,1.0,1000.0,0.0002484472049689441,0.6706832298136646,0.0
default,2,9,mean_variance_5,Mean - 5 x variance,mean_variance,5.0,10300,0.1,19,0.0,1,1.0,1000.0,0.0002484472049689441,0.6696894409937888,0.0
default,2,9,mean_variance_10,Mean - 10 x variance,mean_variance,10.0,10300,0.1,19,0.0,1,1.0,1000.0,0.0002484472049689441,0.668447204968944,0.0
default,2,9,mean_variance_20,Mean - 20 x variance,mean_variance,20.0,10300,0.1,19,0.0,1,1.0,1000.0,0.0002484472049689441,0.6659627329192547,0.0
default,2,9,gaussian_lcb_1,Gaussian lower bound: mean - 1 x SD,gaussian_lcb,1.0,10300,0.1,19,0.0,1,1.0,1000.0,0.0002484472049689441,0.6551694688938515,0.0
default,2,9,gaussian_lcb_1.645,Gaussian lower bound: mean - 1.645 x SD,gaussian_lcb,1.645,10300,0.1,19,0.0,1,1.0,1000.0,0.0002484472049689441,0.6450028446533671,0.0
default,2,9,gaussian_lcb_1.96,Gaussian lower bound: mean - 1.96 x SD,gaussian_lcb,1.96,10300,0.1,19,0.0,1,1.0,1000.0,0.0002484472049689441,0.6400377490940607,0.0
default,2,9,gaussian_lcb_2.576,Gaussian lower bound: mean - 2.576 x SD,gaussian_lcb,2.576,10300,0.1,19,0.0,1,1.0,1000.0,0.0002484472049689441,0.630328228889195,0.0
default,2,9,finite_gaussian_lcb_1,Finite-row Gaussian bound: mean - 1 x SD,finite_gaussian_lcb,1.0,10300,0.1,19,0.0,1,1.0,1000.0,0.0002484472049689441,0.672,0.0
default,2,9,finite_gaussian_lcb_1.645,Finite-row Gaussian bound: mean - 1.645 x SD,finite_gaussian_lcb,1.645,10300,0.1,19,0.0,1,1.0,1000.0,0.0002484472049689441,0.672,0.0
default,2,9,finite_gaussian_lcb_1.96,Finite-row Gaussian bound: mean - 1.96 x SD,finite_gaussian_lcb,1.96,10300,0.1,19,0.0,1,1.0,1000.0,0.0002484472049689441,0.672,0.0
default,2,9,finite_population_lcb,Anytime finite-population lower bound (delta=0.05),confidence,0.05,10300,0.1,19,0.0,1,1.0,1000.0,0.0002484472049689441,0.672,0.0
default,2,10,posterior_mean,Current posterior mean,baseline,,10300,0.1,19,0.0,1,1.0,1000.0,0.0002484472049689441,0.6709316968917847,0.0
default,2,10,empirical_mean,Observed sample mean,baseline,,10300,0.1,19,0.0,1,1.0,1000.0,0.0002484472049689441,0.672,0.0
default,2,10,variance_gate_0.5,Variance gate: v/v0 <= 0.5,variance_gate,0.5,10300,0.1,19,0.0,1,1.0,1000.0,0.0002484472049689441,0.6709316770186335,0.0
default,2,10,variance_gate_0.2,Variance gate: v/v0 <= 0.2,variance_gate,0.2,10300,0.1,19,0.0,1,1.0,1000.0,0.0002484472049689441,0.6709316770186335,0.0
default,2,10,variance_gate_0.1,Variance gate: v/v0 <= 0.1,variance_gate,0.1,10300,0.1,19,0.0,1,1.0,1000.0,0.0002484472049689441,0.6709316770186335,0.0
default,2,10,variance_gate_0.05,Variance gate: v/v0 <= 0.05,variance_gate,0.05,10300,0.1,19,0.0,1,1.0,1000.0,0.0002484472049689441,0.6709316770186335,0.0
default,2,10,mean_variance_1,Mean - 1 x variance,mean_variance,1.0,10300,0.1,19,0.0,1,1.0,1000.0,0.0002484472049689441,0.6706832298136646,0.0
default,2,10,mean_variance_5,Mean - 5 x variance,mean_variance,5.0,10300,0.1,19,0.0,1,1.0,1000.0,0.0002484472049689441,0.6696894409937888,0.0
default,2,10,mean_variance_10,Mean - 10 x variance,mean_variance,10.0,10300,0.1,19,0.0,1,1.0,1000.0,0.0002484472049689441,0.668447204968944,0.0
default,2,10,mean_variance_20,Mean - 20 x variance,mean_variance,20.0,10300,0.1,19,0.0,1,1.0,1000.0,0.0002484472049689441,0.6659627329192547,0.0
default,2,10,gaussian_lcb_1,Gaussian lower bound: mean - 1 x SD,gaussian_lcb,1.0,10300,0.1,19,0.0,1,1.0,1000.0,0.0002484472049689441,0.6551694688938515,0.0
default,2,10,gaussian_lcb_1.645,Gaussian lower bound: mean - 1.645 x SD,gaussian_lcb,1.645,10300,0.1,19,0.0,1,1.0,1000.0,0.0002484472049689441,0.6450028446533671,0.0
default,2,10,gaussian_lcb_1.96,Gaussian lower bound: mean - 1.96 x SD,gaussian_lcb,1.96,10300,0.1,19,0.0,1,1.0,1000.0,0.0002484472049689441,0.6400377490940607,0.0
default,2,10,gaussian_lcb_2.576,Gaussian lower bound: mean - 2.576 x SD,gaussian_lcb,2.576,10300,0.1,19,0.0,1,1.0,1000.0,0.0002484472049689441,0.630328228889195,0.0
default,2,10,finite_gaussian_lcb_1,Finite-row Gaussian bound: mean - 1 x SD,finite_gaussian_lcb,1.0,10300,0.1,19,0.0,1,1.0,1000.0,0.0002484472049689441,0.672,0.0
default,2,10,finite_gaussian_lcb_1.645,Finite-row Gaussian bound: mean - 1.645 x SD,finite_gaussian_lcb,1.645,10300,0.1,19,0.0,1,1.0,1000.0,0.0002484472049689441,0.672,0.0
default,2,10,finite_gaussian_lcb_1.96,Finite-row Gaussian bound: mean - 1.96 x SD,finite_gaussian_lcb,1.96,10300,0.1,19,0.0,1,1.0,1000.0,0.0002484472049689441,0.672,0.0
default,2,10,finite_population_lcb,Anytime finite-population lower bound (delta=0.05),confidence,0.05,10300,0.1,19,0.0,1,1.0,1000.0,0.0002484472049689441,0.672,0.0
default,2,11,posterior_mean,Current posterior mean,baseline,,10300,0.1,19,0.0,1,1.0,1000.0,0.0002484472049689441,0.6709316968917847,0.0
default,2,11,empirical_mean,Observed sample mean,baseline,,10300,0.1,19,0.0,1,1.0,1000.0,0.0002484472049689441,0.672,0.0
default,2,11,variance_gate_0.5,Variance gate: v/v0 <= 0.5,variance_gate,0.5,10300,0.1,19,0.0,1,1.0,1000.0,0.0002484472049689441,0.6709316770186335,0.0
default,2,11,variance_gate_0.2,Variance gate: v/v0 <= 0.2,variance_gate,0.2,10300,0.1,19,0.0,1,1.0,1000.0,0.0002484472049689441,0.6709316770186335,0.0
default,2,11,variance_gate_0.1,Variance gate: v/v0 <= 0.1,variance_gate,0.1,10300,0.1,19,0.0,1,1.0,1000.0,0.0002484472049689441,0.6709316770186335,0.0
default,2,11,variance_gate_0.05,Variance gate: v/v0 <= 0.05,variance_gate,0.05,10300,0.1,19,0.0,1,1.0,1000.0,0.0002484472049689441,0.6709316770186335,0.0
default,2,11,mean_variance_1,Mean - 1 x variance,mean_variance,1.0,10300,0.1,19,0.0,1,1.0,1000.0,0.0002484472049689441,0.6706832298136646,0.0
default,2,11,mean_variance_5,Mean - 5 x variance,mean_variance,5.0,10300,0.1,19,0.0,1,1.0,1000.0,0.0002484472049689441,0.6696894409937888,0.0
default,2,11,mean_variance_10,Mean - 10 x variance,mean_variance,10.0,10300,0.1,19,0.0,1,1.0,1000.0,0.0002484472049689441,0.668447204968944,0.0
default,2,11,mean_variance_20,Mean - 20 x variance,mean_variance,20.0,10300,0.1,19,0.0,1,1.0,1000.0,0.0002484472049689441,0.6659627329192547,0.0
default,2,11,gaussian_lcb_1,Gaussian lower bound: mean - 1 x SD,gaussian_lcb,1.0,10300,0.1,19,0.0,1,1.0,1000.0,0.0002484472049689441,0.6551694688938515,0.0
default,2,11,gaussian_lcb_1.645,Gaussian lower bound: mean - 1.645 x SD,gaussian_lcb,1.645,10300,0.1,19,0.0,1,1.0,1000.0,0.0002484472049689441,0.6450028446533671,0.0
default,2,11,gaussian_lcb_1.96,Gaussian lower bound: mean - 1.96 x SD,gaussian_lcb,1.96,10300,0.1,19,0.0,1,1.0,1000.0,0.0002484472049689441,0.6400377490940607,0.0
default,2,11,gaussian_lcb_2.576,Gaussian lower bound: mean - 2.576 x SD,gaussian_lcb,2.576,10300,0.1,19,0.0,1,1.0,1000.0,0.0002484472049689441,0.630328228889195,0.0
default,2,11,finite_gaussian_lcb_1,Finite-row Gaussian bound: mean - 1 x SD,finite_gaussian_lcb,1.0,10300,0.1,19,0.0,1,1.0,1000.0,0.0002484472049689441,0.672,0.0
default,2,11,finite_gaussian_lcb_1.645,Finite-row Gaussian bound: mean - 1.645 x SD,finite_gaussian_lcb,1.645,10300,0.1,19,0.0,1,1.0,1000.0,0.0002484472049689441,0.672,0.0
default,2,11,finite_gaussian_lcb_1.96,Finite-row Gaussian bound: mean - 1.96 x SD,finite_gaussian_lcb,1.96,10300,0.1,19,0.0,1,1.0,1000.0,0.0002484472049689441,0.672,0.0
default,2,11,finite_population_lcb,Anytime finite-population lower bound (delta=0.05),confidence,0.05,10300,0.1,19,0.0,1,1.0,1000.0,0.0002484472049689441,0.672,0.0
default,2,12,posterior_mean,Current posterior mean,baseline,,10300,0.1,19,0.0,1,1.0,1000.0,0.0002484472049689441,0.6709316968917847,0.0
default,2,12,empirical_mean,Observed sample mean,baseline,,10300,0.1,19,0.0,1,1.0,1000.0,0.0002484472049689441,0.672,0.0
default,2,12,variance_gate_0.5,Variance gate: v/v0 <= 0.5,variance_gate,0.5,10300,0.1,19,0.0,1,1.0,1000.0,0.0002484472049689441,0.6709316770186335,0.0
default,2,12,variance_gate_0.2,Variance gate: v/v0 <= 0.2,variance_gate,0.2,10300,0.1,19,0.0,1,1.0,1000.0,0.0002484472049689441,0.6709316770186335,0.0
default,2,12,variance_gate_0.1,Variance gate: v/v0 <= 0.1,variance_gate,0.1,10300,0.1,19,0.0,1,1.0,1000.0,0.0002484472049689441,0.6709316770186335,0.0
default,2,12,variance_gate_0.05,Variance gate: v/v0 <= 0.05,variance_gate,0.05,10300,0.1,19,0.0,1,1.0,1000.0,0.0002484472049689441,0.6709316770186335,0.0
default,2,12,mean_variance_1,Mean - 1 x variance,mean_variance,1.0,10300,0.1,19,0.0,1,1.0,1000.0,0.0002484472049689441,0.6706832298136646,0.0
default,2,12,mean_variance_5,Mean - 5 x variance,mean_variance,5.0,10300,0.1,19,0.0,1,1.0,1000.0,0.0002484472049689441,0.6696894409937888,0.0
default,2,12,mean_variance_10,Mean - 10 x variance,mean_variance,10.0,10300,0.1,19,0.0,1,1.0,1000.0,0.0002484472049689441,0.668447204968944,0.0
default,2,12,mean_variance_20,Mean - 20 x variance,mean_variance,20.0,10300,0.1,19,0.0,1,1.0,1000.0,0.0002484472049689441,0.6659627329192547,0.0
default,2,12,gaussian_lcb_1,Gaussian lower bound: mean - 1 x SD,gaussian_lcb,1.0,10300,0.1,19,0.0,1,1.0,1000.0,0.0002484472049689441,0.6551694688938515,0.0
default,2,12,gaussian_lcb_1.645,Gaussian lower bound: mean - 1.645 x SD,gaussian_lcb,1.645,10300,0.1,19,0.0,1,1.0,1000.0,0.0002484472049689441,0.6450028446533671,0.0
default,2,12,gaussian_lcb_1.96,Gaussian lower bound: mean - 1.96 x SD,gaussian_lcb,1.96,10300,0.1,19,0.0,1,1.0,1000.0,0.0002484472049689441,0.6400377490940607,0.0
default,2,12,gaussian_lcb_2.576,Gaussian lower bound: mean - 2.576 x SD,gaussian_lcb,2.576,10300,0.1,19,0.0,1,1.0,1000.0,0.0002484472049689441,0.630328228889195,0.0
default,2,12,finite_gaussian_lcb_1,Finite-row Gaussian bound: mean - 1 x SD,finite_gaussian_lcb,1.0,10300,0.1,19,0.0,1,1.0,1000.0,0.0002484472049689441,0.672,0.0
default,2,12,finite_gaussian_lcb_1.645,Finite-row Gaussian bound: mean - 1.645 x SD,finite_gaussian_lcb,1.645,10300,0.1,19,0.0,1,1.0,1000.0,0.0002484472049689441,0.672,0.0
default,2,12,finite_gaussian_lcb_1.96,Finite-row Gaussian bound: mean - 1.96 x SD,finite_gaussian_lcb,1.96,10300,0.1,19,0.0,1,1.0,1000.0,0.0002484472049689441,0.672,0.0
default,2,12,finite_population_lcb,Anytime finite-population lower bound (delta=0.05),confidence,0.05,10300,0.1,19,0.0,1,1.0,1000.0,0.0002484472049689441,0.672,0.0
default,2,13,posterior_mean,Current posterior mean,baseline,,10300,0.1,19,0.0,1,1.0,1000.0,0.0002484472049689441,0.6709316968917847,0.0
default,2,13,empirical_mean,Observed sample mean,baseline,,10300,0.1,19,0.0,1,1.0,1000.0,0.0002484472049689441,0.672,0.0
default,2,13,variance_gate_0.5,Variance gate: v/v0 <= 0.5,variance_gate,0.5,10300,0.1,19,0.0,1,1.0,1000.0,0.0002484472049689441,0.6709316770186335,0.0
default,2,13,variance_gate_0.2,Variance gate: v/v0 <= 0.2,variance_gate,0.2,10300,0.1,19,0.0,1,1.0,1000.0,0.0002484472049689441,0.6709316770186335,0.0
default,2,13,variance_gate_0.1,Variance gate: v/v0 <= 0.1,variance_gate,0.1,10300,0.1,19,0.0,1,1.0,1000.0,0.0002484472049689441,0.6709316770186335,0.0
default,2,13,variance_gate_0.05,Variance gate: v/v0 <= 0.05,variance_gate,0.05,10300,0.1,19,0.0,1,1.0,1000.0,0.0002484472049689441,0.6709316770186335,0.0
default,2,13,mean_variance_1,Mean - 1 x variance,mean_variance,1.0,10300,0.1,19,0.0,1,1.0,1000.0,0.0002484472049689441,0.6706832298136646,0.0
default,2,13,mean_variance_5,Mean - 5 x variance,mean_variance,5.0,10300,0.1,19,0.0,1,1.0,1000.0,0.0002484472049689441,0.6696894409937888,0.0
default,2,13,mean_variance_10,Mean - 10 x variance,mean_variance,10.0,10300,0.1,19,0.0,1,1.0,1000.0,0.0002484472049689441,0.668447204968944,0.0
default,2,13,mean_variance_20,Mean - 20 x variance,mean_variance,20.0,10300,0.1,19,0.0,1,1.0,1000.0,0.0002484472049689441,0.6659627329192547,0.0
default,2,13,gaussian_lcb_1,Gaussian lower bound: mean - 1 x SD,gaussian_lcb,1.0,10300,0.1,19,0.0,1,1.0,1000.0,0.0002484472049689441,0.6551694688938515,0.0
default,2,13,gaussian_lcb_1.645,Gaussian lower bound: mean - 1.645 x SD,gaussian_lcb,1.645,10300,0.1,19,0.0,1,1.0,1000.0,0.0002484472049689441,0.6450028446533671,0.0
default,2,13,gaussian_lcb_1.96,Gaussian lower bound: mean - 1.96 x SD,gaussian_lcb,1.96,10300,0.1,19,0.0,1,1.0,1000.0,0.0002484472049689441,0.6400377490940607,0.0
default,2,13,gaussian_lcb_2.576,Gaussian lower bound: mean - 2.576 x SD,gaussian_lcb,2.576,10300,0.1,19,0.0,1,1.0,1000.0,0.0002484472049689441,0.630328228889195,0.0
default,2,13,finite_gaussian_lcb_1,Finite-row Gaussian bound: mean - 1 x SD,finite_gaussian_lcb,1.0,10300,0.1,19,0.0,1,1.0,1000.0,0.0002484472049689441,0.672,0.0
default,2,13,finite_gaussian_lcb_1.645,Finite-row Gaussian bound: mean - 1.645 x SD,finite_gaussian_lcb,1.645,10300,0.1,19,0.0,1,1.0,1000.0,0.0002484472049689441,0.672,0.0
default,2,13,finite_gaussian_lcb_1.96,Finite-row Gaussian bound: mean - 1.96 x SD,finite_gaussian_lcb,1.96,10300,0.1,19,0.0,1,1.0,1000.0,0.0002484472049689441,0.672,0.0
default,2,13,finite_population_lcb,Anytime finite-population lower bound (delta=0.05),confidence,0.05,10300,0.1,19,0.0,1,1.0,1000.0,0.0002484472049689441,0.672,0.0
default,2,14,posterior_mean,Current posterior mean,baseline,,10300,0.1,19,0.0,1,1.0,1000.0,0.0002484472049689441,0.6709316968917847,0.0
default,2,14,empirical_mean,Observed sample mean,baseline,,10300,0.1,19,0.0,1,1.0,1000.0,0.0002484472049689441,0.672,0.0
default,2,14,variance_gate_0.5,Variance gate: v/v0 <= 0.5,variance_gate,0.5,10300,0.1,19,0.0,1,1.0,1000.0,0.0002484472049689441,0.6709316770186335,0.0
default,2,14,variance_gate_0.2,Variance gate: v/v0 <= 0.2,variance_gate,0.2,10300,0.1,19,0.0,1,1.0,1000.0,0.0002484472049689441,0.6709316770186335,0.0
default,2,14,variance_gate_0.1,Variance gate: v/v0 <= 0.1,variance_gate,0.1,10300,0.1,19,0.0,1,1.0,1000.0,0.0002484472049689441,0.6709316770186335,0.0
default,2,14,variance_gate_0.05,Variance gate: v/v0 <= 0.05,variance_gate,0.05,10300,0.1,19,0.0,1,1.0,1000.0,0.0002484472049689441,0.6709316770186335,0.0
default,2,14,mean_variance_1,Mean - 1 x variance,mean_variance,1.0,10300,0.1,19,0.0,1,1.0,1000.0,0.0002484472049689441,0.6706832298136646,0.0
default,2,14,mean_variance_5,Mean - 5 x variance,mean_variance,5.0,10300,0.1,19,0.0,1,1.0,1000.0,0.0002484472049689441,0.6696894409937888,0.0
default,2,14,mean_variance_10,Mean - 10 x variance,mean_variance,10.0,10300,0.1,19,0.0,1,1.0,1000.0,0.0002484472049689441,0.668447204968944,0.0
default,2,14,mean_variance_20,Mean - 20 x variance,mean_variance,20.0,10300,0.1,19,0.0,1,1.0,1000.0,0.0002484472049689441,0.6659627329192547,0.0
default,2,14,gaussian_lcb_1,Gaussian lower bound: mean - 1 x SD,gaussian_lcb,1.0,10300,0.1,19,0.0,1,1.0,1000.0,0.0002484472049689441,0.6551694688938515,0.0
default,2,14,gaussian_lcb_1.645,Gaussian lower bound: mean - 1.645 x SD,gaussian_lcb,1.645,10300,0.1,19,0.0,1,1.0,1000.0,0.0002484472049689441,0.6450028446533671,0.0
default,2,14,gaussian_lcb_1.96,Gaussian lower bound: mean - 1.96 x SD,gaussian_lcb,1.96,10300,0.1,19,0.0,1,1.0,1000.0,0.0002484472049689441,0.6400377490940607,0.0
default,2,14,gaussian_lcb_2.576,Gaussian lower bound: mean - 2.576 x SD,gaussian_lcb,2.576,10300,0.1,19,0.0,1,1.0,1000.0,0.0002484472049689441,0.630328228889195,0.0
default,2,14,finite_gaussian_lcb_1,Finite-row Gaussian bound: mean - 1 x SD,finite_gaussian_lcb,1.0,10300,0.1,19,0.0,1,1.0,1000.0,0.0002484472049689441,0.672,0.0
default,2,14,finite_gaussian_lcb_1.645,Finite-row Gaussian bound: mean - 1.645 x SD,finite_gaussian_lcb,1.645,10300,0.1,19,0.0,1,1.0,1000.0,0.0002484472049689441,0.672,0.0
default,2,14,finite_gaussian_lcb_1.96,Finite-row Gaussian bound: mean - 1.96 x SD,finite_gaussian_lcb,1.96,10300,0.1,19,0.0,1,1.0,1000.0,0.0002484472049689441,0.672,0.0
default,2,14,finite_population_lcb,Anytime finite-population lower bound (delta=0.05),confidence,0.05,10300,0.1,19,0.0,1,1.0,1000.0,0.0002484472049689441,0.672,0.0
default,2,15,posterior_mean,Current posterior mean,baseline,,10300,0.1,19,0.0,1,1.0,1000.0,0.0002484472049689441,0.6709316968917847,0.0
default,2,15,empirical_mean,Observed sample mean,baseline,,10300,0.1,19,0.0,1,1.0,1000.0,0.0002484472049689441,0.672,0.0
default,2,15,variance_gate_0.5,Variance gate: v/v0 <= 0.5,variance_gate,0.5,10300,0.1,19,0.0,1,1.0,1000.0,0.0002484472049689441,0.6709316770186335,0.0
default,2,15,variance_gate_0.2,Variance gate: v/v0 <= 0.2,variance_gate,0.2,10300,0.1,19,0.0,1,1.0,1000.0,0.0002484472049689441,0.6709316770186335,0.0
default,2,15,variance_gate_0.1,Variance gate: v/v0 <= 0.1,variance_gate,0.1,10300,0.1,19,0.0,1,1.0,1000.0,0.0002484472049689441,0.6709316770186335,0.0
default,2,15,variance_gate_0.05,Variance gate: v/v0 <= 0.05,variance_gate,0.05,10300,0.1,19,0.0,1,1.0,1000.0,0.0002484472049689441,0.6709316770186335,0.0
default,2,15,mean_variance_1,Mean - 1 x variance,mean_variance,1.0,10300,0.1,19,0.0,1,1.0,1000.0,0.0002484472049689441,0.6706832298136646,0.0
default,2,15,mean_variance_5,Mean - 5 x variance,mean_variance,5.0,10300,0.1,19,0.0,1,1.0,1000.0,0.0002484472049689441,0.6696894409937888,0.0
default,2,15,mean_variance_10,Mean - 10 x variance,mean_variance,10.0,10300,0.1,19,0.0,1,1.0,1000.0,0.0002484472049689441,0.668447204968944,0.0
default,2,15,mean_variance_20,Mean - 20 x variance,mean_variance,20.0,10300,0.1,19,0.0,1,1.0,1000.0,0.0002484472049689441,0.6659627329192547,0.0
default,2,15,gaussian_lcb_1,Gaussian lower bound: mean - 1 x SD,gaussian_lcb,1.0,10300,0.1,19,0.0,1,1.0,1000.0,0.0002484472049689441,0.6551694688938515,0.0
default,2,15,gaussian_lcb_1.645,Gaussian lower bound: mean - 1.645 x SD,gaussian_lcb,1.645,10300,0.1,19,0.0,1,1.0,1000.0,0.0002484472049689441,0.6450028446533671,0.0
default,2,15,gaussian_lcb_1.96,Gaussian lower bound: mean - 1.96 x SD,gaussian_lcb,1.96,10300,0.1,19,0.0,1,1.0,1000.0,0.0002484472049689441,0.6400377490940607,0.0
default,2,15,gaussian_lcb_2.576,Gaussian lower bound: mean - 2.576 x SD,gaussian_lcb,2.576,10300,0.1,19,0.0,1,1.0,1000.0,0.0002484472049689441,0.630328228889195,0.0
default,2,15,finite_gaussian_lcb_1,Finite-row Gaussian bound: mean - 1 x SD,finite_gaussian_lcb,1.0,10300,0.1,19,0.0,1,1.0,1000.0,0.0002484472049689441,0.672,0.0
default,2,15,finite_gaussian_lcb_1.645,Finite-row Gaussian bound: mean - 1.645 x SD,finite_gaussian_lcb,1.645,10300,0.1,19,0.0,1,1.0,1000.0,0.0002484472049689441,0.672,0.0
default,2,15,finite_gaussian_lcb_1.96,Finite-row Gaussian bound: mean - 1.96 x SD,finite_gaussian_lcb,1.96,10300,0.1,19,0.0,1,1.0,1000.0,0.0002484472049689441,0.672,0.0
default,2,15,finite_population_lcb,Anytime finite-population lower bound (delta=0.05),confidence,0.05,10300,0.1,19,0.0,1,1.0,1000.0,0.0002484472049689441,0.672,0.0
default,2,16,posterior_mean,Current posterior mean,baseline,,10300,0.1,19,0.0,1,1.0,1000.0,0.0002484472049689441,0.6709316968917847,0.0
default,2,16,empirical_mean,Observed sample mean,baseline,,10300,0.1,19,0.0,1,1.0,1000.0,0.0002484472049689441,0.672,0.0
default,2,16,variance_gate_0.5,Variance gate: v/v0 <= 0.5,variance_gate,0.5,10300,0.1,19,0.0,1,1.0,1000.0,0.0002484472049689441,0.6709316770186335,0.0
default,2,16,variance_gate_0.2,Variance gate: v/v0 <= 0.2,variance_gate,0.2,10300,0.1,19,0.0,1,1.0,1000.0,0.0002484472049689441,0.6709316770186335,0.0
default,2,16,variance_gate_0.1,Variance gate: v/v0 <= 0.1,variance_gate,0.1,10300,0.1,19,0.0,1,1.0,1000.0,0.0002484472049689441,0.6709316770186335,0.0
default,2,16,variance_gate_0.05,Variance gate: v/v0 <= 0.05,variance_gate,0.05,10300,0.1,19,0.0,1,1.0,1000.0,0.0002484472049689441,0.6709316770186335,0.0
default,2,16,mean_variance_1,Mean - 1 x variance,mean_variance,1.0,10300,0.1,19,0.0,1,1.0,1000.0,0.0002484472049689441,0.6706832298136646,0.0
default,2,16,mean_variance_5,Mean - 5 x variance,mean_variance,5.0,10300,0.1,19,0.0,1,1.0,1000.0,0.0002484472049689441,0.6696894409937888,0.0
default,2,16,mean_variance_10,Mean - 10 x variance,mean_variance,10.0,10300,0.1,19,0.0,1,1.0,1000.0,0.0002484472049689441,0.668447204968944,0.0
default,2,16,mean_variance_20,Mean - 20 x variance,mean_variance,20.0,10300,0.1,19,0.0,1,1.0,1000.0,0.0002484472049689441,0.6659627329192547,0.0
default,2,16,gaussian_lcb_1,Gaussian lower bound: mean - 1 x SD,gaussian_lcb,1.0,10300,0.1,19,0.0,1,1.0,1000.0,0.0002484472049689441,0.6551694688938515,0.0
default,2,16,gaussian_lcb_1.645,Gaussian lower bound: mean - 1.645 x SD,gaussian_lcb,1.645,10300,0.1,19,0.0,1,1.0,1000.0,0.0002484472049689441,0.6450028446533671,0.0
default,2,16,gaussian_lcb_1.96,Gaussian lower bound: mean - 1.96 x SD,gaussian_lcb,1.96,10300,0.1,19,0.0,1,1.0,1000.0,0.0002484472049689441,0.6400377490940607,0.0
default,2,16,gaussian_lcb_2.576,Gaussian lower bound: mean - 2.576 x SD,gaussian_lcb,2.576,10300,0.1,19,0.0,1,1.0,1000.0,0.0002484472049689441,0.630328228889195,0.0
default,2,16,finite_gaussian_lcb_1,Finite-row Gaussian bound: mean - 1 x SD,finite_gaussian_lcb,1.0,10300,0.1,19,0.0,1,1.0,1000.0,0.0002484472049689441,0.672,0.0
default,2,16,finite_gaussian_lcb_1.645,Finite-row Gaussian bound: mean - 1.645 x SD,finite_gaussian_lcb,1.645,10300,0.1,19,0.0,1,1.0,1000.0,0.0002484472049689441,0.672,0.0
default,2,16,finite_gaussian_lcb_1.96,Finite-row Gaussian bound: mean - 1.96 x SD,finite_gaussian_lcb,1.96,10300,0.1,19,0.0,1,1.0,1000.0,0.0002484472049689441,0.672,0.0
default,2,16,finite_population_lcb,Anytime finite-population lower bound (delta=0.05),confidence,0.05,10300,0.1,19,0.0,1,1.0,1000.0,0.0002484472049689441,0.672,0.0
default,2,17,posterior_mean,Current posterior mean,baseline,,10300,0.1,19,0.0,1,1.0,1000.0,0.0002484472049689441,0.6709316968917847,0.0
default,2,17,empirical_mean,Observed sample mean,baseline,,10300,0.1,19,0.0,1,1.0,1000.0,0.0002484472049689441,0.672,0.0
default,2,17,variance_gate_0.5,Variance gate: v/v0 <= 0.5,variance_gate,0.5,10300,0.1,19,0.0,1,1.0,1000.0,0.0002484472049689441,0.6709316770186335,0.0
default,2,17,variance_gate_0.2,Variance gate: v/v0 <= 0.2,variance_gate,0.2,10300,0.1,19,0.0,1,1.0,1000.0,0.0002484472049689441,0.6709316770186335,0.0
default,2,17,variance_gate_0.1,Variance gate: v/v0 <= 0.1,variance_gate,0.1,10300,0.1,19,0.0,1,1.0,1000.0,0.0002484472049689441,0.6709316770186335,0.0
default,2,17,variance_gate_0.05,Variance gate: v/v0 <= 0.05,variance_gate,0.05,10300,0.1,19,0.0,1,1.0,1000.0,0.0002484472049689441,0.6709316770186335,0.0
default,2,17,mean_variance_1,Mean - 1 x variance,mean_variance,1.0,10300,0.1,19,0.0,1,1.0,1000.0,0.0002484472049689441,0.6706832298136646,0.0
default,2,17,mean_variance_5,Mean - 5 x variance,mean_variance,5.0,10300,0.1,19,0.0,1,1.0,1000.0,0.0002484472049689441,0.6696894409937888,0.0
default,2,17,mean_variance_10,Mean - 10 x variance,mean_variance,10.0,10300,0.1,19,0.0,1,1.0,1000.0,0.0002484472049689441,0.668447204968944,0.0
default,2,17,mean_variance_20,Mean - 20 x variance,mean_variance,20.0,10300,0.1,19,0.0,1,1.0,1000.0,0.0002484472049689441,0.6659627329192547,0.0
default,2,17,gaussian_lcb_1,Gaussian lower bound: mean - 1 x SD,gaussian_lcb,1.0,10300,0.1,19,0.0,1,1.0,1000.0,0.0002484472049689441,0.6551694688938515,0.0
default,2,17,gaussian_lcb_1.645,Gaussian lower bound: mean - 1.645 x SD,gaussian_lcb,1.645,10300,0.1,19,0.0,1,1.0,1000.0,0.0002484472049689441,0.6450028446533671,0.0
default,2,17,gaussian_lcb_1.96,Gaussian lower bound: mean - 1.96 x SD,gaussian_lcb,1.96,10300,0.1,19,0.0,1,1.0,1000.0,0.0002484472049689441,0.6400377490940607,0.0
default,2,17,gaussian_lcb_2.576,Gaussian lower bound: mean - 2.576 x SD,gaussian_lcb,2.576,10300,0.1,19,0.0,1,1.0,1000.0,0.0002484472049689441,0.630328228889195,0.0
default,2,17,finite_gaussian_lcb_1,Finite-row Gaussian bound: mean - 1 x SD,finite_gaussian_lcb,1.0,10300,0.1,19,0.0,1,1.0,1000.0,0.0002484472049689441,0.672,0.0
default,2,17,finite_gaussian_lcb_1.645,Finite-row Gaussian bound: mean - 1.645 x SD,finite_gaussian_lcb,1.645,10300,0.1,19,0.0,1,1.0,1000.0,0.0002484472049689441,0.672,0.0
default,2,17,finite_gaussian_lcb_1.96,Finite-row Gaussian bound: mean - 1.96 x SD,finite_gaussian_lcb,1.96,10300,0.1,19,0.0,1,1.0,1000.0,0.0002484472049689441,0.672,0.0
default,2,17,finite_population_lcb,Anytime finite-population lower bound (delta=0.05),confidence,0.05,10300,0.1,19,0.0,1,1.0,1000.0,0.0002484472049689441,0.672,0.0
default,2,18,posterior_mean,Current posterior mean,baseline,,10300,0.1,19,0.0,1,1.0,1000.0,0.0002484472049689441,0.6709316968917847,0.0
default,2,18,empirical_mean,Observed sample mean,baseline,,10300,0.1,19,0.0,1,1.0,1000.0,0.0002484472049689441,0.672,0.0
default,2,18,variance_gate_0.5,Variance gate: v/v0 <= 0.5,variance_gate,0.5,10300,0.1,19,0.0,1,1.0,1000.0,0.0002484472049689441,0.6709316770186335,0.0
default,2,18,variance_gate_0.2,Variance gate: v/v0 <= 0.2,variance_gate,0.2,10300,0.1,19,0.0,1,1.0,1000.0,0.0002484472049689441,0.6709316770186335,0.0
default,2,18,variance_gate_0.1,Variance gate: v/v0 <= 0.1,variance_gate,0.1,10300,0.1,19,0.0,1,1.0,1000.0,0.0002484472049689441,0.6709316770186335,0.0
default,2,18,variance_gate_0.05,Variance gate: v/v0 <= 0.05,variance_gate,0.05,10300,0.1,19,0.0,1,1.0,1000.0,0.0002484472049689441,0.6709316770186335,0.0
default,2,18,mean_variance_1,Mean - 1 x variance,mean_variance,1.0,10300,0.1,19,0.0,1,1.0,1000.0,0.0002484472049689441,0.6706832298136646,0.0
default,2,18,mean_variance_5,Mean - 5 x variance,mean_variance,5.0,10300,0.1,19,0.0,1,1.0,1000.0,0.0002484472049689441,0.6696894409937888,0.0
default,2,18,mean_variance_10,Mean - 10 x variance,mean_variance,10.0,10300,0.1,19,0.0,1,1.0,1000.0,0.0002484472049689441,0.668447204968944,0.0
default,2,18,mean_variance_20,Mean - 20 x variance,mean_variance,20.0,10300,0.1,19,0.0,1,1.0,1000.0,0.0002484472049689441,0.6659627329192547,0.0
default,2,18,gaussian_lcb_1,Gaussian lower bound: mean - 1 x SD,gaussian_lcb,1.0,10300,0.1,19,0.0,1,1.0,1000.0,0.0002484472049689441,0.6551694688938515,0.0
default,2,18,gaussian_lcb_1.645,Gaussian lower bound: mean - 1.645 x SD,gaussian_lcb,1.645,10300,0.1,19,0.0,1,1.0,1000.0,0.0002484472049689441,0.6450028446533671,0.0
default,2,18,gaussian_lcb_1.96,Gaussian lower bound: mean - 1.96 x SD,gaussian_lcb,1.96,10300,0.1,19,0.0,1,1.0,1000.0,0.0002484472049689441,0.6400377490940607,0.0
default,2,18,gaussian_lcb_2.576,Gaussian lower bound: mean - 2.576 x SD,gaussian_lcb,2.576,10300,0.1,19,0.0,1,1.0,1000.0,0.0002484472049689441,0.630328228889195,0.0
default,2,18,finite_gaussian_lcb_1,Finite-row Gaussian bound: mean - 1 x SD,finite_gaussian_lcb,1.0,10300,0.1,19,0.0,1,1.0,1000.0,0.0002484472049689441,0.672,0.0
default,2,18,finite_gaussian_lcb_1.645,Finite-row Gaussian bound: mean - 1.645 x SD,finite_gaussian_lcb,1.645,10300,0.1,19,0.0,1,1.0,1000.0,0.0002484472049689441,0.672,0.0
default,2,18,finite_gaussian_lcb_1.96,Finite-row Gaussian bound: mean - 1.96 x SD,finite_gaussian_lcb,1.96,10300,0.1,19,0.0,1,1.0,1000.0,0.0002484472049689441,0.672,0.0
default,2,18,finite_population_lcb,Anytime finite-population lower bound (delta=0.05),confidence,0.05,10300,0.1,19,0.0,1,1.0,1000.0,0.0002484472049689441,0.672,0.0
default,2,19,posterior_mean,Current posterior mean,baseline,,10300,0.1,19,0.0,1,1.0,1000.0,0.0002484472049689441,0.6709316968917847,0.0
default,2,19,empirical_mean,Observed sample mean,baseline,,10300,0.1,19,0.0,1,1.0,1000.0,0.0002484472049689441,0.672,0.0
default,2,19,variance_gate_0.5,Variance gate: v/v0 <= 0.5,variance_gate,0.5,10300,0.1,19,0.0,1,1.0,1000.0,0.0002484472049689441,0.6709316770186335,0.0
default,2,19,variance_gate_0.2,Variance gate: v/v0 <= 0.2,variance_gate,0.2,10300,0.1,19,0.0,1,1.0,1000.0,0.0002484472049689441,0.6709316770186335,0.0
default,2,19,variance_gate_0.1,Variance gate: v/v0 <= 0.1,variance_gate,0.1,10300,0.1,19,0.0,1,1.0,1000.0,0.0002484472049689441,0.6709316770186335,0.0
default,2,19,variance_gate_0.05,Variance gate: v/v0 <= 0.05,variance_gate,0.05,10300,0.1,19,0.0,1,1.0,1000.0,0.0002484472049689441,0.6709316770186335,0.0
default,2,19,mean_variance_1,Mean - 1 x variance,mean_variance,1.0,10300,0.1,19,0.0,1,1.0,1000.0,0.0002484472049689441,0.6706832298136646,0.0
default,2,19,mean_variance_5,Mean - 5 x variance,mean_variance,5.0,10300,0.1,19,0.0,1,1.0,1000.0,0.0002484472049689441,0.6696894409937888,0.0
default,2,19,mean_variance_10,Mean - 10 x variance,mean_variance,10.0,10300,0.1,19,0.0,1,1.0,1000.0,0.0002484472049689441,0.668447204968944,0.0
default,2,19,mean_variance_20,Mean - 20 x variance,mean_variance,20.0,10300,0.1,19,0.0,1,1.0,1000.0,0.0002484472049689441,0.6659627329192547,0.0
default,2,19,gaussian_lcb_1,Gaussian lower bound: mean - 1 x SD,gaussian_lcb,1.0,10300,0.1,19,0.0,1,1.0,1000.0,0.0002484472049689441,0.6551694688938515,0.0
default,2,19,gaussian_lcb_1.645,Gaussian lower bound: mean - 1.645 x SD,gaussian_lcb,1.645,10300,0.1,19,0.0,1,1.0,1000.0,0.0002484472049689441,0.6450028446533671,0.0
default,2,19,gaussian_lcb_1.96,Gaussian lower bound: mean - 1.96 x SD,gaussian_lcb,1.96,10300,0.1,19,0.0,1,1.0,1000.0,0.0002484472049689441,0.6400377490940607,0.0
default,2,19,gaussian_lcb_2.576,Gaussian lower bound: mean - 2.576 x SD,gaussian_lcb,2.576,10300,0.1,19,0.0,1,1.0,1000.0,0.0002484472049689441,0.630328228889195,0.0
default,2,19,finite_gaussian_lcb_1,Finite-row Gaussian bound: mean - 1 x SD,finite_gaussian_lcb,1.0,10300,0.1,19,0.0,1,1.0,1000.0,0.0002484472049689441,0.672,0.0
default,2,19,finite_gaussian_lcb_1.645,Finite-row Gaussian bound: mean - 1.645 x SD,finite_gaussian_lcb,1.645,10300,0.1,19,0.0,1,1.0,1000.0,0.0002484472049689441,0.672,0.0
default,2,19,finite_gaussian_lcb_1.96,Finite-row Gaussian bound: mean - 1.96 x SD,finite_gaussian_lcb,1.96,10300,0.1,19,0.0,1,1.0,1000.0,0.0002484472049689441,0.672,0.0
default,2,19,finite_population_lcb,Anytime finite-population lower bound (delta=0.05),confidence,0.05,10300,0.1,19,0.0,1,1.0,1000.0,0.0002484472049689441,0.672,0.0
default,3,0,posterior_mean,Current posterior mean,baseline,,10300,0.1,20,0.0,1,1.0,1000.0,0.0002484472049689441,0.6709316968917847,0.0
default,3,0,empirical_mean,Observed sample mean,baseline,,10300,0.1,20,0.0,1,1.0,1000.0,0.0002484472049689441,0.672,0.0
default,3,0,variance_gate_0.5,Variance gate: v/v0 <= 0.5,variance_gate,0.5,10300,0.1,20,0.0,1,1.0,1000.0,0.0002484472049689441,0.6709316770186335,0.0
default,3,0,variance_gate_0.2,Variance gate: v/v0 <= 0.2,variance_gate,0.2,10300,0.1,20,0.0,1,1.0,1000.0,0.0002484472049689441,0.6709316770186335,0.0
default,3,0,variance_gate_0.1,Variance gate: v/v0 <= 0.1,variance_gate,0.1,10300,0.1,20,0.0,1,1.0,1000.0,0.0002484472049689441,0.6709316770186335,0.0
default,3,0,variance_gate_0.05,Variance gate: v/v0 <= 0.05,variance_gate,0.05,10300,0.1,20,0.0,1,1.0,1000.0,0.0002484472049689441,0.6709316770186335,0.0
default,3,0,mean_variance_1,Mean - 1 x variance,mean_variance,1.0,10300,0.1,20,0.0,1,1.0,1000.0,0.0002484472049689441,0.6706832298136646,0.0
default,3,0,mean_variance_5,Mean - 5 x variance,mean_variance,5.0,10300,0.1,20,0.0,1,1.0,1000.0,0.0002484472049689441,0.6696894409937888,0.0
default,3,0,mean_variance_10,Mean - 10 x variance,mean_variance,10.0,10300,0.1,20,0.0,1,1.0,1000.0,0.0002484472049689441,0.668447204968944,0.0
default,3,0,mean_variance_20,Mean - 20 x variance,mean_variance,20.0,10300,0.1,20,0.0,1,1.0,1000.0,0.0002484472049689441,0.6659627329192547,0.0
default,3,0,gaussian_lcb_1,Gaussian lower bound: mean - 1 x SD,gaussian_lcb,1.0,10300,0.1,20,0.0,1,1.0,1000.0,0.0002484472049689441,0.6551694688938515,0.0
default,3,0,gaussian_lcb_1.645,Gaussian lower bound: mean - 1.645 x SD,gaussian_lcb,1.645,10300,0.1,20,0.0,1,1.0,1000.0,0.0002484472049689441,0.6450028446533671,0.0
default,3,0,gaussian_lcb_1.96,Gaussian lower bound: mean - 1.96 x SD,gaussian_lcb,1.96,10300,0.1,20,0.0,1,1.0,1000.0,0.0002484472049689441,0.6400377490940607,0.0
default,3,0,gaussian_lcb_2.576,Gaussian lower bound: mean - 2.576 x SD,gaussian_lcb,2.576,10300,0.1,20,0.0,1,1.0,1000.0,0.0002484472049689441,0.630328228889195,0.0
default,3,0,finite_gaussian_lcb_1,Finite-row Gaussian bound: mean - 1 x SD,finite_gaussian_lcb,1.0,10300,0.1,20,0.0,1,1.0,1000.0,0.0002484472049689441,0.672,0.0
default,3,0,finite_gaussian_lcb_1.645,Finite-row Gaussian bound: mean - 1.645 x SD,finite_gaussian_lcb,1.645,10300,0.1,20,0.0,1,1.0,1000.0,0.0002484472049689441,0.672,0.0
default,3,0,finite_gaussian_lcb_1.96,Finite-row Gaussian bound: mean - 1.96 x SD,finite_gaussian_lcb,1.96,10300,0.1,20,0.0,1,1.0,1000.0,0.0002484472049689441,0.672,0.0
default,3,0,finite_population_lcb,Anytime finite-population lower bound (delta=0.05),confidence,0.05,10300,0.1,20,0.0,1,1.0,1000.0,0.0002484472049689441,0.672,0.0
default,3,1,posterior_mean,Current posterior mean,baseline,,10300,0.1,19,0.0,1,1.0,1000.0,0.0002484472049689441,0.6709316968917847,0.0
default,3,1,empirical_mean,Observed sample mean,baseline,,10300,0.1,19,0.0,1,1.0,1000.0,0.0002484472049689441,0.672,0.0
default,3,1,variance_gate_0.5,Variance gate: v/v0 <= 0.5,variance_gate,0.5,10300,0.1,19,0.0,1,1.0,1000.0,0.0002484472049689441,0.6709316770186335,0.0
default,3,1,variance_gate_0.2,Variance gate: v/v0 <= 0.2,variance_gate,0.2,10300,0.1,19,0.0,1,1.0,1000.0,0.0002484472049689441,0.6709316770186335,0.0
default,3,1,variance_gate_0.1,Variance gate: v/v0 <= 0.1,variance_gate,0.1,10300,0.1,19,0.0,1,1.0,1000.0,0.0002484472049689441,0.6709316770186335,0.0
default,3,1,variance_gate_0.05,Variance gate: v/v0 <= 0.05,variance_gate,0.05,10300,0.1,19,0.0,1,1.0,1000.0,0.0002484472049689441,0.6709316770186335,0.0
default,3,1,mean_variance_1,Mean - 1 x variance,mean_variance,1.0,10300,0.1,19,0.0,1,1.0,1000.0,0.0002484472049689441,0.6706832298136646,0.0
default,3,1,mean_variance_5,Mean - 5 x variance,mean_variance,5.0,10300,0.1,19,0.0,1,1.0,1000.0,0.0002484472049689441,0.6696894409937888,0.0
default,3,1,mean_variance_10,Mean - 10 x variance,mean_variance,10.0,10300,0.1,19,0.0,1,1.0,1000.0,0.0002484472049689441,0.668447204968944,0.0
default,3,1,mean_variance_20,Mean - 20 x variance,mean_variance,20.0,10300,0.1,19,0.0,1,1.0,1000.0,0.0002484472049689441,0.6659627329192547,0.0
default,3,1,gaussian_lcb_1,Gaussian lower bound: mean - 1 x SD,gaussian_lcb,1.0,10300,0.1,19,0.0,1,1.0,1000.0,0.0002484472049689441,0.6551694688938515,0.0
default,3,1,gaussian_lcb_1.645,Gaussian lower bound: mean - 1.645 x SD,gaussian_lcb,1.645,10300,0.1,19,0.0,1,1.0,1000.0,0.0002484472049689441,0.6450028446533671,0.0
default,3,1,gaussian_lcb_1.96,Gaussian lower bound: mean - 1.96 x SD,gaussian_lcb,1.96,10300,0.1,19,0.0,1,1.0,1000.0,0.0002484472049689441,0.6400377490940607,0.0
default,3,1,gaussian_lcb_2.576,Gaussian lower bound: mean - 2.576 x SD,gaussian_lcb,2.576,10300,0.1,19,0.0,1,1.0,1000.0,0.0002484472049689441,0.630328228889195,0.0
default,3,1,finite_gaussian_lcb_1,Finite-row Gaussian bound: mean - 1 x SD,finite_gaussian_lcb,1.0,10300,0.1,19,0.0,1,1.0,1000.0,0.0002484472049689441,0.672,0.0
default,3,1,finite_gaussian_lcb_1.645,Finite-row Gaussian bound: mean - 1.645 x SD,finite_gaussian_lcb,1.645,10300,0.1,19,0.0,1,1.0,1000.0,0.0002484472049689441,0.672,0.0
default,3,1,finite_gaussian_lcb_1.96,Finite-row Gaussian bound: mean - 1.96 x SD,finite_gaussian_lcb,1.96,10300,0.1,19,0.0,1,1.0,1000.0,0.0002484472049689441,0.672,0.0
default,3,1,finite_population_lcb,Anytime finite-population lower bound (delta=0.05),confidence,0.05,10300,0.1,19,0.0,1,1.0,1000.0,0.0002484472049689441,0.672,0.0
default,3,2,posterior_mean,Current posterior mean,baseline,,10300,0.1,19,0.0,1,1.0,1000.0,0.0002484472049689441,0.6709316968917847,0.0
default,3,2,empirical_mean,Observed sample mean,baseline,,10300,0.1,19,0.0,1,1.0,1000.0,0.0002484472049689441,0.672,0.0
default,3,2,variance_gate_0.5,Variance gate: v/v0 <= 0.5,variance_gate,0.5,10300,0.1,19,0.0,1,1.0,1000.0,0.0002484472049689441,0.6709316770186335,0.0
default,3,2,variance_gate_0.2,Variance gate: v/v0 <= 0.2,variance_gate,0.2,10300,0.1,19,0.0,1,1.0,1000.0,0.0002484472049689441,0.6709316770186335,0.0
default,3,2,variance_gate_0.1,Variance gate: v/v0 <= 0.1,variance_gate,0.1,10300,0.1,19,0.0,1,1.0,1000.0,0.0002484472049689441,0.6709316770186335,0.0
default,3,2,variance_gate_0.05,Variance gate: v/v0 <= 0.05,variance_gate,0.05,10300,0.1,19,0.0,1,1.0,1000.0,0.0002484472049689441,0.6709316770186335,0.0
default,3,2,mean_variance_1,Mean - 1 x variance,mean_variance,1.0,10300,0.1,19,0.0,1,1.0,1000.0,0.0002484472049689441,0.6706832298136646,0.0
default,3,2,mean_variance_5,Mean - 5 x variance,mean_variance,5.0,10300,0.1,19,0.0,1,1.0,1000.0,0.0002484472049689441,0.6696894409937888,0.0
default,3,2,mean_variance_10,Mean - 10 x variance,mean_variance,10.0,10300,0.1,19,0.0,1,1.0,1000.0,0.0002484472049689441,0.668447204968944,0.0
default,3,2,mean_variance_20,Mean - 20 x variance,mean_variance,20.0,10300,0.1,19,0.0,1,1.0,1000.0,0.0002484472049689441,0.6659627329192547,0.0
default,3,2,gaussian_lcb_1,Gaussian lower bound: mean - 1 x SD,gaussian_lcb,1.0,10300,0.1,19,0.0,1,1.0,1000.0,0.0002484472049689441,0.6551694688938515,0.0
default,3,2,gaussian_lcb_1.645,Gaussian lower bound: mean - 1.645 x SD,gaussian_lcb,1.645,10300,0.1,19,0.0,1,1.0,1000.0,0.0002484472049689441,0.6450028446533671,0.0
default,3,2,gaussian_lcb_1.96,Gaussian lower bound: mean - 1.96 x SD,gaussian_lcb,1.96,10300,0.1,19,0.0,1,1.0,1000.0,0.0002484472049689441,0.6400377490940607,0.0
default,3,2,gaussian_lcb_2.576,Gaussian lower bound: mean - 2.576 x SD,gaussian_lcb,2.576,10300,0.1,19,0.0,1,1.0,1000.0,0.0002484472049689441,0.630328228889195,0.0
default,3,2,finite_gaussian_lcb_1,Finite-row Gaussian bound: mean - 1 x SD,finite_gaussian_lcb,1.0,10300,0.1,19,0.0,1,1.0,1000.0,0.0002484472049689441,0.672,0.0
default,3,2,finite_gaussian_lcb_1.645,Finite-row Gaussian bound: mean - 1.645 x SD,finite_gaussian_lcb,1.645,10300,0.1,19,0.0,1,1.0,1000.0,0.0002484472049689441,0.672,0.0
default,3,2,finite_gaussian_lcb_1.96,Finite-row Gaussian bound: mean - 1.96 x SD,finite_gaussian_lcb,1.96,10300,0.1,19,0.0,1,1.0,1000.0,0.0002484472049689441,0.672,0.0
default,3,2,finite_population_lcb,Anytime finite-population lower bound (delta=0.05),confidence,0.05,10300,0.1,19,0.0,1,1.0,1000.0,0.0002484472049689441,0.672,0.0
default,3,3,posterior_mean,Current posterior mean,baseline,,10300,0.1,19,0.0,1,1.0,1000.0,0.0002484472049689441,0.6709316968917847,0.0
default,3,3,empirical_mean,Observed sample mean,baseline,,10300,0.1,19,0.0,1,1.0,1000.0,0.0002484472049689441,0.672,0.0
default,3,3,variance_gate_0.5,Variance gate: v/v0 <= 0.5,variance_gate,0.5,10300,0.1,19,0.0,1,1.0,1000.0,0.0002484472049689441,0.6709316770186335,0.0
default,3,3,variance_gate_0.2,Variance gate: v/v0 <= 0.2,variance_gate,0.2,10300,0.1,19,0.0,1,1.0,1000.0,0.0002484472049689441,0.6709316770186335,0.0
default,3,3,variance_gate_0.1,Variance gate: v/v0 <= 0.1,variance_gate,0.1,10300,0.1,19,0.0,1,1.0,1000.0,0.0002484472049689441,0.6709316770186335,0.0
default,3,3,variance_gate_0.05,Variance gate: v/v0 <= 0.05,variance_gate,0.05,10300,0.1,19,0.0,1,1.0,1000.0,0.0002484472049689441,0.6709316770186335,0.0
default,3,3,mean_variance_1,Mean - 1 x variance,mean_variance,1.0,10300,0.1,19,0.0,1,1.0,1000.0,0.0002484472049689441,0.6706832298136646,0.0
default,3,3,mean_variance_5,Mean - 5 x variance,mean_variance,5.0,10300,0.1,19,0.0,1,1.0,1000.0,0.0002484472049689441,0.6696894409937888,0.0
default,3,3,mean_variance_10,Mean - 10 x variance,mean_variance,10.0,10300,0.1,19,0.0,1,1.0,1000.0,0.0002484472049689441,0.668447204968944,0.0
default,3,3,mean_variance_20,Mean - 20 x variance,mean_variance,20.0,10300,0.1,19,0.0,1,1.0,1000.0,0.0002484472049689441,0.6659627329192547,0.0
default,3,3,gaussian_lcb_1,Gaussian lower bound: mean - 1 x SD,gaussian_lcb,1.0,10300,0.1,19,0.0,1,1.0,1000.0,0.0002484472049689441,0.6551694688938515,0.0
default,3,3,gaussian_lcb_1.645,Gaussian lower bound: mean - 1.645 x SD,gaussian_lcb,1.645,10300,0.1,19,0.0,1,1.0,1000.0,0.0002484472049689441,0.6450028446533671,0.0
default,3,3,gaussian_lcb_1.96,Gaussian lower bound: mean - 1.96 x SD,gaussian_lcb,1.96,10300,0.1,19,0.0,1,1.0,1000.0,0.0002484472049689441,0.6400377490940607,0.0
default,3,3,gaussian_lcb_2.576,Gaussian lower bound: mean - 2.576 x SD,gaussian_lcb,2.576,10300,0.1,19,0.0,1,1.0,1000.0,0.0002484472049689441,0.630328228889195,0.0
default,3,3,finite_gaussian_lcb_1,Finite-row Gaussian bound: mean - 1 x SD,finite_gaussian_lcb,1.0,10300,0.1,19,0.0,1,1.0,1000.0,0.0002484472049689441,0.672,0.0
default,3,3,finite_gaussian_lcb_1.645,Finite-row Gaussian bound: mean - 1.645 x SD,finite_gaussian_lcb,1.645,10300,0.1,19,0.0,1,1.0,1000.0,0.0002484472049689441,0.672,0.0
default,3,3,finite_gaussian_lcb_1.96,Finite-row Gaussian bound: mean - 1.96 x SD,finite_gaussian_lcb,1.96,10300,0.1,19,0.0,1,1.0,1000.0,0.0002484472049689441,0.672,0.0
default,3,3,finite_population_lcb,Anytime finite-population lower bound (delta=0.05),confidence,0.05,10300,0.1,19,0.0,1,1.0,1000.0,0.0002484472049689441,0.672,0.0
default,3,4,posterior_mean,Current posterior mean,baseline,,10300,0.1,19,0.0,1,1.0,1000.0,0.0002484472049689441,0.6709316968917847,0.0
default,3,4,empirical_mean,Observed sample mean,baseline,,10300,0.1,19,0.0,1,1.0,1000.0,0.0002484472049689441,0.672,0.0
default,3,4,variance_gate_0.5,Variance gate: v/v0 <= 0.5,variance_gate,0.5,10300,0.1,19,0.0,1,1.0,1000.0,0.0002484472049689441,0.6709316770186335,0.0
default,3,4,variance_gate_0.2,Variance gate: v/v0 <= 0.2,variance_gate,0.2,10300,0.1,19,0.0,1,1.0,1000.0,0.0002484472049689441,0.6709316770186335,0.0
default,3,4,variance_gate_0.1,Variance gate: v/v0 <= 0.1,variance_gate,0.1,10300,0.1,19,0.0,1,1.0,1000.0,0.0002484472049689441,0.6709316770186335,0.0
default,3,4,variance_gate_0.05,Variance gate: v/v0 <= 0.05,variance_gate,0.05,10300,0.1,19,0.0,1,1.0,1000.0,0.0002484472049689441,0.6709316770186335,0.0
default,3,4,mean_variance_1,Mean - 1 x variance,mean_variance,1.0,10300,0.1,19,0.0,1,1.0,1000.0,0.0002484472049689441,0.6706832298136646,0.0
default,3,4,mean_variance_5,Mean - 5 x variance,mean_variance,5.0,10300,0.1,19,0.0,1,1.0,1000.0,0.0002484472049689441,0.6696894409937888,0.0
default,3,4,mean_variance_10,Mean - 10 x variance,mean_variance,10.0,10300,0.1,19,0.0,1,1.0,1000.0,0.0002484472049689441,0.668447204968944,0.0
default,3,4,mean_variance_20,Mean - 20 x variance,mean_variance,20.0,10300,0.1,19,0.0,1,1.0,1000.0,0.0002484472049689441,0.6659627329192547,0.0
default,3,4,gaussian_lcb_1,Gaussian lower bound: mean - 1 x SD,gaussian_lcb,1.0,10300,0.1,19,0.0,1,1.0,1000.0,0.0002484472049689441,0.6551694688938515,0.0
default,3,4,gaussian_lcb_1.645,Gaussian lower bound: mean - 1.645 x SD,gaussian_lcb,1.645,10300,0.1,19,0.0,1,1.0,1000.0,0.0002484472049689441,0.6450028446533671,0.0
default,3,4,gaussian_lcb_1.96,Gaussian lower bound: mean - 1.96 x SD,gaussian_lcb,1.96,10300,0.1,19,0.0,1,1.0,1000.0,0.0002484472049689441,0.6400377490940607,0.0
default,3,4,gaussian_lcb_2.576,Gaussian lower bound: mean - 2.576 x SD,gaussian_lcb,2.576,10300,0.1,19,0.0,1,1.0,1000.0,0.0002484472049689441,0.630328228889195,0.0
default,3,4,finite_gaussian_lcb_1,Finite-row Gaussian bound: mean - 1 x SD,finite_gaussian_lcb,1.0,10300,0.1,19,0.0,1,1.0,1000.0,0.0002484472049689441,0.672,0.0
default,3,4,finite_gaussian_lcb_1.645,Finite-row Gaussian bound: mean - 1.645 x SD,finite_gaussian_lcb,1.645,10300,0.1,19,0.0,1,1.0,1000.0,0.0002484472049689441,0.672,0.0
default,3,4,finite_gaussian_lcb_1.96,Finite-row Gaussian bound: mean - 1.96 x SD,finite_gaussian_lcb,1.96,10300,0.1,19,0.0,1,1.0,1000.0,0.0002484472049689441,0.672,0.0
default,3,4,finite_population_lcb,Anytime finite-population lower bound (delta=0.05),confidence,0.05,10300,0.1,19,0.0,1,1.0,1000.0,0.0002484472049689441,0.672,0.0
default,3,5,posterior_mean,Current posterior mean,baseline,,10300,0.1,19,0.0,1,1.0,1000.0,0.0002484472049689441,0.6709316968917847,0.0
default,3,5,empirical_mean,Observed sample mean,baseline,,10300,0.1,19,0.0,1,1.0,1000.0,0.0002484472049689441,0.672,0.0
default,3,5,variance_gate_0.5,Variance gate: v/v0 <= 0.5,variance_gate,0.5,10300,0.1,19,0.0,1,1.0,1000.0,0.0002484472049689441,0.6709316770186335,0.0
default,3,5,variance_gate_0.2,Variance gate: v/v0 <= 0.2,variance_gate,0.2,10300,0.1,19,0.0,1,1.0,1000.0,0.0002484472049689441,0.6709316770186335,0.0
default,3,5,variance_gate_0.1,Variance gate: v/v0 <= 0.1,variance_gate,0.1,10300,0.1,19,0.0,1,1.0,1000.0,0.0002484472049689441,0.6709316770186335,0.0
default,3,5,variance_gate_0.05,Variance gate: v/v0 <= 0.05,variance_gate,0.05,10300,0.1,19,0.0,1,1.0,1000.0,0.0002484472049689441,0.6709316770186335,0.0
default,3,5,mean_variance_1,Mean - 1 x variance,mean_variance,1.0,10300,0.1,19,0.0,1,1.0,1000.0,0.0002484472049689441,0.6706832298136646,0.0
default,3,5,mean_variance_5,Mean - 5 x variance,mean_variance,5.0,10300,0.1,19,0.0,1,1.0,1000.0,0.0002484472049689441,0.6696894409937888,0.0
default,3,5,mean_variance_10,Mean - 10 x variance,mean_variance,10.0,10300,0.1,19,0.0,1,1.0,1000.0,0.0002484472049689441,0.668447204968944,0.0
default,3,5,mean_variance_20,Mean - 20 x variance,mean_variance,20.0,10300,0.1,19,0.0,1,1.0,1000.0,0.0002484472049689441,0.6659627329192547,0.0
default,3,5,gaussian_lcb_1,Gaussian lower bound: mean - 1 x SD,gaussian_lcb,1.0,10300,0.1,19,0.0,1,1.0,1000.0,0.0002484472049689441,0.6551694688938515,0.0
default,3,5,gaussian_lcb_1.645,Gaussian lower bound: mean - 1.645 x SD,gaussian_lcb,1.645,10300,0.1,19,0.0,1,1.0,1000.0,0.0002484472049689441,0.6450028446533671,0.0
default,3,5,gaussian_lcb_1.96,Gaussian lower bound: mean - 1.96 x SD,gaussian_lcb,1.96,10300,0.1,19,0.0,1,1.0,1000.0,0.0002484472049689441,0.6400377490940607,0.0
default,3,5,gaussian_lcb_2.576,Gaussian lower bound: mean - 2.576 x SD,gaussian_lcb,2.576,10300,0.1,19,0.0,1,1.0,1000.0,0.0002484472049689441,0.630328228889195,0.0
default,3,5,finite_gaussian_lcb_1,Finite-row Gaussian bound: mean - 1 x SD,finite_gaussian_lcb,1.0,10300,0.1,19,0.0,1,1.0,1000.0,0.0002484472049689441,0.672,0.0
default,3,5,finite_gaussian_lcb_1.645,Finite-row Gaussian bound: mean - 1.645 x SD,finite_gaussian_lcb,1.645,10300,0.1,19,0.0,1,1.0,1000.0,0.0002484472049689441,0.672,0.0
default,3,5,finite_gaussian_lcb_1.96,Finite-row Gaussian bound: mean - 1.96 x SD,finite_gaussian_lcb,1.96,10300,0.1,19,0.0,1,1.0,1000.0,0.0002484472049689441,0.672,0.0
default,3,5,finite_population_lcb,Anytime finite-population lower bound (delta=0.05),confidence,0.05,10300,0.1,19,0.0,1,1.0,1000.0,0.0002484472049689441,0.672,0.0
default,3,6,posterior_mean,Current posterior mean,baseline,,10300,0.1,19,0.0,1,1.0,548.0,0.0004510599909788002,0.693053662776947,0.0
default,3,6,empirical_mean,Observed sample mean,baseline,,10300,0.1,19,0.0,1,1.0,548.0,0.0004510599909788002,0.6952554744525548,0.0
default,3,6,variance_gate_0.5,Variance gate: v/v0 <= 0.5,variance_gate,0.5,10300,0.1,19,0.0,1,1.0,548.0,0.0004510599909788002,0.6930536761389264,0.0
default,3,6,variance_gate_0.2,Variance gate: v/v0 <= 0.2,variance_gate,0.2,10300,0.1,19,0.0,1,1.0,548.0,0.0004510599909788002,0.6930536761389264,0.0
default,3,6,variance_gate_0.1,Variance gate: v/v0 <= 0.1,variance_gate,0.1,10300,0.1,19,0.0,1,1.0,548.0,0.0004510599909788002,0.6930536761389264,0.0
default,3,6,variance_gate_0.05,Variance gate: v/v0 <= 0.05,variance_gate,0.05,10300,0.1,19,0.0,1,1.0,548.0,0.0004510599909788002,0.6930536761389264,0.0
default,3,6,mean_variance_1,Mean - 1 x variance,mean_variance,1.0,10300,0.1,19,0.0,1,1.0,548.0,0.0004510599909788002,0.6926026161479476,0.0
default,3,6,mean_variance_5,Mean - 5 x variance,mean_variance,5.0,10300,0.1,19,0.0,1,1.0,548.0,0.0004510599909788002,0.6907983761840324,0.0
default,3,6,mean_variance_10,Mean - 10 x variance,mean_variance,10.0,10300,0.1,19,0.0,1,1.0,548.0,0.0004510599909788002,0.6885430762291385,0.0
default,3,6,mean_variance_20,Mean - 20 x variance,mean_variance,20.0,10300,0.1,19,0.0,1,1.0,548.0,0.0004510599909788002,0.6840324763193504,0.0
default,3,6,gaussian_lcb_1,Gaussian lower bound: mean - 1 x SD,gaussian_lcb,1.0,10300,0.1,19,0.0,1,1.0,548.0,0.0004510599909788002,0.6718155031718654,0.0
default,3,6,gaussian_lcb_1.645,Gaussian lower bound: mean - 1.645 x SD,gaussian_lcb,1.645,10300,0.1,19,0.0,1,1.0,548.0,0.0004510599909788002,0.6581168816081111,0.0
default,3,6,gaussian_lcb_1.96,Gaussian lower bound: mean - 1.96 x SD,gaussian_lcb,1.96,10300,0.1,19,0.0,1,1.0,548.0,0.0004510599909788002,0.6514268571234869,0.0
default,3,6,gaussian_lcb_2.576,Gaussian lower bound: mean - 2.576 x SD,gaussian_lcb,2.576,10300,0.1,19,0.0,1,1.0,548.0,0.0004510599909788002,0.6383441425757773,0.0
default,3,6,finite_gaussian_lcb_1,Finite-row Gaussian bound: mean - 1 x SD,finite_gaussian_lcb,1.0,10300,0.1,19,0.0,1,1.0,548.0,0.0004510599909788002,0.6799370859754006,0.0
default,3,6,finite_gaussian_lcb_1.645,Finite-row Gaussian bound: mean - 1.645 x SD,finite_gaussian_lcb,1.645,10300,0.1,20,0.0,1,1.0,1000.0,0.0002484472049689441,0.672,0.0
default,3,6,finite_gaussian_lcb_1.96,Finite-row Gaussian bound: mean - 1.96 x SD,finite_gaussian_lcb,1.96,10300,0.1,20,0.0,1,1.0,1000.0,0.0002484472049689441,0.672,0.0
default,3,6,finite_population_lcb,Anytime finite-population lower bound (delta=0.05),confidence,0.05,10300,0.1,20,0.0,1,1.0,1000.0,0.0002484472049689441,0.672,0.0
default,3,7,posterior_mean,Current posterior mean,baseline,,10300,0.1,19,0.0,1,1.0,1000.0,0.0002484472049689441,0.6709316968917847,0.0
default,3,7,empirical_mean,Observed sample mean,baseline,,10300,0.1,19,0.0,1,1.0,1000.0,0.0002484472049689441,0.672,0.0
default,3,7,variance_gate_0.5,Variance gate: v/v0 <= 0.5,variance_gate,0.5,10300,0.1,19,0.0,1,1.0,1000.0,0.0002484472049689441,0.6709316770186335,0.0
default,3,7,variance_gate_0.2,Variance gate: v/v0 <= 0.2,variance_gate,0.2,10300,0.1,19,0.0,1,1.0,1000.0,0.0002484472049689441,0.6709316770186335,0.0
default,3,7,variance_gate_0.1,Variance gate: v/v0 <= 0.1,variance_gate,0.1,10300,0.1,19,0.0,1,1.0,1000.0,0.0002484472049689441,0.6709316770186335,0.0
default,3,7,variance_gate_0.05,Variance gate: v/v0 <= 0.05,variance_gate,0.05,10300,0.1,19,0.0,1,1.0,1000.0,0.0002484472049689441,0.6709316770186335,0.0
default,3,7,mean_variance_1,Mean - 1 x variance,mean_variance,1.0,10300,0.1,19,0.0,1,1.0,1000.0,0.0002484472049689441,0.6706832298136646,0.0
default,3,7,mean_variance_5,Mean - 5 x variance,mean_variance,5.0,10300,0.1,19,0.0,1,1.0,1000.0,0.0002484472049689441,0.6696894409937888,0.0
default,3,7,mean_variance_10,Mean - 10 x variance,mean_variance,10.0,10300,0.1,19,0.0,1,1.0,1000.0,0.0002484472049689441,0.668447204968944,0.0
default,3,7,mean_variance_20,Mean - 20 x variance,mean_variance,20.0,10300,0.1,19,0.0,1,1.0,1000.0,0.0002484472049689441,0.6659627329192547,0.0
default,3,7,gaussian_lcb_1,Gaussian lower bound: mean - 1 x SD,gaussian_lcb,1.0,10300,0.1,19,0.0,1,1.0,1000.0,0.0002484472049689441,0.6551694688938515,0.0
default,3,7,gaussian_lcb_1.645,Gaussian lower bound: mean - 1.645 x SD,gaussian_lcb,1.645,10300,0.1,19,0.0,1,1.0,1000.0,0.0002484472049689441,0.6450028446533671,0.0
default,3,7,gaussian_lcb_1.96,Gaussian lower bound: mean - 1.96 x SD,gaussian_lcb,1.96,10300,0.1,19,0.0,1,1.0,1000.0,0.0002484472049689441,0.6400377490940607,0.0
default,3,7,gaussian_lcb_2.576,Gaussian lower bound: mean - 2.576 x SD,gaussian_lcb,2.576,10300,0.1,19,0.0,1,1.0,1000.0,0.0002484472049689441,0.630328228889195,0.0
default,3,7,finite_gaussian_lcb_1,Finite-row Gaussian bound: mean - 1 x SD,finite_gaussian_lcb,1.0,10300,0.1,19,0.0,1,1.0,1000.0,0.0002484472049689441,0.672,0.0
default,3,7,finite_gaussian_lcb_1.645,Finite-row Gaussian bound: mean - 1.645 x SD,finite_gaussian_lcb,1.645,10300,0.1,19,0.0,1,1.0,1000.0,0.0002484472049689441,0.672,0.0
default,3,7,finite_gaussian_lcb_1.96,Finite-row Gaussian bound: mean - 1.96 x SD,finite_gaussian_lcb,1.96,10300,0.1,19,0.0,1,1.0,1000.0,0.0002484472049689441,0.672,0.0
default,3,7,finite_population_lcb,Anytime finite-population lower bound (delta=0.05),confidence,0.05,10300,0.1,19,0.0,1,1.0,1000.0,0.0002484472049689441,0.672,0.0
default,3,8,posterior_mean,Current posterior mean,baseline,,10300,0.1,20,0.0,1,1.0,1000.0,0.0002484472049689441,0.6709316968917847,0.0
default,3,8,empirical_mean,Observed sample mean,baseline,,10300,0.1,20,0.0,1,1.0,1000.0,0.0002484472049689441,0.672,0.0
default,3,8,variance_gate_0.5,Variance gate: v/v0 <= 0.5,variance_gate,0.5,10300,0.1,20,0.0,1,1.0,1000.0,0.0002484472049689441,0.6709316770186335,0.0
default,3,8,variance_gate_0.2,Variance gate: v/v0 <= 0.2,variance_gate,0.2,10300,0.1,20,0.0,1,1.0,1000.0,0.0002484472049689441,0.6709316770186335,0.0
default,3,8,variance_gate_0.1,Variance gate: v/v0 <= 0.1,variance_gate,0.1,10300,0.1,20,0.0,1,1.0,1000.0,0.0002484472049689441,0.6709316770186335,0.0
default,3,8,variance_gate_0.05,Variance gate: v/v0 <= 0.05,variance_gate,0.05,10300,0.1,20,0.0,1,1.0,1000.0,0.0002484472049689441,0.6709316770186335,0.0
default,3,8,mean_variance_1,Mean - 1 x variance,mean_variance,1.0,10300,0.1,20,0.0,1,1.0,1000.0,0.0002484472049689441,0.6706832298136646,0.0
default,3,8,mean_variance_5,Mean - 5 x variance,mean_variance,5.0,10300,0.1,20,0.0,1,1.0,1000.0,0.0002484472049689441,0.6696894409937888,0.0
default,3,8,mean_variance_10,Mean - 10 x variance,mean_variance,10.0,10300,0.1,20,0.0,1,1.0,1000.0,0.0002484472049689441,0.668447204968944,0.0
default,3,8,mean_variance_20,Mean - 20 x variance,mean_variance,20.0,10300,0.1,20,0.0,1,1.0,1000.0,0.0002484472049689441,0.6659627329192547,0.0
default,3,8,gaussian_lcb_1,Gaussian lower bound: mean - 1 x SD,gaussian_lcb,1.0,10300,0.1,20,0.0,1,1.0,1000.0,0.0002484472049689441,0.6551694688938515,0.0
default,3,8,gaussian_lcb_1.645,Gaussian lower bound: mean - 1.645 x SD,gaussian_lcb,1.645,10300,0.1,20,0.0,1,1.0,1000.0,0.0002484472049689441,0.6450028446533671,0.0
default,3,8,gaussian_lcb_1.96,Gaussian lower bound: mean - 1.96 x SD,gaussian_lcb,1.96,10300,0.1,20,0.0,1,1.0,1000.0,0.0002484472049689441,0.6400377490940607,0.0
default,3,8,gaussian_lcb_2.576,Gaussian lower bound: mean - 2.576 x SD,gaussian_lcb,2.576,10300,0.1,20,0.0,1,1.0,1000.0,0.0002484472049689441,0.630328228889195,0.0
default,3,8,finite_gaussian_lcb_1,Finite-row Gaussian bound: mean - 1 x SD,finite_gaussian_lcb,1.0,10300,0.1,20,0.0,1,1.0,1000.0,0.0002484472049689441,0.672,0.0
default,3,8,finite_gaussian_lcb_1.645,Finite-row Gaussian bound: mean - 1.645 x SD,finite_gaussian_lcb,1.645,10300,0.1,20,0.0,1,1.0,1000.0,0.0002484472049689441,0.672,0.0
default,3,8,finite_gaussian_lcb_1.96,Finite-row Gaussian bound: mean - 1.96 x SD,finite_gaussian_lcb,1.96,10300,0.1,20,0.0,1,1.0,1000.0,0.0002484472049689441,0.672,0.0
default,3,8,finite_population_lcb,Anytime finite-population lower bound (delta=0.05),confidence,0.05,10300,0.1,20,0.0,1,1.0,1000.0,0.0002484472049689441,0.672,0.0
default,3,9,posterior_mean,Current posterior mean,baseline,,10300,0.1,19,0.0,1,1.0,1000.0,0.0002484472049689441,0.6709316968917847,0.0
default,3,9,empirical_mean,Observed sample mean,baseline,,10300,0.1,19,0.0,1,1.0,1000.0,0.0002484472049689441,0.672,0.0
default,3,9,variance_gate_0.5,Variance gate: v/v0 <= 0.5,variance_gate,0.5,10300,0.1,19,0.0,1,1.0,1000.0,0.0002484472049689441,0.6709316770186335,0.0
default,3,9,variance_gate_0.2,Variance gate: v/v0 <= 0.2,variance_gate,0.2,10300,0.1,19,0.0,1,1.0,1000.0,0.0002484472049689441,0.6709316770186335,0.0
default,3,9,variance_gate_0.1,Variance gate: v/v0 <= 0.1,variance_gate,0.1,10300,0.1,19,0.0,1,1.0,1000.0,0.0002484472049689441,0.6709316770186335,0.0
default,3,9,variance_gate_0.05,Variance gate: v/v0 <= 0.05,variance_gate,0.05,10300,0.1,19,0.0,1,1.0,1000.0,0.0002484472049689441,0.6709316770186335,0.0
default,3,9,mean_variance_1,Mean - 1 x variance,mean_variance,1.0,10300,0.1,19,0.0,1,1.0,1000.0,0.0002484472049689441,0.6706832298136646,0.0
default,3,9,mean_variance_5,Mean - 5 x variance,mean_variance,5.0,10300,0.1,19,0.0,1,1.0,1000.0,0.0002484472049689441,0.6696894409937888,0.0
default,3,9,mean_variance_10,Mean - 10 x variance,mean_variance,10.0,10300,0.1,19,0.0,1,1.0,1000.0,0.0002484472049689441,0.668447204968944,0.0
default,3,9,mean_variance_20,Mean - 20 x variance,mean_variance,20.0,10300,0.1,19,0.0,1,1.0,1000.0,0.0002484472049689441,0.6659627329192547,0.0
default,3,9,gaussian_lcb_1,Gaussian lower bound: mean - 1 x SD,gaussian_lcb,1.0,10300,0.1,19,0.0,1,1.0,1000.0,0.0002484472049689441,0.6551694688938515,0.0
default,3,9,gaussian_lcb_1.645,Gaussian lower bound: mean - 1.645 x SD,gaussian_lcb,1.645,10300,0.1,19,0.0,1,1.0,1000.0,0.0002484472049689441,0.6450028446533671,0.0
default,3,9,gaussian_lcb_1.96,Gaussian lower bound: mean - 1.96 x SD,gaussian_lcb,1.96,10300,0.1,19,0.0,1,1.0,1000.0,0.0002484472049689441,0.6400377490940607,0.0
default,3,9,gaussian_lcb_2.576,Gaussian lower bound: mean - 2.576 x SD,gaussian_lcb,2.576,10300,0.1,19,0.0,1,1.0,1000.0,0.0002484472049689441,0.630328228889195,0.0
default,3,9,finite_gaussian_lcb_1,Finite-row Gaussian bound: mean - 1 x SD,finite_gaussian_lcb,1.0,10300,0.1,19,0.0,1,1.0,1000.0,0.0002484472049689441,0.672,0.0
default,3,9,finite_gaussian_lcb_1.645,Finite-row Gaussian bound: mean - 1.645 x SD,finite_gaussian_lcb,1.645,10300,0.1,19,0.0,1,1.0,1000.0,0.0002484472049689441,0.672,0.0
default,3,9,finite_gaussian_lcb_1.96,Finite-row Gaussian bound: mean - 1.96 x SD,finite_gaussian_lcb,1.96,10300,0.1,19,0.0,1,1.0,1000.0,0.0002484472049689441,0.672,0.0
default,3,9,finite_population_lcb,Anytime finite-population lower bound (delta=0.05),confidence,0.05,10300,0.1,19,0.0,1,1.0,1000.0,0.0002484472049689441,0.672,0.0
default,3,10,posterior_mean,Current posterior mean,baseline,,10300,0.1,19,0.0,1,1.0,1000.0,0.0002484472049689441,0.6709316968917847,0.0
default,3,10,empirical_mean,Observed sample mean,baseline,,10300,0.1,19,0.0,1,1.0,1000.0,0.0002484472049689441,0.672,0.0
default,3,10,variance_gate_0.5,Variance gate: v/v0 <= 0.5,variance_gate,0.5,10300,0.1,19,0.0,1,1.0,1000.0,0.0002484472049689441,0.6709316770186335,0.0
default,3,10,variance_gate_0.2,Variance gate: v/v0 <= 0.2,variance_gate,0.2,10300,0.1,19,0.0,1,1.0,1000.0,0.0002484472049689441,0.6709316770186335,0.0
default,3,10,variance_gate_0.1,Variance gate: v/v0 <= 0.1,variance_gate,0.1,10300,0.1,19,0.0,1,1.0,1000.0,0.0002484472049689441,0.6709316770186335,0.0
default,3,10,variance_gate_0.05,Variance gate: v/v0 <= 0.05,variance_gate,0.05,10300,0.1,19,0.0,1,1.0,1000.0,0.0002484472049689441,0.6709316770186335,0.0
default,3,10,mean_variance_1,Mean - 1 x variance,mean_variance,1.0,10300,0.1,19,0.0,1,1.0,1000.0,0.0002484472049689441,0.6706832298136646,0.0
default,3,10,mean_variance_5,Mean - 5 x variance,mean_variance,5.0,10300,0.1,19,0.0,1,1.0,1000.0,0.0002484472049689441,0.6696894409937888,0.0
default,3,10,mean_variance_10,Mean - 10 x variance,mean_variance,10.0,10300,0.1,19,0.0,1,1.0,1000.0,0.0002484472049689441,0.668447204968944,0.0
default,3,10,mean_variance_20,Mean - 20 x variance,mean_variance,20.0,10300,0.1,19,0.0,1,1.0,1000.0,0.0002484472049689441,0.6659627329192547,0.0
default,3,10,gaussian_lcb_1,Gaussian lower bound: mean - 1 x SD,gaussian_lcb,1.0,10300,0.1,19,0.0,1,1.0,1000.0,0.0002484472049689441,0.6551694688938515,0.0
default,3,10,gaussian_lcb_1.645,Gaussian lower bound: mean - 1.645 x SD,gaussian_lcb,1.645,10300,0.1,19,0.0,1,1.0,1000.0,0.0002484472049689441,0.6450028446533671,0.0
default,3,10,gaussian_lcb_1.96,Gaussian lower bound: mean - 1.96 x SD,gaussian_lcb,1.96,10300,0.1,19,0.0,1,1.0,1000.0,0.0002484472049689441,0.6400377490940607,0.0
default,3,10,gaussian_lcb_2.576,Gaussian lower bound: mean - 2.576 x SD,gaussian_lcb,2.576,10300,0.1,19,0.0,1,1.0,1000.0,0.0002484472049689441,0.630328228889195,0.0
default,3,10,finite_gaussian_lcb_1,Finite-row Gaussian bound: mean - 1 x SD,finite_gaussian_lcb,1.0,10300,0.1,19,0.0,1,1.0,1000.0,0.0002484472049689441,0.672,0.0
default,3,10,finite_gaussian_lcb_1.645,Finite-row Gaussian bound: mean - 1.645 x SD,finite_gaussian_lcb,1.645,10300,0.1,19,0.0,1,1.0,1000.0,0.0002484472049689441,0.672,0.0
default,3,10,finite_gaussian_lcb_1.96,Finite-row Gaussian bound: mean - 1.96 x SD,finite_gaussian_lcb,1.96,10300,0.1,19,0.0,1,1.0,1000.0,0.0002484472049689441,0.672,0.0
default,3,10,finite_population_lcb,Anytime finite-population lower bound (delta=0.05),confidence,0.05,10300,0.1,19,0.0,1,1.0,1000.0,0.0002484472049689441,0.672,0.0
default,3,11,posterior_mean,Current posterior mean,baseline,,10300,0.1,19,0.0,1,1.0,1000.0,0.0002484472049689441,0.6709316968917847,0.0
default,3,11,empirical_mean,Observed sample mean,baseline,,10300,0.1,19,0.0,1,1.0,1000.0,0.0002484472049689441,0.672,0.0
default,3,11,variance_gate_0.5,Variance gate: v/v0 <= 0.5,variance_gate,0.5,10300,0.1,19,0.0,1,1.0,1000.0,0.0002484472049689441,0.6709316770186335,0.0
default,3,11,variance_gate_0.2,Variance gate: v/v0 <= 0.2,variance_gate,0.2,10300,0.1,19,0.0,1,1.0,1000.0,0.0002484472049689441,0.6709316770186335,0.0
default,3,11,variance_gate_0.1,Variance gate: v/v0 <= 0.1,variance_gate,0.1,10300,0.1,19,0.0,1,1.0,1000.0,0.0002484472049689441,0.6709316770186335,0.0
default,3,11,variance_gate_0.05,Variance gate: v/v0 <= 0.05,variance_gate,0.05,10300,0.1,19,0.0,1,1.0,1000.0,0.0002484472049689441,0.6709316770186335,0.0
default,3,11,mean_variance_1,Mean - 1 x variance,mean_variance,1.0,10300,0.1,19,0.0,1,1.0,1000.0,0.0002484472049689441,0.6706832298136646,0.0
default,3,11,mean_variance_5,Mean - 5 x variance,mean_variance,5.0,10300,0.1,19,0.0,1,1.0,1000.0,0.0002484472049689441,0.6696894409937888,0.0
default,3,11,mean_variance_10,Mean - 10 x variance,mean_variance,10.0,10300,0.1,19,0.0,1,1.0,1000.0,0.0002484472049689441,0.668447204968944,0.0
default,3,11,mean_variance_20,Mean - 20 x variance,mean_variance,20.0,10300,0.1,19,0.0,1,1.0,1000.0,0.0002484472049689441,0.6659627329192547,0.0
default,3,11,gaussian_lcb_1,Gaussian lower bound: mean - 1 x SD,gaussian_lcb,1.0,10300,0.1,19,0.0,1,1.0,1000.0,0.0002484472049689441,0.6551694688938515,0.0
default,3,11,gaussian_lcb_1.645,Gaussian lower bound: mean - 1.645 x SD,gaussian_lcb,1.645,10300,0.1,19,0.0,1,1.0,1000.0,0.0002484472049689441,0.6450028446533671,0.0
default,3,11,gaussian_lcb_1.96,Gaussian lower bound: mean - 1.96 x SD,gaussian_lcb,1.96,10300,0.1,19,0.0,1,1.0,1000.0,0.0002484472049689441,0.6400377490940607,0.0
default,3,11,gaussian_lcb_2.576,Gaussian lower bound: mean - 2.576 x SD,gaussian_lcb,2.576,10300,0.1,19,0.0,1,1.0,1000.0,0.0002484472049689441,0.630328228889195,0.0
default,3,11,finite_gaussian_lcb_1,Finite-row Gaussian bound: mean - 1 x SD,finite_gaussian_lcb,1.0,10300,0.1,19,0.0,1,1.0,1000.0,0.0002484472049689441,0.672,0.0
default,3,11,finite_gaussian_lcb_1.645,Finite-row Gaussian bound: mean - 1.645 x SD,finite_gaussian_lcb,1.645,10300,0.1,19,0.0,1,1.0,1000.0,0.0002484472049689441,0.672,0.0
default,3,11,finite_gaussian_lcb_1.96,Finite-row Gaussian bound: mean - 1.96 x SD,finite_gaussian_lcb,1.96,10300,0.1,19,0.0,1,1.0,1000.0,0.0002484472049689441,0.672,0.0
default,3,11,finite_population_lcb,Anytime finite-population lower bound (delta=0.05),confidence,0.05,10300,0.1,19,0.0,1,1.0,1000.0,0.0002484472049689441,0.672,0.0
default,3,12,posterior_mean,Current posterior mean,baseline,,10300,0.1,19,0.0,1,1.0,1000.0,0.0002484472049689441,0.6709316968917847,0.0
default,3,12,empirical_mean,Observed sample mean,baseline,,10300,0.1,19,0.0,1,1.0,1000.0,0.0002484472049689441,0.672,0.0
default,3,12,variance_gate_0.5,Variance gate: v/v0 <= 0.5,variance_gate,0.5,10300,0.1,19,0.0,1,1.0,1000.0,0.0002484472049689441,0.6709316770186335,0.0
default,3,12,variance_gate_0.2,Variance gate: v/v0 <= 0.2,variance_gate,0.2,10300,0.1,19,0.0,1,1.0,1000.0,0.0002484472049689441,0.6709316770186335,0.0
default,3,12,variance_gate_0.1,Variance gate: v/v0 <= 0.1,variance_gate,0.1,10300,0.1,19,0.0,1,1.0,1000.0,0.0002484472049689441,0.6709316770186335,0.0
default,3,12,variance_gate_0.05,Variance gate: v/v0 <= 0.05,variance_gate,0.05,10300,0.1,19,0.0,1,1.0,1000.0,0.0002484472049689441,0.6709316770186335,0.0
default,3,12,mean_variance_1,Mean - 1 x variance,mean_variance,1.0,10300,0.1,19,0.0,1,1.0,1000.0,0.0002484472049689441,0.6706832298136646,0.0
default,3,12,mean_variance_5,Mean - 5 x variance,mean_variance,5.0,10300,0.1,19,0.0,1,1.0,1000.0,0.0002484472049689441,0.6696894409937888,0.0
default,3,12,mean_variance_10,Mean - 10 x variance,mean_variance,10.0,10300,0.1,19,0.0,1,1.0,1000.0,0.0002484472049689441,0.668447204968944,0.0
default,3,12,mean_variance_20,Mean - 20 x variance,mean_variance,20.0,10300,0.1,19,0.0,1,1.0,1000.0,0.0002484472049689441,0.6659627329192547,0.0
default,3,12,gaussian_lcb_1,Gaussian lower bound: mean - 1 x SD,gaussian_lcb,1.0,10300,0.1,19,0.0,1,1.0,1000.0,0.0002484472049689441,0.6551694688938515,0.0
default,3,12,gaussian_lcb_1.645,Gaussian lower bound: mean - 1.645 x SD,gaussian_lcb,1.645,10300,0.1,19,0.0,1,1.0,1000.0,0.0002484472049689441,0.6450028446533671,0.0
default,3,12,gaussian_lcb_1.96,Gaussian lower bound: mean - 1.96 x SD,gaussian_lcb,1.96,10300,0.1,19,0.0,1,1.0,1000.0,0.0002484472049689441,0.6400377490940607,0.0
default,3,12,gaussian_lcb_2.576,Gaussian lower bound: mean - 2.576 x SD,gaussian_lcb,2.576,10300,0.1,19,0.0,1,1.0,1000.0,0.0002484472049689441,0.630328228889195,0.0
default,3,12,finite_gaussian_lcb_1,Finite-row Gaussian bound: mean - 1 x SD,finite_gaussian_lcb,1.0,10300,0.1,19,0.0,1,1.0,1000.0,0.0002484472049689441,0.672,0.0
default,3,12,finite_gaussian_lcb_1.645,Finite-row Gaussian bound: mean - 1.645 x SD,finite_gaussian_lcb,1.645,10300,0.1,19,0.0,1,1.0,1000.0,0.0002484472049689441,0.672,0.0
default,3,12,finite_gaussian_lcb_1.96,Finite-row Gaussian bound: mean - 1.96 x SD,finite_gaussian_lcb,1.96,10300,0.1,19,0.0,1,1.0,1000.0,0.0002484472049689441,0.672,0.0
default,3,12,finite_population_lcb,Anytime finite-population lower bound (delta=0.05),confidence,0.05,10300,0.1,19,0.0,1,1.0,1000.0,0.0002484472049689441,0.672,0.0
default,3,13,posterior_mean,Current posterior mean,baseline,,10300,0.1,19,0.0,1,1.0,1000.0,0.0002484472049689441,0.6709316968917847,0.0
default,3,13,empirical_mean,Observed sample mean,baseline,,10300,0.1,19,0.0,1,1.0,1000.0,0.0002484472049689441,0.672,0.0
default,3,13,variance_gate_0.5,Variance gate: v/v0 <= 0.5,variance_gate,0.5,10300,0.1,19,0.0,1,1.0,1000.0,0.0002484472049689441,0.6709316770186335,0.0
default,3,13,variance_gate_0.2,Variance gate: v/v0 <= 0.2,variance_gate,0.2,10300,0.1,19,0.0,1,1.0,1000.0,0.0002484472049689441,0.6709316770186335,0.0
default,3,13,variance_gate_0.1,Variance gate: v/v0 <= 0.1,variance_gate,0.1,10300,0.1,19,0.0,1,1.0,1000.0,0.0002484472049689441,0.6709316770186335,0.0
default,3,13,variance_gate_0.05,Variance gate: v/v0 <= 0.05,variance_gate,0.05,10300,0.1,19,0.0,1,1.0,1000.0,0.0002484472049689441,0.6709316770186335,0.0
default,3,13,mean_variance_1,Mean - 1 x variance,mean_variance,1.0,10300,0.1,19,0.0,1,1.0,1000.0,0.0002484472049689441,0.6706832298136646,0.0
default,3,13,mean_variance_5,Mean - 5 x variance,mean_variance,5.0,10300,0.1,19,0.0,1,1.0,1000.0,0.0002484472049689441,0.6696894409937888,0.0
default,3,13,mean_variance_10,Mean - 10 x variance,mean_variance,10.0,10300,0.1,19,0.0,1,1.0,1000.0,0.0002484472049689441,0.668447204968944,0.0
default,3,13,mean_variance_20,Mean - 20 x variance,mean_variance,20.0,10300,0.1,19,0.0,1,1.0,1000.0,0.0002484472049689441,0.6659627329192547,0.0
default,3,13,gaussian_lcb_1,Gaussian lower bound: mean - 1 x SD,gaussian_lcb,1.0,10300,0.1,19,0.0,1,1.0,1000.0,0.0002484472049689441,0.6551694688938515,0.0
default,3,13,gaussian_lcb_1.645,Gaussian lower bound: mean - 1.645 x SD,gaussian_lcb,1.645,10300,0.1,19,0.0,1,1.0,1000.0,0.0002484472049689441,0.6450028446533671,0.0
default,3,13,gaussian_lcb_1.96,Gaussian lower bound: mean - 1.96 x SD,gaussian_lcb,1.96,10300,0.1,19,0.0,1,1.0,1000.0,0.0002484472049689441,0.6400377490940607,0.0
default,3,13,gaussian_lcb_2.576,Gaussian lower bound: mean - 2.576 x SD,gaussian_lcb,2.576,10300,0.1,19,0.0,1,1.0,1000.0,0.0002484472049689441,0.630328228889195,0.0
default,3,13,finite_gaussian_lcb_1,Finite-row Gaussian bound: mean - 1 x SD,finite_gaussian_lcb,1.0,10300,0.1,19,0.0,1,1.0,1000.0,0.0002484472049689441,0.672,0.0
default,3,13,finite_gaussian_lcb_1.645,Finite-row Gaussian bound: mean - 1.645 x SD,finite_gaussian_lcb,1.645,10300,0.1,19,0.0,1,1.0,1000.0,0.0002484472049689441,0.672,0.0
default,3,13,finite_gaussian_lcb_1.96,Finite-row Gaussian bound: mean - 1.96 x SD,finite_gaussian_lcb,1.96,10300,0.1,19,0.0,1,1.0,1000.0,0.0002484472049689441,0.672,0.0
default,3,13,finite_population_lcb,Anytime finite-population lower bound (delta=0.05),confidence,0.05,10300,0.1,19,0.0,1,1.0,1000.0,0.0002484472049689441,0.672,0.0
default,3,14,posterior_mean,Current posterior mean,baseline,,10300,0.1,19,0.0,1,1.0,1000.0,0.0002484472049689441,0.6709316968917847,0.0
default,3,14,empirical_mean,Observed sample mean,baseline,,10300,0.1,19,0.0,1,1.0,1000.0,0.0002484472049689441,0.672,0.0
default,3,14,variance_gate_0.5,Variance gate: v/v0 <= 0.5,variance_gate,0.5,10300,0.1,19,0.0,1,1.0,1000.0,0.0002484472049689441,0.6709316770186335,0.0
default,3,14,variance_gate_0.2,Variance gate: v/v0 <= 0.2,variance_gate,0.2,10300,0.1,19,0.0,1,1.0,1000.0,0.0002484472049689441,0.6709316770186335,0.0
default,3,14,variance_gate_0.1,Variance gate: v/v0 <= 0.1,variance_gate,0.1,10300,0.1,19,0.0,1,1.0,1000.0,0.0002484472049689441,0.6709316770186335,0.0
default,3,14,variance_gate_0.05,Variance gate: v/v0 <= 0.05,variance_gate,0.05,10300,0.1,19,0.0,1,1.0,1000.0,0.0002484472049689441,0.6709316770186335,0.0
default,3,14,mean_variance_1,Mean - 1 x variance,mean_variance,1.0,10300,0.1,19,0.0,1,1.0,1000.0,0.0002484472049689441,0.6706832298136646,0.0
default,3,14,mean_variance_5,Mean - 5 x variance,mean_variance,5.0,10300,0.1,19,0.0,1,1.0,1000.0,0.0002484472049689441,0.6696894409937888,0.0
default,3,14,mean_variance_10,Mean - 10 x variance,mean_variance,10.0,10300,0.1,19,0.0,1,1.0,1000.0,0.0002484472049689441,0.668447204968944,0.0
default,3,14,mean_variance_20,Mean - 20 x variance,mean_variance,20.0,10300,0.1,19,0.0,1,1.0,1000.0,0.0002484472049689441,0.6659627329192547,0.0
default,3,14,gaussian_lcb_1,Gaussian lower bound: mean - 1 x SD,gaussian_lcb,1.0,10300,0.1,19,0.0,1,1.0,1000.0,0.0002484472049689441,0.6551694688938515,0.0
default,3,14,gaussian_lcb_1.645,Gaussian lower bound: mean - 1.645 x SD,gaussian_lcb,1.645,10300,0.1,19,0.0,1,1.0,1000.0,0.0002484472049689441,0.6450028446533671,0.0
default,3,14,gaussian_lcb_1.96,Gaussian lower bound: mean - 1.96 x SD,gaussian_lcb,1.96,10300,0.1,19,0.0,1,1.0,1000.0,0.0002484472049689441,0.6400377490940607,0.0
default,3,14,gaussian_lcb_2.576,Gaussian lower bound: mean - 2.576 x SD,gaussian_lcb,2.576,10300,0.1,19,0.0,1,1.0,1000.0,0.0002484472049689441,0.630328228889195,0.0
default,3,14,finite_gaussian_lcb_1,Finite-row Gaussian bound: mean - 1 x SD,finite_gaussian_lcb,1.0,10300,0.1,19,0.0,1,1.0,1000.0,0.0002484472049689441,0.672,0.0
default,3,14,finite_gaussian_lcb_1.645,Finite-row Gaussian bound: mean - 1.645 x SD,finite_gaussian_lcb,1.645,10300,0.1,19,0.0,1,1.0,1000.0,0.0002484472049689441,0.672,0.0
default,3,14,finite_gaussian_lcb_1.96,Finite-row Gaussian bound: mean - 1.96 x SD,finite_gaussian_lcb,1.96,10300,0.1,19,0.0,1,1.0,1000.0,0.0002484472049689441,0.672,0.0
default,3,14,finite_population_lcb,Anytime finite-population lower bound (delta=0.05),confidence,0.05,10300,0.1,19,0.0,1,1.0,1000.0,0.0002484472049689441,0.672,0.0
default,3,15,posterior_mean,Current posterior mean,baseline,,10300,0.1,19,0.0,1,1.0,1000.0,0.0002484472049689441,0.6709316968917847,0.0
default,3,15,empirical_mean,Observed sample mean,baseline,,10300,0.1,19,0.0,1,1.0,1000.0,0.0002484472049689441,0.672,0.0
default,3,15,variance_gate_0.5,Variance gate: v/v0 <= 0.5,variance_gate,0.5,10300,0.1,19,0.0,1,1.0,1000.0,0.0002484472049689441,0.6709316770186335,0.0
default,3,15,variance_gate_0.2,Variance gate: v/v0 <= 0.2,variance_gate,0.2,10300,0.1,19,0.0,1,1.0,1000.0,0.0002484472049689441,0.6709316770186335,0.0
default,3,15,variance_gate_0.1,Variance gate: v/v0 <= 0.1,variance_gate,0.1,10300,0.1,19,0.0,1,1.0,1000.0,0.0002484472049689441,0.6709316770186335,0.0
default,3,15,variance_gate_0.05,Variance gate: v/v0 <= 0.05,variance_gate,0.05,10300,0.1,19,0.0,1,1.0,1000.0,0.0002484472049689441,0.6709316770186335,0.0
default,3,15,mean_variance_1,Mean - 1 x variance,mean_variance,1.0,10300,0.1,19,0.0,1,1.0,1000.0,0.0002484472049689441,0.6706832298136646,0.0
default,3,15,mean_variance_5,Mean - 5 x variance,mean_variance,5.0,10300,0.1,19,0.0,1,1.0,1000.0,0.0002484472049689441,0.6696894409937888,0.0
default,3,15,mean_variance_10,Mean - 10 x variance,mean_variance,10.0,10300,0.1,19,0.0,1,1.0,1000.0,0.0002484472049689441,0.668447204968944,0.0
default,3,15,mean_variance_20,Mean - 20 x variance,mean_variance,20.0,10300,0.1,19,0.0,1,1.0,1000.0,0.0002484472049689441,0.6659627329192547,0.0
default,3,15,gaussian_lcb_1,Gaussian lower bound: mean - 1 x SD,gaussian_lcb,1.0,10300,0.1,19,0.0,1,1.0,1000.0,0.0002484472049689441,0.6551694688938515,0.0
default,3,15,gaussian_lcb_1.645,Gaussian lower bound: mean - 1.645 x SD,gaussian_lcb,1.645,10300,0.1,19,0.0,1,1.0,1000.0,0.0002484472049689441,0.6450028446533671,0.0
default,3,15,gaussian_lcb_1.96,Gaussian lower bound: mean - 1.96 x SD,gaussian_lcb,1.96,10300,0.1,19,0.0,1,1.0,1000.0,0.0002484472049689441,0.6400377490940607,0.0
default,3,15,gaussian_lcb_2.576,Gaussian lower bound: mean - 2.576 x SD,gaussian_lcb,2.576,10300,0.1,19,0.0,1,1.0,1000.0,0.0002484472049689441,0.630328228889195,0.0
default,3,15,finite_gaussian_lcb_1,Finite-row Gaussian bound: mean - 1 x SD,finite_gaussian_lcb,1.0,10300,0.1,19,0.0,1,1.0,1000.0,0.0002484472049689441,0.672,0.0
default,3,15,finite_gaussian_lcb_1.645,Finite-row Gaussian bound: mean - 1.645 x SD,finite_gaussian_lcb,1.645,10300,0.1,19,0.0,1,1.0,1000.0,0.0002484472049689441,0.672,0.0
default,3,15,finite_gaussian_lcb_1.96,Finite-row Gaussian bound: mean - 1.96 x SD,finite_gaussian_lcb,1.96,10300,0.1,19,0.0,1,1.0,1000.0,0.0002484472049689441,0.672,0.0
default,3,15,finite_population_lcb,Anytime finite-population lower bound (delta=0.05),confidence,0.05,10300,0.1,19,0.0,1,1.0,1000.0,0.0002484472049689441,0.672,0.0
default,3,16,posterior_mean,Current posterior mean,baseline,,10300,0.1,19,0.0,1,1.0,1000.0,0.0002484472049689441,0.6709316968917847,0.0
default,3,16,empirical_mean,Observed sample mean,baseline,,10300,0.1,19,0.0,1,1.0,1000.0,0.0002484472049689441,0.672,0.0
default,3,16,variance_gate_0.5,Variance gate: v/v0 <= 0.5,variance_gate,0.5,10300,0.1,19,0.0,1,1.0,1000.0,0.0002484472049689441,0.6709316770186335,0.0
default,3,16,variance_gate_0.2,Variance gate: v/v0 <= 0.2,variance_gate,0.2,10300,0.1,19,0.0,1,1.0,1000.0,0.0002484472049689441,0.6709316770186335,0.0
default,3,16,variance_gate_0.1,Variance gate: v/v0 <= 0.1,variance_gate,0.1,10300,0.1,19,0.0,1,1.0,1000.0,0.0002484472049689441,0.6709316770186335,0.0
default,3,16,variance_gate_0.05,Variance gate: v/v0 <= 0.05,variance_gate,0.05,10300,0.1,19,0.0,1,1.0,1000.0,0.0002484472049689441,0.6709316770186335,0.0
default,3,16,mean_variance_1,Mean - 1 x variance,mean_variance,1.0,10300,0.1,19,0.0,1,1.0,1000.0,0.0002484472049689441,0.6706832298136646,0.0
default,3,16,mean_variance_5,Mean - 5 x variance,mean_variance,5.0,10300,0.1,19,0.0,1,1.0,1000.0,0.0002484472049689441,0.6696894409937888,0.0
default,3,16,mean_variance_10,Mean - 10 x variance,mean_variance,10.0,10300,0.1,19,0.0,1,1.0,1000.0,0.0002484472049689441,0.668447204968944,0.0
default,3,16,mean_variance_20,Mean - 20 x variance,mean_variance,20.0,10300,0.1,19,0.0,1,1.0,1000.0,0.0002484472049689441,0.6659627329192547,0.0
default,3,16,gaussian_lcb_1,Gaussian lower bound: mean - 1 x SD,gaussian_lcb,1.0,10300,0.1,19,0.0,1,1.0,1000.0,0.0002484472049689441,0.6551694688938515,0.0
default,3,16,gaussian_lcb_1.645,Gaussian lower bound: mean - 1.645 x SD,gaussian_lcb,1.645,10300,0.1,19,0.0,1,1.0,1000.0,0.0002484472049689441,0.6450028446533671,0.0
default,3,16,gaussian_lcb_1.96,Gaussian lower bound: mean - 1.96 x SD,gaussian_lcb,1.96,10300,0.1,19,0.0,1,1.0,1000.0,0.0002484472049689441,0.6400377490940607,0.0
default,3,16,gaussian_lcb_2.576,Gaussian lower bound: mean - 2.576 x SD,gaussian_lcb,2.576,10300,0.1,19,0.0,1,1.0,1000.0,0.0002484472049689441,0.630328228889195,0.0
default,3,16,finite_gaussian_lcb_1,Finite-row Gaussian bound: mean - 1 x SD,finite_gaussian_lcb,1.0,10300,0.1,19,0.0,1,1.0,1000.0,0.0002484472049689441,0.672,0.0
default,3,16,finite_gaussian_lcb_1.645,Finite-row Gaussian bound: mean - 1.645 x SD,finite_gaussian_lcb,1.645,10300,0.1,19,0.0,1,1.0,1000.0,0.0002484472049689441,0.672,0.0
default,3,16,finite_gaussian_lcb_1.96,Finite-row Gaussian bound: mean - 1.96 x SD,finite_gaussian_lcb,1.96,10300,0.1,19,0.0,1,1.0,1000.0,0.0002484472049689441,0.672,0.0
default,3,16,finite_population_lcb,Anytime finite-population lower bound (delta=0.05),confidence,0.05,10300,0.1,19,0.0,1,1.0,1000.0,0.0002484472049689441,0.672,0.0
default,3,17,posterior_mean,Current posterior mean,baseline,,10300,0.1,19,0.0,1,1.0,1000.0,0.0002484472049689441,0.6709316968917847,0.0
default,3,17,empirical_mean,Observed sample mean,baseline,,10300,0.1,19,0.0,1,1.0,1000.0,0.0002484472049689441,0.672,0.0
default,3,17,variance_gate_0.5,Variance gate: v/v0 <= 0.5,variance_gate,0.5,10300,0.1,19,0.0,1,1.0,1000.0,0.0002484472049689441,0.6709316770186335,0.0
default,3,17,variance_gate_0.2,Variance gate: v/v0 <= 0.2,variance_gate,0.2,10300,0.1,19,0.0,1,1.0,1000.0,0.0002484472049689441,0.6709316770186335,0.0
default,3,17,variance_gate_0.1,Variance gate: v/v0 <= 0.1,variance_gate,0.1,10300,0.1,19,0.0,1,1.0,1000.0,0.0002484472049689441,0.6709316770186335,0.0
default,3,17,variance_gate_0.05,Variance gate: v/v0 <= 0.05,variance_gate,0.05,10300,0.1,19,0.0,1,1.0,1000.0,0.0002484472049689441,0.6709316770186335,0.0
default,3,17,mean_variance_1,Mean - 1 x variance,mean_variance,1.0,10300,0.1,19,0.0,1,1.0,1000.0,0.0002484472049689441,0.6706832298136646,0.0
default,3,17,mean_variance_5,Mean - 5 x variance,mean_variance,5.0,10300,0.1,19,0.0,1,1.0,1000.0,0.0002484472049689441,0.6696894409937888,0.0
default,3,17,mean_variance_10,Mean - 10 x variance,mean_variance,10.0,10300,0.1,19,0.0,1,1.0,1000.0,0.0002484472049689441,0.668447204968944,0.0
default,3,17,mean_variance_20,Mean - 20 x variance,mean_variance,20.0,10300,0.1,19,0.0,1,1.0,1000.0,0.0002484472049689441,0.6659627329192547,0.0
default,3,17,gaussian_lcb_1,Gaussian lower bound: mean - 1 x SD,gaussian_lcb,1.0,10300,0.1,19,0.0,1,1.0,1000.0,0.0002484472049689441,0.6551694688938515,0.0
default,3,17,gaussian_lcb_1.645,Gaussian lower bound: mean - 1.645 x SD,gaussian_lcb,1.645,10300,0.1,19,0.0,1,1.0,1000.0,0.0002484472049689441,0.6450028446533671,0.0
default,3,17,gaussian_lcb_1.96,Gaussian lower bound: mean - 1.96 x SD,gaussian_lcb,1.96,10300,0.1,19,0.0,1,1.0,1000.0,0.0002484472049689441,0.6400377490940607,0.0
default,3,17,gaussian_lcb_2.576,Gaussian lower bound: mean - 2.576 x SD,gaussian_lcb,2.576,10300,0.1,19,0.0,1,1.0,1000.0,0.0002484472049689441,0.630328228889195,0.0
default,3,17,finite_gaussian_lcb_1,Finite-row Gaussian bound: mean - 1 x SD,finite_gaussian_lcb,1.0,10300,0.1,19,0.0,1,1.0,1000.0,0.0002484472049689441,0.672,0.0
default,3,17,finite_gaussian_lcb_1.645,Finite-row Gaussian bound: mean - 1.645 x SD,finite_gaussian_lcb,1.645,10300,0.1,19,0.0,1,1.0,1000.0,0.0002484472049689441,0.672,0.0
default,3,17,finite_gaussian_lcb_1.96,Finite-row Gaussian bound: mean - 1.96 x SD,finite_gaussian_lcb,1.96,10300,0.1,19,0.0,1,1.0,1000.0,0.0002484472049689441,0.672,0.0
default,3,17,finite_population_lcb,Anytime finite-population lower bound (delta=0.05),confidence,0.05,10300,0.1,19,0.0,1,1.0,1000.0,0.0002484472049689441,0.672,0.0
default,3,18,posterior_mean,Current posterior mean,baseline,,10300,0.1,19,0.0,1,1.0,1000.0,0.0002484472049689441,0.6709316968917847,0.0
default,3,18,empirical_mean,Observed sample mean,baseline,,10300,0.1,19,0.0,1,1.0,1000.0,0.0002484472049689441,0.672,0.0
default,3,18,variance_gate_0.5,Variance gate: v/v0 <= 0.5,variance_gate,0.5,10300,0.1,19,0.0,1,1.0,1000.0,0.0002484472049689441,0.6709316770186335,0.0
default,3,18,variance_gate_0.2,Variance gate: v/v0 <= 0.2,variance_gate,0.2,10300,0.1,19,0.0,1,1.0,1000.0,0.0002484472049689441,0.6709316770186335,0.0
default,3,18,variance_gate_0.1,Variance gate: v/v0 <= 0.1,variance_gate,0.1,10300,0.1,19,0.0,1,1.0,1000.0,0.0002484472049689441,0.6709316770186335,0.0
default,3,18,variance_gate_0.05,Variance gate: v/v0 <= 0.05,variance_gate,0.05,10300,0.1,19,0.0,1,1.0,1000.0,0.0002484472049689441,0.6709316770186335,0.0
default,3,18,mean_variance_1,Mean - 1 x variance,mean_variance,1.0,10300,0.1,19,0.0,1,1.0,1000.0,0.0002484472049689441,0.6706832298136646,0.0
default,3,18,mean_variance_5,Mean - 5 x variance,mean_variance,5.0,10300,0.1,19,0.0,1,1.0,1000.0,0.0002484472049689441,0.6696894409937888,0.0
default,3,18,mean_variance_10,Mean - 10 x variance,mean_variance,10.0,10300,0.1,19,0.0,1,1.0,1000.0,0.0002484472049689441,0.668447204968944,0.0
default,3,18,mean_variance_20,Mean - 20 x variance,mean_variance,20.0,10300,0.1,19,0.0,1,1.0,1000.0,0.0002484472049689441,0.6659627329192547,0.0
default,3,18,gaussian_lcb_1,Gaussian lower bound: mean - 1 x SD,gaussian_lcb,1.0,10300,0.1,19,0.0,1,1.0,1000.0,0.0002484472049689441,0.6551694688938515,0.0
default,3,18,gaussian_lcb_1.645,Gaussian lower bound: mean - 1.645 x SD,gaussian_lcb,1.645,10300,0.1,19,0.0,1,1.0,1000.0,0.0002484472049689441,0.6450028446533671,0.0
default,3,18,gaussian_lcb_1.96,Gaussian lower bound: mean - 1.96 x SD,gaussian_lcb,1.96,10300,0.1,19,0.0,1,1.0,1000.0,0.0002484472049689441,0.6400377490940607,0.0
default,3,18,gaussian_lcb_2.576,Gaussian lower bound: mean - 2.576 x SD,gaussian_lcb,2.576,10300,0.1,19,0.0,1,1.0,1000.0,0.0002484472049689441,0.630328228889195,0.0
default,3,18,finite_gaussian_lcb_1,Finite-row Gaussian bound: mean - 1 x SD,finite_gaussian_lcb,1.0,10300,0.1,19,0.0,1,1.0,1000.0,0.0002484472049689441,0.672,0.0
default,3,18,finite_gaussian_lcb_1.645,Finite-row Gaussian bound: mean - 1.645 x SD,finite_gaussian_lcb,1.645,10300,0.1,19,0.0,1,1.0,1000.0,0.0002484472049689441,0.672,0.0
default,3,18,finite_gaussian_lcb_1.96,Finite-row Gaussian bound: mean - 1.96 x SD,finite_gaussian_lcb,1.96,10300,0.1,19,0.0,1,1.0,1000.0,0.0002484472049689441,0.672,0.0
default,3,18,finite_population_lcb,Anytime finite-population lower bound (delta=0.05),confidence,0.05,10300,0.1,19,0.0,1,1.0,1000.0,0.0002484472049689441,0.672,0.0
default,3,19,posterior_mean,Current posterior mean,baseline,,10300,0.1,19,0.0,1,1.0,1000.0,0.0002484472049689441,0.6709316968917847,0.0
default,3,19,empirical_mean,Observed sample mean,baseline,,10300,0.1,19,0.0,1,1.0,1000.0,0.0002484472049689441,0.672,0.0
default,3,19,variance_gate_0.5,Variance gate: v/v0 <= 0.5,variance_gate,0.5,10300,0.1,19,0.0,1,1.0,1000.0,0.0002484472049689441,0.6709316770186335,0.0
default,3,19,variance_gate_0.2,Variance gate: v/v0 <= 0.2,variance_gate,0.2,10300,0.1,19,0.0,1,1.0,1000.0,0.0002484472049689441,0.6709316770186335,0.0
default,3,19,variance_gate_0.1,Variance gate: v/v0 <= 0.1,variance_gate,0.1,10300,0.1,19,0.0,1,1.0,1000.0,0.0002484472049689441,0.6709316770186335,0.0
default,3,19,variance_gate_0.05,Variance gate: v/v0 <= 0.05,variance_gate,0.05,10300,0.1,19,0.0,1,1.0,1000.0,0.0002484472049689441,0.6709316770186335,0.0
default,3,19,mean_variance_1,Mean - 1 x variance,mean_variance,1.0,10300,0.1,19,0.0,1,1.0,1000.0,0.0002484472049689441,0.6706832298136646,0.0
default,3,19,mean_variance_5,Mean - 5 x variance,mean_variance,5.0,10300,0.1,19,0.0,1,1.0,1000.0,0.0002484472049689441,0.6696894409937888,0.0
default,3,19,mean_variance_10,Mean - 10 x variance,mean_variance,10.0,10300,0.1,19,0.0,1,1.0,1000.0,0.0002484472049689441,0.668447204968944,0.0
default,3,19,mean_variance_20,Mean - 20 x variance,mean_variance,20.0,10300,0.1,19,0.0,1,1.0,1000.0,0.0002484472049689441,0.6659627329192547,0.0
default,3,19,gaussian_lcb_1,Gaussian lower bound: mean - 1 x SD,gaussian_lcb,1.0,10300,0.1,19,0.0,1,1.0,1000.0,0.0002484472049689441,0.6551694688938515,0.0
default,3,19,gaussian_lcb_1.645,Gaussian lower bound: mean - 1.645 x SD,gaussian_lcb,1.645,10300,0.1,19,0.0,1,1.0,1000.0,0.0002484472049689441,0.6450028446533671,0.0
default,3,19,gaussian_lcb_1.96,Gaussian lower bound: mean - 1.96 x SD,gaussian_lcb,1.96,10300,0.1,19,0.0,1,1.0,1000.0,0.0002484472049689441,0.6400377490940607,0.0
default,3,19,gaussian_lcb_2.576,Gaussian lower bound: mean - 2.576 x SD,gaussian_lcb,2.576,10300,0.1,19,0.0,1,1.0,1000.0,0.0002484472049689441,0.630328228889195,0.0
default,3,19,finite_gaussian_lcb_1,Finite-row Gaussian bound: mean - 1 x SD,finite_gaussian_lcb,1.0,10300,0.1,19,0.0,1,1.0,1000.0,0.0002484472049689441,0.672,0.0
default,3,19,finite_gaussian_lcb_1.645,Finite-row Gaussian bound: mean - 1.645 x SD,finite_gaussian_lcb,1.645,10300,0.1,19,0.0,1,1.0,1000.0,0.0002484472049689441,0.672,0.0
default,3,19,finite_gaussian_lcb_1.96,Finite-row Gaussian bound: mean - 1.96 x SD,finite_gaussian_lcb,1.96,10300,0.1,19,0.0,1,1.0,1000.0,0.0002484472049689441,0.672,0.0
default,3,19,finite_population_lcb,Anytime finite-population lower bound (delta=0.05),confidence,0.05,10300,0.1,19,0.0,1,1.0,1000.0,0.0002484472049689441,0.672,0.0
default,4,0,posterior_mean,Current posterior mean,baseline,,10300,0.1,20,0.0,1,1.0,1000.0,0.0002484472049689441,0.6709316968917847,0.0
default,4,0,empirical_mean,Observed sample mean,baseline,,10300,0.1,20,0.0,1,1.0,1000.0,0.0002484472049689441,0.672,0.0
default,4,0,variance_gate_0.5,Variance gate: v/v0 <= 0.5,variance_gate,0.5,10300,0.1,20,0.0,1,1.0,1000.0,0.0002484472049689441,0.6709316770186335,0.0
default,4,0,variance_gate_0.2,Variance gate: v/v0 <= 0.2,variance_gate,0.2,10300,0.1,20,0.0,1,1.0,1000.0,0.0002484472049689441,0.6709316770186335,0.0
default,4,0,variance_gate_0.1,Variance gate: v/v0 <= 0.1,variance_gate,0.1,10300,0.1,20,0.0,1,1.0,1000.0,0.0002484472049689441,0.6709316770186335,0.0
default,4,0,variance_gate_0.05,Variance gate: v/v0 <= 0.05,variance_gate,0.05,10300,0.1,20,0.0,1,1.0,1000.0,0.0002484472049689441,0.6709316770186335,0.0
default,4,0,mean_variance_1,Mean - 1 x variance,mean_variance,1.0,10300,0.1,20,0.0,1,1.0,1000.0,0.0002484472049689441,0.6706832298136646,0.0
default,4,0,mean_variance_5,Mean - 5 x variance,mean_variance,5.0,10300,0.1,20,0.0,1,1.0,1000.0,0.0002484472049689441,0.6696894409937888,0.0
default,4,0,mean_variance_10,Mean - 10 x variance,mean_variance,10.0,10300,0.1,20,0.0,1,1.0,1000.0,0.0002484472049689441,0.668447204968944,0.0
default,4,0,mean_variance_20,Mean - 20 x variance,mean_variance,20.0,10300,0.1,20,0.0,1,1.0,1000.0,0.0002484472049689441,0.6659627329192547,0.0
default,4,0,gaussian_lcb_1,Gaussian lower bound: mean - 1 x SD,gaussian_lcb,1.0,10300,0.1,20,0.0,1,1.0,1000.0,0.0002484472049689441,0.6551694688938515,0.0
default,4,0,gaussian_lcb_1.645,Gaussian lower bound: mean - 1.645 x SD,gaussian_lcb,1.645,10300,0.1,20,0.0,1,1.0,1000.0,0.0002484472049689441,0.6450028446533671,0.0
default,4,0,gaussian_lcb_1.96,Gaussian lower bound: mean - 1.96 x SD,gaussian_lcb,1.96,10300,0.1,20,0.0,1,1.0,1000.0,0.0002484472049689441,0.6400377490940607,0.0
default,4,0,gaussian_lcb_2.576,Gaussian lower bound: mean - 2.576 x SD,gaussian_lcb,2.576,10300,0.1,20,0.0,1,1.0,1000.0,0.0002484472049689441,0.630328228889195,0.0
default,4,0,finite_gaussian_lcb_1,Finite-row Gaussian bound: mean - 1 x SD,finite_gaussian_lcb,1.0,10300,0.1,20,0.0,1,1.0,1000.0,0.0002484472049689441,0.672,0.0
default,4,0,finite_gaussian_lcb_1.645,Finite-row Gaussian bound: mean - 1.645 x SD,finite_gaussian_lcb,1.645,10300,0.1,20,0.0,1,1.0,1000.0,0.0002484472049689441,0.672,0.0
default,4,0,finite_gaussian_lcb_1.96,Finite-row Gaussian bound: mean - 1.96 x SD,finite_gaussian_lcb,1.96,10300,0.1,20,0.0,1,1.0,1000.0,0.0002484472049689441,0.672,0.0
default,4,0,finite_population_lcb,Anytime finite-population lower bound (delta=0.05),confidence,0.05,10300,0.1,20,0.0,1,1.0,1000.0,0.0002484472049689441,0.672,0.0
default,4,1,posterior_mean,Current posterior mean,baseline,,10300,0.1,19,0.0,1,1.0,1000.0,0.0002484472049689441,0.6709316968917847,0.0
default,4,1,empirical_mean,Observed sample mean,baseline,,10300,0.1,19,0.0,1,1.0,1000.0,0.0002484472049689441,0.672,0.0
default,4,1,variance_gate_0.5,Variance gate: v/v0 <= 0.5,variance_gate,0.5,10300,0.1,19,0.0,1,1.0,1000.0,0.0002484472049689441,0.6709316770186335,0.0
default,4,1,variance_gate_0.2,Variance gate: v/v0 <= 0.2,variance_gate,0.2,10300,0.1,19,0.0,1,1.0,1000.0,0.0002484472049689441,0.6709316770186335,0.0
default,4,1,variance_gate_0.1,Variance gate: v/v0 <= 0.1,variance_gate,0.1,10300,0.1,19,0.0,1,1.0,1000.0,0.0002484472049689441,0.6709316770186335,0.0
default,4,1,variance_gate_0.05,Variance gate: v/v0 <= 0.05,variance_gate,0.05,10300,0.1,19,0.0,1,1.0,1000.0,0.0002484472049689441,0.6709316770186335,0.0
default,4,1,mean_variance_1,Mean - 1 x variance,mean_variance,1.0,10300,0.1,19,0.0,1,1.0,1000.0,0.0002484472049689441,0.6706832298136646,0.0
default,4,1,mean_variance_5,Mean - 5 x variance,mean_variance,5.0,10300,0.1,19,0.0,1,1.0,1000.0,0.0002484472049689441,0.6696894409937888,0.0
default,4,1,mean_variance_10,Mean - 10 x variance,mean_variance,10.0,10300,0.1,19,0.0,1,1.0,1000.0,0.0002484472049689441,0.668447204968944,0.0
default,4,1,mean_variance_20,Mean - 20 x variance,mean_variance,20.0,10300,0.1,19,0.0,1,1.0,1000.0,0.0002484472049689441,0.6659627329192547,0.0
default,4,1,gaussian_lcb_1,Gaussian lower bound: mean - 1 x SD,gaussian_lcb,1.0,10300,0.1,19,0.0,1,1.0,1000.0,0.0002484472049689441,0.6551694688938515,0.0
default,4,1,gaussian_lcb_1.645,Gaussian lower bound: mean - 1.645 x SD,gaussian_lcb,1.645,10300,0.1,19,0.0,1,1.0,1000.0,0.0002484472049689441,0.6450028446533671,0.0
default,4,1,gaussian_lcb_1.96,Gaussian lower bound: mean - 1.96 x SD,gaussian_lcb,1.96,10300,0.1,19,0.0,1,1.0,1000.0,0.0002484472049689441,0.6400377490940607,0.0
default,4,1,gaussian_lcb_2.576,Gaussian lower bound: mean - 2.576 x SD,gaussian_lcb,2.576,10300,0.1,19,0.0,1,1.0,1000.0,0.0002484472049689441,0.630328228889195,0.0
default,4,1,finite_gaussian_lcb_1,Finite-row Gaussian bound: mean - 1 x SD,finite_gaussian_lcb,1.0,10300,0.1,19,0.0,1,1.0,1000.0,0.0002484472049689441,0.672,0.0
default,4,1,finite_gaussian_lcb_1.645,Finite-row Gaussian bound: mean - 1.645 x SD,finite_gaussian_lcb,1.645,10300,0.1,19,0.0,1,1.0,1000.0,0.0002484472049689441,0.672,0.0
default,4,1,finite_gaussian_lcb_1.96,Finite-row Gaussian bound: mean - 1.96 x SD,finite_gaussian_lcb,1.96,10300,0.1,19,0.0,1,1.0,1000.0,0.0002484472049689441,0.672,0.0
default,4,1,finite_population_lcb,Anytime finite-population lower bound (delta=0.05),confidence,0.05,10300,0.1,19,0.0,1,1.0,1000.0,0.0002484472049689441,0.672,0.0
default,4,2,posterior_mean,Current posterior mean,baseline,,10300,0.1,19,0.0,1,1.0,1000.0,0.0002484472049689441,0.6709316968917847,0.0
default,4,2,empirical_mean,Observed sample mean,baseline,,10300,0.1,19,0.0,1,1.0,1000.0,0.0002484472049689441,0.672,0.0
default,4,2,variance_gate_0.5,Variance gate: v/v0 <= 0.5,variance_gate,0.5,10300,0.1,19,0.0,1,1.0,1000.0,0.0002484472049689441,0.6709316770186335,0.0
default,4,2,variance_gate_0.2,Variance gate: v/v0 <= 0.2,variance_gate,0.2,10300,0.1,19,0.0,1,1.0,1000.0,0.0002484472049689441,0.6709316770186335,0.0
default,4,2,variance_gate_0.1,Variance gate: v/v0 <= 0.1,variance_gate,0.1,10300,0.1,19,0.0,1,1.0,1000.0,0.0002484472049689441,0.6709316770186335,0.0
default,4,2,variance_gate_0.05,Variance gate: v/v0 <= 0.05,variance_gate,0.05,10300,0.1,19,0.0,1,1.0,1000.0,0.0002484472049689441,0.6709316770186335,0.0
default,4,2,mean_variance_1,Mean - 1 x variance,mean_variance,1.0,10300,0.1,19,0.0,1,1.0,1000.0,0.0002484472049689441,0.6706832298136646,0.0
default,4,2,mean_variance_5,Mean - 5 x variance,mean_variance,5.0,10300,0.1,19,0.0,1,1.0,1000.0,0.0002484472049689441,0.6696894409937888,0.0
default,4,2,mean_variance_10,Mean - 10 x variance,mean_variance,10.0,10300,0.1,19,0.0,1,1.0,1000.0,0.0002484472049689441,0.668447204968944,0.0
default,4,2,mean_variance_20,Mean - 20 x variance,mean_variance,20.0,10300,0.1,19,0.0,1,1.0,1000.0,0.0002484472049689441,0.6659627329192547,0.0
default,4,2,gaussian_lcb_1,Gaussian lower bound: mean - 1 x SD,gaussian_lcb,1.0,10300,0.1,19,0.0,1,1.0,1000.0,0.0002484472049689441,0.6551694688938515,0.0
default,4,2,gaussian_lcb_1.645,Gaussian lower bound: mean - 1.645 x SD,gaussian_lcb,1.645,10300,0.1,19,0.0,1,1.0,1000.0,0.0002484472049689441,0.6450028446533671,0.0
default,4,2,gaussian_lcb_1.96,Gaussian lower bound: mean - 1.96 x SD,gaussian_lcb,1.96,10300,0.1,19,0.0,1,1.0,1000.0,0.0002484472049689441,0.6400377490940607,0.0
default,4,2,gaussian_lcb_2.576,Gaussian lower bound: mean - 2.576 x SD,gaussian_lcb,2.576,10300,0.1,19,0.0,1,1.0,1000.0,0.0002484472049689441,0.630328228889195,0.0
default,4,2,finite_gaussian_lcb_1,Finite-row Gaussian bound: mean - 1 x SD,finite_gaussian_lcb,1.0,10300,0.1,19,0.0,1,1.0,1000.0,0.0002484472049689441,0.672,0.0
default,4,2,finite_gaussian_lcb_1.645,Finite-row Gaussian bound: mean - 1.645 x SD,finite_gaussian_lcb,1.645,10300,0.1,19,0.0,1,1.0,1000.0,0.0002484472049689441,0.672,0.0
default,4,2,finite_gaussian_lcb_1.96,Finite-row Gaussian bound: mean - 1.96 x SD,finite_gaussian_lcb,1.96,10300,0.1,19,0.0,1,1.0,1000.0,0.0002484472049689441,0.672,0.0
default,4,2,finite_population_lcb,Anytime finite-population lower bound (delta=0.05),confidence,0.05,10300,0.1,19,0.0,1,1.0,1000.0,0.0002484472049689441,0.672,0.0
default,4,3,posterior_mean,Current posterior mean,baseline,,10300,0.1,20,0.0,1,1.0,1000.0,0.0002484472049689441,0.6709316968917847,0.0
default,4,3,empirical_mean,Observed sample mean,baseline,,10300,0.1,20,0.0,1,1.0,1000.0,0.0002484472049689441,0.672,0.0
default,4,3,variance_gate_0.5,Variance gate: v/v0 <= 0.5,variance_gate,0.5,10300,0.1,20,0.0,1,1.0,1000.0,0.0002484472049689441,0.6709316770186335,0.0
default,4,3,variance_gate_0.2,Variance gate: v/v0 <= 0.2,variance_gate,0.2,10300,0.1,20,0.0,1,1.0,1000.0,0.0002484472049689441,0.6709316770186335,0.0
default,4,3,variance_gate_0.1,Variance gate: v/v0 <= 0.1,variance_gate,0.1,10300,0.1,20,0.0,1,1.0,1000.0,0.0002484472049689441,0.6709316770186335,0.0
default,4,3,variance_gate_0.05,Variance gate: v/v0 <= 0.05,variance_gate,0.05,10300,0.1,20,0.0,1,1.0,1000.0,0.0002484472049689441,0.6709316770186335,0.0
default,4,3,mean_variance_1,Mean - 1 x variance,mean_variance,1.0,10300,0.1,20,0.0,1,1.0,1000.0,0.0002484472049689441,0.6706832298136646,0.0
default,4,3,mean_variance_5,Mean - 5 x variance,mean_variance,5.0,10300,0.1,20,0.0,1,1.0,1000.0,0.0002484472049689441,0.6696894409937888,0.0
default,4,3,mean_variance_10,Mean - 10 x variance,mean_variance,10.0,10300,0.1,20,0.0,1,1.0,1000.0,0.0002484472049689441,0.668447204968944,0.0
default,4,3,mean_variance_20,Mean - 20 x variance,mean_variance,20.0,10300,0.1,20,0.0,1,1.0,1000.0,0.0002484472049689441,0.6659627329192547,0.0
default,4,3,gaussian_lcb_1,Gaussian lower bound: mean - 1 x SD,gaussian_lcb,1.0,10300,0.1,20,0.0,1,1.0,1000.0,0.0002484472049689441,0.6551694688938515,0.0
default,4,3,gaussian_lcb_1.645,Gaussian lower bound: mean - 1.645 x SD,gaussian_lcb,1.645,10300,0.1,20,0.0,1,1.0,1000.0,0.0002484472049689441,0.6450028446533671,0.0
default,4,3,gaussian_lcb_1.96,Gaussian lower bound: mean - 1.96 x SD,gaussian_lcb,1.96,10300,0.1,20,0.0,1,1.0,1000.0,0.0002484472049689441,0.6400377490940607,0.0
default,4,3,gaussian_lcb_2.576,Gaussian lower bound: mean - 2.576 x SD,gaussian_lcb,2.576,10300,0.1,20,0.0,1,1.0,1000.0,0.0002484472049689441,0.630328228889195,0.0
default,4,3,finite_gaussian_lcb_1,Finite-row Gaussian bound: mean - 1 x SD,finite_gaussian_lcb,1.0,10300,0.1,20,0.0,1,1.0,1000.0,0.0002484472049689441,0.672,0.0
default,4,3,finite_gaussian_lcb_1.645,Finite-row Gaussian bound: mean - 1.645 x SD,finite_gaussian_lcb,1.645,10300,0.1,20,0.0,1,1.0,1000.0,0.0002484472049689441,0.672,0.0
default,4,3,finite_gaussian_lcb_1.96,Finite-row Gaussian bound: mean - 1.96 x SD,finite_gaussian_lcb,1.96,10300,0.1,20,0.0,1,1.0,1000.0,0.0002484472049689441,0.672,0.0
default,4,3,finite_population_lcb,Anytime finite-population lower bound (delta=0.05),confidence,0.05,10300,0.1,20,0.0,1,1.0,1000.0,0.0002484472049689441,0.672,0.0
default,4,4,posterior_mean,Current posterior mean,baseline,,10300,0.1,19,0.0,1,1.0,1000.0,0.0002484472049689441,0.6709316968917847,0.0
default,4,4,empirical_mean,Observed sample mean,baseline,,10300,0.1,19,0.0,1,1.0,1000.0,0.0002484472049689441,0.672,0.0
default,4,4,variance_gate_0.5,Variance gate: v/v0 <= 0.5,variance_gate,0.5,10300,0.1,19,0.0,1,1.0,1000.0,0.0002484472049689441,0.6709316770186335,0.0
default,4,4,variance_gate_0.2,Variance gate: v/v0 <= 0.2,variance_gate,0.2,10300,0.1,19,0.0,1,1.0,1000.0,0.0002484472049689441,0.6709316770186335,0.0
default,4,4,variance_gate_0.1,Variance gate: v/v0 <= 0.1,variance_gate,0.1,10300,0.1,19,0.0,1,1.0,1000.0,0.0002484472049689441,0.6709316770186335,0.0
default,4,4,variance_gate_0.05,Variance gate: v/v0 <= 0.05,variance_gate,0.05,10300,0.1,19,0.0,1,1.0,1000.0,0.0002484472049689441,0.6709316770186335,0.0
default,4,4,mean_variance_1,Mean - 1 x variance,mean_variance,1.0,10300,0.1,19,0.0,1,1.0,1000.0,0.0002484472049689441,0.6706832298136646,0.0
default,4,4,mean_variance_5,Mean - 5 x variance,mean_variance,5.0,10300,0.1,19,0.0,1,1.0,1000.0,0.0002484472049689441,0.6696894409937888,0.0
default,4,4,mean_variance_10,Mean - 10 x variance,mean_variance,10.0,10300,0.1,19,0.0,1,1.0,1000.0,0.0002484472049689441,0.668447204968944,0.0
default,4,4,mean_variance_20,Mean - 20 x variance,mean_variance,20.0,10300,0.1,19,0.0,1,1.0,1000.0,0.0002484472049689441,0.6659627329192547,0.0
default,4,4,gaussian_lcb_1,Gaussian lower bound: mean - 1 x SD,gaussian_lcb,1.0,10300,0.1,19,0.0,1,1.0,1000.0,0.0002484472049689441,0.6551694688938515,0.0
default,4,4,gaussian_lcb_1.645,Gaussian lower bound: mean - 1.645 x SD,gaussian_lcb,1.645,10300,0.1,19,0.0,1,1.0,1000.0,0.0002484472049689441,0.6450028446533671,0.0
default,4,4,gaussian_lcb_1.96,Gaussian lower bound: mean - 1.96 x SD,gaussian_lcb,1.96,10300,0.1,19,0.0,1,1.0,1000.0,0.0002484472049689441,0.6400377490940607,0.0
default,4,4,gaussian_lcb_2.576,Gaussian lower bound: mean - 2.576 x SD,gaussian_lcb,2.576,10300,0.1,19,0.0,1,1.0,1000.0,0.0002484472049689441,0.630328228889195,0.0
default,4,4,finite_gaussian_lcb_1,Finite-row Gaussian bound: mean - 1 x SD,finite_gaussian_lcb,1.0,10300,0.1,19,0.0,1,1.0,1000.0,0.0002484472049689441,0.672,0.0
default,4,4,finite_gaussian_lcb_1.645,Finite-row Gaussian bound: mean - 1.645 x SD,finite_gaussian_lcb,1.645,10300,0.1,19,0.0,1,1.0,1000.0,0.0002484472049689441,0.672,0.0
default,4,4,finite_gaussian_lcb_1.96,Finite-row Gaussian bound: mean - 1.96 x SD,finite_gaussian_lcb,1.96,10300,0.1,19,0.0,1,1.0,1000.0,0.0002484472049689441,0.672,0.0
default,4,4,finite_population_lcb,Anytime finite-population lower bound (delta=0.05),confidence,0.05,10300,0.1,19,0.0,1,1.0,1000.0,0.0002484472049689441,0.672,0.0
default,4,5,posterior_mean,Current posterior mean,baseline,,10300,0.1,19,0.0,1,1.0,1000.0,0.0002484472049689441,0.6709316968917847,0.0
default,4,5,empirical_mean,Observed sample mean,baseline,,10300,0.1,19,0.0,1,1.0,1000.0,0.0002484472049689441,0.672,0.0
default,4,5,variance_gate_0.5,Variance gate: v/v0 <= 0.5,variance_gate,0.5,10300,0.1,19,0.0,1,1.0,1000.0,0.0002484472049689441,0.6709316770186335,0.0
default,4,5,variance_gate_0.2,Variance gate: v/v0 <= 0.2,variance_gate,0.2,10300,0.1,19,0.0,1,1.0,1000.0,0.0002484472049689441,0.6709316770186335,0.0
default,4,5,variance_gate_0.1,Variance gate: v/v0 <= 0.1,variance_gate,0.1,10300,0.1,19,0.0,1,1.0,1000.0,0.0002484472049689441,0.6709316770186335,0.0
default,4,5,variance_gate_0.05,Variance gate: v/v0 <= 0.05,variance_gate,0.05,10300,0.1,19,0.0,1,1.0,1000.0,0.0002484472049689441,0.6709316770186335,0.0
default,4,5,mean_variance_1,Mean - 1 x variance,mean_variance,1.0,10300,0.1,19,0.0,1,1.0,1000.0,0.0002484472049689441,0.6706832298136646,0.0
default,4,5,mean_variance_5,Mean - 5 x variance,mean_variance,5.0,10300,0.1,19,0.0,1,1.0,1000.0,0.0002484472049689441,0.6696894409937888,0.0
default,4,5,mean_variance_10,Mean - 10 x variance,mean_variance,10.0,10300,0.1,19,0.0,1,1.0,1000.0,0.0002484472049689441,0.668447204968944,0.0
default,4,5,mean_variance_20,Mean - 20 x variance,mean_variance,20.0,10300,0.1,19,0.0,1,1.0,1000.0,0.0002484472049689441,0.6659627329192547,0.0
default,4,5,gaussian_lcb_1,Gaussian lower bound: mean - 1 x SD,gaussian_lcb,1.0,10300,0.1,19,0.0,1,1.0,1000.0,0.0002484472049689441,0.6551694688938515,0.0
default,4,5,gaussian_lcb_1.645,Gaussian lower bound: mean - 1.645 x SD,gaussian_lcb,1.645,10300,0.1,19,0.0,1,1.0,1000.0,0.0002484472049689441,0.6450028446533671,0.0
default,4,5,gaussian_lcb_1.96,Gaussian lower bound: mean - 1.96 x SD,gaussian_lcb,1.96,10300,0.1,19,0.0,1,1.0,1000.0,0.0002484472049689441,0.6400377490940607,0.0
default,4,5,gaussian_lcb_2.576,Gaussian lower bound: mean - 2.576 x SD,gaussian_lcb,2.576,10300,0.1,19,0.0,1,1.0,1000.0,0.0002484472049689441,0.630328228889195,0.0
default,4,5,finite_gaussian_lcb_1,Finite-row Gaussian bound: mean - 1 x SD,finite_gaussian_lcb,1.0,10300,0.1,19,0.0,1,1.0,1000.0,0.0002484472049689441,0.672,0.0
default,4,5,finite_gaussian_lcb_1.645,Finite-row Gaussian bound: mean - 1.645 x SD,finite_gaussian_lcb,1.645,10300,0.1,19,0.0,1,1.0,1000.0,0.0002484472049689441,0.672,0.0
default,4,5,finite_gaussian_lcb_1.96,Finite-row Gaussian bound: mean - 1.96 x SD,finite_gaussian_lcb,1.96,10300,0.1,19,0.0,1,1.0,1000.0,0.0002484472049689441,0.672,0.0
default,4,5,finite_population_lcb,Anytime finite-population lower bound (delta=0.05),confidence,0.05,10300,0.1,19,0.0,1,1.0,1000.0,0.0002484472049689441,0.672,0.0
default,4,6,posterior_mean,Current posterior mean,baseline,,10300,0.1,19,0.0,1,1.0,1000.0,0.0002484472049689441,0.6709316968917847,0.0
default,4,6,empirical_mean,Observed sample mean,baseline,,10300,0.1,19,0.0,1,1.0,1000.0,0.0002484472049689441,0.672,0.0
default,4,6,variance_gate_0.5,Variance gate: v/v0 <= 0.5,variance_gate,0.5,10300,0.1,19,0.0,1,1.0,1000.0,0.0002484472049689441,0.6709316770186335,0.0
default,4,6,variance_gate_0.2,Variance gate: v/v0 <= 0.2,variance_gate,0.2,10300,0.1,19,0.0,1,1.0,1000.0,0.0002484472049689441,0.6709316770186335,0.0
default,4,6,variance_gate_0.1,Variance gate: v/v0 <= 0.1,variance_gate,0.1,10300,0.1,19,0.0,1,1.0,1000.0,0.0002484472049689441,0.6709316770186335,0.0
default,4,6,variance_gate_0.05,Variance gate: v/v0 <= 0.05,variance_gate,0.05,10300,0.1,19,0.0,1,1.0,1000.0,0.0002484472049689441,0.6709316770186335,0.0
default,4,6,mean_variance_1,Mean - 1 x variance,mean_variance,1.0,10300,0.1,19,0.0,1,1.0,1000.0,0.0002484472049689441,0.6706832298136646,0.0
default,4,6,mean_variance_5,Mean - 5 x variance,mean_variance,5.0,10300,0.1,19,0.0,1,1.0,1000.0,0.0002484472049689441,0.6696894409937888,0.0
default,4,6,mean_variance_10,Mean - 10 x variance,mean_variance,10.0,10300,0.1,19,0.0,1,1.0,1000.0,0.0002484472049689441,0.668447204968944,0.0
default,4,6,mean_variance_20,Mean - 20 x variance,mean_variance,20.0,10300,0.1,19,0.0,1,1.0,1000.0,0.0002484472049689441,0.6659627329192547,0.0
default,4,6,gaussian_lcb_1,Gaussian lower bound: mean - 1 x SD,gaussian_lcb,1.0,10300,0.1,19,0.0,1,1.0,1000.0,0.0002484472049689441,0.6551694688938515,0.0
default,4,6,gaussian_lcb_1.645,Gaussian lower bound: mean - 1.645 x SD,gaussian_lcb,1.645,10300,0.1,19,0.0,1,1.0,1000.0,0.0002484472049689441,0.6450028446533671,0.0
default,4,6,gaussian_lcb_1.96,Gaussian lower bound: mean - 1.96 x SD,gaussian_lcb,1.96,10300,0.1,19,0.0,1,1.0,1000.0,0.0002484472049689441,0.6400377490940607,0.0
default,4,6,gaussian_lcb_2.576,Gaussian lower bound: mean - 2.576 x SD,gaussian_lcb,2.576,10300,0.1,19,0.0,1,1.0,1000.0,0.0002484472049689441,0.630328228889195,0.0
default,4,6,finite_gaussian_lcb_1,Finite-row Gaussian bound: mean - 1 x SD,finite_gaussian_lcb,1.0,10300,0.1,19,0.0,1,1.0,1000.0,0.0002484472049689441,0.672,0.0
default,4,6,finite_gaussian_lcb_1.645,Finite-row Gaussian bound: mean - 1.645 x SD,finite_gaussian_lcb,1.645,10300,0.1,19,0.0,1,1.0,1000.0,0.0002484472049689441,0.672,0.0
default,4,6,finite_gaussian_lcb_1.96,Finite-row Gaussian bound: mean - 1.96 x SD,finite_gaussian_lcb,1.96,10300,0.1,19,0.0,1,1.0,1000.0,0.0002484472049689441,0.672,0.0
default,4,6,finite_population_lcb,Anytime finite-population lower bound (delta=0.05),confidence,0.05,10300,0.1,19,0.0,1,1.0,1000.0,0.0002484472049689441,0.672,0.0
default,4,7,posterior_mean,Current posterior mean,baseline,,10300,0.1,19,0.0,1,1.0,1000.0,0.0002484472049689441,0.6709316968917847,0.0
default,4,7,empirical_mean,Observed sample mean,baseline,,10300,0.1,19,0.0,1,1.0,1000.0,0.0002484472049689441,0.672,0.0
default,4,7,variance_gate_0.5,Variance gate: v/v0 <= 0.5,variance_gate,0.5,10300,0.1,19,0.0,1,1.0,1000.0,0.0002484472049689441,0.6709316770186335,0.0
default,4,7,variance_gate_0.2,Variance gate: v/v0 <= 0.2,variance_gate,0.2,10300,0.1,19,0.0,1,1.0,1000.0,0.0002484472049689441,0.6709316770186335,0.0
default,4,7,variance_gate_0.1,Variance gate: v/v0 <= 0.1,variance_gate,0.1,10300,0.1,19,0.0,1,1.0,1000.0,0.0002484472049689441,0.6709316770186335,0.0
default,4,7,variance_gate_0.05,Variance gate: v/v0 <= 0.05,variance_gate,0.05,10300,0.1,19,0.0,1,1.0,1000.0,0.0002484472049689441,0.6709316770186335,0.0
default,4,7,mean_variance_1,Mean - 1 x variance,mean_variance,1.0,10300,0.1,19,0.0,1,1.0,1000.0,0.0002484472049689441,0.6706832298136646,0.0
default,4,7,mean_variance_5,Mean - 5 x variance,mean_variance,5.0,10300,0.1,19,0.0,1,1.0,1000.0,0.0002484472049689441,0.6696894409937888,0.0
default,4,7,mean_variance_10,Mean - 10 x variance,mean_variance,10.0,10300,0.1,19,0.0,1,1.0,1000.0,0.0002484472049689441,0.668447204968944,0.0
default,4,7,mean_variance_20,Mean - 20 x variance,mean_variance,20.0,10300,0.1,19,0.0,1,1.0,1000.0,0.0002484472049689441,0.6659627329192547,0.0
default,4,7,gaussian_lcb_1,Gaussian lower bound: mean - 1 x SD,gaussian_lcb,1.0,10300,0.1,19,0.0,1,1.0,1000.0,0.0002484472049689441,0.6551694688938515,0.0
default,4,7,gaussian_lcb_1.645,Gaussian lower bound: mean - 1.645 x SD,gaussian_lcb,1.645,10300,0.1,19,0.0,1,1.0,1000.0,0.0002484472049689441,0.6450028446533671,0.0
default,4,7,gaussian_lcb_1.96,Gaussian lower bound: mean - 1.96 x SD,gaussian_lcb,1.96,10300,0.1,19,0.0,1,1.0,1000.0,0.0002484472049689441,0.6400377490940607,0.0
default,4,7,gaussian_lcb_2.576,Gaussian lower bound: mean - 2.576 x SD,gaussian_lcb,2.576,10300,0.1,19,0.0,1,1.0,1000.0,0.0002484472049689441,0.630328228889195,0.0
default,4,7,finite_gaussian_lcb_1,Finite-row Gaussian bound: mean - 1 x SD,finite_gaussian_lcb,1.0,10300,0.1,19,0.0,1,1.0,1000.0,0.0002484472049689441,0.672,0.0
default,4,7,finite_gaussian_lcb_1.645,Finite-row Gaussian bound: mean - 1.645 x SD,finite_gaussian_lcb,1.645,10300,0.1,19,0.0,1,1.0,1000.0,0.0002484472049689441,0.672,0.0
default,4,7,finite_gaussian_lcb_1.96,Finite-row Gaussian bound: mean - 1.96 x SD,finite_gaussian_lcb,1.96,10300,0.1,19,0.0,1,1.0,1000.0,0.0002484472049689441,0.672,0.0
default,4,7,finite_population_lcb,Anytime finite-population lower bound (delta=0.05),confidence,0.05,10300,0.1,19,0.0,1,1.0,1000.0,0.0002484472049689441,0.672,0.0
default,4,8,posterior_mean,Current posterior mean,baseline,,10300,0.1,20,0.0,1,1.0,1000.0,0.0002484472049689441,0.6709316968917847,0.0
default,4,8,empirical_mean,Observed sample mean,baseline,,10300,0.1,20,0.0,1,1.0,1000.0,0.0002484472049689441,0.672,0.0
default,4,8,variance_gate_0.5,Variance gate: v/v0 <= 0.5,variance_gate,0.5,10300,0.1,20,0.0,1,1.0,1000.0,0.0002484472049689441,0.6709316770186335,0.0
default,4,8,variance_gate_0.2,Variance gate: v/v0 <= 0.2,variance_gate,0.2,10300,0.1,20,0.0,1,1.0,1000.0,0.0002484472049689441,0.6709316770186335,0.0
default,4,8,variance_gate_0.1,Variance gate: v/v0 <= 0.1,variance_gate,0.1,10300,0.1,20,0.0,1,1.0,1000.0,0.0002484472049689441,0.6709316770186335,0.0
default,4,8,variance_gate_0.05,Variance gate: v/v0 <= 0.05,variance_gate,0.05,10300,0.1,20,0.0,1,1.0,1000.0,0.0002484472049689441,0.6709316770186335,0.0
default,4,8,mean_variance_1,Mean - 1 x variance,mean_variance,1.0,10300,0.1,20,0.0,1,1.0,1000.0,0.0002484472049689441,0.6706832298136646,0.0
default,4,8,mean_variance_5,Mean - 5 x variance,mean_variance,5.0,10300,0.1,20,0.0,1,1.0,1000.0,0.0002484472049689441,0.6696894409937888,0.0
default,4,8,mean_variance_10,Mean - 10 x variance,mean_variance,10.0,10300,0.1,20,0.0,1,1.0,1000.0,0.0002484472049689441,0.668447204968944,0.0
default,4,8,mean_variance_20,Mean - 20 x variance,mean_variance,20.0,10300,0.1,20,0.0,1,1.0,1000.0,0.0002484472049689441,0.6659627329192547,0.0
default,4,8,gaussian_lcb_1,Gaussian lower bound: mean - 1 x SD,gaussian_lcb,1.0,10300,0.1,20,0.0,1,1.0,1000.0,0.0002484472049689441,0.6551694688938515,0.0
default,4,8,gaussian_lcb_1.645,Gaussian lower bound: mean - 1.645 x SD,gaussian_lcb,1.645,10300,0.1,20,0.0,1,1.0,1000.0,0.0002484472049689441,0.6450028446533671,0.0
default,4,8,gaussian_lcb_1.96,Gaussian lower bound: mean - 1.96 x SD,gaussian_lcb,1.96,10300,0.1,20,0.0,1,1.0,1000.0,0.0002484472049689441,0.6400377490940607,0.0
default,4,8,gaussian_lcb_2.576,Gaussian lower bound: mean - 2.576 x SD,gaussian_lcb,2.576,10300,0.1,20,0.0,1,1.0,1000.0,0.0002484472049689441,0.630328228889195,0.0
default,4,8,finite_gaussian_lcb_1,Finite-row Gaussian bound: mean - 1 x SD,finite_gaussian_lcb,1.0,10300,0.1,20,0.0,1,1.0,1000.0,0.0002484472049689441,0.672,0.0
default,4,8,finite_gaussian_lcb_1.645,Finite-row Gaussian bound: mean - 1.645 x SD,finite_gaussian_lcb,1.645,10300,0.1,20,0.0,1,1.0,1000.0,0.0002484472049689441,0.672,0.0
default,4,8,finite_gaussian_lcb_1.96,Finite-row Gaussian bound: mean - 1.96 x SD,finite_gaussian_lcb,1.96,10300,0.1,20,0.0,1,1.0,1000.0,0.0002484472049689441,0.672,0.0
default,4,8,finite_population_lcb,Anytime finite-population lower bound (delta=0.05),confidence,0.05,10300,0.1,20,0.0,1,1.0,1000.0,0.0002484472049689441,0.672,0.0
default,4,9,posterior_mean,Current posterior mean,baseline,,10300,0.1,19,0.0,1,1.0,1000.0,0.0002484472049689441,0.6709316968917847,0.0
default,4,9,empirical_mean,Observed sample mean,baseline,,10300,0.1,19,0.0,1,1.0,1000.0,0.0002484472049689441,0.672,0.0
default,4,9,variance_gate_0.5,Variance gate: v/v0 <= 0.5,variance_gate,0.5,10300,0.1,19,0.0,1,1.0,1000.0,0.0002484472049689441,0.6709316770186335,0.0
default,4,9,variance_gate_0.2,Variance gate: v/v0 <= 0.2,variance_gate,0.2,10300,0.1,19,0.0,1,1.0,1000.0,0.0002484472049689441,0.6709316770186335,0.0
default,4,9,variance_gate_0.1,Variance gate: v/v0 <= 0.1,variance_gate,0.1,10300,0.1,19,0.0,1,1.0,1000.0,0.0002484472049689441,0.6709316770186335,0.0
default,4,9,variance_gate_0.05,Variance gate: v/v0 <= 0.05,variance_gate,0.05,10300,0.1,19,0.0,1,1.0,1000.0,0.0002484472049689441,0.6709316770186335,0.0
default,4,9,mean_variance_1,Mean - 1 x variance,mean_variance,1.0,10300,0.1,19,0.0,1,1.0,1000.0,0.0002484472049689441,0.6706832298136646,0.0
default,4,9,mean_variance_5,Mean - 5 x variance,mean_variance,5.0,10300,0.1,19,0.0,1,1.0,1000.0,0.0002484472049689441,0.6696894409937888,0.0
default,4,9,mean_variance_10,Mean - 10 x variance,mean_variance,10.0,10300,0.1,19,0.0,1,1.0,1000.0,0.0002484472049689441,0.668447204968944,0.0
default,4,9,mean_variance_20,Mean - 20 x variance,mean_variance,20.0,10300,0.1,19,0.0,1,1.0,1000.0,0.0002484472049689441,0.6659627329192547,0.0
default,4,9,gaussian_lcb_1,Gaussian lower bound: mean - 1 x SD,gaussian_lcb,1.0,10300,0.1,19,0.0,1,1.0,1000.0,0.0002484472049689441,0.6551694688938515,0.0
default,4,9,gaussian_lcb_1.645,Gaussian lower bound: mean - 1.645 x SD,gaussian_lcb,1.645,10300,0.1,19,0.0,1,1.0,1000.0,0.0002484472049689441,0.6450028446533671,0.0
default,4,9,gaussian_lcb_1.96,Gaussian lower bound: mean - 1.96 x SD,gaussian_lcb,1.96,10300,0.1,19,0.0,1,1.0,1000.0,0.0002484472049689441,0.6400377490940607,0.0
default,4,9,gaussian_lcb_2.576,Gaussian lower bound: mean - 2.576 x SD,gaussian_lcb,2.576,10300,0.1,19,0.0,1,1.0,1000.0,0.0002484472049689441,0.630328228889195,0.0
default,4,9,finite_gaussian_lcb_1,Finite-row Gaussian bound: mean - 1 x SD,finite_gaussian_lcb,1.0,10300,0.1,19,0.0,1,1.0,1000.0,0.0002484472049689441,0.672,0.0
default,4,9,finite_gaussian_lcb_1.645,Finite-row Gaussian bound: mean - 1.645 x SD,finite_gaussian_lcb,1.645,10300,0.1,19,0.0,1,1.0,1000.0,0.0002484472049689441,0.672,0.0
default,4,9,finite_gaussian_lcb_1.96,Finite-row Gaussian bound: mean - 1.96 x SD,finite_gaussian_lcb,1.96,10300,0.1,19,0.0,1,1.0,1000.0,0.0002484472049689441,0.672,0.0
default,4,9,finite_population_lcb,Anytime finite-population lower bound (delta=0.05),confidence,0.05,10300,0.1,19,0.0,1,1.0,1000.0,0.0002484472049689441,0.672,0.0
default,4,10,posterior_mean,Current posterior mean,baseline,,10300,0.1,20,0.0,1,1.0,1000.0,0.0002484472049689441,0.6709316968917847,0.0
default,4,10,empirical_mean,Observed sample mean,baseline,,10300,0.1,20,0.0,1,1.0,1000.0,0.0002484472049689441,0.672,0.0
default,4,10,variance_gate_0.5,Variance gate: v/v0 <= 0.5,variance_gate,0.5,10300,0.1,20,0.0,1,1.0,1000.0,0.0002484472049689441,0.6709316770186335,0.0
default,4,10,variance_gate_0.2,Variance gate: v/v0 <= 0.2,variance_gate,0.2,10300,0.1,20,0.0,1,1.0,1000.0,0.0002484472049689441,0.6709316770186335,0.0
default,4,10,variance_gate_0.1,Variance gate: v/v0 <= 0.1,variance_gate,0.1,10300,0.1,20,0.0,1,1.0,1000.0,0.0002484472049689441,0.6709316770186335,0.0
default,4,10,variance_gate_0.05,Variance gate: v/v0 <= 0.05,variance_gate,0.05,10300,0.1,20,0.0,1,1.0,1000.0,0.0002484472049689441,0.6709316770186335,0.0
default,4,10,mean_variance_1,Mean - 1 x variance,mean_variance,1.0,10300,0.1,20,0.0,1,1.0,1000.0,0.0002484472049689441,0.6706832298136646,0.0
default,4,10,mean_variance_5,Mean - 5 x variance,mean_variance,5.0,10300,0.1,20,0.0,1,1.0,1000.0,0.0002484472049689441,0.6696894409937888,0.0
default,4,10,mean_variance_10,Mean - 10 x variance,mean_variance,10.0,10300,0.1,20,0.0,1,1.0,1000.0,0.0002484472049689441,0.668447204968944,0.0
default,4,10,mean_variance_20,Mean - 20 x variance,mean_variance,20.0,10300,0.1,20,0.0,1,1.0,1000.0,0.0002484472049689441,0.6659627329192547,0.0
default,4,10,gaussian_lcb_1,Gaussian lower bound: mean - 1 x SD,gaussian_lcb,1.0,10300,0.1,20,0.0,1,1.0,1000.0,0.0002484472049689441,0.6551694688938515,0.0
default,4,10,gaussian_lcb_1.645,Gaussian lower bound: mean - 1.645 x SD,gaussian_lcb,1.645,10300,0.1,20,0.0,1,1.0,1000.0,0.0002484472049689441,0.6450028446533671,0.0
default,4,10,gaussian_lcb_1.96,Gaussian lower bound: mean - 1.96 x SD,gaussian_lcb,1.96,10300,0.1,20,0.0,1,1.0,1000.0,0.0002484472049689441,0.6400377490940607,0.0
default,4,10,gaussian_lcb_2.576,Gaussian lower bound: mean - 2.576 x SD,gaussian_lcb,2.576,10300,0.1,20,0.0,1,1.0,1000.0,0.0002484472049689441,0.630328228889195,0.0
default,4,10,finite_gaussian_lcb_1,Finite-row Gaussian bound: mean - 1 x SD,finite_gaussian_lcb,1.0,10300,0.1,20,0.0,1,1.0,1000.0,0.0002484472049689441,0.672,0.0
default,4,10,finite_gaussian_lcb_1.645,Finite-row Gaussian bound: mean - 1.645 x SD,finite_gaussian_lcb,1.645,10300,0.1,20,0.0,1,1.0,1000.0,0.0002484472049689441,0.672,0.0
default,4,10,finite_gaussian_lcb_1.96,Finite-row Gaussian bound: mean - 1.96 x SD,finite_gaussian_lcb,1.96,10300,0.1,20,0.0,1,1.0,1000.0,0.0002484472049689441,0.672,0.0
default,4,10,finite_population_lcb,Anytime finite-population lower bound (delta=0.05),confidence,0.05,10300,0.1,20,0.0,1,1.0,1000.0,0.0002484472049689441,0.672,0.0
default,4,11,posterior_mean,Current posterior mean,baseline,,10300,0.1,19,0.0,1,1.0,1000.0,0.0002484472049689441,0.6709316968917847,0.0
default,4,11,empirical_mean,Observed sample mean,baseline,,10300,0.1,19,0.0,1,1.0,1000.0,0.0002484472049689441,0.672,0.0
default,4,11,variance_gate_0.5,Variance gate: v/v0 <= 0.5,variance_gate,0.5,10300,0.1,19,0.0,1,1.0,1000.0,0.0002484472049689441,0.6709316770186335,0.0
default,4,11,variance_gate_0.2,Variance gate: v/v0 <= 0.2,variance_gate,0.2,10300,0.1,19,0.0,1,1.0,1000.0,0.0002484472049689441,0.6709316770186335,0.0
default,4,11,variance_gate_0.1,Variance gate: v/v0 <= 0.1,variance_gate,0.1,10300,0.1,19,0.0,1,1.0,1000.0,0.0002484472049689441,0.6709316770186335,0.0
default,4,11,variance_gate_0.05,Variance gate: v/v0 <= 0.05,variance_gate,0.05,10300,0.1,19,0.0,1,1.0,1000.0,0.0002484472049689441,0.6709316770186335,0.0
default,4,11,mean_variance_1,Mean - 1 x variance,mean_variance,1.0,10300,0.1,19,0.0,1,1.0,1000.0,0.0002484472049689441,0.6706832298136646,0.0
default,4,11,mean_variance_5,Mean - 5 x variance,mean_variance,5.0,10300,0.1,19,0.0,1,1.0,1000.0,0.0002484472049689441,0.6696894409937888,0.0
default,4,11,mean_variance_10,Mean - 10 x variance,mean_variance,10.0,10300,0.1,19,0.0,1,1.0,1000.0,0.0002484472049689441,0.668447204968944,0.0
default,4,11,mean_variance_20,Mean - 20 x variance,mean_variance,20.0,10300,0.1,19,0.0,1,1.0,1000.0,0.0002484472049689441,0.6659627329192547,0.0
default,4,11,gaussian_lcb_1,Gaussian lower bound: mean - 1 x SD,gaussian_lcb,1.0,10300,0.1,19,0.0,1,1.0,1000.0,0.0002484472049689441,0.6551694688938515,0.0
default,4,11,gaussian_lcb_1.645,Gaussian lower bound: mean - 1.645 x SD,gaussian_lcb,1.645,10300,0.1,19,0.0,1,1.0,1000.0,0.0002484472049689441,0.6450028446533671,0.0
default,4,11,gaussian_lcb_1.96,Gaussian lower bound: mean - 1.96 x SD,gaussian_lcb,1.96,10300,0.1,19,0.0,1,1.0,1000.0,0.0002484472049689441,0.6400377490940607,0.0
default,4,11,gaussian_lcb_2.576,Gaussian lower bound: mean - 2.576 x SD,gaussian_lcb,2.576,10300,0.1,19,0.0,1,1.0,1000.0,0.0002484472049689441,0.630328228889195,0.0
default,4,11,finite_gaussian_lcb_1,Finite-row Gaussian bound: mean - 1 x SD,finite_gaussian_lcb,1.0,10300,0.1,19,0.0,1,1.0,1000.0,0.0002484472049689441,0.672,0.0
default,4,11,finite_gaussian_lcb_1.645,Finite-row Gaussian bound: mean - 1.645 x SD,finite_gaussian_lcb,1.645,10300,0.1,19,0.0,1,1.0,1000.0,0.0002484472049689441,0.672,0.0
default,4,11,finite_gaussian_lcb_1.96,Finite-row Gaussian bound: mean - 1.96 x SD,finite_gaussian_lcb,1.96,10300,0.1,19,0.0,1,1.0,1000.0,0.0002484472049689441,0.672,0.0
default,4,11,finite_population_lcb,Anytime finite-population lower bound (delta=0.05),confidence,0.05,10300,0.1,19,0.0,1,1.0,1000.0,0.0002484472049689441,0.672,0.0
default,4,12,posterior_mean,Current posterior mean,baseline,,10300,0.1,19,0.0,1,1.0,1000.0,0.0002484472049689441,0.6709316968917847,0.0
default,4,12,empirical_mean,Observed sample mean,baseline,,10300,0.1,19,0.0,1,1.0,1000.0,0.0002484472049689441,0.672,0.0
default,4,12,variance_gate_0.5,Variance gate: v/v0 <= 0.5,variance_gate,0.5,10300,0.1,19,0.0,1,1.0,1000.0,0.0002484472049689441,0.6709316770186335,0.0
default,4,12,variance_gate_0.2,Variance gate: v/v0 <= 0.2,variance_gate,0.2,10300,0.1,19,0.0,1,1.0,1000.0,0.0002484472049689441,0.6709316770186335,0.0
default,4,12,variance_gate_0.1,Variance gate: v/v0 <= 0.1,variance_gate,0.1,10300,0.1,19,0.0,1,1.0,1000.0,0.0002484472049689441,0.6709316770186335,0.0
default,4,12,variance_gate_0.05,Variance gate: v/v0 <= 0.05,variance_gate,0.05,10300,0.1,19,0.0,1,1.0,1000.0,0.0002484472049689441,0.6709316770186335,0.0
default,4,12,mean_variance_1,Mean - 1 x variance,mean_variance,1.0,10300,0.1,19,0.0,1,1.0,1000.0,0.0002484472049689441,0.6706832298136646,0.0
default,4,12,mean_variance_5,Mean - 5 x variance,mean_variance,5.0,10300,0.1,19,0.0,1,1.0,1000.0,0.0002484472049689441,0.6696894409937888,0.0
default,4,12,mean_variance_10,Mean - 10 x variance,mean_variance,10.0,10300,0.1,19,0.0,1,1.0,1000.0,0.0002484472049689441,0.668447204968944,0.0
default,4,12,mean_variance_20,Mean - 20 x variance,mean_variance,20.0,10300,0.1,19,0.0,1,1.0,1000.0,0.0002484472049689441,0.6659627329192547,0.0
default,4,12,gaussian_lcb_1,Gaussian lower bound: mean - 1 x SD,gaussian_lcb,1.0,10300,0.1,19,0.0,1,1.0,1000.0,0.0002484472049689441,0.6551694688938515,0.0
default,4,12,gaussian_lcb_1.645,Gaussian lower bound: mean - 1.645 x SD,gaussian_lcb,1.645,10300,0.1,19,0.0,1,1.0,1000.0,0.0002484472049689441,0.6450028446533671,0.0
default,4,12,gaussian_lcb_1.96,Gaussian lower bound: mean - 1.96 x SD,gaussian_lcb,1.96,10300,0.1,19,0.0,1,1.0,1000.0,0.0002484472049689441,0.6400377490940607,0.0
default,4,12,gaussian_lcb_2.576,Gaussian lower bound: mean - 2.576 x SD,gaussian_lcb,2.576,10300,0.1,19,0.0,1,1.0,1000.0,0.0002484472049689441,0.630328228889195,0.0
default,4,12,finite_gaussian_lcb_1,Finite-row Gaussian bound: mean - 1 x SD,finite_gaussian_lcb,1.0,10300,0.1,19,0.0,1,1.0,1000.0,0.0002484472049689441,0.672,0.0
default,4,12,finite_gaussian_lcb_1.645,Finite-row Gaussian bound: mean - 1.645 x SD,finite_gaussian_lcb,1.645,10300,0.1,19,0.0,1,1.0,1000.0,0.0002484472049689441,0.672,0.0
default,4,12,finite_gaussian_lcb_1.96,Finite-row Gaussian bound: mean - 1.96 x SD,finite_gaussian_lcb,1.96,10300,0.1,19,0.0,1,1.0,1000.0,0.0002484472049689441,0.672,0.0
default,4,12,finite_population_lcb,Anytime finite-population lower bound (delta=0.05),confidence,0.05,10300,0.1,19,0.0,1,1.0,1000.0,0.0002484472049689441,0.672,0.0
default,4,13,posterior_mean,Current posterior mean,baseline,,10300,0.1,19,0.0,1,1.0,1000.0,0.0002484472049689441,0.6709316968917847,0.0
default,4,13,empirical_mean,Observed sample mean,baseline,,10300,0.1,19,0.0,1,1.0,1000.0,0.0002484472049689441,0.672,0.0
default,4,13,variance_gate_0.5,Variance gate: v/v0 <= 0.5,variance_gate,0.5,10300,0.1,19,0.0,1,1.0,1000.0,0.0002484472049689441,0.6709316770186335,0.0
default,4,13,variance_gate_0.2,Variance gate: v/v0 <= 0.2,variance_gate,0.2,10300,0.1,19,0.0,1,1.0,1000.0,0.0002484472049689441,0.6709316770186335,0.0
default,4,13,variance_gate_0.1,Variance gate: v/v0 <= 0.1,variance_gate,0.1,10300,0.1,19,0.0,1,1.0,1000.0,0.0002484472049689441,0.6709316770186335,0.0
default,4,13,variance_gate_0.05,Variance gate: v/v0 <= 0.05,variance_gate,0.05,10300,0.1,19,0.0,1,1.0,1000.0,0.0002484472049689441,0.6709316770186335,0.0
default,4,13,mean_variance_1,Mean - 1 x variance,mean_variance,1.0,10300,0.1,19,0.0,1,1.0,1000.0,0.0002484472049689441,0.6706832298136646,0.0
default,4,13,mean_variance_5,Mean - 5 x variance,mean_variance,5.0,10300,0.1,19,0.0,1,1.0,1000.0,0.0002484472049689441,0.6696894409937888,0.0
default,4,13,mean_variance_10,Mean - 10 x variance,mean_variance,10.0,10300,0.1,19,0.0,1,1.0,1000.0,0.0002484472049689441,0.668447204968944,0.0
default,4,13,mean_variance_20,Mean - 20 x variance,mean_variance,20.0,10300,0.1,19,0.0,1,1.0,1000.0,0.0002484472049689441,0.6659627329192547,0.0
default,4,13,gaussian_lcb_1,Gaussian lower bound: mean - 1 x SD,gaussian_lcb,1.0,10300,0.1,19,0.0,1,1.0,1000.0,0.0002484472049689441,0.6551694688938515,0.0
default,4,13,gaussian_lcb_1.645,Gaussian lower bound: mean - 1.645 x SD,gaussian_lcb,1.645,10300,0.1,19,0.0,1,1.0,1000.0,0.0002484472049689441,0.6450028446533671,0.0
default,4,13,gaussian_lcb_1.96,Gaussian lower bound: mean - 1.96 x SD,gaussian_lcb,1.96,10300,0.1,19,0.0,1,1.0,1000.0,0.0002484472049689441,0.6400377490940607,0.0
default,4,13,gaussian_lcb_2.576,Gaussian lower bound: mean - 2.576 x SD,gaussian_lcb,2.576,10300,0.1,19,0.0,1,1.0,1000.0,0.0002484472049689441,0.630328228889195,0.0
default,4,13,finite_gaussian_lcb_1,Finite-row Gaussian bound: mean - 1 x SD,finite_gaussian_lcb,1.0,10300,0.1,19,0.0,1,1.0,1000.0,0.0002484472049689441,0.672,0.0
default,4,13,finite_gaussian_lcb_1.645,Finite-row Gaussian bound: mean - 1.645 x SD,finite_gaussian_lcb,1.645,10300,0.1,19,0.0,1,1.0,1000.0,0.0002484472049689441,0.672,0.0
default,4,13,finite_gaussian_lcb_1.96,Finite-row Gaussian bound: mean - 1.96 x SD,finite_gaussian_lcb,1.96,10300,0.1,19,0.0,1,1.0,1000.0,0.0002484472049689441,0.672,0.0
default,4,13,finite_population_lcb,Anytime finite-population lower bound (delta=0.05),confidence,0.05,10300,0.1,19,0.0,1,1.0,1000.0,0.0002484472049689441,0.672,0.0
default,4,14,posterior_mean,Current posterior mean,baseline,,10300,0.1,19,0.0,1,1.0,1000.0,0.0002484472049689441,0.6709316968917847,0.0
default,4,14,empirical_mean,Observed sample mean,baseline,,10300,0.1,19,0.0,1,1.0,1000.0,0.0002484472049689441,0.672,0.0
default,4,14,variance_gate_0.5,Variance gate: v/v0 <= 0.5,variance_gate,0.5,10300,0.1,19,0.0,1,1.0,1000.0,0.0002484472049689441,0.6709316770186335,0.0
default,4,14,variance_gate_0.2,Variance gate: v/v0 <= 0.2,variance_gate,0.2,10300,0.1,19,0.0,1,1.0,1000.0,0.0002484472049689441,0.6709316770186335,0.0
default,4,14,variance_gate_0.1,Variance gate: v/v0 <= 0.1,variance_gate,0.1,10300,0.1,19,0.0,1,1.0,1000.0,0.0002484472049689441,0.6709316770186335,0.0
default,4,14,variance_gate_0.05,Variance gate: v/v0 <= 0.05,variance_gate,0.05,10300,0.1,19,0.0,1,1.0,1000.0,0.0002484472049689441,0.6709316770186335,0.0
default,4,14,mean_variance_1,Mean - 1 x variance,mean_variance,1.0,10300,0.1,19,0.0,1,1.0,1000.0,0.0002484472049689441,0.6706832298136646,0.0
default,4,14,mean_variance_5,Mean - 5 x variance,mean_variance,5.0,10300,0.1,19,0.0,1,1.0,1000.0,0.0002484472049689441,0.6696894409937888,0.0
default,4,14,mean_variance_10,Mean - 10 x variance,mean_variance,10.0,10300,0.1,19,0.0,1,1.0,1000.0,0.0002484472049689441,0.668447204968944,0.0
default,4,14,mean_variance_20,Mean - 20 x variance,mean_variance,20.0,10300,0.1,19,0.0,1,1.0,1000.0,0.0002484472049689441,0.6659627329192547,0.0
default,4,14,gaussian_lcb_1,Gaussian lower bound: mean - 1 x SD,gaussian_lcb,1.0,10300,0.1,19,0.0,1,1.0,1000.0,0.0002484472049689441,0.6551694688938515,0.0
default,4,14,gaussian_lcb_1.645,Gaussian lower bound: mean - 1.645 x SD,gaussian_lcb,1.645,10300,0.1,19,0.0,1,1.0,1000.0,0.0002484472049689441,0.6450028446533671,0.0
default,4,14,gaussian_lcb_1.96,Gaussian lower bound: mean - 1.96 x SD,gaussian_lcb,1.96,10300,0.1,19,0.0,1,1.0,1000.0,0.0002484472049689441,0.6400377490940607,0.0
default,4,14,gaussian_lcb_2.576,Gaussian lower bound: mean - 2.576 x SD,gaussian_lcb,2.576,10300,0.1,19,0.0,1,1.0,1000.0,0.0002484472049689441,0.630328228889195,0.0
default,4,14,finite_gaussian_lcb_1,Finite-row Gaussian bound: mean - 1 x SD,finite_gaussian_lcb,1.0,10300,0.1,19,0.0,1,1.0,1000.0,0.0002484472049689441,0.672,0.0
default,4,14,finite_gaussian_lcb_1.645,Finite-row Gaussian bound: mean - 1.645 x SD,finite_gaussian_lcb,1.645,10300,0.1,19,0.0,1,1.0,1000.0,0.0002484472049689441,0.672,0.0
default,4,14,finite_gaussian_lcb_1.96,Finite-row Gaussian bound: mean - 1.96 x SD,finite_gaussian_lcb,1.96,10300,0.1,19,0.0,1,1.0,1000.0,0.0002484472049689441,0.672,0.0
default,4,14,finite_population_lcb,Anytime finite-population lower bound (delta=0.05),confidence,0.05,10300,0.1,19,0.0,1,1.0,1000.0,0.0002484472049689441,0.672,0.0
default,4,15,posterior_mean,Current posterior mean,baseline,,10300,0.1,19,0.0,1,1.0,1000.0,0.0002484472049689441,0.6709316968917847,0.0
default,4,15,empirical_mean,Observed sample mean,baseline,,10300,0.1,19,0.0,1,1.0,1000.0,0.0002484472049689441,0.672,0.0
default,4,15,variance_gate_0.5,Variance gate: v/v0 <= 0.5,variance_gate,0.5,10300,0.1,19,0.0,1,1.0,1000.0,0.0002484472049689441,0.6709316770186335,0.0
default,4,15,variance_gate_0.2,Variance gate: v/v0 <= 0.2,variance_gate,0.2,10300,0.1,19,0.0,1,1.0,1000.0,0.0002484472049689441,0.6709316770186335,0.0
default,4,15,variance_gate_0.1,Variance gate: v/v0 <= 0.1,variance_gate,0.1,10300,0.1,19,0.0,1,1.0,1000.0,0.0002484472049689441,0.6709316770186335,0.0
default,4,15,variance_gate_0.05,Variance gate: v/v0 <= 0.05,variance_gate,0.05,10300,0.1,19,0.0,1,1.0,1000.0,0.0002484472049689441,0.6709316770186335,0.0
default,4,15,mean_variance_1,Mean - 1 x variance,mean_variance,1.0,10300,0.1,19,0.0,1,1.0,1000.0,0.0002484472049689441,0.6706832298136646,0.0
default,4,15,mean_variance_5,Mean - 5 x variance,mean_variance,5.0,10300,0.1,19,0.0,1,1.0,1000.0,0.0002484472049689441,0.6696894409937888,0.0
default,4,15,mean_variance_10,Mean - 10 x variance,mean_variance,10.0,10300,0.1,19,0.0,1,1.0,1000.0,0.0002484472049689441,0.668447204968944,0.0
default,4,15,mean_variance_20,Mean - 20 x variance,mean_variance,20.0,10300,0.1,19,0.0,1,1.0,1000.0,0.0002484472049689441,0.6659627329192547,0.0
default,4,15,gaussian_lcb_1,Gaussian lower bound: mean - 1 x SD,gaussian_lcb,1.0,10300,0.1,19,0.0,1,1.0,1000.0,0.0002484472049689441,0.6551694688938515,0.0
default,4,15,gaussian_lcb_1.645,Gaussian lower bound: mean - 1.645 x SD,gaussian_lcb,1.645,10300,0.1,19,0.0,1,1.0,1000.0,0.0002484472049689441,0.6450028446533671,0.0
default,4,15,gaussian_lcb_1.96,Gaussian lower bound: mean - 1.96 x SD,gaussian_lcb,1.96,10300,0.1,19,0.0,1,1.0,1000.0,0.0002484472049689441,0.6400377490940607,0.0
default,4,15,gaussian_lcb_2.576,Gaussian lower bound: mean - 2.576 x SD,gaussian_lcb,2.576,10300,0.1,19,0.0,1,1.0,1000.0,0.0002484472049689441,0.630328228889195,0.0
default,4,15,finite_gaussian_lcb_1,Finite-row Gaussian bound: mean - 1 x SD,finite_gaussian_lcb,1.0,10300,0.1,19,0.0,1,1.0,1000.0,0.0002484472049689441,0.672,0.0
default,4,15,finite_gaussian_lcb_1.645,Finite-row Gaussian bound: mean - 1.645 x SD,finite_gaussian_lcb,1.645,10300,0.1,19,0.0,1,1.0,1000.0,0.0002484472049689441,0.672,0.0
default,4,15,finite_gaussian_lcb_1.96,Finite-row Gaussian bound: mean - 1.96 x SD,finite_gaussian_lcb,1.96,10300,0.1,19,0.0,1,1.0,1000.0,0.0002484472049689441,0.672,0.0
default,4,15,finite_population_lcb,Anytime finite-population lower bound (delta=0.05),confidence,0.05,10300,0.1,19,0.0,1,1.0,1000.0,0.0002484472049689441,0.672,0.0
default,4,16,posterior_mean,Current posterior mean,baseline,,10300,0.1,19,0.0,1,1.0,1000.0,0.0002484472049689441,0.6709316968917847,0.0
default,4,16,empirical_mean,Observed sample mean,baseline,,10300,0.1,19,0.0,1,1.0,1000.0,0.0002484472049689441,0.672,0.0
default,4,16,variance_gate_0.5,Variance gate: v/v0 <= 0.5,variance_gate,0.5,10300,0.1,19,0.0,1,1.0,1000.0,0.0002484472049689441,0.6709316770186335,0.0
default,4,16,variance_gate_0.2,Variance gate: v/v0 <= 0.2,variance_gate,0.2,10300,0.1,19,0.0,1,1.0,1000.0,0.0002484472049689441,0.6709316770186335,0.0
default,4,16,variance_gate_0.1,Variance gate: v/v0 <= 0.1,variance_gate,0.1,10300,0.1,19,0.0,1,1.0,1000.0,0.0002484472049689441,0.6709316770186335,0.0
default,4,16,variance_gate_0.05,Variance gate: v/v0 <= 0.05,variance_gate,0.05,10300,0.1,19,0.0,1,1.0,1000.0,0.0002484472049689441,0.6709316770186335,0.0
default,4,16,mean_variance_1,Mean - 1 x variance,mean_variance,1.0,10300,0.1,19,0.0,1,1.0,1000.0,0.0002484472049689441,0.6706832298136646,0.0
default,4,16,mean_variance_5,Mean - 5 x variance,mean_variance,5.0,10300,0.1,19,0.0,1,1.0,1000.0,0.0002484472049689441,0.6696894409937888,0.0
default,4,16,mean_variance_10,Mean - 10 x variance,mean_variance,10.0,10300,0.1,19,0.0,1,1.0,1000.0,0.0002484472049689441,0.668447204968944,0.0
default,4,16,mean_variance_20,Mean - 20 x variance,mean_variance,20.0,10300,0.1,19,0.0,1,1.0,1000.0,0.0002484472049689441,0.6659627329192547,0.0
default,4,16,gaussian_lcb_1,Gaussian lower bound: mean - 1 x SD,gaussian_lcb,1.0,10300,0.1,19,0.0,1,1.0,1000.0,0.0002484472049689441,0.6551694688938515,0.0
default,4,16,gaussian_lcb_1.645,Gaussian lower bound: mean - 1.645 x SD,gaussian_lcb,1.645,10300,0.1,19,0.0,1,1.0,1000.0,0.0002484472049689441,0.6450028446533671,0.0
default,4,16,gaussian_lcb_1.96,Gaussian lower bound: mean - 1.96 x SD,gaussian_lcb,1.96,10300,0.1,19,0.0,1,1.0,1000.0,0.0002484472049689441,0.6400377490940607,0.0
default,4,16,gaussian_lcb_2.576,Gaussian lower bound: mean - 2.576 x SD,gaussian_lcb,2.576,10300,0.1,19,0.0,1,1.0,1000.0,0.0002484472049689441,0.630328228889195,0.0
default,4,16,finite_gaussian_lcb_1,Finite-row Gaussian bound: mean - 1 x SD,finite_gaussian_lcb,1.0,10300,0.1,19,0.0,1,1.0,1000.0,0.0002484472049689441,0.672,0.0
default,4,16,finite_gaussian_lcb_1.645,Finite-row Gaussian bound: mean - 1.645 x SD,finite_gaussian_lcb,1.645,10300,0.1,19,0.0,1,1.0,1000.0,0.0002484472049689441,0.672,0.0
default,4,16,finite_gaussian_lcb_1.96,Finite-row Gaussian bound: mean - 1.96 x SD,finite_gaussian_lcb,1.96,10300,0.1,19,0.0,1,1.0,1000.0,0.0002484472049689441,0.672,0.0
default,4,16,finite_population_lcb,Anytime finite-population lower bound (delta=0.05),confidence,0.05,10300,0.1,19,0.0,1,1.0,1000.0,0.0002484472049689441,0.672,0.0
default,4,17,posterior_mean,Current posterior mean,baseline,,10300,0.1,19,0.0,1,1.0,1000.0,0.0002484472049689441,0.6709316968917847,0.0
default,4,17,empirical_mean,Observed sample mean,baseline,,10300,0.1,19,0.0,1,1.0,1000.0,0.0002484472049689441,0.672,0.0
default,4,17,variance_gate_0.5,Variance gate: v/v0 <= 0.5,variance_gate,0.5,10300,0.1,19,0.0,1,1.0,1000.0,0.0002484472049689441,0.6709316770186335,0.0
default,4,17,variance_gate_0.2,Variance gate: v/v0 <= 0.2,variance_gate,0.2,10300,0.1,19,0.0,1,1.0,1000.0,0.0002484472049689441,0.6709316770186335,0.0
default,4,17,variance_gate_0.1,Variance gate: v/v0 <= 0.1,variance_gate,0.1,10300,0.1,19,0.0,1,1.0,1000.0,0.0002484472049689441,0.6709316770186335,0.0
default,4,17,variance_gate_0.05,Variance gate: v/v0 <= 0.05,variance_gate,0.05,10300,0.1,19,0.0,1,1.0,1000.0,0.0002484472049689441,0.6709316770186335,0.0
default,4,17,mean_variance_1,Mean - 1 x variance,mean_variance,1.0,10300,0.1,19,0.0,1,1.0,1000.0,0.0002484472049689441,0.6706832298136646,0.0
default,4,17,mean_variance_5,Mean - 5 x variance,mean_variance,5.0,10300,0.1,19,0.0,1,1.0,1000.0,0.0002484472049689441,0.6696894409937888,0.0
default,4,17,mean_variance_10,Mean - 10 x variance,mean_variance,10.0,10300,0.1,19,0.0,1,1.0,1000.0,0.0002484472049689441,0.668447204968944,0.0
default,4,17,mean_variance_20,Mean - 20 x variance,mean_variance,20.0,10300,0.1,19,0.0,1,1.0,1000.0,0.0002484472049689441,0.6659627329192547,0.0
default,4,17,gaussian_lcb_1,Gaussian lower bound: mean - 1 x SD,gaussian_lcb,1.0,10300,0.1,19,0.0,1,1.0,1000.0,0.0002484472049689441,0.6551694688938515,0.0
default,4,17,gaussian_lcb_1.645,Gaussian lower bound: mean - 1.645 x SD,gaussian_lcb,1.645,10300,0.1,19,0.0,1,1.0,1000.0,0.0002484472049689441,0.6450028446533671,0.0
default,4,17,gaussian_lcb_1.96,Gaussian lower bound: mean - 1.96 x SD,gaussian_lcb,1.96,10300,0.1,19,0.0,1,1.0,1000.0,0.0002484472049689441,0.6400377490940607,0.0
default,4,17,gaussian_lcb_2.576,Gaussian lower bound: mean - 2.576 x SD,gaussian_lcb,2.576,10300,0.1,19,0.0,1,1.0,1000.0,0.0002484472049689441,0.630328228889195,0.0
default,4,17,finite_gaussian_lcb_1,Finite-row Gaussian bound: mean - 1 x SD,finite_gaussian_lcb,1.0,10300,0.1,19,0.0,1,1.0,1000.0,0.0002484472049689441,0.672,0.0
default,4,17,finite_gaussian_lcb_1.645,Finite-row Gaussian bound: mean - 1.645 x SD,finite_gaussian_lcb,1.645,10300,0.1,19,0.0,1,1.0,1000.0,0.0002484472049689441,0.672,0.0
default,4,17,finite_gaussian_lcb_1.96,Finite-row Gaussian bound: mean - 1.96 x SD,finite_gaussian_lcb,1.96,10300,0.1,19,0.0,1,1.0,1000.0,0.0002484472049689441,0.672,0.0
default,4,17,finite_population_lcb,Anytime finite-population lower bound (delta=0.05),confidence,0.05,10300,0.1,19,0.0,1,1.0,1000.0,0.0002484472049689441,0.672,0.0
default,4,18,posterior_mean,Current posterior mean,baseline,,10300,0.1,22,0.02400000000000002,1,0.0,1000.0,0.0002484472049689441,0.6470807194709778,0.0
default,4,18,empirical_mean,Observed sample mean,baseline,,10300,0.1,22,0.02400000000000002,1,0.0,1000.0,0.0002484472049689441,0.648,0.0
default,4,18,variance_gate_0.5,Variance gate: v/v0 <= 0.5,variance_gate,0.5,10300,0.1,22,0.02400000000000002,1,0.0,1000.0,0.0002484472049689441,0.647080745341615,0.0
default,4,18,variance_gate_0.2,Variance gate: v/v0 <= 0.2,variance_gate,0.2,10300,0.1,22,0.02400000000000002,1,0.0,1000.0,0.0002484472049689441,0.647080745341615,0.0
default,4,18,variance_gate_0.1,Variance gate: v/v0 <= 0.1,variance_gate,0.1,10300,0.1,22,0.02400000000000002,1,0.0,1000.0,0.0002484472049689441,0.647080745341615,0.0
default,4,18,variance_gate_0.05,Variance gate: v/v0 <= 0.05,variance_gate,0.05,10300,0.1,22,0.02400000000000002,1,0.0,1000.0,0.0002484472049689441,0.647080745341615,0.0
default,4,18,mean_variance_1,Mean - 1 x variance,mean_variance,1.0,10300,0.1,22,0.02400000000000002,1,0.0,1000.0,0.0002484472049689441,0.646832298136646,0.0
default,4,18,mean_variance_5,Mean - 5 x variance,mean_variance,5.0,10300,0.1,22,0.02400000000000002,1,0.0,1000.0,0.0002484472049689441,0.6458385093167702,0.0
default,4,18,mean_variance_10,Mean - 10 x variance,mean_variance,10.0,10300,0.1,22,0.02400000000000002,1,0.0,1000.0,0.0002484472049689441,0.6445962732919255,0.0
default,4,18,mean_variance_20,Mean - 20 x variance,mean_variance,20.0,10300,0.1,22,0.02400000000000002,1,0.0,1000.0,0.0002484472049689441,0.6421118012422361,0.0
default,4,18,gaussian_lcb_1,Gaussian lower bound: mean - 1 x SD,gaussian_lcb,1.0,10300,0.1,22,0.02400000000000002,1,0.0,1000.0,0.0002484472049689441,0.631318537216833,0.0
default,4,18,gaussian_lcb_1.645,Gaussian lower bound: mean - 1.645 x SD,gaussian_lcb,1.645,10300,0.1,22,0.02400000000000002,1,0.0,1000.0,0.0002484472049689441,0.6211519129763485,0.0
default,4,18,gaussian_lcb_1.96,Gaussian lower bound: mean - 1.96 x SD,gaussian_lcb,1.96,10300,0.1,22,0.02400000000000002,1,0.0,1000.0,0.0002484472049689441,0.6161868174170422,0.0
default,4,18,gaussian_lcb_2.576,Gaussian lower bound: mean - 2.576 x SD,gaussian_lcb,2.576,10300,0.1,22,0.02400000000000002,1,0.0,1000.0,0.0002484472049689441,0.6064772972121765,0.0
default,4,18,finite_gaussian_lcb_1,Finite-row Gaussian bound: mean - 1 x SD,finite_gaussian_lcb,1.0,10300,0.1,22,0.02400000000000002,1,0.0,1000.0,0.0002484472049689441,0.648,0.0
default,4,18,finite_gaussian_lcb_1.645,Finite-row Gaussian bound: mean - 1.645 x SD,finite_gaussian_lcb,1.645,10300,0.1,22,0.02400000000000002,1,0.0,1000.0,0.0002484472049689441,0.648,0.0
default,4,18,finite_gaussian_lcb_1.96,Finite-row Gaussian bound: mean - 1.96 x SD,finite_gaussian_lcb,1.96,10300,0.1,22,0.02400000000000002,1,0.0,1000.0,0.0002484472049689441,0.648,0.0
default,4,18,finite_population_lcb,Anytime finite-population lower bound (delta=0.05),confidence,0.05,10300,0.1,22,0.02400000000000002,1,0.0,1000.0,0.0002484472049689441,0.648,0.0
default,4,19,posterior_mean,Current posterior mean,baseline,,10300,0.1,19,0.0,1,1.0,1000.0,0.0002484472049689441,0.6709316968917847,0.0
default,4,19,empirical_mean,Observed sample mean,baseline,,10300,0.1,19,0.0,1,1.0,1000.0,0.0002484472049689441,0.672,0.0
default,4,19,variance_gate_0.5,Variance gate: v/v0 <= 0.5,variance_gate,0.5,10300,0.1,19,0.0,1,1.0,1000.0,0.0002484472049689441,0.6709316770186335,0.0
default,4,19,variance_gate_0.2,Variance gate: v/v0 <= 0.2,variance_gate,0.2,10300,0.1,19,0.0,1,1.0,1000.0,0.0002484472049689441,0.6709316770186335,0.0
default,4,19,variance_gate_0.1,Variance gate: v/v0 <= 0.1,variance_gate,0.1,10300,0.1,19,0.0,1,1.0,1000.0,0.0002484472049689441,0.6709316770186335,0.0
default,4,19,variance_gate_0.05,Variance gate: v/v0 <= 0.05,variance_gate,0.05,10300,0.1,19,0.0,1,1.0,1000.0,0.0002484472049689441,0.6709316770186335,0.0
default,4,19,mean_variance_1,Mean - 1 x variance,mean_variance,1.0,10300,0.1,19,0.0,1,1.0,1000.0,0.0002484472049689441,0.6706832298136646,0.0
default,4,19,mean_variance_5,Mean - 5 x variance,mean_variance,5.0,10300,0.1,19,0.0,1,1.0,1000.0,0.0002484472049689441,0.6696894409937888,0.0
default,4,19,mean_variance_10,Mean - 10 x variance,mean_variance,10.0,10300,0.1,19,0.0,1,1.0,1000.0,0.0002484472049689441,0.668447204968944,0.0
default,4,19,mean_variance_20,Mean - 20 x variance,mean_variance,20.0,10300,0.1,19,0.0,1,1.0,1000.0,0.0002484472049689441,0.6659627329192547,0.0
default,4,19,gaussian_lcb_1,Gaussian lower bound: mean - 1 x SD,gaussian_lcb,1.0,10300,0.1,19,0.0,1,1.0,1000.0,0.0002484472049689441,0.6551694688938515,0.0
default,4,19,gaussian_lcb_1.645,Gaussian lower bound: mean - 1.645 x SD,gaussian_lcb,1.645,10300,0.1,19,0.0,1,1.0,1000.0,0.0002484472049689441,0.6450028446533671,0.0
default,4,19,gaussian_lcb_1.96,Gaussian lower bound: mean - 1.96 x SD,gaussian_lcb,1.96,10300,0.1,19,0.0,1,1.0,1000.0,0.0002484472049689441,0.6400377490940607,0.0
default,4,19,gaussian_lcb_2.576,Gaussian lower bound: mean - 2.576 x SD,gaussian_lcb,2.576,10300,0.1,19,0.0,1,1.0,1000.0,0.0002484472049689441,0.630328228889195,0.0
default,4,19,finite_gaussian_lcb_1,Finite-row Gaussian bound: mean - 1 x SD,finite_gaussian_lcb,1.0,10300,0.1,19,0.0,1,1.0,1000.0,0.0002484472049689441,0.672,0.0
default,4,19,finite_gaussian_lcb_1.645,Finite-row Gaussian bound: mean - 1.645 x SD,finite_gaussian_lcb,1.645,10300,0.1,19,0.0,1,1.0,1000.0,0.0002484472049689441,0.672,0.0
default,4,19,finite_gaussian_lcb_1.96,Finite-row Gaussian bound: mean - 1.96 x SD,finite_gaussian_lcb,1.96,10300,0.1,19,0.0,1,1.0,1000.0,0.0002484472049689441,0.672,0.0
default,4,19,finite_population_lcb,Anytime finite-population lower bound (delta=0.05),confidence,0.05,10300,0.1,19,0.0,1,1.0,1000.0,0.0002484472049689441,0.672,0.0
default,5,0,posterior_mean,Current posterior mean,baseline,,10300,0.1,19,0.0,1,1.0,1000.0,0.0002484472049689441,0.6709316968917847,0.0
default,5,0,empirical_mean,Observed sample mean,baseline,,10300,0.1,19,0.0,1,1.0,1000.0,0.0002484472049689441,0.672,0.0
default,5,0,variance_gate_0.5,Variance gate: v/v0 <= 0.5,variance_gate,0.5,10300,0.1,19,0.0,1,1.0,1000.0,0.0002484472049689441,0.6709316770186335,0.0
default,5,0,variance_gate_0.2,Variance gate: v/v0 <= 0.2,variance_gate,0.2,10300,0.1,19,0.0,1,1.0,1000.0,0.0002484472049689441,0.6709316770186335,0.0
default,5,0,variance_gate_0.1,Variance gate: v/v0 <= 0.1,variance_gate,0.1,10300,0.1,19,0.0,1,1.0,1000.0,0.0002484472049689441,0.6709316770186335,0.0
default,5,0,variance_gate_0.05,Variance gate: v/v0 <= 0.05,variance_gate,0.05,10300,0.1,19,0.0,1,1.0,1000.0,0.0002484472049689441,0.6709316770186335,0.0
default,5,0,mean_variance_1,Mean - 1 x variance,mean_variance,1.0,10300,0.1,19,0.0,1,1.0,1000.0,0.0002484472049689441,0.6706832298136646,0.0
default,5,0,mean_variance_5,Mean - 5 x variance,mean_variance,5.0,10300,0.1,19,0.0,1,1.0,1000.0,0.0002484472049689441,0.6696894409937888,0.0
default,5,0,mean_variance_10,Mean - 10 x variance,mean_variance,10.0,10300,0.1,19,0.0,1,1.0,1000.0,0.0002484472049689441,0.668447204968944,0.0
default,5,0,mean_variance_20,Mean - 20 x variance,mean_variance,20.0,10300,0.1,19,0.0,1,1.0,1000.0,0.0002484472049689441,0.6659627329192547,0.0
default,5,0,gaussian_lcb_1,Gaussian lower bound: mean - 1 x SD,gaussian_lcb,1.0,10300,0.1,19,0.0,1,1.0,1000.0,0.0002484472049689441,0.6551694688938515,0.0
default,5,0,gaussian_lcb_1.645,Gaussian lower bound: mean - 1.645 x SD,gaussian_lcb,1.645,10300,0.1,19,0.0,1,1.0,1000.0,0.0002484472049689441,0.6450028446533671,0.0
default,5,0,gaussian_lcb_1.96,Gaussian lower bound: mean - 1.96 x SD,gaussian_lcb,1.96,10300,0.1,19,0.0,1,1.0,1000.0,0.0002484472049689441,0.6400377490940607,0.0
default,5,0,gaussian_lcb_2.576,Gaussian lower bound: mean - 2.576 x SD,gaussian_lcb,2.576,10300,0.1,19,0.0,1,1.0,1000.0,0.0002484472049689441,0.630328228889195,0.0
default,5,0,finite_gaussian_lcb_1,Finite-row Gaussian bound: mean - 1 x SD,finite_gaussian_lcb,1.0,10300,0.1,19,0.0,1,1.0,1000.0,0.0002484472049689441,0.672,0.0
default,5,0,finite_gaussian_lcb_1.645,Finite-row Gaussian bound: mean - 1.645 x SD,finite_gaussian_lcb,1.645,10300,0.1,19,0.0,1,1.0,1000.0,0.0002484472049689441,0.672,0.0
default,5,0,finite_gaussian_lcb_1.96,Finite-row Gaussian bound: mean - 1.96 x SD,finite_gaussian_lcb,1.96,10300,0.1,19,0.0,1,1.0,1000.0,0.0002484472049689441,0.672,0.0
default,5,0,finite_population_lcb,Anytime finite-population lower bound (delta=0.05),confidence,0.05,10300,0.1,19,0.0,1,1.0,1000.0,0.0002484472049689441,0.672,0.0
default,5,1,posterior_mean,Current posterior mean,baseline,,10300,0.1,19,0.0,1,1.0,1000.0,0.0002484472049689441,0.6709316968917847,0.0
default,5,1,empirical_mean,Observed sample mean,baseline,,10300,0.1,19,0.0,1,1.0,1000.0,0.0002484472049689441,0.672,0.0
default,5,1,variance_gate_0.5,Variance gate: v/v0 <= 0.5,variance_gate,0.5,10300,0.1,19,0.0,1,1.0,1000.0,0.0002484472049689441,0.6709316770186335,0.0
default,5,1,variance_gate_0.2,Variance gate: v/v0 <= 0.2,variance_gate,0.2,10300,0.1,19,0.0,1,1.0,1000.0,0.0002484472049689441,0.6709316770186335,0.0
default,5,1,variance_gate_0.1,Variance gate: v/v0 <= 0.1,variance_gate,0.1,10300,0.1,19,0.0,1,1.0,1000.0,0.0002484472049689441,0.6709316770186335,0.0
default,5,1,variance_gate_0.05,Variance gate: v/v0 <= 0.05,variance_gate,0.05,10300,0.1,19,0.0,1,1.0,1000.0,0.0002484472049689441,0.6709316770186335,0.0
default,5,1,mean_variance_1,Mean - 1 x variance,mean_variance,1.0,10300,0.1,19,0.0,1,1.0,1000.0,0.0002484472049689441,0.6706832298136646,0.0
default,5,1,mean_variance_5,Mean - 5 x variance,mean_variance,5.0,10300,0.1,19,0.0,1,1.0,1000.0,0.0002484472049689441,0.6696894409937888,0.0
default,5,1,mean_variance_10,Mean - 10 x variance,mean_variance,10.0,10300,0.1,19,0.0,1,1.0,1000.0,0.0002484472049689441,0.668447204968944,0.0
default,5,1,mean_variance_20,Mean - 20 x variance,mean_variance,20.0,10300,0.1,19,0.0,1,1.0,1000.0,0.0002484472049689441,0.6659627329192547,0.0
default,5,1,gaussian_lcb_1,Gaussian lower bound: mean - 1 x SD,gaussian_lcb,1.0,10300,0.1,19,0.0,1,1.0,1000.0,0.0002484472049689441,0.6551694688938515,0.0
default,5,1,gaussian_lcb_1.645,Gaussian lower bound: mean - 1.645 x SD,gaussian_lcb,1.645,10300,0.1,19,0.0,1,1.0,1000.0,0.0002484472049689441,0.6450028446533671,0.0
default,5,1,gaussian_lcb_1.96,Gaussian lower bound: mean - 1.96 x SD,gaussian_lcb,1.96,10300,0.1,19,0.0,1,1.0,1000.0,0.0002484472049689441,0.6400377490940607,0.0
default,5,1,gaussian_lcb_2.576,Gaussian lower bound: mean - 2.576 x SD,gaussian_lcb,2.576,10300,0.1,19,0.0,1,1.0,1000.0,0.0002484472049689441,0.630328228889195,0.0
default,5,1,finite_gaussian_lcb_1,Finite-row Gaussian bound: mean - 1 x SD,finite_gaussian_lcb,1.0,10300,0.1,19,0.0,1,1.0,1000.0,0.0002484472049689441,0.672,0.0
default,5,1,finite_gaussian_lcb_1.645,Finite-row Gaussian bound: mean - 1.645 x SD,finite_gaussian_lcb,1.645,10300,0.1,19,0.0,1,1.0,1000.0,0.0002484472049689441,0.672,0.0
default,5,1,finite_gaussian_lcb_1.96,Finite-row Gaussian bound: mean - 1.96 x SD,finite_gaussian_lcb,1.96,10300,0.1,19,0.0,1,1.0,1000.0,0.0002484472049689441,0.672,0.0
default,5,1,finite_population_lcb,Anytime finite-population lower bound (delta=0.05),confidence,0.05,10300,0.1,19,0.0,1,1.0,1000.0,0.0002484472049689441,0.672,0.0
default,5,2,posterior_mean,Current posterior mean,baseline,,10300,0.1,20,0.0,1,1.0,1000.0,0.0002484472049689441,0.6709316968917847,0.0
default,5,2,empirical_mean,Observed sample mean,baseline,,10300,0.1,20,0.0,1,1.0,1000.0,0.0002484472049689441,0.672,0.0
default,5,2,variance_gate_0.5,Variance gate: v/v0 <= 0.5,variance_gate,0.5,10300,0.1,20,0.0,1,1.0,1000.0,0.0002484472049689441,0.6709316770186335,0.0
default,5,2,variance_gate_0.2,Variance gate: v/v0 <= 0.2,variance_gate,0.2,10300,0.1,20,0.0,1,1.0,1000.0,0.0002484472049689441,0.6709316770186335,0.0
default,5,2,variance_gate_0.1,Variance gate: v/v0 <= 0.1,variance_gate,0.1,10300,0.1,20,0.0,1,1.0,1000.0,0.0002484472049689441,0.6709316770186335,0.0
default,5,2,variance_gate_0.05,Variance gate: v/v0 <= 0.05,variance_gate,0.05,10300,0.1,20,0.0,1,1.0,1000.0,0.0002484472049689441,0.6709316770186335,0.0
default,5,2,mean_variance_1,Mean - 1 x variance,mean_variance,1.0,10300,0.1,20,0.0,1,1.0,1000.0,0.0002484472049689441,0.6706832298136646,0.0
default,5,2,mean_variance_5,Mean - 5 x variance,mean_variance,5.0,10300,0.1,20,0.0,1,1.0,1000.0,0.0002484472049689441,0.6696894409937888,0.0
default,5,2,mean_variance_10,Mean - 10 x variance,mean_variance,10.0,10300,0.1,20,0.0,1,1.0,1000.0,0.0002484472049689441,0.668447204968944,0.0
default,5,2,mean_variance_20,Mean - 20 x variance,mean_variance,20.0,10300,0.1,20,0.0,1,1.0,1000.0,0.0002484472049689441,0.6659627329192547,0.0
default,5,2,gaussian_lcb_1,Gaussian lower bound: mean - 1 x SD,gaussian_lcb,1.0,10300,0.1,20,0.0,1,1.0,1000.0,0.0002484472049689441,0.6551694688938515,0.0
default,5,2,gaussian_lcb_1.645,Gaussian lower bound: mean - 1.645 x SD,gaussian_lcb,1.645,10300,0.1,20,0.0,1,1.0,1000.0,0.0002484472049689441,0.6450028446533671,0.0
default,5,2,gaussian_lcb_1.96,Gaussian lower bound: mean - 1.96 x SD,gaussian_lcb,1.96,10300,0.1,20,0.0,1,1.0,1000.0,0.0002484472049689441,0.6400377490940607,0.0
default,5,2,gaussian_lcb_2.576,Gaussian lower bound: mean - 2.576 x SD,gaussian_lcb,2.576,10300,0.1,20,0.0,1,1.0,1000.0,0.0002484472049689441,0.630328228889195,0.0
default,5,2,finite_gaussian_lcb_1,Finite-row Gaussian bound: mean - 1 x SD,finite_gaussian_lcb,1.0,10300,0.1,20,0.0,1,1.0,1000.0,0.0002484472049689441,0.672,0.0
default,5,2,finite_gaussian_lcb_1.645,Finite-row Gaussian bound: mean - 1.645 x SD,finite_gaussian_lcb,1.645,10300,0.1,20,0.0,1,1.0,1000.0,0.0002484472049689441,0.672,0.0
default,5,2,finite_gaussian_lcb_1.96,Finite-row Gaussian bound: mean - 1.96 x SD,finite_gaussian_lcb,1.96,10300,0.1,20,0.0,1,1.0,1000.0,0.0002484472049689441,0.672,0.0
default,5,2,finite_population_lcb,Anytime finite-population lower bound (delta=0.05),confidence,0.05,10300,0.1,20,0.0,1,1.0,1000.0,0.0002484472049689441,0.672,0.0
default,5,3,posterior_mean,Current posterior mean,baseline,,10300,0.1,19,0.0,1,1.0,1000.0,0.0002484472049689441,0.6709316968917847,0.0
default,5,3,empirical_mean,Observed sample mean,baseline,,10300,0.1,19,0.0,1,1.0,1000.0,0.0002484472049689441,0.672,0.0
default,5,3,variance_gate_0.5,Variance gate: v/v0 <= 0.5,variance_gate,0.5,10300,0.1,19,0.0,1,1.0,1000.0,0.0002484472049689441,0.6709316770186335,0.0
default,5,3,variance_gate_0.2,Variance gate: v/v0 <= 0.2,variance_gate,0.2,10300,0.1,19,0.0,1,1.0,1000.0,0.0002484472049689441,0.6709316770186335,0.0
default,5,3,variance_gate_0.1,Variance gate: v/v0 <= 0.1,variance_gate,0.1,10300,0.1,19,0.0,1,1.0,1000.0,0.0002484472049689441,0.6709316770186335,0.0
default,5,3,variance_gate_0.05,Variance gate: v/v0 <= 0.05,variance_gate,0.05,10300,0.1,19,0.0,1,1.0,1000.0,0.0002484472049689441,0.6709316770186335,0.0
default,5,3,mean_variance_1,Mean - 1 x variance,mean_variance,1.0,10300,0.1,19,0.0,1,1.0,1000.0,0.0002484472049689441,0.6706832298136646,0.0
default,5,3,mean_variance_5,Mean - 5 x variance,mean_variance,5.0,10300,0.1,19,0.0,1,1.0,1000.0,0.0002484472049689441,0.6696894409937888,0.0
default,5,3,mean_variance_10,Mean - 10 x variance,mean_variance,10.0,10300,0.1,19,0.0,1,1.0,1000.0,0.0002484472049689441,0.668447204968944,0.0
default,5,3,mean_variance_20,Mean - 20 x variance,mean_variance,20.0,10300,0.1,19,0.0,1,1.0,1000.0,0.0002484472049689441,0.6659627329192547,0.0
default,5,3,gaussian_lcb_1,Gaussian lower bound: mean - 1 x SD,gaussian_lcb,1.0,10300,0.1,19,0.0,1,1.0,1000.0,0.0002484472049689441,0.6551694688938515,0.0
default,5,3,gaussian_lcb_1.645,Gaussian lower bound: mean - 1.645 x SD,gaussian_lcb,1.645,10300,0.1,19,0.0,1,1.0,1000.0,0.0002484472049689441,0.6450028446533671,0.0
default,5,3,gaussian_lcb_1.96,Gaussian lower bound: mean - 1.96 x SD,gaussian_lcb,1.96,10300,0.1,19,0.0,1,1.0,1000.0,0.0002484472049689441,0.6400377490940607,0.0
default,5,3,gaussian_lcb_2.576,Gaussian lower bound: mean - 2.576 x SD,gaussian_lcb,2.576,10300,0.1,19,0.0,1,1.0,1000.0,0.0002484472049689441,0.630328228889195,0.0
default,5,3,finite_gaussian_lcb_1,Finite-row Gaussian bound: mean - 1 x SD,finite_gaussian_lcb,1.0,10300,0.1,19,0.0,1,1.0,1000.0,0.0002484472049689441,0.672,0.0
default,5,3,finite_gaussian_lcb_1.645,Finite-row Gaussian bound: mean - 1.645 x SD,finite_gaussian_lcb,1.645,10300,0.1,19,0.0,1,1.0,1000.0,0.0002484472049689441,0.672,0.0
default,5,3,finite_gaussian_lcb_1.96,Finite-row Gaussian bound: mean - 1.96 x SD,finite_gaussian_lcb,1.96,10300,0.1,19,0.0,1,1.0,1000.0,0.0002484472049689441,0.672,0.0
default,5,3,finite_population_lcb,Anytime finite-population lower bound (delta=0.05),confidence,0.05,10300,0.1,19,0.0,1,1.0,1000.0,0.0002484472049689441,0.672,0.0
default,5,4,posterior_mean,Current posterior mean,baseline,,10300,0.1,19,0.0,1,1.0,1000.0,0.0002484472049689441,0.6709316968917847,0.0
default,5,4,empirical_mean,Observed sample mean,baseline,,10300,0.1,19,0.0,1,1.0,1000.0,0.0002484472049689441,0.672,0.0
default,5,4,variance_gate_0.5,Variance gate: v/v0 <= 0.5,variance_gate,0.5,10300,0.1,19,0.0,1,1.0,1000.0,0.0002484472049689441,0.6709316770186335,0.0
default,5,4,variance_gate_0.2,Variance gate: v/v0 <= 0.2,variance_gate,0.2,10300,0.1,19,0.0,1,1.0,1000.0,0.0002484472049689441,0.6709316770186335,0.0
default,5,4,variance_gate_0.1,Variance gate: v/v0 <= 0.1,variance_gate,0.1,10300,0.1,19,0.0,1,1.0,1000.0,0.0002484472049689441,0.6709316770186335,0.0
default,5,4,variance_gate_0.05,Variance gate: v/v0 <= 0.05,variance_gate,0.05,10300,0.1,19,0.0,1,1.0,1000.0,0.0002484472049689441,0.6709316770186335,0.0
default,5,4,mean_variance_1,Mean - 1 x variance,mean_variance,1.0,10300,0.1,19,0.0,1,1.0,1000.0,0.0002484472049689441,0.6706832298136646,0.0
default,5,4,mean_variance_5,Mean - 5 x variance,mean_variance,5.0,10300,0.1,19,0.0,1,1.0,1000.0,0.0002484472049689441,0.6696894409937888,0.0
default,5,4,mean_variance_10,Mean - 10 x variance,mean_variance,10.0,10300,0.1,19,0.0,1,1.0,1000.0,0.0002484472049689441,0.668447204968944,0.0
default,5,4,mean_variance_20,Mean - 20 x variance,mean_variance,20.0,10300,0.1,19,0.0,1,1.0,1000.0,0.0002484472049689441,0.6659627329192547,0.0
default,5,4,gaussian_lcb_1,Gaussian lower bound: mean - 1 x SD,gaussian_lcb,1.0,10300,0.1,19,0.0,1,1.0,1000.0,0.0002484472049689441,0.6551694688938515,0.0
default,5,4,gaussian_lcb_1.645,Gaussian lower bound: mean - 1.645 x SD,gaussian_lcb,1.645,10300,0.1,19,0.0,1,1.0,1000.0,0.0002484472049689441,0.6450028446533671,0.0
default,5,4,gaussian_lcb_1.96,Gaussian lower bound: mean - 1.96 x SD,gaussian_lcb,1.96,10300,0.1,19,0.0,1,1.0,1000.0,0.0002484472049689441,0.6400377490940607,0.0
default,5,4,gaussian_lcb_2.576,Gaussian lower bound: mean - 2.576 x SD,gaussian_lcb,2.576,10300,0.1,19,0.0,1,1.0,1000.0,0.0002484472049689441,0.630328228889195,0.0
default,5,4,finite_gaussian_lcb_1,Finite-row Gaussian bound: mean - 1 x SD,finite_gaussian_lcb,1.0,10300,0.1,19,0.0,1,1.0,1000.0,0.0002484472049689441,0.672,0.0
default,5,4,finite_gaussian_lcb_1.645,Finite-row Gaussian bound: mean - 1.645 x SD,finite_gaussian_lcb,1.645,10300,0.1,19,0.0,1,1.0,1000.0,0.0002484472049689441,0.672,0.0
default,5,4,finite_gaussian_lcb_1.96,Finite-row Gaussian bound: mean - 1.96 x SD,finite_gaussian_lcb,1.96,10300,0.1,19,0.0,1,1.0,1000.0,0.0002484472049689441,0.672,0.0
default,5,4,finite_population_lcb,Anytime finite-population lower bound (delta=0.05),confidence,0.05,10300,0.1,19,0.0,1,1.0,1000.0,0.0002484472049689441,0.672,0.0
default,5,5,posterior_mean,Current posterior mean,baseline,,10300,0.1,20,0.0,1,1.0,1000.0,0.0002484472049689441,0.6709316968917847,0.0
default,5,5,empirical_mean,Observed sample mean,baseline,,10300,0.1,20,0.0,1,1.0,1000.0,0.0002484472049689441,0.672,0.0
default,5,5,variance_gate_0.5,Variance gate: v/v0 <= 0.5,variance_gate,0.5,10300,0.1,20,0.0,1,1.0,1000.0,0.0002484472049689441,0.6709316770186335,0.0
default,5,5,variance_gate_0.2,Variance gate: v/v0 <= 0.2,variance_gate,0.2,10300,0.1,20,0.0,1,1.0,1000.0,0.0002484472049689441,0.6709316770186335,0.0
default,5,5,variance_gate_0.1,Variance gate: v/v0 <= 0.1,variance_gate,0.1,10300,0.1,20,0.0,1,1.0,1000.0,0.0002484472049689441,0.6709316770186335,0.0
default,5,5,variance_gate_0.05,Variance gate: v/v0 <= 0.05,variance_gate,0.05,10300,0.1,20,0.0,1,1.0,1000.0,0.0002484472049689441,0.6709316770186335,0.0
default,5,5,mean_variance_1,Mean - 1 x variance,mean_variance,1.0,10300,0.1,20,0.0,1,1.0,1000.0,0.0002484472049689441,0.6706832298136646,0.0
default,5,5,mean_variance_5,Mean - 5 x variance,mean_variance,5.0,10300,0.1,20,0.0,1,1.0,1000.0,0.0002484472049689441,0.6696894409937888,0.0
default,5,5,mean_variance_10,Mean - 10 x variance,mean_variance,10.0,10300,0.1,20,0.0,1,1.0,1000.0,0.0002484472049689441,0.668447204968944,0.0
default,5,5,mean_variance_20,Mean - 20 x variance,mean_variance,20.0,10300,0.1,20,0.0,1,1.0,1000.0,0.0002484472049689441,0.6659627329192547,0.0
default,5,5,gaussian_lcb_1,Gaussian lower bound: mean - 1 x SD,gaussian_lcb,1.0,10300,0.1,20,0.0,1,1.0,1000.0,0.0002484472049689441,0.6551694688938515,0.0
default,5,5,gaussian_lcb_1.645,Gaussian lower bound: mean - 1.645 x SD,gaussian_lcb,1.645,10300,0.1,20,0.0,1,1.0,1000.0,0.0002484472049689441,0.6450028446533671,0.0
default,5,5,gaussian_lcb_1.96,Gaussian lower bound: mean - 1.96 x SD,gaussian_lcb,1.96,10300,0.1,20,0.0,1,1.0,1000.0,0.0002484472049689441,0.6400377490940607,0.0
default,5,5,gaussian_lcb_2.576,Gaussian lower bound: mean - 2.576 x SD,gaussian_lcb,2.576,10300,0.1,20,0.0,1,1.0,1000.0,0.0002484472049689441,0.630328228889195,0.0
default,5,5,finite_gaussian_lcb_1,Finite-row Gaussian bound: mean - 1 x SD,finite_gaussian_lcb,1.0,10300,0.1,20,0.0,1,1.0,1000.0,0.0002484472049689441,0.672,0.0
default,5,5,finite_gaussian_lcb_1.645,Finite-row Gaussian bound: mean - 1.645 x SD,finite_gaussian_lcb,1.645,10300,0.1,20,0.0,1,1.0,1000.0,0.0002484472049689441,0.672,0.0
default,5,5,finite_gaussian_lcb_1.96,Finite-row Gaussian bound: mean - 1.96 x SD,finite_gaussian_lcb,1.96,10300,0.1,20,0.0,1,1.0,1000.0,0.0002484472049689441,0.672,0.0
default,5,5,finite_population_lcb,Anytime finite-population lower bound (delta=0.05),confidence,0.05,10300,0.1,20,0.0,1,1.0,1000.0,0.0002484472049689441,0.672,0.0
default,5,6,posterior_mean,Current posterior mean,baseline,,10300,0.1,19,0.0,1,1.0,1000.0,0.0002484472049689441,0.6709316968917847,0.0
default,5,6,empirical_mean,Observed sample mean,baseline,,10300,0.1,19,0.0,1,1.0,1000.0,0.0002484472049689441,0.672,0.0
default,5,6,variance_gate_0.5,Variance gate: v/v0 <= 0.5,variance_gate,0.5,10300,0.1,19,0.0,1,1.0,1000.0,0.0002484472049689441,0.6709316770186335,0.0
default,5,6,variance_gate_0.2,Variance gate: v/v0 <= 0.2,variance_gate,0.2,10300,0.1,19,0.0,1,1.0,1000.0,0.0002484472049689441,0.6709316770186335,0.0
default,5,6,variance_gate_0.1,Variance gate: v/v0 <= 0.1,variance_gate,0.1,10300,0.1,19,0.0,1,1.0,1000.0,0.0002484472049689441,0.6709316770186335,0.0
default,5,6,variance_gate_0.05,Variance gate: v/v0 <= 0.05,variance_gate,0.05,10300,0.1,19,0.0,1,1.0,1000.0,0.0002484472049689441,0.6709316770186335,0.0
default,5,6,mean_variance_1,Mean - 1 x variance,mean_variance,1.0,10300,0.1,19,0.0,1,1.0,1000.0,0.0002484472049689441,0.6706832298136646,0.0
default,5,6,mean_variance_5,Mean - 5 x variance,mean_variance,5.0,10300,0.1,19,0.0,1,1.0,1000.0,0.0002484472049689441,0.6696894409937888,0.0
default,5,6,mean_variance_10,Mean - 10 x variance,mean_variance,10.0,10300,0.1,19,0.0,1,1.0,1000.0,0.0002484472049689441,0.668447204968944,0.0
default,5,6,mean_variance_20,Mean - 20 x variance,mean_variance,20.0,10300,0.1,19,0.0,1,1.0,1000.0,0.0002484472049689441,0.6659627329192547,0.0
default,5,6,gaussian_lcb_1,Gaussian lower bound: mean - 1 x SD,gaussian_lcb,1.0,10300,0.1,19,0.0,1,1.0,1000.0,0.0002484472049689441,0.6551694688938515,0.0
default,5,6,gaussian_lcb_1.645,Gaussian lower bound: mean - 1.645 x SD,gaussian_lcb,1.645,10300,0.1,19,0.0,1,1.0,1000.0,0.0002484472049689441,0.6450028446533671,0.0
default,5,6,gaussian_lcb_1.96,Gaussian lower bound: mean - 1.96 x SD,gaussian_lcb,1.96,10300,0.1,19,0.0,1,1.0,1000.0,0.0002484472049689441,0.6400377490940607,0.0
default,5,6,gaussian_lcb_2.576,Gaussian lower bound: mean - 2.576 x SD,gaussian_lcb,2.576,10300,0.1,19,0.0,1,1.0,1000.0,0.0002484472049689441,0.630328228889195,0.0
default,5,6,finite_gaussian_lcb_1,Finite-row Gaussian bound: mean - 1 x SD,finite_gaussian_lcb,1.0,10300,0.1,19,0.0,1,1.0,1000.0,0.0002484472049689441,0.672,0.0
default,5,6,finite_gaussian_lcb_1.645,Finite-row Gaussian bound: mean - 1.645 x SD,finite_gaussian_lcb,1.645,10300,0.1,19,0.0,1,1.0,1000.0,0.0002484472049689441,0.672,0.0
default,5,6,finite_gaussian_lcb_1.96,Finite-row Gaussian bound: mean - 1.96 x SD,finite_gaussian_lcb,1.96,10300,0.1,19,0.0,1,1.0,1000.0,0.0002484472049689441,0.672,0.0
default,5,6,finite_population_lcb,Anytime finite-population lower bound (delta=0.05),confidence,0.05,10300,0.1,19,0.0,1,1.0,1000.0,0.0002484472049689441,0.672,0.0
default,5,7,posterior_mean,Current posterior mean,baseline,,10300,0.1,19,0.0,1,1.0,1000.0,0.0002484472049689441,0.6709316968917847,0.0
default,5,7,empirical_mean,Observed sample mean,baseline,,10300,0.1,19,0.0,1,1.0,1000.0,0.0002484472049689441,0.672,0.0
default,5,7,variance_gate_0.5,Variance gate: v/v0 <= 0.5,variance_gate,0.5,10300,0.1,19,0.0,1,1.0,1000.0,0.0002484472049689441,0.6709316770186335,0.0
default,5,7,variance_gate_0.2,Variance gate: v/v0 <= 0.2,variance_gate,0.2,10300,0.1,19,0.0,1,1.0,1000.0,0.0002484472049689441,0.6709316770186335,0.0
default,5,7,variance_gate_0.1,Variance gate: v/v0 <= 0.1,variance_gate,0.1,10300,0.1,19,0.0,1,1.0,1000.0,0.0002484472049689441,0.6709316770186335,0.0
default,5,7,variance_gate_0.05,Variance gate: v/v0 <= 0.05,variance_gate,0.05,10300,0.1,19,0.0,1,1.0,1000.0,0.0002484472049689441,0.6709316770186335,0.0
default,5,7,mean_variance_1,Mean - 1 x variance,mean_variance,1.0,10300,0.1,19,0.0,1,1.0,1000.0,0.0002484472049689441,0.6706832298136646,0.0
default,5,7,mean_variance_5,Mean - 5 x variance,mean_variance,5.0,10300,0.1,19,0.0,1,1.0,1000.0,0.0002484472049689441,0.6696894409937888,0.0
default,5,7,mean_variance_10,Mean - 10 x variance,mean_variance,10.0,10300,0.1,19,0.0,1,1.0,1000.0,0.0002484472049689441,0.668447204968944,0.0
default,5,7,mean_variance_20,Mean - 20 x variance,mean_variance,20.0,10300,0.1,19,0.0,1,1.0,1000.0,0.0002484472049689441,0.6659627329192547,0.0
default,5,7,gaussian_lcb_1,Gaussian lower bound: mean - 1 x SD,gaussian_lcb,1.0,10300,0.1,19,0.0,1,1.0,1000.0,0.0002484472049689441,0.6551694688938515,0.0
default,5,7,gaussian_lcb_1.645,Gaussian lower bound: mean - 1.645 x SD,gaussian_lcb,1.645,10300,0.1,19,0.0,1,1.0,1000.0,0.0002484472049689441,0.6450028446533671,0.0
default,5,7,gaussian_lcb_1.96,Gaussian lower bound: mean - 1.96 x SD,gaussian_lcb,1.96,10300,0.1,19,0.0,1,1.0,1000.0,0.0002484472049689441,0.6400377490940607,0.0
default,5,7,gaussian_lcb_2.576,Gaussian lower bound: mean - 2.576 x SD,gaussian_lcb,2.576,10300,0.1,19,0.0,1,1.0,1000.0,0.0002484472049689441,0.630328228889195,0.0
default,5,7,finite_gaussian_lcb_1,Finite-row Gaussian bound: mean - 1 x SD,finite_gaussian_lcb,1.0,10300,0.1,19,0.0,1,1.0,1000.0,0.0002484472049689441,0.672,0.0
default,5,7,finite_gaussian_lcb_1.645,Finite-row Gaussian bound: mean - 1.645 x SD,finite_gaussian_lcb,1.645,10300,0.1,19,0.0,1,1.0,1000.0,0.0002484472049689441,0.672,0.0
default,5,7,finite_gaussian_lcb_1.96,Finite-row Gaussian bound: mean - 1.96 x SD,finite_gaussian_lcb,1.96,10300,0.1,19,0.0,1,1.0,1000.0,0.0002484472049689441,0.672,0.0
default,5,7,finite_population_lcb,Anytime finite-population lower bound (delta=0.05),confidence,0.05,10300,0.1,19,0.0,1,1.0,1000.0,0.0002484472049689441,0.672,0.0
default,5,8,posterior_mean,Current posterior mean,baseline,,10300,0.1,20,0.0,1,1.0,1000.0,0.0002484472049689441,0.6709316968917847,0.0
default,5,8,empirical_mean,Observed sample mean,baseline,,10300,0.1,20,0.0,1,1.0,1000.0,0.0002484472049689441,0.672,0.0
default,5,8,variance_gate_0.5,Variance gate: v/v0 <= 0.5,variance_gate,0.5,10300,0.1,20,0.0,1,1.0,1000.0,0.0002484472049689441,0.6709316770186335,0.0
default,5,8,variance_gate_0.2,Variance gate: v/v0 <= 0.2,variance_gate,0.2,10300,0.1,20,0.0,1,1.0,1000.0,0.0002484472049689441,0.6709316770186335,0.0
default,5,8,variance_gate_0.1,Variance gate: v/v0 <= 0.1,variance_gate,0.1,10300,0.1,20,0.0,1,1.0,1000.0,0.0002484472049689441,0.6709316770186335,0.0
default,5,8,variance_gate_0.05,Variance gate: v/v0 <= 0.05,variance_gate,0.05,10300,0.1,20,0.0,1,1.0,1000.0,0.0002484472049689441,0.6709316770186335,0.0
default,5,8,mean_variance_1,Mean - 1 x variance,mean_variance,1.0,10300,0.1,20,0.0,1,1.0,1000.0,0.0002484472049689441,0.6706832298136646,0.0
default,5,8,mean_variance_5,Mean - 5 x variance,mean_variance,5.0,10300,0.1,20,0.0,1,1.0,1000.0,0.0002484472049689441,0.6696894409937888,0.0
default,5,8,mean_variance_10,Mean - 10 x variance,mean_variance,10.0,10300,0.1,20,0.0,1,1.0,1000.0,0.0002484472049689441,0.668447204968944,0.0
default,5,8,mean_variance_20,Mean - 20 x variance,mean_variance,20.0,10300,0.1,20,0.0,1,1.0,1000.0,0.0002484472049689441,0.6659627329192547,0.0
default,5,8,gaussian_lcb_1,Gaussian lower bound: mean - 1 x SD,gaussian_lcb,1.0,10300,0.1,20,0.0,1,1.0,1000.0,0.0002484472049689441,0.6551694688938515,0.0
default,5,8,gaussian_lcb_1.645,Gaussian lower bound: mean - 1.645 x SD,gaussian_lcb,1.645,10300,0.1,20,0.0,1,1.0,1000.0,0.0002484472049689441,0.6450028446533671,0.0
default,5,8,gaussian_lcb_1.96,Gaussian lower bound: mean - 1.96 x SD,gaussian_lcb,1.96,10300,0.1,20,0.0,1,1.0,1000.0,0.0002484472049689441,0.6400377490940607,0.0
default,5,8,gaussian_lcb_2.576,Gaussian lower bound: mean - 2.576 x SD,gaussian_lcb,2.576,10300,0.1,20,0.0,1,1.0,1000.0,0.0002484472049689441,0.630328228889195,0.0
default,5,8,finite_gaussian_lcb_1,Finite-row Gaussian bound: mean - 1 x SD,finite_gaussian_lcb,1.0,10300,0.1,20,0.0,1,1.0,1000.0,0.0002484472049689441,0.672,0.0
default,5,8,finite_gaussian_lcb_1.645,Finite-row Gaussian bound: mean - 1.645 x SD,finite_gaussian_lcb,1.645,10300,0.1,20,0.0,1,1.0,1000.0,0.0002484472049689441,0.672,0.0
default,5,8,finite_gaussian_lcb_1.96,Finite-row Gaussian bound: mean - 1.96 x SD,finite_gaussian_lcb,1.96,10300,0.1,20,0.0,1,1.0,1000.0,0.0002484472049689441,0.672,0.0
default,5,8,finite_population_lcb,Anytime finite-population lower bound (delta=0.05),confidence,0.05,10300,0.1,20,0.0,1,1.0,1000.0,0.0002484472049689441,0.672,0.0
default,5,9,posterior_mean,Current posterior mean,baseline,,10300,0.1,19,0.0,1,1.0,1000.0,0.0002484472049689441,0.6709316968917847,0.0
default,5,9,empirical_mean,Observed sample mean,baseline,,10300,0.1,19,0.0,1,1.0,1000.0,0.0002484472049689441,0.672,0.0
default,5,9,variance_gate_0.5,Variance gate: v/v0 <= 0.5,variance_gate,0.5,10300,0.1,19,0.0,1,1.0,1000.0,0.0002484472049689441,0.6709316770186335,0.0
default,5,9,variance_gate_0.2,Variance gate: v/v0 <= 0.2,variance_gate,0.2,10300,0.1,19,0.0,1,1.0,1000.0,0.0002484472049689441,0.6709316770186335,0.0
default,5,9,variance_gate_0.1,Variance gate: v/v0 <= 0.1,variance_gate,0.1,10300,0.1,19,0.0,1,1.0,1000.0,0.0002484472049689441,0.6709316770186335,0.0
default,5,9,variance_gate_0.05,Variance gate: v/v0 <= 0.05,variance_gate,0.05,10300,0.1,19,0.0,1,1.0,1000.0,0.0002484472049689441,0.6709316770186335,0.0
default,5,9,mean_variance_1,Mean - 1 x variance,mean_variance,1.0,10300,0.1,19,0.0,1,1.0,1000.0,0.0002484472049689441,0.6706832298136646,0.0
default,5,9,mean_variance_5,Mean - 5 x variance,mean_variance,5.0,10300,0.1,19,0.0,1,1.0,1000.0,0.0002484472049689441,0.6696894409937888,0.0
default,5,9,mean_variance_10,Mean - 10 x variance,mean_variance,10.0,10300,0.1,19,0.0,1,1.0,1000.0,0.0002484472049689441,0.668447204968944,0.0
default,5,9,mean_variance_20,Mean - 20 x variance,mean_variance,20.0,10300,0.1,19,0.0,1,1.0,1000.0,0.0002484472049689441,0.6659627329192547,0.0
default,5,9,gaussian_lcb_1,Gaussian lower bound: mean - 1 x SD,gaussian_lcb,1.0,10300,0.1,19,0.0,1,1.0,1000.0,0.0002484472049689441,0.6551694688938515,0.0
default,5,9,gaussian_lcb_1.645,Gaussian lower bound: mean - 1.645 x SD,gaussian_lcb,1.645,10300,0.1,19,0.0,1,1.0,1000.0,0.0002484472049689441,0.6450028446533671,0.0
default,5,9,gaussian_lcb_1.96,Gaussian lower bound: mean - 1.96 x SD,gaussian_lcb,1.96,10300,0.1,19,0.0,1,1.0,1000.0,0.0002484472049689441,0.6400377490940607,0.0
default,5,9,gaussian_lcb_2.576,Gaussian lower bound: mean - 2.576 x SD,gaussian_lcb,2.576,10300,0.1,19,0.0,1,1.0,1000.0,0.0002484472049689441,0.630328228889195,0.0
default,5,9,finite_gaussian_lcb_1,Finite-row Gaussian bound: mean - 1 x SD,finite_gaussian_lcb,1.0,10300,0.1,19,0.0,1,1.0,1000.0,0.0002484472049689441,0.672,0.0
default,5,9,finite_gaussian_lcb_1.645,Finite-row Gaussian bound: mean - 1.645 x SD,finite_gaussian_lcb,1.645,10300,0.1,19,0.0,1,1.0,1000.0,0.0002484472049689441,0.672,0.0
default,5,9,finite_gaussian_lcb_1.96,Finite-row Gaussian bound: mean - 1.96 x SD,finite_gaussian_lcb,1.96,10300,0.1,19,0.0,1,1.0,1000.0,0.0002484472049689441,0.672,0.0
default,5,9,finite_population_lcb,Anytime finite-population lower bound (delta=0.05),confidence,0.05,10300,0.1,19,0.0,1,1.0,1000.0,0.0002484472049689441,0.672,0.0
default,5,10,posterior_mean,Current posterior mean,baseline,,10300,0.1,19,0.0,1,1.0,1000.0,0.0002484472049689441,0.6709316968917847,0.0
default,5,10,empirical_mean,Observed sample mean,baseline,,10300,0.1,19,0.0,1,1.0,1000.0,0.0002484472049689441,0.672,0.0
default,5,10,variance_gate_0.5,Variance gate: v/v0 <= 0.5,variance_gate,0.5,10300,0.1,19,0.0,1,1.0,1000.0,0.0002484472049689441,0.6709316770186335,0.0
default,5,10,variance_gate_0.2,Variance gate: v/v0 <= 0.2,variance_gate,0.2,10300,0.1,19,0.0,1,1.0,1000.0,0.0002484472049689441,0.6709316770186335,0.0
default,5,10,variance_gate_0.1,Variance gate: v/v0 <= 0.1,variance_gate,0.1,10300,0.1,19,0.0,1,1.0,1000.0,0.0002484472049689441,0.6709316770186335,0.0
default,5,10,variance_gate_0.05,Variance gate: v/v0 <= 0.05,variance_gate,0.05,10300,0.1,19,0.0,1,1.0,1000.0,0.0002484472049689441,0.6709316770186335,0.0
default,5,10,mean_variance_1,Mean - 1 x variance,mean_variance,1.0,10300,0.1,19,0.0,1,1.0,1000.0,0.0002484472049689441,0.6706832298136646,0.0
default,5,10,mean_variance_5,Mean - 5 x variance,mean_variance,5.0,10300,0.1,19,0.0,1,1.0,1000.0,0.0002484472049689441,0.6696894409937888,0.0
default,5,10,mean_variance_10,Mean - 10 x variance,mean_variance,10.0,10300,0.1,19,0.0,1,1.0,1000.0,0.0002484472049689441,0.668447204968944,0.0
default,5,10,mean_variance_20,Mean - 20 x variance,mean_variance,20.0,10300,0.1,19,0.0,1,1.0,1000.0,0.0002484472049689441,0.6659627329192547,0.0
default,5,10,gaussian_lcb_1,Gaussian lower bound: mean - 1 x SD,gaussian_lcb,1.0,10300,0.1,19,0.0,1,1.0,1000.0,0.0002484472049689441,0.6551694688938515,0.0
default,5,10,gaussian_lcb_1.645,Gaussian lower bound: mean - 1.645 x SD,gaussian_lcb,1.645,10300,0.1,19,0.0,1,1.0,1000.0,0.0002484472049689441,0.6450028446533671,0.0
default,5,10,gaussian_lcb_1.96,Gaussian lower bound: mean - 1.96 x SD,gaussian_lcb,1.96,10300,0.1,19,0.0,1,1.0,1000.0,0.0002484472049689441,0.6400377490940607,0.0
default,5,10,gaussian_lcb_2.576,Gaussian lower bound: mean - 2.576 x SD,gaussian_lcb,2.576,10300,0.1,19,0.0,1,1.0,1000.0,0.0002484472049689441,0.630328228889195,0.0
default,5,10,finite_gaussian_lcb_1,Finite-row Gaussian bound: mean - 1 x SD,finite_gaussian_lcb,1.0,10300,0.1,19,0.0,1,1.0,1000.0,0.0002484472049689441,0.672,0.0
default,5,10,finite_gaussian_lcb_1.645,Finite-row Gaussian bound: mean - 1.645 x SD,finite_gaussian_lcb,1.645,10300,0.1,19,0.0,1,1.0,1000.0,0.0002484472049689441,0.672,0.0
default,5,10,finite_gaussian_lcb_1.96,Finite-row Gaussian bound: mean - 1.96 x SD,finite_gaussian_lcb,1.96,10300,0.1,19,0.0,1,1.0,1000.0,0.0002484472049689441,0.672,0.0
default,5,10,finite_population_lcb,Anytime finite-population lower bound (delta=0.05),confidence,0.05,10300,0.1,19,0.0,1,1.0,1000.0,0.0002484472049689441,0.672,0.0
default,5,11,posterior_mean,Current posterior mean,baseline,,10300,0.1,19,0.0,1,1.0,1000.0,0.0002484472049689441,0.6709316968917847,0.0
default,5,11,empirical_mean,Observed sample mean,baseline,,10300,0.1,19,0.0,1,1.0,1000.0,0.0002484472049689441,0.672,0.0
default,5,11,variance_gate_0.5,Variance gate: v/v0 <= 0.5,variance_gate,0.5,10300,0.1,19,0.0,1,1.0,1000.0,0.0002484472049689441,0.6709316770186335,0.0
default,5,11,variance_gate_0.2,Variance gate: v/v0 <= 0.2,variance_gate,0.2,10300,0.1,19,0.0,1,1.0,1000.0,0.0002484472049689441,0.6709316770186335,0.0
default,5,11,variance_gate_0.1,Variance gate: v/v0 <= 0.1,variance_gate,0.1,10300,0.1,19,0.0,1,1.0,1000.0,0.0002484472049689441,0.6709316770186335,0.0
default,5,11,variance_gate_0.05,Variance gate: v/v0 <= 0.05,variance_gate,0.05,10300,0.1,19,0.0,1,1.0,1000.0,0.0002484472049689441,0.6709316770186335,0.0
default,5,11,mean_variance_1,Mean - 1 x variance,mean_variance,1.0,10300,0.1,19,0.0,1,1.0,1000.0,0.0002484472049689441,0.6706832298136646,0.0
default,5,11,mean_variance_5,Mean - 5 x variance,mean_variance,5.0,10300,0.1,19,0.0,1,1.0,1000.0,0.0002484472049689441,0.6696894409937888,0.0
default,5,11,mean_variance_10,Mean - 10 x variance,mean_variance,10.0,10300,0.1,19,0.0,1,1.0,1000.0,0.0002484472049689441,0.668447204968944,0.0
default,5,11,mean_variance_20,Mean - 20 x variance,mean_variance,20.0,10300,0.1,19,0.0,1,1.0,1000.0,0.0002484472049689441,0.6659627329192547,0.0
default,5,11,gaussian_lcb_1,Gaussian lower bound: mean - 1 x SD,gaussian_lcb,1.0,10300,0.1,19,0.0,1,1.0,1000.0,0.0002484472049689441,0.6551694688938515,0.0
default,5,11,gaussian_lcb_1.645,Gaussian lower bound: mean - 1.645 x SD,gaussian_lcb,1.645,10300,0.1,19,0.0,1,1.0,1000.0,0.0002484472049689441,0.6450028446533671,0.0
default,5,11,gaussian_lcb_1.96,Gaussian lower bound: mean - 1.96 x SD,gaussian_lcb,1.96,10300,0.1,19,0.0,1,1.0,1000.0,0.0002484472049689441,0.6400377490940607,0.0
default,5,11,gaussian_lcb_2.576,Gaussian lower bound: mean - 2.576 x SD,gaussian_lcb,2.576,10300,0.1,19,0.0,1,1.0,1000.0,0.0002484472049689441,0.630328228889195,0.0
default,5,11,finite_gaussian_lcb_1,Finite-row Gaussian bound: mean - 1 x SD,finite_gaussian_lcb,1.0,10300,0.1,19,0.0,1,1.0,1000.0,0.0002484472049689441,0.672,0.0
default,5,11,finite_gaussian_lcb_1.645,Finite-row Gaussian bound: mean - 1.645 x SD,finite_gaussian_lcb,1.645,10300,0.1,19,0.0,1,1.0,1000.0,0.0002484472049689441,0.672,0.0
default,5,11,finite_gaussian_lcb_1.96,Finite-row Gaussian bound: mean - 1.96 x SD,finite_gaussian_lcb,1.96,10300,0.1,19,0.0,1,1.0,1000.0,0.0002484472049689441,0.672,0.0
default,5,11,finite_population_lcb,Anytime finite-population lower bound (delta=0.05),confidence,0.05,10300,0.1,19,0.0,1,1.0,1000.0,0.0002484472049689441,0.672,0.0
default,5,12,posterior_mean,Current posterior mean,baseline,,10300,0.1,19,0.0,1,1.0,1000.0,0.0002484472049689441,0.6709316968917847,0.0
default,5,12,empirical_mean,Observed sample mean,baseline,,10300,0.1,19,0.0,1,1.0,1000.0,0.0002484472049689441,0.672,0.0
default,5,12,variance_gate_0.5,Variance gate: v/v0 <= 0.5,variance_gate,0.5,10300,0.1,19,0.0,1,1.0,1000.0,0.0002484472049689441,0.6709316770186335,0.0
default,5,12,variance_gate_0.2,Variance gate: v/v0 <= 0.2,variance_gate,0.2,10300,0.1,19,0.0,1,1.0,1000.0,0.0002484472049689441,0.6709316770186335,0.0
default,5,12,variance_gate_0.1,Variance gate: v/v0 <= 0.1,variance_gate,0.1,10300,0.1,19,0.0,1,1.0,1000.0,0.0002484472049689441,0.6709316770186335,0.0
default,5,12,variance_gate_0.05,Variance gate: v/v0 <= 0.05,variance_gate,0.05,10300,0.1,19,0.0,1,1.0,1000.0,0.0002484472049689441,0.6709316770186335,0.0
default,5,12,mean_variance_1,Mean - 1 x variance,mean_variance,1.0,10300,0.1,19,0.0,1,1.0,1000.0,0.0002484472049689441,0.6706832298136646,0.0
default,5,12,mean_variance_5,Mean - 5 x variance,mean_variance,5.0,10300,0.1,19,0.0,1,1.0,1000.0,0.0002484472049689441,0.6696894409937888,0.0
default,5,12,mean_variance_10,Mean - 10 x variance,mean_variance,10.0,10300,0.1,19,0.0,1,1.0,1000.0,0.0002484472049689441,0.668447204968944,0.0
default,5,12,mean_variance_20,Mean - 20 x variance,mean_variance,20.0,10300,0.1,19,0.0,1,1.0,1000.0,0.0002484472049689441,0.6659627329192547,0.0
default,5,12,gaussian_lcb_1,Gaussian lower bound: mean - 1 x SD,gaussian_lcb,1.0,10300,0.1,19,0.0,1,1.0,1000.0,0.0002484472049689441,0.6551694688938515,0.0
default,5,12,gaussian_lcb_1.645,Gaussian lower bound: mean - 1.645 x SD,gaussian_lcb,1.645,10300,0.1,19,0.0,1,1.0,1000.0,0.0002484472049689441,0.6450028446533671,0.0
default,5,12,gaussian_lcb_1.96,Gaussian lower bound: mean - 1.96 x SD,gaussian_lcb,1.96,10300,0.1,19,0.0,1,1.0,1000.0,0.0002484472049689441,0.6400377490940607,0.0
default,5,12,gaussian_lcb_2.576,Gaussian lower bound: mean - 2.576 x SD,gaussian_lcb,2.576,10300,0.1,19,0.0,1,1.0,1000.0,0.0002484472049689441,0.630328228889195,0.0
default,5,12,finite_gaussian_lcb_1,Finite-row Gaussian bound: mean - 1 x SD,finite_gaussian_lcb,1.0,10300,0.1,19,0.0,1,1.0,1000.0,0.0002484472049689441,0.672,0.0
default,5,12,finite_gaussian_lcb_1.645,Finite-row Gaussian bound: mean - 1.645 x SD,finite_gaussian_lcb,1.645,10300,0.1,19,0.0,1,1.0,1000.0,0.0002484472049689441,0.672,0.0
default,5,12,finite_gaussian_lcb_1.96,Finite-row Gaussian bound: mean - 1.96 x SD,finite_gaussian_lcb,1.96,10300,0.1,19,0.0,1,1.0,1000.0,0.0002484472049689441,0.672,0.0
default,5,12,finite_population_lcb,Anytime finite-population lower bound (delta=0.05),confidence,0.05,10300,0.1,19,0.0,1,1.0,1000.0,0.0002484472049689441,0.672,0.0
default,5,13,posterior_mean,Current posterior mean,baseline,,10300,0.1,19,0.0,1,1.0,1000.0,0.0002484472049689441,0.6709316968917847,0.0
default,5,13,empirical_mean,Observed sample mean,baseline,,10300,0.1,19,0.0,1,1.0,1000.0,0.0002484472049689441,0.672,0.0
default,5,13,variance_gate_0.5,Variance gate: v/v0 <= 0.5,variance_gate,0.5,10300,0.1,19,0.0,1,1.0,1000.0,0.0002484472049689441,0.6709316770186335,0.0
default,5,13,variance_gate_0.2,Variance gate: v/v0 <= 0.2,variance_gate,0.2,10300,0.1,19,0.0,1,1.0,1000.0,0.0002484472049689441,0.6709316770186335,0.0
default,5,13,variance_gate_0.1,Variance gate: v/v0 <= 0.1,variance_gate,0.1,10300,0.1,19,0.0,1,1.0,1000.0,0.0002484472049689441,0.6709316770186335,0.0
default,5,13,variance_gate_0.05,Variance gate: v/v0 <= 0.05,variance_gate,0.05,10300,0.1,19,0.0,1,1.0,1000.0,0.0002484472049689441,0.6709316770186335,0.0
default,5,13,mean_variance_1,Mean - 1 x variance,mean_variance,1.0,10300,0.1,19,0.0,1,1.0,1000.0,0.0002484472049689441,0.6706832298136646,0.0
default,5,13,mean_variance_5,Mean - 5 x variance,mean_variance,5.0,10300,0.1,19,0.0,1,1.0,1000.0,0.0002484472049689441,0.6696894409937888,0.0
default,5,13,mean_variance_10,Mean - 10 x variance,mean_variance,10.0,10300,0.1,19,0.0,1,1.0,1000.0,0.0002484472049689441,0.668447204968944,0.0
default,5,13,mean_variance_20,Mean - 20 x variance,mean_variance,20.0,10300,0.1,19,0.0,1,1.0,1000.0,0.0002484472049689441,0.6659627329192547,0.0
default,5,13,gaussian_lcb_1,Gaussian lower bound: mean - 1 x SD,gaussian_lcb,1.0,10300,0.1,19,0.0,1,1.0,1000.0,0.0002484472049689441,0.6551694688938515,0.0
default,5,13,gaussian_lcb_1.645,Gaussian lower bound: mean - 1.645 x SD,gaussian_lcb,1.645,10300,0.1,19,0.0,1,1.0,1000.0,0.0002484472049689441,0.6450028446533671,0.0
default,5,13,gaussian_lcb_1.96,Gaussian lower bound: mean - 1.96 x SD,gaussian_lcb,1.96,10300,0.1,19,0.0,1,1.0,1000.0,0.0002484472049689441,0.6400377490940607,0.0
default,5,13,gaussian_lcb_2.576,Gaussian lower bound: mean - 2.576 x SD,gaussian_lcb,2.576,10300,0.1,19,0.0,1,1.0,1000.0,0.0002484472049689441,0.630328228889195,0.0
default,5,13,finite_gaussian_lcb_1,Finite-row Gaussian bound: mean - 1 x SD,finite_gaussian_lcb,1.0,10300,0.1,19,0.0,1,1.0,1000.0,0.0002484472049689441,0.672,0.0
default,5,13,finite_gaussian_lcb_1.645,Finite-row Gaussian bound: mean - 1.645 x SD,finite_gaussian_lcb,1.645,10300,0.1,19,0.0,1,1.0,1000.0,0.0002484472049689441,0.672,0.0
default,5,13,finite_gaussian_lcb_1.96,Finite-row Gaussian bound: mean - 1.96 x SD,finite_gaussian_lcb,1.96,10300,0.1,19,0.0,1,1.0,1000.0,0.0002484472049689441,0.672,0.0
default,5,13,finite_population_lcb,Anytime finite-population lower bound (delta=0.05),confidence,0.05,10300,0.1,19,0.0,1,1.0,1000.0,0.0002484472049689441,0.672,0.0
default,5,14,posterior_mean,Current posterior mean,baseline,,10300,0.1,19,0.0,1,1.0,1000.0,0.0002484472049689441,0.6709316968917847,0.0
default,5,14,empirical_mean,Observed sample mean,baseline,,10300,0.1,19,0.0,1,1.0,1000.0,0.0002484472049689441,0.672,0.0
default,5,14,variance_gate_0.5,Variance gate: v/v0 <= 0.5,variance_gate,0.5,10300,0.1,19,0.0,1,1.0,1000.0,0.0002484472049689441,0.6709316770186335,0.0
default,5,14,variance_gate_0.2,Variance gate: v/v0 <= 0.2,variance_gate,0.2,10300,0.1,19,0.0,1,1.0,1000.0,0.0002484472049689441,0.6709316770186335,0.0
default,5,14,variance_gate_0.1,Variance gate: v/v0 <= 0.1,variance_gate,0.1,10300,0.1,19,0.0,1,1.0,1000.0,0.0002484472049689441,0.6709316770186335,0.0
default,5,14,variance_gate_0.05,Variance gate: v/v0 <= 0.05,variance_gate,0.05,10300,0.1,19,0.0,1,1.0,1000.0,0.0002484472049689441,0.6709316770186335,0.0
default,5,14,mean_variance_1,Mean - 1 x variance,mean_variance,1.0,10300,0.1,19,0.0,1,1.0,1000.0,0.0002484472049689441,0.6706832298136646,0.0
default,5,14,mean_variance_5,Mean - 5 x variance,mean_variance,5.0,10300,0.1,19,0.0,1,1.0,1000.0,0.0002484472049689441,0.6696894409937888,0.0
default,5,14,mean_variance_10,Mean - 10 x variance,mean_variance,10.0,10300,0.1,19,0.0,1,1.0,1000.0,0.0002484472049689441,0.668447204968944,0.0
default,5,14,mean_variance_20,Mean - 20 x variance,mean_variance,20.0,10300,0.1,19,0.0,1,1.0,1000.0,0.0002484472049689441,0.6659627329192547,0.0
default,5,14,gaussian_lcb_1,Gaussian lower bound: mean - 1 x SD,gaussian_lcb,1.0,10300,0.1,19,0.0,1,1.0,1000.0,0.0002484472049689441,0.6551694688938515,0.0
default,5,14,gaussian_lcb_1.645,Gaussian lower bound: mean - 1.645 x SD,gaussian_lcb,1.645,10300,0.1,19,0.0,1,1.0,1000.0,0.0002484472049689441,0.6450028446533671,0.0
default,5,14,gaussian_lcb_1.96,Gaussian lower bound: mean - 1.96 x SD,gaussian_lcb,1.96,10300,0.1,19,0.0,1,1.0,1000.0,0.0002484472049689441,0.6400377490940607,0.0
default,5,14,gaussian_lcb_2.576,Gaussian lower bound: mean - 2.576 x SD,gaussian_lcb,2.576,10300,0.1,19,0.0,1,1.0,1000.0,0.0002484472049689441,0.630328228889195,0.0
default,5,14,finite_gaussian_lcb_1,Finite-row Gaussian bound: mean - 1 x SD,finite_gaussian_lcb,1.0,10300,0.1,19,0.0,1,1.0,1000.0,0.0002484472049689441,0.672,0.0
default,5,14,finite_gaussian_lcb_1.645,Finite-row Gaussian bound: mean - 1.645 x SD,finite_gaussian_lcb,1.645,10300,0.1,19,0.0,1,1.0,1000.0,0.0002484472049689441,0.672,0.0
default,5,14,finite_gaussian_lcb_1.96,Finite-row Gaussian bound: mean - 1.96 x SD,finite_gaussian_lcb,1.96,10300,0.1,19,0.0,1,1.0,1000.0,0.0002484472049689441,0.672,0.0
default,5,14,finite_population_lcb,Anytime finite-population lower bound (delta=0.05),confidence,0.05,10300,0.1,19,0.0,1,1.0,1000.0,0.0002484472049689441,0.672,0.0
default,5,15,posterior_mean,Current posterior mean,baseline,,10300,0.1,19,0.0,1,1.0,1000.0,0.0002484472049689441,0.6709316968917847,0.0
default,5,15,empirical_mean,Observed sample mean,baseline,,10300,0.1,19,0.0,1,1.0,1000.0,0.0002484472049689441,0.672,0.0
default,5,15,variance_gate_0.5,Variance gate: v/v0 <= 0.5,variance_gate,0.5,10300,0.1,19,0.0,1,1.0,1000.0,0.0002484472049689441,0.6709316770186335,0.0
default,5,15,variance_gate_0.2,Variance gate: v/v0 <= 0.2,variance_gate,0.2,10300,0.1,19,0.0,1,1.0,1000.0,0.0002484472049689441,0.6709316770186335,0.0
default,5,15,variance_gate_0.1,Variance gate: v/v0 <= 0.1,variance_gate,0.1,10300,0.1,19,0.0,1,1.0,1000.0,0.0002484472049689441,0.6709316770186335,0.0
default,5,15,variance_gate_0.05,Variance gate: v/v0 <= 0.05,variance_gate,0.05,10300,0.1,19,0.0,1,1.0,1000.0,0.0002484472049689441,0.6709316770186335,0.0
default,5,15,mean_variance_1,Mean - 1 x variance,mean_variance,1.0,10300,0.1,19,0.0,1,1.0,1000.0,0.0002484472049689441,0.6706832298136646,0.0
default,5,15,mean_variance_5,Mean - 5 x variance,mean_variance,5.0,10300,0.1,19,0.0,1,1.0,1000.0,0.0002484472049689441,0.6696894409937888,0.0
default,5,15,mean_variance_10,Mean - 10 x variance,mean_variance,10.0,10300,0.1,19,0.0,1,1.0,1000.0,0.0002484472049689441,0.668447204968944,0.0
default,5,15,mean_variance_20,Mean - 20 x variance,mean_variance,20.0,10300,0.1,19,0.0,1,1.0,1000.0,0.0002484472049689441,0.6659627329192547,0.0
default,5,15,gaussian_lcb_1,Gaussian lower bound: mean - 1 x SD,gaussian_lcb,1.0,10300,0.1,19,0.0,1,1.0,1000.0,0.0002484472049689441,0.6551694688938515,0.0
default,5,15,gaussian_lcb_1.645,Gaussian lower bound: mean - 1.645 x SD,gaussian_lcb,1.645,10300,0.1,19,0.0,1,1.0,1000.0,0.0002484472049689441,0.6450028446533671,0.0
default,5,15,gaussian_lcb_1.96,Gaussian lower bound: mean - 1.96 x SD,gaussian_lcb,1.96,10300,0.1,19,0.0,1,1.0,1000.0,0.0002484472049689441,0.6400377490940607,0.0
default,5,15,gaussian_lcb_2.576,Gaussian lower bound: mean - 2.576 x SD,gaussian_lcb,2.576,10300,0.1,19,0.0,1,1.0,1000.0,0.0002484472049689441,0.630328228889195,0.0
default,5,15,finite_gaussian_lcb_1,Finite-row Gaussian bound: mean - 1 x SD,finite_gaussian_lcb,1.0,10300,0.1,19,0.0,1,1.0,1000.0,0.0002484472049689441,0.672,0.0
default,5,15,finite_gaussian_lcb_1.645,Finite-row Gaussian bound: mean - 1.645 x SD,finite_gaussian_lcb,1.645,10300,0.1,19,0.0,1,1.0,1000.0,0.0002484472049689441,0.672,0.0
default,5,15,finite_gaussian_lcb_1.96,Finite-row Gaussian bound: mean - 1.96 x SD,finite_gaussian_lcb,1.96,10300,0.1,19,0.0,1,1.0,1000.0,0.0002484472049689441,0.672,0.0
default,5,15,finite_population_lcb,Anytime finite-population lower bound (delta=0.05),confidence,0.05,10300,0.1,19,0.0,1,1.0,1000.0,0.0002484472049689441,0.672,0.0
default,5,16,posterior_mean,Current posterior mean,baseline,,10300,0.1,19,0.0,1,1.0,1000.0,0.0002484472049689441,0.6709316968917847,0.0
default,5,16,empirical_mean,Observed sample mean,baseline,,10300,0.1,19,0.0,1,1.0,1000.0,0.0002484472049689441,0.672,0.0
default,5,16,variance_gate_0.5,Variance gate: v/v0 <= 0.5,variance_gate,0.5,10300,0.1,19,0.0,1,1.0,1000.0,0.0002484472049689441,0.6709316770186335,0.0
default,5,16,variance_gate_0.2,Variance gate: v/v0 <= 0.2,variance_gate,0.2,10300,0.1,19,0.0,1,1.0,1000.0,0.0002484472049689441,0.6709316770186335,0.0
default,5,16,variance_gate_0.1,Variance gate: v/v0 <= 0.1,variance_gate,0.1,10300,0.1,19,0.0,1,1.0,1000.0,0.0002484472049689441,0.6709316770186335,0.0
default,5,16,variance_gate_0.05,Variance gate: v/v0 <= 0.05,variance_gate,0.05,10300,0.1,19,0.0,1,1.0,1000.0,0.0002484472049689441,0.6709316770186335,0.0
default,5,16,mean_variance_1,Mean - 1 x variance,mean_variance,1.0,10300,0.1,19,0.0,1,1.0,1000.0,0.0002484472049689441,0.6706832298136646,0.0
default,5,16,mean_variance_5,Mean - 5 x variance,mean_variance,5.0,10300,0.1,19,0.0,1,1.0,1000.0,0.0002484472049689441,0.6696894409937888,0.0
default,5,16,mean_variance_10,Mean - 10 x variance,mean_variance,10.0,10300,0.1,19,0.0,1,1.0,1000.0,0.0002484472049689441,0.668447204968944,0.0
default,5,16,mean_variance_20,Mean - 20 x variance,mean_variance,20.0,10300,0.1,19,0.0,1,1.0,1000.0,0.0002484472049689441,0.6659627329192547,0.0
default,5,16,gaussian_lcb_1,Gaussian lower bound: mean - 1 x SD,gaussian_lcb,1.0,10300,0.1,19,0.0,1,1.0,1000.0,0.0002484472049689441,0.6551694688938515,0.0
default,5,16,gaussian_lcb_1.645,Gaussian lower bound: mean - 1.645 x SD,gaussian_lcb,1.645,10300,0.1,19,0.0,1,1.0,1000.0,0.0002484472049689441,0.6450028446533671,0.0
default,5,16,gaussian_lcb_1.96,Gaussian lower bound: mean - 1.96 x SD,gaussian_lcb,1.96,10300,0.1,19,0.0,1,1.0,1000.0,0.0002484472049689441,0.6400377490940607,0.0
default,5,16,gaussian_lcb_2.576,Gaussian lower bound: mean - 2.576 x SD,gaussian_lcb,2.576,10300,0.1,19,0.0,1,1.0,1000.0,0.0002484472049689441,0.630328228889195,0.0
default,5,16,finite_gaussian_lcb_1,Finite-row Gaussian bound: mean - 1 x SD,finite_gaussian_lcb,1.0,10300,0.1,19,0.0,1,1.0,1000.0,0.0002484472049689441,0.672,0.0
default,5,16,finite_gaussian_lcb_1.645,Finite-row Gaussian bound: mean - 1.645 x SD,finite_gaussian_lcb,1.645,10300,0.1,19,0.0,1,1.0,1000.0,0.0002484472049689441,0.672,0.0
default,5,16,finite_gaussian_lcb_1.96,Finite-row Gaussian bound: mean - 1.96 x SD,finite_gaussian_lcb,1.96,10300,0.1,19,0.0,1,1.0,1000.0,0.0002484472049689441,0.672,0.0
default,5,16,finite_population_lcb,Anytime finite-population lower bound (delta=0.05),confidence,0.05,10300,0.1,19,0.0,1,1.0,1000.0,0.0002484472049689441,0.672,0.0
default,5,17,posterior_mean,Current posterior mean,baseline,,10300,0.1,19,0.0,1,1.0,1000.0,0.0002484472049689441,0.6709316968917847,0.0
default,5,17,empirical_mean,Observed sample mean,baseline,,10300,0.1,19,0.0,1,1.0,1000.0,0.0002484472049689441,0.672,0.0
default,5,17,variance_gate_0.5,Variance gate: v/v0 <= 0.5,variance_gate,0.5,10300,0.1,19,0.0,1,1.0,1000.0,0.0002484472049689441,0.6709316770186335,0.0
default,5,17,variance_gate_0.2,Variance gate: v/v0 <= 0.2,variance_gate,0.2,10300,0.1,19,0.0,1,1.0,1000.0,0.0002484472049689441,0.6709316770186335,0.0
default,5,17,variance_gate_0.1,Variance gate: v/v0 <= 0.1,variance_gate,0.1,10300,0.1,19,0.0,1,1.0,1000.0,0.0002484472049689441,0.6709316770186335,0.0
default,5,17,variance_gate_0.05,Variance gate: v/v0 <= 0.05,variance_gate,0.05,10300,0.1,19,0.0,1,1.0,1000.0,0.0002484472049689441,0.6709316770186335,0.0
default,5,17,mean_variance_1,Mean - 1 x variance,mean_variance,1.0,10300,0.1,19,0.0,1,1.0,1000.0,0.0002484472049689441,0.6706832298136646,0.0
default,5,17,mean_variance_5,Mean - 5 x variance,mean_variance,5.0,10300,0.1,19,0.0,1,1.0,1000.0,0.0002484472049689441,0.6696894409937888,0.0
default,5,17,mean_variance_10,Mean - 10 x variance,mean_variance,10.0,10300,0.1,19,0.0,1,1.0,1000.0,0.0002484472049689441,0.668447204968944,0.0
default,5,17,mean_variance_20,Mean - 20 x variance,mean_variance,20.0,10300,0.1,19,0.0,1,1.0,1000.0,0.0002484472049689441,0.6659627329192547,0.0
default,5,17,gaussian_lcb_1,Gaussian lower bound: mean - 1 x SD,gaussian_lcb,1.0,10300,0.1,19,0.0,1,1.0,1000.0,0.0002484472049689441,0.6551694688938515,0.0
default,5,17,gaussian_lcb_1.645,Gaussian lower bound: mean - 1.645 x SD,gaussian_lcb,1.645,10300,0.1,19,0.0,1,1.0,1000.0,0.0002484472049689441,0.6450028446533671,0.0
default,5,17,gaussian_lcb_1.96,Gaussian lower bound: mean - 1.96 x SD,gaussian_lcb,1.96,10300,0.1,19,0.0,1,1.0,1000.0,0.0002484472049689441,0.6400377490940607,0.0
default,5,17,gaussian_lcb_2.576,Gaussian lower bound: mean - 2.576 x SD,gaussian_lcb,2.576,10300,0.1,19,0.0,1,1.0,1000.0,0.0002484472049689441,0.630328228889195,0.0
default,5,17,finite_gaussian_lcb_1,Finite-row Gaussian bound: mean - 1 x SD,finite_gaussian_lcb,1.0,10300,0.1,19,0.0,1,1.0,1000.0,0.0002484472049689441,0.672,0.0
default,5,17,finite_gaussian_lcb_1.645,Finite-row Gaussian bound: mean - 1.645 x SD,finite_gaussian_lcb,1.645,10300,0.1,19,0.0,1,1.0,1000.0,0.0002484472049689441,0.672,0.0
default,5,17,finite_gaussian_lcb_1.96,Finite-row Gaussian bound: mean - 1.96 x SD,finite_gaussian_lcb,1.96,10300,0.1,19,0.0,1,1.0,1000.0,0.0002484472049689441,0.672,0.0
default,5,17,finite_population_lcb,Anytime finite-population lower bound (delta=0.05),confidence,0.05,10300,0.1,19,0.0,1,1.0,1000.0,0.0002484472049689441,0.672,0.0
default,5,18,posterior_mean,Current posterior mean,baseline,,10300,0.1,19,0.0,1,1.0,1000.0,0.0002484472049689441,0.6709316968917847,0.0
default,5,18,empirical_mean,Observed sample mean,baseline,,10300,0.1,19,0.0,1,1.0,1000.0,0.0002484472049689441,0.672,0.0
default,5,18,variance_gate_0.5,Variance gate: v/v0 <= 0.5,variance_gate,0.5,10300,0.1,19,0.0,1,1.0,1000.0,0.0002484472049689441,0.6709316770186335,0.0
default,5,18,variance_gate_0.2,Variance gate: v/v0 <= 0.2,variance_gate,0.2,10300,0.1,19,0.0,1,1.0,1000.0,0.0002484472049689441,0.6709316770186335,0.0
default,5,18,variance_gate_0.1,Variance gate: v/v0 <= 0.1,variance_gate,0.1,10300,0.1,19,0.0,1,1.0,1000.0,0.0002484472049689441,0.6709316770186335,0.0
default,5,18,variance_gate_0.05,Variance gate: v/v0 <= 0.05,variance_gate,0.05,10300,0.1,19,0.0,1,1.0,1000.0,0.0002484472049689441,0.6709316770186335,0.0
default,5,18,mean_variance_1,Mean - 1 x variance,mean_variance,1.0,10300,0.1,19,0.0,1,1.0,1000.0,0.0002484472049689441,0.6706832298136646,0.0
default,5,18,mean_variance_5,Mean - 5 x variance,mean_variance,5.0,10300,0.1,19,0.0,1,1.0,1000.0,0.0002484472049689441,0.6696894409937888,0.0
default,5,18,mean_variance_10,Mean - 10 x variance,mean_variance,10.0,10300,0.1,19,0.0,1,1.0,1000.0,0.0002484472049689441,0.668447204968944,0.0
default,5,18,mean_variance_20,Mean - 20 x variance,mean_variance,20.0,10300,0.1,19,0.0,1,1.0,1000.0,0.0002484472049689441,0.6659627329192547,0.0
default,5,18,gaussian_lcb_1,Gaussian lower bound: mean - 1 x SD,gaussian_lcb,1.0,10300,0.1,19,0.0,1,1.0,1000.0,0.0002484472049689441,0.6551694688938515,0.0
default,5,18,gaussian_lcb_1.645,Gaussian lower bound: mean - 1.645 x SD,gaussian_lcb,1.645,10300,0.1,19,0.0,1,1.0,1000.0,0.0002484472049689441,0.6450028446533671,0.0
default,5,18,gaussian_lcb_1.96,Gaussian lower bound: mean - 1.96 x SD,gaussian_lcb,1.96,10300,0.1,19,0.0,1,1.0,1000.0,0.0002484472049689441,0.6400377490940607,0.0
default,5,18,gaussian_lcb_2.576,Gaussian lower bound: mean - 2.576 x SD,gaussian_lcb,2.576,10300,0.1,19,0.0,1,1.0,1000.0,0.0002484472049689441,0.630328228889195,0.0
default,5,18,finite_gaussian_lcb_1,Finite-row Gaussian bound: mean - 1 x SD,finite_gaussian_lcb,1.0,10300,0.1,19,0.0,1,1.0,1000.0,0.0002484472049689441,0.672,0.0
default,5,18,finite_gaussian_lcb_1.645,Finite-row Gaussian bound: mean - 1.645 x SD,finite_gaussian_lcb,1.645,10300,0.1,19,0.0,1,1.0,1000.0,0.0002484472049689441,0.672,0.0
default,5,18,finite_gaussian_lcb_1.96,Finite-row Gaussian bound: mean - 1.96 x SD,finite_gaussian_lcb,1.96,10300,0.1,19,0.0,1,1.0,1000.0,0.0002484472049689441,0.672,0.0
default,5,18,finite_population_lcb,Anytime finite-population lower bound (delta=0.05),confidence,0.05,10300,0.1,19,0.0,1,1.0,1000.0,0.0002484472049689441,0.672,0.0
default,5,19,posterior_mean,Current posterior mean,baseline,,10300,0.1,19,0.0,1,1.0,1000.0,0.0002484472049689441,0.6709316968917847,0.0
default,5,19,empirical_mean,Observed sample mean,baseline,,10300,0.1,19,0.0,1,1.0,1000.0,0.0002484472049689441,0.672,0.0
default,5,19,variance_gate_0.5,Variance gate: v/v0 <= 0.5,variance_gate,0.5,10300,0.1,19,0.0,1,1.0,1000.0,0.0002484472049689441,0.6709316770186335,0.0
default,5,19,variance_gate_0.2,Variance gate: v/v0 <= 0.2,variance_gate,0.2,10300,0.1,19,0.0,1,1.0,1000.0,0.0002484472049689441,0.6709316770186335,0.0
default,5,19,variance_gate_0.1,Variance gate: v/v0 <= 0.1,variance_gate,0.1,10300,0.1,19,0.0,1,1.0,1000.0,0.0002484472049689441,0.6709316770186335,0.0
default,5,19,variance_gate_0.05,Variance gate: v/v0 <= 0.05,variance_gate,0.05,10300,0.1,19,0.0,1,1.0,1000.0,0.0002484472049689441,0.6709316770186335,0.0
default,5,19,mean_variance_1,Mean - 1 x variance,mean_variance,1.0,10300,0.1,19,0.0,1,1.0,1000.0,0.0002484472049689441,0.6706832298136646,0.0
default,5,19,mean_variance_5,Mean - 5 x variance,mean_variance,5.0,10300,0.1,19,0.0,1,1.0,1000.0,0.0002484472049689441,0.6696894409937888,0.0
default,5,19,mean_variance_10,Mean - 10 x variance,mean_variance,10.0,10300,0.1,19,0.0,1,1.0,1000.0,0.0002484472049689441,0.668447204968944,0.0
default,5,19,mean_variance_20,Mean - 20 x variance,mean_variance,20.0,10300,0.1,19,0.0,1,1.0,1000.0,0.0002484472049689441,0.6659627329192547,0.0
default,5,19,gaussian_lcb_1,Gaussian lower bound: mean - 1 x SD,gaussian_lcb,1.0,10300,0.1,19,0.0,1,1.0,1000.0,0.0002484472049689441,0.6551694688938515,0.0
default,5,19,gaussian_lcb_1.645,Gaussian lower bound: mean - 1.645 x SD,gaussian_lcb,1.645,10300,0.1,19,0.0,1,1.0,1000.0,0.0002484472049689441,0.6450028446533671,0.0
default,5,19,gaussian_lcb_1.96,Gaussian lower bound: mean - 1.96 x SD,gaussian_lcb,1.96,10300,0.1,19,0.0,1,1.0,1000.0,0.0002484472049689441,0.6400377490940607,0.0
default,5,19,gaussian_lcb_2.576,Gaussian lower bound: mean - 2.576 x SD,gaussian_lcb,2.576,10300,0.1,19,0.0,1,1.0,1000.0,0.0002484472049689441,0.630328228889195,0.0
default,5,19,finite_gaussian_lcb_1,Finite-row Gaussian bound: mean - 1 x SD,finite_gaussian_lcb,1.0,10300,0.1,19,0.0,1,1.0,1000.0,0.0002484472049689441,0.672,0.0
default,5,19,finite_gaussian_lcb_1.645,Finite-row Gaussian bound: mean - 1.645 x SD,finite_gaussian_lcb,1.645,10300,0.1,19,0.0,1,1.0,1000.0,0.0002484472049689441,0.672,0.0
default,5,19,finite_gaussian_lcb_1.96,Finite-row Gaussian bound: mean - 1.96 x SD,finite_gaussian_lcb,1.96,10300,0.1,19,0.0,1,1.0,1000.0,0.0002484472049689441,0.672,0.0
default,5,19,finite_population_lcb,Anytime finite-population lower bound (delta=0.05),confidence,0.05,10300,0.1,19,0.0,1,1.0,1000.0,0.0002484472049689441,0.672,0.0
